<?xml version="1.0" encoding="UTF-8"?>
<ocr-page type="coords" ocr-vers="1.0" creation-date="20130321" res="600" height="6300" width="4500">
	<region article-doi="10.2307/41729926" region-id="0">
		<rc l="641" t="731" r="3840" b="803"/>
		<ln lx="646" ly="736" rx="3835" ry="798">
			<wd l="646" t="742" r="736" b="789" fs="10">116</wd>
			<wd l="2866" t="736" r="3242" b="798" fs="10">Austrobaileya</wd>
			<wd l="3262" t="737" r="3384" b="797" fs="10">5(1):</wd>
			<wd l="3413" t="737" r="3430" b="783" fs="10">1</wd>
			<wd l="3447" t="737" r="3565" b="784" fs="10">13-1</wd>
			<wd l="3582" t="737" r="3639" b="783" fs="10">19</wd>
			<wd l="3660" t="736" r="3835" b="796" fs="10">(1997)</wd>
		</ln>
	</region>
	<region article-doi="10.2307/41729926" region-id="1">
		<rc l="636" t="856" r="3837" b="1759"/>
		<ln lx="1513" ly="861" rx="2980" ry="942">
			<wd l="1513" t="865" r="1656" b="942" fs="10">Key</wd>
			<wd l="1678" t="869" r="1744" b="924" fs="10">to</wd>
			<wd l="1769" t="865" r="1878" b="924" fs="10">the</wd>
			<wd l="1902" t="863" r="2303" b="923" fs="10">naturalised</wd>
			<wd l="2328" t="862" r="2569" b="940" fs="10">species</wd>
			<wd l="2595" t="862" r="2669" b="922" fs="10">oí</wd>
			<wd l="2676" t="861" r="2980" b="922" fs="10">Manihot</wd>
		</ln>
		<ln lx="649" ly="1027" rx="3831" ry="1108">
			<wd l="649" t="1033" r="697" b="1092" fs="10">1.</wd>
			<wd l="758" t="1031" r="1157" b="1092" fs="10">Leaflamina</wd>
			<wd l="1180" t="1030" r="1351" b="1091" fs="10">lobes</wd>
			<wd l="1375" t="1030" r="1630" b="1108" fs="10">broadly</wd>
			<wd l="1655" t="1038" r="1832" b="1090" fs="10">ovate</wd>
			<wd l="1855" t="1038" r="1918" b="1090" fs="10">to</wd>
			<wd l="1945" t="1029" r="2228" b="1102" fs="10">obovate;</wd>
			<wd l="2255" t="1028" r="2427" b="1089" fs="10">fruits</wd>
			<wd l="2452" t="1028" r="2711" b="1106" fs="10">globose</wd>
			<wd l="2734" t="1076" r="3375" b="1088" fs="10">
			</wd>
			<wd l="3414" t="1029" r="3510" b="1087" fs="10">M.</wd>
			<wd l="3538" t="1027" r="3831" b="1104" fs="10">glaziovii</wd>
		</ln>
		<ln lx="758" ly="1119" rx="3227" ry="1199">
			<wd l="758" t="1123" r="919" b="1184" fs="10">Leaf</wd>
			<wd l="933" t="1123" r="1157" b="1183" fs="10">lamina</wd>
			<wd l="1180" t="1122" r="1351" b="1183" fs="10">lobes</wd>
			<wd l="1377" t="1122" r="1730" b="1194" fs="10">lanceolate,</wd>
			<wd l="1758" t="1122" r="2007" b="1199" fs="10">oblong,</wd>
			<wd l="2034" t="1120" r="2453" b="1182" fs="10">oblanceolate</wd>
			<wd l="2479" t="1140" r="2547" b="1181" fs="10">or</wd>
			<wd l="2571" t="1128" r="2769" b="1192" fs="10">ovate;</wd>
			<wd l="2840" t="1120" r="3012" b="1180" fs="10">fruits</wd>
			<wd l="3038" t="1119" r="3227" b="1180" fs="10">ovoid</wd>
		</ln>
		<ln lx="830" ly="1211" rx="3826" ry="1292">
			<wd l="830" t="1234" r="898" b="1275" fs="10">or</wd>
			<wd l="923" t="1214" r="1293" b="1292" fs="10">subglobose</wd>
			<wd l="1311" t="1260" r="3740" b="1274" fs="10">
			</wd>
			<wd l="3789" t="1211" r="3826" b="1269" fs="10">2</wd>
		</ln>
		<ln lx="641" ly="1396" rx="3270" ry="1477">
			<wd l="641" t="1401" r="698" b="1461" fs="10">2.</wd>
			<wd l="758" t="1402" r="920" b="1461" fs="10">Root</wd>
			<wd l="940" t="1399" r="1142" b="1461" fs="10">tubers</wd>
			<wd l="1166" t="1407" r="1427" b="1477" fs="10">present;</wd>
			<wd l="1452" t="1399" r="1612" b="1460" fs="10">male</wd>
			<wd l="1637" t="1399" r="1855" b="1460" fs="10">flower</wd>
			<wd l="1879" t="1398" r="2079" b="1477" fs="10">sepals</wd>
			<wd l="2105" t="1398" r="2466" b="1459" fs="10">lanceolate-</wd>
			<wd l="2491" t="1397" r="2838" b="1476" fs="10">triangular;</wd>
			<wd l="2865" t="1397" r="3038" b="1458" fs="10">fruits</wd>
			<wd l="3064" t="1396" r="3270" b="1470" fs="10">ovoid,</wd>
		</ln>
		<ln lx="838" ly="1490" rx="3830" ry="1570">
			<wd l="838" t="1493" r="1033" b="1553" fs="10">15-17</wd>
			<wd l="1060" t="1511" r="1187" b="1552" fs="10">mm</wd>
			<wd l="1213" t="1491" r="1359" b="1570" fs="10">long</wd>
			<wd l="1395" t="1539" r="3333" b="1553" fs="10">
			</wd>
			<wd l="3383" t="1491" r="3479" b="1550" fs="10">M.</wd>
			<wd l="3505" t="1490" r="3830" b="1550" fs="10">esculenta</wd>
		</ln>
		<ln lx="758" ly="1582" rx="3223" ry="1661">
			<wd l="758" t="1587" r="931" b="1645" fs="10">Root</wd>
			<wd l="971" t="1584" r="1193" b="1645" fs="10">tubers</wd>
			<wd l="1237" t="1584" r="1492" b="1657" fs="10">absent;</wd>
			<wd l="1535" t="1584" r="1707" b="1645" fs="10">male</wd>
			<wd l="1752" t="1584" r="1989" b="1645" fs="10">flower</wd>
			<wd l="2032" t="1583" r="2251" b="1661" fs="10">sepals</wd>
			<wd l="2293" t="1583" r="2914" b="1660" fs="10">triangular-ovate;</wd>
			<wd l="3031" t="1582" r="3223" b="1643" fs="10">fruits</wd>
		</ln>
		<ln lx="831" ly="1674" rx="3832" ry="1754">
			<wd l="831" t="1676" r="1220" b="1754" fs="10">subglobose,</wd>
			<wd l="1249" t="1695" r="1299" b="1737" fs="10">c.</wd>
			<wd l="1336" t="1677" r="1408" b="1736" fs="10">14</wd>
			<wd l="1432" t="1695" r="1560" b="1736" fs="10">mm</wd>
			<wd l="1585" t="1676" r="1731" b="1754" fs="10">long</wd>
			<wd l="1771" t="1724" r="3332" b="1737" fs="10">
			</wd>
			<wd l="3387" t="1676" r="3483" b="1734" fs="10">M.</wd>
			<wd l="3509" t="1674" r="3832" b="1752" fs="10">grahamii</wd>
		</ln>
	</region>
	<region article-doi="10.2307/41729926" region-id="2">
		<rc l="633" t="1994" r="2177" b="5473"/>
		<ln lx="642" ly="1999" rx="2142" ry="2072">
			<wd l="642" t="2002" r="697" b="2060" fs="10">5.</wd>
			<wd l="723" t="2001" r="1028" b="2060" fs="10">Manihot</wd>
			<wd l="1052" t="2002" r="1377" b="2060" fs="10">esculenta</wd>
			<wd l="1399" t="2001" r="1637" b="2072" fs="10">Crantz,</wd>
			<wd l="1663" t="2002" r="1803" b="2060" fs="10">Inst.</wd>
			<wd l="1830" t="1999" r="1943" b="2060" fs="10">Rei</wd>
			<wd l="1966" t="1999" r="2142" b="2060" fs="10">Herb.</wd>
		</ln>
		<ln lx="838" ly="2092" rx="1301" ry="2168">
			<wd l="838" t="2093" r="887" b="2152" fs="10">1:</wd>
			<wd l="925" t="2092" r="1301" b="2168" fs="10">167(1766).</wd>
		</ln>
		<ln lx="643" ly="2255" rx="2151" ry="2334">
			<wd l="643" t="2256" r="952" b="2317" fs="10">Subshrub</wd>
			<wd l="974" t="2275" r="1042" b="2316" fs="10">or</wd>
			<wd l="1061" t="2255" r="1241" b="2317" fs="10">shrub</wd>
			<wd l="1260" t="2264" r="1323" b="2316" fs="10">to</wd>
			<wd l="1346" t="2258" r="1378" b="2316" fs="10">5</wd>
			<wd l="1401" t="2275" r="1465" b="2316" fs="10">m</wd>
			<wd l="1482" t="2255" r="1647" b="2334" fs="10">high.</wd>
			<wd l="1669" t="2258" r="1831" b="2316" fs="10">Root</wd>
			<wd l="1848" t="2255" r="2050" b="2316" fs="10">tubers</wd>
			<wd l="2069" t="2275" r="2151" b="2333" fs="10">up</wd>
		</ln>
		<ln lx="638" ly="2347" rx="2154" ry="2426">
			<wd l="638" t="2356" r="701" b="2409" fs="10">to</wd>
			<wd l="731" t="2349" r="808" b="2409" fs="10">50</wd>
			<wd l="836" t="2367" r="934" b="2409" fs="10">cm</wd>
			<wd l="960" t="2347" r="1122" b="2426" fs="10">long.</wd>
			<wd l="1154" t="2347" r="1417" b="2426" fs="10">Stipules</wd>
			<wd l="1445" t="2347" r="2154" b="2426" fs="10">lanceolate-triangular,</wd>
		</ln>
		<ln lx="643" ly="2440" rx="2154" ry="2519">
			<wd l="643" t="2443" r="755" b="2502" fs="10">5-1</wd>
			<wd l="775" t="2443" r="797" b="2501" fs="10">1</wd>
			<wd l="829" t="2460" r="956" b="2501" fs="10">mm</wd>
			<wd l="980" t="2441" r="1143" b="2519" fs="10">long.</wd>
			<wd l="1171" t="2443" r="1404" b="2502" fs="10">Leaves</wd>
			<wd l="1430" t="2440" r="1651" b="2519" fs="10">deeply</wd>
			<wd l="1672" t="2440" r="2154" b="2518" fs="10">palmatipartite,</wd>
		</ln>
		<ln lx="642" ly="2532" rx="2155" ry="2606">
			<wd l="642" t="2535" r="761" b="2594" fs="10">3-7</wd>
			<wd l="783" t="2533" r="981" b="2606" fs="10">lobed,</wd>
			<wd l="1000" t="2533" r="1099" b="2594" fs="10">the</wd>
			<wd l="1119" t="2533" r="1289" b="2594" fs="10">lobes</wd>
			<wd l="1309" t="2532" r="1724" b="2594" fs="10">oblanceolate</wd>
			<wd l="1741" t="2541" r="1804" b="2594" fs="10">to</wd>
			<wd l="1824" t="2532" r="2155" b="2594" fs="10">lanceolate</wd>
		</ln>
		<ln lx="641" ly="2625" rx="2155" ry="2704">
			<wd l="641" t="2645" r="710" b="2687" fs="10">or</wd>
			<wd l="727" t="2633" r="921" b="2698" fs="10">ovate,</wd>
			<wd l="944" t="2627" r="1054" b="2686" fs="10">5-1</wd>
			<wd l="1068" t="2627" r="1103" b="2687" fs="10">7</wd>
			<wd l="1123" t="2645" r="1221" b="2686" fs="10">cm</wd>
			<wd l="1240" t="2625" r="1402" b="2704" fs="10">long,</wd>
			<wd l="1431" t="2626" r="1544" b="2686" fs="10">1-6</wd>
			<wd l="1565" t="2644" r="1663" b="2686" fs="10">cm</wd>
			<wd l="1679" t="2625" r="1859" b="2698" fs="10">wide;</wd>
			<wd l="1879" t="2625" r="1964" b="2703" fs="10">tip</wd>
			<wd l="1984" t="2633" r="2155" b="2686" fs="10">acute</wd>
		</ln>
		<ln lx="639" ly="2717" rx="2155" ry="2791">
			<wd l="639" t="2727" r="702" b="2779" fs="10">to</wd>
			<wd l="727" t="2718" r="1086" b="2791" fs="10">acuminate;</wd>
			<wd l="1110" t="2718" r="1257" b="2778" fs="10">base</wd>
			<wd l="1281" t="2725" r="1580" b="2778" fs="10">attenuate</wd>
			<wd l="1601" t="2725" r="1665" b="2778" fs="10">to</wd>
			<wd l="1689" t="2725" r="1960" b="2778" fs="10">cuneate.</wd>
			<wd l="1985" t="2717" r="2155" b="2778" fs="10">Male</wd>
		</ln>
		<ln lx="642" ly="2809" rx="2154" ry="2888">
			<wd l="642" t="2810" r="908" b="2871" fs="10">flowers:</wd>
			<wd l="944" t="2810" r="1215" b="2888" fs="10">pedicels</wd>
			<wd l="1249" t="2811" r="1370" b="2871" fs="10">2-7</wd>
			<wd l="1405" t="2829" r="1532" b="2870" fs="10">mm</wd>
			<wd l="1567" t="2809" r="1733" b="2888" fs="10">long;</wd>
			<wd l="1770" t="2809" r="1947" b="2888" fs="10">calyx</wd>
			<wd l="1982" t="2809" r="2154" b="2870" fs="10">lobes</wd>
		</ln>
		<ln lx="642" ly="2901" rx="2156" ry="2980">
			<wd l="642" t="2902" r="1347" b="2980" fs="10">lanceolate-triangular,</wd>
			<wd l="1378" t="2903" r="1500" b="2963" fs="10">4-6</wd>
			<wd l="1528" t="2921" r="1656" b="2962" fs="10">mm</wd>
			<wd l="1684" t="2901" r="1848" b="2980" fs="10">long,</wd>
			<wd l="1878" t="2902" r="2001" b="2962" fs="10">2-4</wd>
			<wd l="2028" t="2921" r="2156" b="2962" fs="10">mm</wd>
		</ln>
		<ln lx="640" ly="2993" rx="2152" ry="3072">
			<wd l="640" t="2994" r="825" b="3067" fs="10">wide,</wd>
			<wd l="863" t="2994" r="1010" b="3055" fs="10">tube</wd>
			<wd l="1048" t="2995" r="1172" b="3055" fs="10">4-6</wd>
			<wd l="1210" t="3013" r="1339" b="3054" fs="10">mm</wd>
			<wd l="1376" t="2994" r="1545" b="3072" fs="10">long.</wd>
			<wd l="1586" t="2993" r="1836" b="3055" fs="10">Female</wd>
			<wd l="1875" t="2993" r="2152" b="3054" fs="10">flowers:</wd>
		</ln>
		<ln lx="639" ly="3085" rx="2155" ry="3165">
			<wd l="639" t="3087" r="948" b="3165" fs="10">pedicels</wd>
			<wd l="1013" t="3088" r="1189" b="3148" fs="10">5-12</wd>
			<wd l="1252" t="3106" r="1384" b="3147" fs="10">mm</wd>
			<wd l="1447" t="3086" r="1634" b="3165" fs="10">long;</wd>
			<wd l="1700" t="3086" r="1899" b="3164" fs="10">calyx</wd>
			<wd l="1962" t="3085" r="2155" b="3147" fs="10">lobes</wd>
		</ln>
		<ln lx="640" ly="3178" rx="2157" ry="3257">
			<wd l="640" t="3179" r="1188" b="3257" fs="10">triangular-ovate</wd>
			<wd l="1226" t="3180" r="1392" b="3239" fs="10">6-10</wd>
			<wd l="1428" t="3198" r="1558" b="3238" fs="10">mm</wd>
			<wd l="1594" t="3178" r="1763" b="3257" fs="10">long,</wd>
			<wd l="1802" t="3180" r="1988" b="3239" fs="10">2.5-5</wd>
			<wd l="2028" t="3197" r="2157" b="3238" fs="10">mm</wd>
		</ln>
		<ln lx="640" ly="3271" rx="2158" ry="3349">
			<wd l="640" t="3271" r="816" b="3332" fs="10">wide.</wd>
			<wd l="836" t="3271" r="1023" b="3332" fs="10">Fruits</wd>
			<wd l="1042" t="3271" r="1244" b="3344" fs="10">ovoid,</wd>
			<wd l="1273" t="3272" r="1466" b="3332" fs="10">15-17</wd>
			<wd l="1484" t="3290" r="1611" b="3331" fs="10">mm</wd>
			<wd l="1630" t="3271" r="1790" b="3349" fs="10">long,</wd>
			<wd l="1819" t="3272" r="2010" b="3332" fs="10">14-15</wd>
			<wd l="2031" t="3290" r="2158" b="3331" fs="10">mm</wd>
		</ln>
		<ln lx="642" ly="3362" rx="2152" ry="3441">
			<wd l="642" t="3363" r="961" b="3425" fs="10">diameter.</wd>
			<wd l="1005" t="3363" r="1200" b="3424" fs="10">Seeds</wd>
			<wd l="1240" t="3363" r="1559" b="3441" fs="10">ellipsoid,</wd>
			<wd l="1600" t="3382" r="1652" b="3424" fs="10">c.</wd>
			<wd l="1703" t="3364" r="1768" b="3423" fs="10">11</wd>
			<wd l="1813" t="3382" r="1943" b="3423" fs="10">mm</wd>
			<wd l="1982" t="3362" r="2152" b="3441" fs="10">long,</wd>
		</ln>
		<ln lx="644" ly="3456" rx="1953" ry="3534">
			<wd l="644" t="3458" r="887" b="3517" fs="10">5.5-5.8</wd>
			<wd l="913" t="3475" r="1040" b="3516" fs="10">mm</wd>
			<wd l="1063" t="3456" r="1240" b="3517" fs="10">wide.</wd>
			<wd l="1272" t="3458" r="1540" b="3534" fs="10">Tapioca</wd>
			<wd l="1564" t="3475" r="1632" b="3517" fs="10">or</wd>
			<wd l="1658" t="3457" r="1937" b="3517" fs="10">Cassava</wd>
			<wd l="1943" t="3505" r="1953" b="3516" fs="10">.</wd>
		</ln>
		<ln lx="638" ly="3620" rx="2149" ry="3683">
			<wd l="638" t="3621" r="948" b="3683" fs="10">Specimens</wd>
			<wd l="978" t="3621" r="1263" b="3670" fs="10">examined</wd>
			<wd l="1263" t="3635" r="1275" b="3669" fs="10">:</wd>
			<wd l="1312" t="3621" r="1682" b="3680" fs="10">Queensland.</wd>
			<wd l="1715" t="3620" r="1865" b="3669" fs="10">Cook</wd>
			<wd l="1895" t="3621" r="2149" b="3668" fs="10">District:</wd>
		</ln>
		<ln lx="640" ly="3694" rx="2155" ry="3758">
			<wd l="640" t="3696" r="850" b="3758" fs="10">Darnley</wd>
			<wd l="864" t="3696" r="1036" b="3755" fs="10">Island,</wd>
			<wd l="1052" t="3697" r="1221" b="3746" fs="10">Torres</wd>
			<wd l="1237" t="3695" r="1388" b="3755" fs="10">Strait,</wd>
			<wd l="1405" t="3696" r="1459" b="3744" fs="10">9°</wd>
			<wd l="1476" t="3696" r="1612" b="3754" fs="10">35'S,</wd>
			<wd l="1635" t="3696" r="1750" b="3744" fs="10">143°</wd>
			<wd l="1766" t="3696" r="1906" b="3754" fs="10">46'E,</wd>
			<wd l="1922" t="3694" r="1997" b="3745" fs="10">Jul</wd>
			<wd l="2017" t="3695" r="2155" b="3754" fs="10">1974,</wd>
		</ln>
		<ln lx="639" ly="3770" rx="2154" ry="3833">
			<wd l="639" t="3772" r="896" b="3820" fs="10">Heatwole</wd>
			<wd l="917" t="3772" r="1014" b="3819" fs="10">449</wd>
			<wd l="1039" t="3772" r="1207" b="3832" fs="10">(BRI);</wd>
			<wd l="1233" t="3772" r="1310" b="3820" fs="10">3.5</wd>
			<wd l="1335" t="3771" r="1419" b="3819" fs="10">km</wd>
			<wd l="1443" t="3772" r="1516" b="3820" fs="10">SE</wd>
			<wd l="1540" t="3771" r="1602" b="3819" fs="10">of</wd>
			<wd l="1617" t="3771" r="1790" b="3833" fs="10">Weipa</wd>
			<wd l="1810" t="3770" r="2040" b="3829" fs="10">Mission,</wd>
			<wd l="2071" t="3771" r="2154" b="3818" fs="10">12°</wd>
		</ln>
		<ln lx="641" ly="3845" rx="2152" ry="3908">
			<wd l="641" t="3847" r="779" b="3905" fs="10">42'S,</wd>
			<wd l="812" t="3847" r="928" b="3895" fs="10">141°</wd>
			<wd l="955" t="3847" r="1095" b="3905" fs="10">55'E,</wd>
			<wd l="1121" t="3846" r="1195" b="3895" fs="10">Jul</wd>
			<wd l="1227" t="3847" r="1366" b="3905" fs="10">1974,</wd>
			<wd l="1393" t="3846" r="1570" b="3908" fs="10">Specht</wd>
			<wd l="1595" t="3846" r="1643" b="3895" fs="10"><![CDATA[&]]></wd>
			<wd l="1667" t="3846" r="1773" b="3895" fs="10">Salt</wd>
			<wd l="1797" t="3846" r="1955" b="3895" fs="10">W324</wd>
			<wd l="1982" t="3845" r="2152" b="3907" fs="10">(BRI);</wd>
		</ln>
		<ln lx="641" ly="3921" rx="2157" ry="3980">
			<wd l="641" t="3922" r="943" b="3972" fs="10">McDonnell</wd>
			<wd l="971" t="3921" r="1128" b="3971" fs="10">Creek</wd>
			<wd l="1153" t="3921" r="1334" b="3971" fs="10">behind</wd>
			<wd l="1362" t="3921" r="1548" b="3980" fs="10">school,</wd>
			<wd l="1583" t="3922" r="1666" b="3970" fs="10">17°</wd>
			<wd l="1701" t="3922" r="1834" b="3980" fs="10">12'S,</wd>
			<wd l="1869" t="3922" r="1985" b="3970" fs="10">145°</wd>
			<wd l="2016" t="3921" r="2157" b="3980" fs="10">53'E,</wd>
		</ln>
		<ln lx="641" ly="3998" rx="2154" ry="4058">
			<wd l="641" t="4000" r="747" b="4047" fs="10">Dec</wd>
			<wd l="782" t="3999" r="923" b="4056" fs="10">1993,</wd>
			<wd l="958" t="3999" r="1167" b="4046" fs="10">Forster</wd>
			<wd l="1194" t="3999" r="1289" b="4046" fs="10">PIF</wd>
			<wd l="1301" t="3998" r="1457" b="4046" fs="10">14451</wd>
			<wd l="1496" t="3998" r="1669" b="4058" fs="10">(BRI).</wd>
			<wd l="1698" t="3999" r="1878" b="4045" fs="10">North</wd>
			<wd l="1907" t="3998" r="2154" b="4045" fs="10">Kennedy</wd>
		</ln>
		<ln lx="641" ly="4071" rx="2160" ry="4132">
			<wd l="641" t="4074" r="878" b="4120" fs="10">District:</wd>
			<wd l="908" t="4073" r="926" b="4119" fs="10">1</wd>
			<wd l="952" t="4072" r="1101" b="4119" fs="10">kmN</wd>
			<wd l="1121" t="4072" r="1183" b="4120" fs="10">of</wd>
			<wd l="1195" t="4071" r="1452" b="4129" fs="10">Cardwell,</wd>
			<wd l="1480" t="4072" r="1563" b="4119" fs="10">18°</wd>
			<wd l="1592" t="4072" r="1725" b="4129" fs="10">16'S,</wd>
			<wd l="1753" t="4072" r="1871" b="4118" fs="10">146°</wd>
			<wd l="1893" t="4071" r="2035" b="4128" fs="10">01'E,</wd>
			<wd l="2055" t="4072" r="2160" b="4132" fs="10">Apr</wd>
		</ln>
		<ln lx="649" ly="4146" rx="1761" ry="4208">
			<wd l="649" t="4148" r="789" b="4205" fs="10">1975,</wd>
			<wd l="807" t="4146" r="1098" b="4195" fs="10">McDonald</wd>
			<wd l="1117" t="4147" r="1241" b="4194" fs="10">1469</wd>
			<wd l="1262" t="4147" r="1309" b="4195" fs="10"><![CDATA[&]]></wd>
			<wd l="1326" t="4146" r="1761" b="4208" fs="10">Batianoff(BRl).</wd>
		</ln>
		<ln lx="639" ly="4289" rx="2158" ry="4368">
			<wd l="639" t="4294" r="838" b="4352" fs="10">Notes</wd>
			<wd l="845" t="4310" r="859" b="4351" fs="10">:</wd>
			<wd l="898" t="4293" r="979" b="4351" fs="10">M</wd>
			<wd l="1023" t="4291" r="1339" b="4351" fs="10">esculenta</wd>
			<wd l="1373" t="4290" r="1425" b="4351" fs="10">is</wd>
			<wd l="1459" t="4290" r="1560" b="4351" fs="10">the</wd>
			<wd l="1598" t="4290" r="1837" b="4368" fs="10">species</wd>
			<wd l="1871" t="4290" r="2027" b="4350" fs="10">used</wd>
			<wd l="2061" t="4289" r="2158" b="4350" fs="10">for</wd>
		</ln>
		<ln lx="642" ly="4381" rx="2157" ry="4461">
			<wd l="642" t="4383" r="1005" b="4461" fs="10">production</wd>
			<wd l="1026" t="4382" r="1102" b="4444" fs="10">of</wd>
			<wd l="1113" t="4402" r="1367" b="4443" fs="10">cassava</wd>
			<wd l="1387" t="4382" r="1505" b="4443" fs="10">and</wd>
			<wd l="1526" t="4382" r="1577" b="4443" fs="10">is</wd>
			<wd l="1598" t="4382" r="1800" b="4443" fs="10">native</wd>
			<wd l="1820" t="4390" r="1883" b="4443" fs="10">to</wd>
			<wd l="1904" t="4381" r="2157" b="4459" fs="10">tropical</wd>
		</ln>
		<ln lx="647" ly="4473" rx="2158" ry="4552">
			<wd l="647" t="4475" r="859" b="4536" fs="10">South</wd>
			<wd l="904" t="4475" r="1244" b="4535" fs="10">America.</wd>
			<wd l="1296" t="4474" r="1432" b="4535" fs="10">The</wd>
			<wd l="1483" t="4474" r="1751" b="4552" fs="10">species</wd>
			<wd l="1801" t="4474" r="1857" b="4534" fs="10">is</wd>
			<wd l="1906" t="4473" r="2158" b="4551" fs="10">widely</wd>
		</ln>
		<ln lx="645" ly="4564" rx="2159" ry="4643">
			<wd l="645" t="4566" r="972" b="4628" fs="10">cultivated</wd>
			<wd l="1000" t="4566" r="1062" b="4626" fs="10">in</wd>
			<wd l="1088" t="4566" r="1188" b="4627" fs="10">the</wd>
			<wd l="1215" t="4566" r="1441" b="4643" fs="10">tropics</wd>
			<wd l="1471" t="4565" r="1590" b="4626" fs="10">and</wd>
			<wd l="1618" t="4565" r="1670" b="4626" fs="10">is</wd>
			<wd l="1697" t="4564" r="2066" b="4626" fs="10">naturalised</wd>
			<wd l="2094" t="4584" r="2159" b="4625" fs="10">as</wd>
		</ln>
		<ln lx="645" ly="4656" rx="2161" ry="4735">
			<wd l="645" t="4678" r="724" b="4719" fs="10">an</wd>
			<wd l="764" t="4658" r="1106" b="4719" fs="10">adventive</wd>
			<wd l="1147" t="4658" r="1213" b="4717" fs="10">in</wd>
			<wd l="1252" t="4677" r="1288" b="4718" fs="10">a</wd>
			<wd l="1326" t="4658" r="1455" b="4717" fs="10">few</wd>
			<wd l="1492" t="4657" r="1713" b="4735" fs="10">places</wd>
			<wd l="1754" t="4657" r="1820" b="4716" fs="10">in</wd>
			<wd l="1857" t="4656" r="2161" b="4717" fs="10">northern</wd>
		</ln>
		<ln lx="645" ly="4748" rx="2160" ry="4826">
			<wd l="645" t="4749" r="1078" b="4825" fs="10">Queensland</wd>
			<wd l="1120" t="4749" r="1340" b="4809" fs="10">where</wd>
			<wd l="1384" t="4749" r="1433" b="4809" fs="10">it</wd>
			<wd l="1475" t="4749" r="1531" b="4809" fs="10">is</wd>
			<wd l="1576" t="4768" r="1657" b="4809" fs="10">an</wd>
			<wd l="1700" t="4767" r="1942" b="4826" fs="10">escape</wd>
			<wd l="1987" t="4748" r="2160" b="4808" fs="10">from</wd>
		</ln>
		<ln lx="645" ly="4838" rx="2161" ry="4918">
			<wd l="645" t="4841" r="1016" b="4902" fs="10">cultivation.</wd>
			<wd l="1043" t="4840" r="1447" b="4918" fs="10">Propagation</wd>
			<wd l="1469" t="4859" r="1684" b="4901" fs="10">occurs</wd>
			<wd l="1710" t="4839" r="1869" b="4900" fs="10">from</wd>
			<wd l="1893" t="4838" r="2161" b="4900" fs="10">division</wd>
		</ln>
		<ln lx="645" ly="4931" rx="2157" ry="5010">
			<wd l="645" t="4933" r="727" b="4994" fs="10">of</wd>
			<wd l="758" t="4933" r="867" b="4994" fs="10">the</wd>
			<wd l="912" t="4932" r="1176" b="5010" fs="10">starchy</wd>
			<wd l="1217" t="4940" r="1669" b="5010" fs="10">root-storage</wd>
			<wd l="1711" t="4931" r="1959" b="4992" fs="10">tubers.</wd>
			<wd l="2006" t="4933" r="2060" b="4991" fs="10">It</wd>
			<wd l="2102" t="4931" r="2157" b="4991" fs="10">is</wd>
		</ln>
		<ln lx="643" ly="5023" rx="2158" ry="5101">
			<wd l="643" t="5025" r="975" b="5086" fs="10">uncertain</wd>
			<wd l="1011" t="5024" r="1296" b="5085" fs="10">whether</wd>
			<wd l="1332" t="5024" r="1437" b="5084" fs="10">the</wd>
			<wd l="1479" t="5023" r="1730" b="5101" fs="10">species</wd>
			<wd l="1769" t="5023" r="2158" b="5100" fs="10">reproduces</wd>
		</ln>
		<ln lx="647" ly="5114" rx="2160" ry="5194">
			<wd l="647" t="5116" r="922" b="5194" fs="10">sexually</wd>
			<wd l="952" t="5115" r="1015" b="5175" fs="10">in</wd>
			<wd l="1043" t="5115" r="1350" b="5176" fs="10">Australia</wd>
			<wd l="1379" t="5133" r="1444" b="5175" fs="10">as</wd>
			<wd l="1474" t="5133" r="1556" b="5175" fs="10">no</wd>
			<wd l="1588" t="5114" r="1784" b="5175" fs="10">fertile</wd>
			<wd l="1817" t="5114" r="2160" b="5192" fs="10">specimens</wd>
		</ln>
		<ln lx="644" ly="5206" rx="2163" ry="5285">
			<wd l="644" t="5209" r="810" b="5269" fs="10">have</wd>
			<wd l="850" t="5208" r="1019" b="5268" fs="10">been</wd>
			<wd l="1060" t="5207" r="1319" b="5285" fs="10">sighted</wd>
			<wd l="1360" t="5207" r="1485" b="5267" fs="10">and</wd>
			<wd l="1524" t="5206" r="1631" b="5267" fs="10">the</wd>
			<wd l="1671" t="5206" r="2061" b="5284" fs="10">population</wd>
			<wd l="2102" t="5214" r="2163" b="5266" fs="10">at</wd>
		</ln>
		<ln lx="645" ly="5296" rx="2172" ry="5360">
			<wd l="645" t="5299" r="1039" b="5360" fs="10">McDonnell</wd>
			<wd l="1079" t="5298" r="1284" b="5359" fs="10">Creek</wd>
			<wd l="1323" t="5297" r="1585" b="5358" fs="10">showed</wd>
			<wd l="1621" t="5317" r="1705" b="5358" fs="10">no</wd>
			<wd l="1746" t="5297" r="2053" b="5358" fs="10">evidence</wd>
			<wd l="2093" t="5296" r="2172" b="5357" fs="10">of</wd>
		</ln>
		<ln lx="646" ly="5390" rx="1350" ry="5468">
			<wd l="646" t="5391" r="969" b="5468" fs="10">flowering</wd>
			<wd l="994" t="5410" r="1062" b="5451" fs="10">or</wd>
			<wd l="1086" t="5390" r="1350" b="5467" fs="10">fruiting.</wd>
		</ln>
	</region>
	<region article-doi="10.2307/41729926" region-id="3">
		<rc l="2288" t="1993" r="3866" b="5454"/>
		<ln lx="2296" ly="1998" rx="3847" ry="2076">
			<wd l="2296" t="2000" r="2351" b="2060" fs="10">6.</wd>
			<wd l="2377" t="2000" r="2684" b="2059" fs="10">Manihot</wd>
			<wd l="2706" t="2000" r="3031" b="2076" fs="10">grahamii</wd>
			<wd l="3048" t="1998" r="3272" b="2071" fs="10">Hook.,</wd>
			<wd l="3298" t="2000" r="3445" b="2058" fs="10">Icon</wd>
			<wd l="3465" t="1998" r="3550" b="2058" fs="10">PI.</wd>
			<wd l="3578" t="1999" r="3634" b="2058" fs="10">6:</wd>
			<wd l="3659" t="2006" r="3700" b="2058" fs="10">t:</wd>
			<wd l="3729" t="1998" r="3847" b="2058" fs="10">530</wd>
		</ln>
		<ln lx="2485" ly="2091" rx="2725" ry="2168">
			<wd l="2485" t="2091" r="2725" b="2168" fs="10">(1843).</wd>
		</ln>
		<ln lx="2298" ly="2253" rx="3853" ry="2332">
			<wd l="2298" t="2255" r="2614" b="2316" fs="10">Subshrub</wd>
			<wd l="2651" t="2274" r="2720" b="2315" fs="10">or</wd>
			<wd l="2756" t="2254" r="2940" b="2315" fs="10">shrub</wd>
			<wd l="2975" t="2263" r="3038" b="2315" fs="10">to</wd>
			<wd l="3075" t="2256" r="3113" b="2314" fs="10">4</wd>
			<wd l="3148" t="2274" r="3212" b="2314" fs="10">m</wd>
			<wd l="3245" t="2254" r="3413" b="2332" fs="10">high.</wd>
			<wd l="3451" t="2256" r="3615" b="2315" fs="10">Root</wd>
			<wd l="3647" t="2253" r="3853" b="2314" fs="10">tubers</wd>
		</ln>
		<ln lx="2296" ly="2345" rx="3848" ry="2425">
			<wd l="2296" t="2346" r="2535" b="2408" fs="10">absent.</wd>
			<wd l="2579" t="2346" r="2854" b="2425" fs="10">Stipules</wd>
			<wd l="2894" t="2346" r="3264" b="2419" fs="10">lanceolate,</wd>
			<wd l="3305" t="2347" r="3470" b="2407" fs="10">9-15</wd>
			<wd l="3511" t="2365" r="3641" b="2406" fs="10">mm</wd>
			<wd l="3679" t="2345" r="3848" b="2424" fs="10">long.</wd>
		</ln>
		<ln lx="2295" ly="2438" rx="3854" ry="2517">
			<wd l="2295" t="2442" r="2529" b="2500" fs="10">Leaves</wd>
			<wd l="2561" t="2439" r="2782" b="2517" fs="10">deeply</wd>
			<wd l="2810" t="2439" r="3292" b="2517" fs="10">palmatipartite,</wd>
			<wd l="3327" t="2440" r="3485" b="2499" fs="10">5-13</wd>
			<wd l="3522" t="2438" r="3723" b="2511" fs="10">lobed,</wd>
			<wd l="3754" t="2438" r="3854" b="2499" fs="10">the</wd>
		</ln>
		<ln lx="2297" ly="2531" rx="3851" ry="2610">
			<wd l="2297" t="2532" r="2470" b="2593" fs="10">lobes</wd>
			<wd l="2506" t="2531" r="2739" b="2610" fs="10">oblong</wd>
			<wd l="2772" t="2540" r="2835" b="2593" fs="10">to</wd>
			<wd l="2871" t="2531" r="3313" b="2604" fs="10">oblanceolate,</wd>
			<wd l="3353" t="2532" r="3516" b="2592" fs="10">5-14</wd>
			<wd l="3553" t="2550" r="3651" b="2592" fs="10">cm</wd>
			<wd l="3687" t="2531" r="3851" b="2608" fs="10">long,</wd>
		</ln>
		<ln lx="2297" ly="2623" rx="3851" ry="2702">
			<wd l="2297" t="2625" r="2541" b="2685" fs="10">0.9-3.5</wd>
			<wd l="2565" t="2643" r="2664" b="2685" fs="10">cm</wd>
			<wd l="2680" t="2623" r="2863" b="2697" fs="10">wide;</wd>
			<wd l="2882" t="2623" r="2968" b="2702" fs="10">tip</wd>
			<wd l="2989" t="2623" r="3349" b="2697" fs="10">acuminate;</wd>
			<wd l="3368" t="2623" r="3516" b="2684" fs="10">base</wd>
			<wd l="3536" t="2631" r="3851" b="2684" fs="10">attenuate.</wd>
		</ln>
		<ln lx="2295" ly="2715" rx="3856" ry="2794">
			<wd l="2295" t="2716" r="2464" b="2777" fs="10">Male</wd>
			<wd l="2500" t="2716" r="2768" b="2777" fs="10">flowers:</wd>
			<wd l="2804" t="2716" r="3078" b="2794" fs="10">pedicels</wd>
			<wd l="3114" t="2717" r="3277" b="2776" fs="10">7-10</wd>
			<wd l="3311" t="2735" r="3439" b="2775" fs="10">mm</wd>
			<wd l="3474" t="2715" r="3640" b="2793" fs="10">long;</wd>
			<wd l="3677" t="2715" r="3856" b="2793" fs="10">calyx</wd>
		</ln>
		<ln lx="2297" ly="2807" rx="3856" ry="2887">
			<wd l="2297" t="2808" r="2469" b="2870" fs="10">lobes</wd>
			<wd l="2489" t="2808" r="3043" b="2887" fs="10">triangular-ovate,</wd>
			<wd l="3065" t="2809" r="3230" b="2869" fs="10">4-10</wd>
			<wd l="3250" t="2827" r="3378" b="2868" fs="10">mm</wd>
			<wd l="3399" t="2807" r="3563" b="2886" fs="10">long,</wd>
			<wd l="3587" t="2809" r="3704" b="2869" fs="10">3-5</wd>
			<wd l="3728" t="2827" r="3856" b="2868" fs="10">mm</wd>
		</ln>
		<ln lx="2295" ly="2900" rx="3848" ry="2978">
			<wd l="2295" t="2900" r="2485" b="2974" fs="10">wide,</wd>
			<wd l="2525" t="2900" r="2676" b="2962" fs="10">tube</wd>
			<wd l="2718" t="2902" r="2841" b="2961" fs="10">5-8</wd>
			<wd l="2882" t="2920" r="3013" b="2961" fs="10">mm</wd>
			<wd l="3053" t="2900" r="3226" b="2978" fs="10">long.</wd>
			<wd l="3268" t="2900" r="3523" b="2961" fs="10">Female</wd>
			<wd l="3564" t="2900" r="3848" b="2961" fs="10">flowers:</wd>
		</ln>
		<ln lx="2295" ly="2992" rx="3853" ry="3071">
			<wd l="2295" t="2992" r="2604" b="3071" fs="10">pedicels</wd>
			<wd l="2686" t="2994" r="2817" b="3053" fs="10">7-9</wd>
			<wd l="2897" t="3012" r="3030" b="3052" fs="10">mm</wd>
			<wd l="3110" t="2992" r="3297" b="3070" fs="10">long;</wd>
			<wd l="3380" t="2992" r="3579" b="3070" fs="10">calyx</wd>
			<wd l="3659" t="2992" r="3853" b="3053" fs="10">lobes</wd>
		</ln>
		<ln lx="2295" ly="3084" rx="3855" ry="3164">
			<wd l="2295" t="3085" r="2855" b="3164" fs="10">triangular-ovate,</wd>
			<wd l="2901" t="3086" r="3101" b="3146" fs="10">10-12</wd>
			<wd l="3136" t="3104" r="3265" b="3145" fs="10">mm</wd>
			<wd l="3301" t="3084" r="3466" b="3163" fs="10">long,</wd>
			<wd l="3507" t="3087" r="3687" b="3146" fs="10">5-5.5</wd>
			<wd l="3726" t="3104" r="3855" b="3145" fs="10">mm</wd>
		</ln>
		<ln lx="2295" ly="3177" rx="3851" ry="3255">
			<wd l="2295" t="3177" r="2478" b="3250" fs="10">wide,</wd>
			<wd l="2513" t="3177" r="2658" b="3238" fs="10">tube</wd>
			<wd l="2703" t="3179" r="2813" b="3238" fs="10">1-3</wd>
			<wd l="2853" t="3197" r="2982" b="3237" fs="10">mm</wd>
			<wd l="3017" t="3177" r="3182" b="3255" fs="10">long.</wd>
			<wd l="3221" t="3177" r="3416" b="3237" fs="10">Fruits</wd>
			<wd l="3454" t="3177" r="3851" b="3255" fs="10">subglobose,</wd>
		</ln>
		<ln lx="2297" ly="3268" rx="3854" ry="3348">
			<wd l="2297" t="3289" r="2350" b="3331" fs="10">c.</wd>
			<wd l="2398" t="3271" r="2471" b="3330" fs="10">14</wd>
			<wd l="2508" t="3289" r="2637" b="3330" fs="10">mm</wd>
			<wd l="2674" t="3269" r="2824" b="3348" fs="10">long</wd>
			<wd l="2861" t="3269" r="2982" b="3331" fs="10">and</wd>
			<wd l="3027" t="3271" r="3096" b="3330" fs="10">15</wd>
			<wd l="3136" t="3289" r="3265" b="3330" fs="10">mm</wd>
			<wd l="3302" t="3269" r="3617" b="3330" fs="10">diameter.</wd>
			<wd l="3660" t="3268" r="3854" b="3330" fs="10">Seeds</wd>
		</ln>
		<ln lx="2297" ly="3360" rx="3671" ry="3440">
			<wd l="2297" t="3361" r="2601" b="3440" fs="10">ellipsoid,</wd>
			<wd l="2629" t="3381" r="2680" b="3423" fs="10">c.</wd>
			<wd l="2717" t="3363" r="2788" b="3422" fs="10">12</wd>
			<wd l="2813" t="3381" r="2941" b="3422" fs="10">mm</wd>
			<wd l="2966" t="3361" r="3112" b="3440" fs="10">long</wd>
			<wd l="3137" t="3361" r="3256" b="3422" fs="10">and</wd>
			<wd l="3283" t="3362" r="3316" b="3422" fs="10">8</wd>
			<wd l="3342" t="3380" r="3469" b="3421" fs="10">mm</wd>
			<wd l="3492" t="3360" r="3671" b="3421" fs="10">wide.</wd>
		</ln>
		<ln lx="2294" ly="3527" rx="3850" ry="3589">
			<wd l="2294" t="3527" r="2608" b="3589" fs="10">Specimens</wd>
			<wd l="2639" t="3527" r="2928" b="3576" fs="10">examined</wd>
			<wd l="2929" t="3541" r="2941" b="3575" fs="10">:</wd>
			<wd l="2979" t="3527" r="3353" b="3586" fs="10">Queensland.</wd>
			<wd l="3387" t="3527" r="3624" b="3574" fs="10">Darling</wd>
			<wd l="3656" t="3527" r="3850" b="3574" fs="10">Downs</wd>
		</ln>
		<ln lx="2296" ly="3601" rx="3855" ry="3660">
			<wd l="2296" t="3604" r="2530" b="3651" fs="10">District:</wd>
			<wd l="2548" t="3602" r="2743" b="3651" fs="10">Gowrie</wd>
			<wd l="2759" t="3602" r="2929" b="3660" fs="10">Creek,</wd>
			<wd l="2944" t="3601" r="3291" b="3660" fs="10">Toowoomba,</wd>
			<wd l="3306" t="3601" r="3404" b="3650" fs="10">Feb</wd>
			<wd l="3425" t="3602" r="3564" b="3659" fs="10">1984,</wd>
			<wd l="3582" t="3601" r="3855" b="3650" fs="10">Swarbrick</wd>
		</ln>
		<ln lx="2298" ly="3676" rx="3851" ry="3740">
			<wd l="2298" t="3678" r="2430" b="3727" fs="10">7382</wd>
			<wd l="2461" t="3678" r="2631" b="3740" fs="10">(BRI).</wd>
			<wd l="2662" t="3679" r="2912" b="3726" fs="10">Moreton</wd>
			<wd l="2939" t="3679" r="3183" b="3726" fs="10">District:</wd>
			<wd l="3216" t="3676" r="3405" b="3739" fs="10">Chapel</wd>
			<wd l="3434" t="3676" r="3554" b="3735" fs="10">Hill,</wd>
			<wd l="3584" t="3678" r="3673" b="3726" fs="10">Jan</wd>
			<wd l="3708" t="3677" r="3851" b="3735" fs="10">1981,</wd>
		</ln>
		<ln lx="2294" ly="3752" rx="3853" ry="3814">
			<wd l="2294" t="3755" r="2485" b="3802" fs="10">Pieters</wd>
			<wd l="2498" t="3754" r="2662" b="3802" fs="10">JT958</wd>
			<wd l="2680" t="3754" r="2849" b="3814" fs="10">(BRI);</wd>
			<wd l="2866" t="3755" r="3128" b="3814" fs="10">Kangaroo</wd>
			<wd l="3143" t="3753" r="3298" b="3811" fs="10">Point,</wd>
			<wd l="3314" t="3752" r="3566" b="3810" fs="10">Brisbane,</wd>
			<wd l="3582" t="3754" r="3693" b="3801" fs="10">Mar</wd>
			<wd l="3713" t="3753" r="3853" b="3810" fs="10">1933,</wd>
		</ln>
		<ln lx="2304" ly="3827" rx="3853" ry="3890">
			<wd l="2304" t="3828" r="2451" b="3877" fs="10">White</wd>
			<wd l="2480" t="3829" r="2609" b="3876" fs="10">8649</wd>
			<wd l="2638" t="3828" r="2807" b="3889" fs="10">(BRI);</wd>
			<wd l="2836" t="3829" r="3094" b="3890" fs="10">Enoggera</wd>
			<wd l="3120" t="3827" r="3291" b="3886" fs="10">Creek,</wd>
			<wd l="3320" t="3827" r="3422" b="3876" fs="10">The</wd>
			<wd l="3450" t="3828" r="3573" b="3889" fs="10">Gap,</wd>
			<wd l="3601" t="3827" r="3853" b="3885" fs="10">Brisbane,</wd>
		</ln>
		<ln lx="2295" ly="3902" rx="3853" ry="3965">
			<wd l="2295" t="3905" r="2410" b="3953" fs="10">Nov</wd>
			<wd l="2437" t="3904" r="2577" b="3963" fs="10">1993,</wd>
			<wd l="2596" t="3905" r="2799" b="3952" fs="10">Forster</wd>
			<wd l="2815" t="3903" r="3078" b="3952" fs="10">PIF14258</wd>
			<wd l="3102" t="3903" r="3184" b="3965" fs="10">(A,</wd>
			<wd l="3205" t="3904" r="3330" b="3962" fs="10">BRI,</wd>
			<wd l="3351" t="3904" r="3413" b="3962" fs="10">K,</wd>
			<wd l="3434" t="3904" r="3489" b="3962" fs="10">L,</wd>
			<wd l="3510" t="3904" r="3664" b="3961" fs="10">MEL,</wd>
			<wd l="3687" t="3902" r="3853" b="3964" fs="10">QRS);</wd>
		</ln>
		<ln lx="2298" ly="3979" rx="3851" ry="4041">
			<wd l="2298" t="3979" r="2472" b="4029" fs="10">Teviot</wd>
			<wd l="2485" t="3979" r="2667" b="4038" fs="10">Brook,</wd>
			<wd l="2683" t="3979" r="2975" b="4041" fs="10">Dugandan,</wd>
			<wd l="2991" t="3980" r="3095" b="4041" fs="10">Apr</wd>
			<wd l="3115" t="3979" r="3257" b="4037" fs="10">1994,</wd>
			<wd l="3276" t="3980" r="3478" b="4027" fs="10">Forster</wd>
			<wd l="3490" t="3980" r="3583" b="4027" fs="10">PIF</wd>
			<wd l="3594" t="3979" r="3752" b="4027" fs="10">15086</wd>
			<wd l="3769" t="3979" r="3851" b="4039" fs="10">(A,</wd>
		</ln>
		<ln lx="2297" ly="4053" rx="3853" ry="4113">
			<wd l="2297" t="4056" r="2429" b="4111" fs="10">BRI,</wd>
			<wd l="2462" t="4056" r="2623" b="4111" fs="10">MEL,</wd>
			<wd l="2654" t="4055" r="2825" b="4111" fs="10">NSW,</wd>
			<wd l="2860" t="4054" r="3035" b="4113" fs="10">QRS);</wd>
			<wd l="3069" t="4053" r="3278" b="4110" fs="10">Kalbar,</wd>
			<wd l="3312" t="4055" r="3404" b="4100" fs="10">Jan</wd>
			<wd l="3443" t="4054" r="3592" b="4110" fs="10">1969,</wd>
			<wd l="3633" t="4054" r="3853" b="4100" fs="10">Thomas</wd>
		</ln>
		<ln lx="2302" ly="4128" rx="2822" ry="4189">
			<wd l="2302" t="4128" r="2636" b="4189" fs="10">[AQ204048]</wd>
			<wd l="2655" t="4128" r="2822" b="4189" fs="10">(BRI).</wd>
		</ln>
		<ln lx="2293" ly="4270" rx="3849" ry="4349">
			<wd l="2293" t="4275" r="2513" b="4333" fs="10">Notes</wd>
			<wd l="2524" t="4291" r="2539" b="4333" fs="10">:</wd>
			<wd l="2587" t="4275" r="2674" b="4332" fs="10">M.</wd>
			<wd l="2724" t="4272" r="3074" b="4349" fs="10">grahamii</wd>
			<wd l="3113" t="4272" r="3170" b="4332" fs="10">is</wd>
			<wd l="3214" t="4271" r="3444" b="4331" fs="10">native</wd>
			<wd l="3488" t="4279" r="3556" b="4331" fs="10">to</wd>
			<wd l="3601" t="4270" r="3849" b="4342" fs="10">Brasil,</wd>
		</ln>
		<ln lx="2297" ly="4361" rx="3856" ry="4441">
			<wd l="2297" t="4363" r="2685" b="4441" fs="10">Argentina,</wd>
			<wd l="2729" t="4365" r="3067" b="4440" fs="10">Paraguay</wd>
			<wd l="3109" t="4362" r="3235" b="4423" fs="10">and</wd>
			<wd l="3275" t="4364" r="3591" b="4440" fs="10">Uruguay</wd>
			<wd l="3634" t="4361" r="3760" b="4422" fs="10">and</wd>
			<wd l="3801" t="4361" r="3856" b="4422" fs="10">is</wd>
		</ln>
		<ln lx="2297" ly="4453" rx="3859" ry="4517">
			<wd l="2297" t="4455" r="2666" b="4517" fs="10">naturalised</wd>
			<wd l="2692" t="4475" r="2757" b="4516" fs="10">as</wd>
			<wd l="2784" t="4474" r="2861" b="4516" fs="10">an</wd>
			<wd l="2886" t="4455" r="3209" b="4515" fs="10">adventive</wd>
			<wd l="3236" t="4474" r="3318" b="4515" fs="10">on</wd>
			<wd l="3343" t="4473" r="3379" b="4515" fs="10">a</wd>
			<wd l="3404" t="4454" r="3579" b="4514" fs="10">small</wd>
			<wd l="3607" t="4454" r="3769" b="4514" fs="10">scale</wd>
			<wd l="3796" t="4453" r="3859" b="4513" fs="10">in</wd>
		</ln>
		<ln lx="2301" ly="4545" rx="3858" ry="4622">
			<wd l="2301" t="4547" r="2763" b="4608" fs="10">south-eastern</wd>
			<wd l="2799" t="4546" r="3206" b="4622" fs="10">Queensland</wd>
			<wd l="3243" t="4545" r="3364" b="4606" fs="10">and</wd>
			<wd l="3399" t="4545" r="3858" b="4606" fs="10">north-eastern</wd>
		</ln>
		<ln lx="2297" ly="4636" rx="3856" ry="4714">
			<wd l="2297" t="4641" r="2456" b="4699" fs="10">New</wd>
			<wd l="2492" t="4638" r="2684" b="4699" fs="10">South</wd>
			<wd l="2717" t="4638" r="2941" b="4698" fs="10">Wales.</wd>
			<wd l="3010" t="4637" r="3413" b="4714" fs="10">Propagation</wd>
			<wd l="3447" t="4656" r="3661" b="4697" fs="10">occurs</wd>
			<wd l="3697" t="4636" r="3856" b="4696" fs="10">from</wd>
		</ln>
		<ln lx="2301" ly="4727" rx="3856" ry="4806">
			<wd l="2301" t="4730" r="2496" b="4791" fs="10">seeds.</wd>
			<wd l="2518" t="4732" r="2567" b="4790" fs="10">It</wd>
			<wd l="2585" t="4730" r="2636" b="4790" fs="10">is</wd>
			<wd l="2654" t="4729" r="2754" b="4790" fs="10">the</wd>
			<wd l="2772" t="4737" r="2934" b="4790" fs="10">most</wd>
			<wd l="2950" t="4729" r="3177" b="4806" fs="10">widely</wd>
			<wd l="3195" t="4728" r="3602" b="4789" fs="10">encountered</wd>
			<wd l="3621" t="4727" r="3856" b="4805" fs="10">species</wd>
		</ln>
		<ln lx="2301" ly="4819" rx="3858" ry="4883">
			<wd l="2301" t="4821" r="2378" b="4883" fs="10">of</wd>
			<wd l="2388" t="4821" r="2675" b="4882" fs="10">Manihot</wd>
			<wd l="2696" t="4821" r="2760" b="4881" fs="10">in</wd>
			<wd l="2782" t="4820" r="3091" b="4881" fs="10">Australia</wd>
			<wd l="3114" t="4820" r="3233" b="4880" fs="10">and</wd>
			<wd l="3257" t="4820" r="3308" b="4880" fs="10">is</wd>
			<wd l="3335" t="4820" r="3505" b="4880" fs="10">often</wd>
			<wd l="3530" t="4819" r="3858" b="4880" fs="10">cultivated</wd>
		</ln>
		<ln lx="2301" ly="4911" rx="3861" ry="4989">
			<wd l="2301" t="4932" r="2367" b="4974" fs="10">as</wd>
			<wd l="2405" t="4932" r="2483" b="4973" fs="10">an</wd>
			<wd l="2518" t="4912" r="2919" b="4984" fs="10">ornamental,</wd>
			<wd l="2959" t="4911" r="3257" b="4989" fs="10">although</wd>
			<wd l="3290" t="4911" r="3392" b="4972" fs="10">the</wd>
			<wd l="3428" t="4919" r="3597" b="4971" fs="10">roots</wd>
			<wd l="3635" t="4911" r="3716" b="4971" fs="10">do</wd>
			<wd l="3751" t="4919" r="3861" b="4971" fs="10">not</wd>
		</ln>
		<ln lx="2299" ly="5003" rx="3857" ry="5082">
			<wd l="2299" t="5005" r="2565" b="5082" fs="10">produce</wd>
			<wd l="2584" t="5004" r="2819" b="5081" fs="10">starchy</wd>
			<wd l="2834" t="5004" r="3035" b="5064" fs="10">tubers</wd>
			<wd l="3054" t="5004" r="3311" b="5080" fs="10">(Rogers</wd>
			<wd l="3330" t="5004" r="3391" b="5063" fs="10"><![CDATA[&]]></wd>
			<wd l="3409" t="5005" r="3631" b="5080" fs="10">Appan</wd>
			<wd l="3655" t="5003" r="3857" b="5078" fs="10">1973).</wd>
		</ln>
		<ln lx="2300" ly="5093" rx="3859" ry="5171">
			<wd l="2300" t="5099" r="2521" b="5157" fs="10">James</wd>
			<wd l="2576" t="5097" r="2636" b="5156" fs="10"><![CDATA[&]]></wd>
			<wd l="2691" t="5095" r="2964" b="5156" fs="10">Harden</wd>
			<wd l="3017" t="5095" r="3287" b="5171" fs="10">(1990),</wd>
			<wd l="3343" t="5094" r="3412" b="5153" fs="10">in</wd>
			<wd l="3465" t="5093" r="3859" b="5171" fs="10">describing</wd>
		</ln>
		<ln lx="2302" ly="5185" rx="3861" ry="5248">
			<wd l="2302" t="5187" r="2688" b="5248" fs="10">collections</wd>
			<wd l="2730" t="5186" r="2898" b="5247" fs="10">from</wd>
			<wd l="2936" t="5186" r="3414" b="5247" fs="10">north-eastern</wd>
			<wd l="3449" t="5187" r="3615" b="5246" fs="10">New</wd>
			<wd l="3657" t="5185" r="3861" b="5245" fs="10">South</wd>
		</ln>
		<ln lx="2301" ly="5277" rx="3858" ry="5354">
			<wd l="2301" t="5279" r="2553" b="5352" fs="10">Wales,</wd>
			<wd l="2635" t="5278" r="3139" b="5339" fs="10">misidentified</wd>
			<wd l="3217" t="5277" r="3352" b="5338" fs="10">this</wd>
			<wd l="3436" t="5277" r="3704" b="5354" fs="10">species</wd>
			<wd l="3788" t="5296" r="3858" b="5337" fs="10">as</wd>
		</ln>
		<ln lx="2299" ly="5370" rx="2817" ry="5449">
			<wd l="2299" t="5373" r="2380" b="5432" fs="10">M</wd>
			<wd l="2395" t="5370" r="2817" b="5449" fs="10">flabelli/olia.</wd>
		</ln>
	</region>
</ocr-page>
