<?xml version="1.0" encoding="UTF-8"?>
<ocr-page type="coords" ocr-vers="1.0" creation-date="20130321" res="600" height="6300" width="4500">
	<region article-doi="10.2307/41729926" region-id="0">
		<rc l="1193" t="860" r="3270" b="961"/>
		<ln lx="1198" ly="865" rx="3265" ry="956">
			<wd l="1198" t="873" r="1434" b="943" fs="10">Notes</wd>
			<wd l="1466" t="892" r="1565" b="942" fs="10">on</wd>
			<wd l="1596" t="873" r="1726" b="942" fs="10">the</wd>
			<wd l="1757" t="870" r="2240" b="941" fs="10">naturalised</wd>
			<wd l="2269" t="871" r="2500" b="940" fs="10">Flora</wd>
			<wd l="2531" t="869" r="2620" b="940" fs="10">of</wd>
			<wd l="2640" t="869" r="3170" b="956" fs="10">Queensland,</wd>
			<wd l="3198" t="865" r="3265" b="939" fs="10">3*</wd>
		</ln>
	</region>
	<region article-doi="10.2307/41729926" region-id="1">
		<rc l="1969" t="1056" r="2501" b="1124"/>
		<ln lx="1974" ly="1061" rx="2496" ry="1119">
			<wd l="1974" t="1061" r="2135" b="1119" fs="10">Paul</wd>
			<wd l="2158" t="1061" r="2206" b="1119" fs="10">I.</wd>
			<wd l="2232" t="1061" r="2496" b="1119" fs="10">Forster</wd>
		</ln>
	</region>
	<region article-doi="10.2307/41729926" region-id="2">
		<rc l="2057" t="1228" r="2416" b="1314"/>
		<ln lx="2062" ly="1233" rx="2411" ry="1309">
			<wd l="2062" t="1233" r="2411" b="1309" fs="10">Summary</wd>
		</ln>
	</region>
	<region article-doi="10.2307/41729926" region-id="3">
		<rc l="849" t="1391" r="3625" b="2058"/>
		<ln lx="860" ly="1396" rx="3616" ry="1462">
			<wd l="860" t="1403" r="1063" b="1460" fs="10">Forster,</wd>
			<wd l="1092" t="1402" r="1180" b="1450" fs="10">P.I.</wd>
			<wd l="1212" t="1401" r="1402" b="1462" fs="10">(1997).</wd>
			<wd l="1430" t="1402" r="1587" b="1449" fs="10">Notes</wd>
			<wd l="1616" t="1415" r="1681" b="1449" fs="10">on</wd>
			<wd l="1707" t="1399" r="1788" b="1448" fs="10">the</wd>
			<wd l="1816" t="1398" r="2110" b="1448" fs="10">naturalised</wd>
			<wd l="2139" t="1398" r="2265" b="1447" fs="10">flora</wd>
			<wd l="2292" t="1398" r="2353" b="1447" fs="10">of</wd>
			<wd l="2373" t="1397" r="2703" b="1458" fs="10">Queensland,</wd>
			<wd l="2734" t="1398" r="2778" b="1446" fs="10">3.</wd>
			<wd l="2807" t="1396" r="3186" b="1459" fs="10">Austrobaileya</wd>
			<wd l="3214" t="1397" r="3337" b="1458" fs="10">5(1):</wd>
			<wd l="3374" t="1396" r="3616" b="1444" fs="10">113-119.</wd>
		</ln>
		<ln lx="858" ly="1471" rx="3612" ry="1536">
			<wd l="858" t="1476" r="1264" b="1526" fs="10">Naturalisations</wd>
			<wd l="1293" t="1476" r="1342" b="1524" fs="10">in</wd>
			<wd l="1370" t="1475" r="1684" b="1536" fs="10">Queensland</wd>
			<wd l="1712" t="1491" r="1790" b="1524" fs="10">are</wd>
			<wd l="1819" t="1474" r="2144" b="1524" fs="10">documented</wd>
			<wd l="2172" t="1474" r="2248" b="1523" fs="10">for</wd>
			<wd l="2280" t="1473" r="2687" b="1536" fs="10">Graptopetalum</wd>
			<wd l="2708" t="1489" r="3093" b="1535" fs="10">paraguayense</wd>
			<wd l="3118" t="1472" r="3367" b="1533" fs="10">(N.E.Br.)</wd>
			<wd l="3397" t="1471" r="3612" b="1520" fs="10">Walther</wd>
		</ln>
		<ln lx="862" ly="1547" rx="3610" ry="1613">
			<wd l="862" t="1552" r="1263" b="1613" fs="10">(Crassulaceaç),</wd>
			<wd l="1271" t="1551" r="1558" b="1600" fs="10">Kalanchoe</wd>
			<wd l="1571" t="1551" r="1694" b="1599" fs="10">later</wd>
			<wd l="1696" t="1555" r="1779" b="1599" fs="10">itia</wd>
			<wd l="1791" t="1550" r="1929" b="1612" fs="10">Engl.</wd>
			<wd l="1947" t="1549" r="2348" b="1611" fs="10">(Crassulaceae),</wd>
			<wd l="2366" t="1551" r="2636" b="1598" fs="10">Jasmínům</wd>
			<wd l="2652" t="1552" r="2865" b="1610" fs="10">mesneyi</wd>
			<wd l="2883" t="1550" r="3051" b="1596" fs="10">Hance</wd>
			<wd l="3067" t="1547" r="3610" b="1608" fs="10">(OleacQae),Jatropha</wd>
		</ln>
		<ln lx="854" ly="1622" rx="3608" ry="1690">
			<wd l="854" t="1628" r="1135" b="1690" fs="10">podagrica</wd>
			<wd l="1161" t="1627" r="1322" b="1676" fs="10">Hook.</wd>
			<wd l="1353" t="1626" r="1804" b="1689" fs="10">(Euphorbiaceae),</wd>
			<wd l="1838" t="1626" r="2068" b="1674" fs="10">Manihot</wd>
			<wd l="2093" t="1625" r="2345" b="1674" fs="10">esculenta</wd>
			<wd l="2371" t="1625" r="2547" b="1673" fs="10">Crantz</wd>
			<wd l="2574" t="1623" r="3025" b="1686" fs="10">(Euphorbiaceae),</wd>
			<wd l="3059" t="1624" r="3123" b="1671" fs="10">M.</wd>
			<wd l="3155" t="1623" r="3405" b="1685" fs="10">grahamiì</wd>
			<wd l="3429" t="1622" r="3608" b="1680" fs="10">Hook.,</wd>
		</ln>
		<ln lx="860" ly="1697" rx="3613" ry="1765">
			<wd l="860" t="1705" r="926" b="1752" fs="10">M.</wd>
			<wd l="960" t="1703" r="1205" b="1765" fs="10">glaziovii</wd>
			<wd l="1232" t="1702" r="1552" b="1764" fs="10">Muell.Arg.,</wd>
			<wd l="1589" t="1704" r="1887" b="1750" fs="10">Persicaria</wd>
			<wd l="1917" t="1705" r="2146" b="1763" fs="10">capitata</wd>
			<wd l="2175" t="1700" r="2358" b="1762" fs="10">(Buch.</wd>
			<wd l="2366" t="1701" r="2534" b="1748" fs="10">-Ham.</wd>
			<wd l="2569" t="1715" r="2631" b="1748" fs="10">ex</wd>
			<wd l="2660" t="1699" r="2869" b="1760" fs="10">D.Don)</wd>
			<wd l="2900" t="1699" r="3130" b="1747" fs="10">H.Gross</wd>
			<wd l="3162" t="1697" r="3613" b="1760" fs="10">(Polygonaceae),</wd>
		</ln>
		<ln lx="861" ly="1772" rx="3615" ry="1840">
			<wd l="861" t="1779" r="1037" b="1828" fs="10">Sedům</wd>
			<wd l="1054" t="1778" r="1335" b="1840" fs="10">praealtum</wd>
			<wd l="1357" t="1778" r="1527" b="1826" fs="10">A.DC.</wd>
			<wd l="1555" t="1777" r="1944" b="1838" fs="10">(Crassulaceae)</wd>
			<wd l="1969" t="1776" r="2064" b="1825" fs="10">and</wd>
			<wd l="2097" t="1778" r="2318" b="1824" fs="10">Vernicia</wd>
			<wd l="2329" t="1775" r="2491" b="1837" fs="10">fordii</wd>
			<wd l="2512" t="1774" r="2744" b="1836" fs="10">(Hemsl.)</wd>
			<wd l="2768" t="1774" r="2889" b="1835" fs="10">Airy</wd>
			<wd l="2916" t="1774" r="3061" b="1823" fs="10">Shaw</wd>
			<wd l="3086" t="1772" r="3542" b="1835" fs="10">(Euphorbiaceae).</wd>
			<wd l="3568" t="1773" r="3615" b="1820" fs="10">A</wd>
		</ln>
		<ln lx="863" ly="1847" rx="3620" ry="1916">
			<wd l="863" t="1854" r="1056" b="1916" fs="10">generic</wd>
			<wd l="1075" t="1854" r="1169" b="1916" fs="10">key</wd>
			<wd l="1187" t="1860" r="1237" b="1902" fs="10">to</wd>
			<wd l="1256" t="1852" r="1550" b="1902" fs="10">naturalised</wd>
			<wd l="1568" t="1868" r="1747" b="1914" fs="10">genera</wd>
			<wd l="1765" t="1852" r="1826" b="1901" fs="10">of</wd>
			<wd l="1837" t="1851" r="2199" b="1909" fs="10">Crassulaceae,</wd>
			<wd l="2221" t="1851" r="2315" b="1900" fs="10">and</wd>
			<wd l="2335" t="1866" r="2363" b="1899" fs="10">a</wd>
			<wd l="2379" t="1850" r="2474" b="1912" fs="10">key</wd>
			<wd l="2494" t="1850" r="2588" b="1899" fs="10">and</wd>
			<wd l="2607" t="1849" r="2928" b="1911" fs="10">descriptions</wd>
			<wd l="2948" t="1849" r="3010" b="1898" fs="10">of</wd>
			<wd l="3019" t="1849" r="3100" b="1898" fs="10">the</wd>
			<wd l="3118" t="1848" r="3412" b="1897" fs="10">naturalised</wd>
			<wd l="3432" t="1847" r="3620" b="1910" fs="10">species</wd>
		</ln>
		<ln lx="864" ly="1923" rx="3618" ry="1991">
			<wd l="864" t="1929" r="926" b="1979" fs="10">of</wd>
			<wd l="931" t="1929" r="1160" b="1978" fs="10">Manihot</wd>
			<wd l="1173" t="1945" r="1251" b="1978" fs="10">are</wd>
			<wd l="1266" t="1928" r="1536" b="1991" fs="10">presented.</wd>
			<wd l="1556" t="1927" r="1896" b="1990" fs="10">Orthography</wd>
			<wd l="1914" t="1927" r="1975" b="1976" fs="10">of</wd>
			<wd l="1982" t="1927" r="2063" b="1976" fs="10">the</wd>
			<wd l="2081" t="1926" r="2250" b="1988" fs="10">family</wd>
			<wd l="2267" t="1941" r="2409" b="1975" fs="10">name</wd>
			<wd l="2425" t="1926" r="2672" b="1975" fs="10">Aloaceae</wd>
			<wd l="2690" t="1925" r="2731" b="1974" fs="10">is</wd>
			<wd l="2747" t="1924" r="3052" b="1987" fs="10">highlighted</wd>
			<wd l="3069" t="1924" r="3164" b="1973" fs="10">and</wd>
			<wd l="3179" t="1939" r="3321" b="1972" fs="10">name</wd>
			<wd l="3338" t="1924" r="3551" b="1985" fs="10">changes</wd>
			<wd l="3569" t="1923" r="3618" b="1971" fs="10">in</wd>
		</ln>
		<ln lx="859" ly="2004" rx="1348" ry="2053">
			<wd l="859" t="2005" r="984" b="2053" fs="10">Aloe</wd>
			<wd l="1003" t="2007" r="1056" b="2053" fs="10">L.</wd>
			<wd l="1080" t="2004" r="1348" b="2053" fs="10">discussed.</wd>
		</ln>
	</region>
	<region article-doi="10.2307/41729926" region-id="4">
		<rc l="858" t="2141" r="3620" b="2516"/>
		<ln lx="863" ly="2146" rx="3613" ry="2214">
			<wd l="863" t="2152" r="1152" b="2214" fs="10">Keywords:</wd>
			<wd l="1195" t="2151" r="1600" b="2213" fs="10">Graptopetalum</wd>
			<wd l="1612" t="2166" r="2005" b="2212" fs="10">paraguayense,</wd>
			<wd l="2030" t="2149" r="2321" b="2197" fs="10">Kalanchoe</wd>
			<wd l="2341" t="2149" r="2564" b="2204" fs="10">lateritia,</wd>
			<wd l="2587" t="2150" r="2859" b="2197" fs="10">Jasminum</wd>
			<wd l="2880" t="2150" r="3094" b="2208" fs="10">mesneyi</wd>
			<wd l="3094" t="2187" r="3103" b="2202" fs="10">,</wd>
			<wd l="3128" t="2146" r="3358" b="2194" fs="10">Manihot</wd>
			<wd l="3372" t="2146" r="3604" b="2208" fs="10">glaziovii</wd>
			<wd l="3604" t="2186" r="3613" b="2201" fs="10">,</wd>
		</ln>
		<ln lx="863" ly="2221" rx="3615" ry="2288">
			<wd l="863" t="2228" r="1091" b="2276" fs="10">Manihot</wd>
			<wd l="1116" t="2227" r="1376" b="2283" fs="10">esculenta,</wd>
			<wd l="1408" t="2226" r="1638" b="2275" fs="10">Manihot</wd>
			<wd l="1659" t="2226" r="1916" b="2288" fs="10">grahamii,</wd>
			<wd l="1946" t="2225" r="2191" b="2287" fs="10">Jatropha</wd>
			<wd l="2209" t="2224" r="2501" b="2287" fs="10">podagrica,</wd>
			<wd l="2533" t="2225" r="2816" b="2272" fs="10">Persicaria</wd>
			<wd l="2868" t="2226" r="3094" b="2285" fs="10">capitata,</wd>
			<wd l="3127" t="2222" r="3304" b="2271" fs="10">Sedum</wd>
			<wd l="3324" t="2221" r="3615" b="2283" fs="10">praealtum,</wd>
		</ln>
		<ln lx="872" ly="2301" rx="2197" ry="2366">
			<wd l="872" t="2305" r="1093" b="2352" fs="10">Vernicia</wd>
			<wd l="1100" t="2303" r="1269" b="2366" fs="10">fordii,</wd>
			<wd l="1292" t="2303" r="1417" b="2351" fs="10">Aloe</wd>
			<wd l="1437" t="2302" r="1694" b="2358" fs="10">maculata,</wd>
			<wd l="1721" t="2301" r="2036" b="2362" fs="10">Queensland</wd>
			<wd l="2056" t="2301" r="2197" b="2350" fs="10">Flora</wd>
		</ln>
		<ln lx="864" ly="2444" rx="3475" ry="2511">
			<wd l="864" t="2451" r="981" b="2500" fs="10">Paul</wd>
			<wd l="1001" t="2453" r="1035" b="2500" fs="10">I.</wd>
			<wd l="1057" t="2453" r="1260" b="2509" fs="10">Forster,</wd>
			<wd l="1283" t="2449" r="1597" b="2511" fs="10">Queensland</wd>
			<wd l="1616" t="2449" r="1919" b="2507" fs="10">Herbarium,</wd>
			<wd l="1940" t="2448" r="2124" b="2498" fs="10">Meiers</wd>
			<wd l="2144" t="2447" r="2299" b="2506" fs="10">Road,</wd>
			<wd l="2321" t="2446" r="2703" b="2509" fs="10">Indooroopilly,</wd>
			<wd l="2726" t="2445" r="3041" b="2507" fs="10">Queensland</wd>
			<wd l="3060" t="2446" r="3208" b="2504" fs="10">4068,</wd>
			<wd l="3229" t="2444" r="3475" b="2494" fs="10">Australia</wd>
		</ln>
	</region>
	<region article-doi="10.2307/41729926" region-id="5">
		<rc l="2309" t="2765" r="3872" b="5456"/>
		<ln lx="2315" ly="2770" rx="3855" ry="2851">
			<wd l="2315" t="2783" r="2377" b="2835" fs="10">at</wd>
			<wd l="2418" t="2774" r="2551" b="2835" fs="10">this</wd>
			<wd l="2598" t="2782" r="2806" b="2851" fs="10">stage.</wd>
			<wd l="2853" t="2773" r="3062" b="2833" fs="10">Kloot</wd>
			<wd l="3106" t="2772" r="3350" b="2849" fs="10">(1987)</wd>
			<wd l="3395" t="2770" r="3672" b="2832" fs="10">defined</wd>
			<wd l="3716" t="2770" r="3855" b="2830" fs="10">five</wd>
		</ln>
		<ln lx="2315" ly="2861" rx="3856" ry="2944">
			<wd l="2315" t="2865" r="2677" b="2944" fs="10">categories</wd>
			<wd l="2720" t="2865" r="2800" b="2925" fs="10">of</wd>
			<wd l="2829" t="2864" r="3345" b="2936" fs="10">naturalisation,</wd>
			<wd l="3389" t="2863" r="3469" b="2924" fs="10">of</wd>
			<wd l="3497" t="2862" r="3714" b="2923" fs="10">which</wd>
			<wd l="3751" t="2861" r="3856" b="2922" fs="10">the</wd>
		</ln>
		<ln lx="2316" ly="2955" rx="3855" ry="3036">
			<wd l="2316" t="2958" r="2660" b="3036" fs="10">categories</wd>
			<wd l="2703" t="2957" r="3081" b="3018" fs="10">'adventive'</wd>
			<wd l="3125" t="2956" r="3246" b="3017" fs="10">and</wd>
			<wd l="3287" t="2955" r="3712" b="3017" fs="10">'established'</wd>
			<wd l="3756" t="2974" r="3855" b="3015" fs="10">are</wd>
		</ln>
		<ln lx="2314" ly="3046" rx="3858" ry="3111">
			<wd l="2314" t="3059" r="2476" b="3111" fs="10">most</wd>
			<wd l="2503" t="3050" r="2773" b="3111" fs="10">relevant</wd>
			<wd l="2799" t="3049" r="2960" b="3110" fs="10">here.</wd>
			<wd l="3025" t="3048" r="3417" b="3109" fs="10">'Adventive'</wd>
			<wd l="3451" t="3067" r="3579" b="3108" fs="10">was</wd>
			<wd l="3610" t="3046" r="3858" b="3108" fs="10">defined</wd>
		</ln>
		<ln lx="2314" ly="3138" rx="3858" ry="3221">
			<wd l="2314" t="3142" r="2397" b="3221" fs="10">by</wd>
			<wd l="2424" t="3142" r="2615" b="3203" fs="10">Kloot</wd>
			<wd l="2643" t="3141" r="2863" b="3219" fs="10">(1987)</wd>
			<wd l="2893" t="3160" r="2958" b="3202" fs="10">as</wd>
			<wd l="2988" t="3142" r="3083" b="3200" fs="10">"A</wd>
			<wd l="3109" t="3140" r="3277" b="3219" fs="10">plant</wd>
			<wd l="3302" t="3140" r="3428" b="3201" fs="10">that</wd>
			<wd l="3455" t="3139" r="3506" b="3200" fs="10">is</wd>
			<wd l="3534" t="3138" r="3858" b="3217" fs="10">persisting</wd>
		</ln>
		<ln lx="2315" ly="3232" rx="3859" ry="3312">
			<wd l="2315" t="3236" r="2589" b="3308" fs="10">without,</wd>
			<wd l="2622" t="3255" r="2690" b="3296" fs="10">or</wd>
			<wd l="2719" t="3235" r="2782" b="3295" fs="10">in</wd>
			<wd l="2812" t="3234" r="2965" b="3312" fs="10">spite</wd>
			<wd l="2997" t="3234" r="3082" b="3307" fs="10">of,</wd>
			<wd l="3113" t="3234" r="3341" b="3294" fs="10">human</wd>
			<wd l="3370" t="3232" r="3772" b="3293" fs="10">intervention</wd>
			<wd l="3802" t="3240" r="3859" b="3292" fs="10">at</wd>
		</ln>
		<ln lx="2318" ly="3324" rx="3859" ry="3406">
			<wd l="2318" t="3348" r="2434" b="3390" fs="10">one</wd>
			<wd l="2454" t="3348" r="2522" b="3389" fs="10">or</wd>
			<wd l="2539" t="3328" r="2662" b="3389" fs="10">few</wd>
			<wd l="2681" t="3335" r="2948" b="3406" fs="10">separate</wd>
			<wd l="2967" t="3326" r="3282" b="3399" fs="10">locations,</wd>
			<wd l="3303" t="3325" r="3610" b="3404" fs="10">generally</wd>
			<wd l="3628" t="3324" r="3723" b="3386" fs="10">for</wd>
			<wd l="3741" t="3324" r="3859" b="3385" fs="10">less</wd>
		</ln>
		<ln lx="2316" ly="3416" rx="3858" ry="3497">
			<wd l="2316" t="3421" r="2466" b="3481" fs="10">then</wd>
			<wd l="2503" t="3422" r="2581" b="3481" fs="10">25</wd>
			<wd l="2622" t="3439" r="2824" b="3497" fs="10">years.</wd>
			<wd l="2867" t="3418" r="3209" b="3496" fs="10">Generally</wd>
			<wd l="3246" t="3417" r="3669" b="3495" fs="10">reproducing</wd>
			<wd l="3708" t="3416" r="3858" b="3494" fs="10">only</wd>
		</ln>
		<ln lx="2320" ly="3509" rx="3861" ry="3590">
			<wd l="2320" t="3512" r="2682" b="3590" fs="10">sparingly".</wd>
			<wd l="2728" t="3511" r="2873" b="3572" fs="10">This</wd>
			<wd l="2898" t="3519" r="3184" b="3589" fs="10">category</wd>
			<wd l="3207" t="3510" r="3258" b="3571" fs="10">is</wd>
			<wd l="3283" t="3509" r="3539" b="3571" fs="10">suitable</wd>
			<wd l="3563" t="3509" r="3658" b="3570" fs="10">for</wd>
			<wd l="3678" t="3528" r="3861" b="3586" fs="10">many</wd>
		</ln>
		<ln lx="2319" ly="3601" rx="3859" ry="3682">
			<wd l="2319" t="3605" r="2396" b="3666" fs="10">of</wd>
			<wd l="2414" t="3605" r="2514" b="3665" fs="10">the</wd>
			<wd l="2545" t="3604" r="2772" b="3682" fs="10">garden</wd>
			<wd l="2802" t="3622" r="3091" b="3681" fs="10">escapees</wd>
			<wd l="3120" t="3603" r="3246" b="3663" fs="10">that</wd>
			<wd l="3276" t="3622" r="3374" b="3663" fs="10">are</wd>
			<wd l="3405" t="3601" r="3599" b="3663" fs="10">found</wd>
			<wd l="3626" t="3620" r="3770" b="3662" fs="10">near</wd>
			<wd l="3797" t="3609" r="3859" b="3662" fs="10">to</wd>
		</ln>
		<ln lx="2317" ly="3693" rx="3861" ry="3771">
			<wd l="2317" t="3697" r="2668" b="3757" fs="10">habitation.</wd>
			<wd l="2698" t="3695" r="3127" b="3756" fs="10">'Established'</wd>
			<wd l="3152" t="3714" r="3280" b="3755" fs="10">was</wd>
			<wd l="3303" t="3693" r="3552" b="3755" fs="10">defined</wd>
			<wd l="3570" t="3693" r="3653" b="3771" fs="10">by</wd>
			<wd l="3672" t="3693" r="3861" b="3754" fs="10">Kloot</wd>
		</ln>
		<ln lx="2320" ly="3785" rx="3862" ry="3866">
			<wd l="2320" t="3789" r="2540" b="3866" fs="10">(1987)</wd>
			<wd l="2568" t="3809" r="2633" b="3850" fs="10">as</wd>
			<wd l="2660" t="3788" r="2898" b="3849" fs="10">"where</wd>
			<wd l="2926" t="3807" r="3003" b="3849" fs="10">an</wd>
			<wd l="3029" t="3788" r="3189" b="3849" fs="10">alien</wd>
			<wd l="3212" t="3787" r="3380" b="3865" fs="10">plant</wd>
			<wd l="3405" t="3787" r="3456" b="3847" fs="10">is</wd>
			<wd l="3481" t="3785" r="3862" b="3864" fs="10">widespread</wd>
		</ln>
		<ln lx="2320" ly="3878" rx="3862" ry="3958">
			<wd l="2320" t="3901" r="2468" b="3942" fs="10">over</wd>
			<wd l="2490" t="3881" r="2653" b="3958" fs="10">large</wd>
			<wd l="2675" t="3889" r="2854" b="3958" fs="10">parts.</wd>
			<wd l="2865" t="3899" r="2972" b="3940" fs="10">..or</wd>
			<wd l="2994" t="3879" r="3218" b="3957" fs="10">locally</wd>
			<wd l="3242" t="3878" r="3547" b="3939" fs="10">abundant</wd>
			<wd l="3569" t="3878" r="3632" b="3938" fs="10">in</wd>
			<wd l="3655" t="3897" r="3771" b="3938" fs="10">one</wd>
			<wd l="3795" t="3897" r="3862" b="3938" fs="10">or</wd>
		</ln>
		<ln lx="2318" ly="3969" rx="3862" ry="4050">
			<wd l="2318" t="3992" r="2499" b="4033" fs="10">more</wd>
			<wd l="2540" t="3972" r="2830" b="4050" fs="10">regions,</wd>
			<wd l="2876" t="3971" r="3002" b="4032" fs="10">and</wd>
			<wd l="3043" t="3970" r="3382" b="4049" fs="10">generally</wd>
			<wd l="3422" t="3969" r="3862" b="4048" fs="10">reproducing</wd>
		</ln>
		<ln lx="2321" ly="4065" rx="2568" ry="4143">
			<wd l="2321" t="4065" r="2568" b="4143" fs="10">freely".</wd>
		</ln>
		<ln lx="2510" ly="4227" rx="3860" ry="4307">
			<wd l="2510" t="4232" r="2666" b="4290" fs="10">Four</wd>
			<wd l="2682" t="4229" r="2759" b="4290" fs="10">of</wd>
			<wd l="2763" t="4229" r="2862" b="4290" fs="10">the</wd>
			<wd l="2882" t="4228" r="3113" b="4307" fs="10">species</wd>
			<wd l="3133" t="4227" r="3532" b="4289" fs="10">documented</wd>
			<wd l="3547" t="4227" r="3748" b="4288" fs="10">below</wd>
			<wd l="3764" t="4246" r="3860" b="4287" fs="10">are</wd>
		</ln>
		<ln lx="2323" ly="4319" rx="3862" ry="4382">
			<wd l="2323" t="4322" r="2667" b="4382" fs="10">succulents</wd>
			<wd l="2692" t="4320" r="3024" b="4381" fs="10">additional</wd>
			<wd l="3046" t="4328" r="3109" b="4380" fs="10">to</wd>
			<wd l="3131" t="4320" r="3307" b="4380" fs="10">those</wd>
			<wd l="3332" t="4319" r="3510" b="4379" fs="10">listed</wd>
			<wd l="3533" t="4319" r="3862" b="4379" fs="10">elsewhere</wd>
		</ln>
		<ln lx="2322" ly="4409" rx="3860" ry="4488">
			<wd l="2322" t="4413" r="2607" b="4488" fs="10">(Forster</wd>
			<wd l="2655" t="4411" r="2921" b="4487" fs="10">1996b);</wd>
			<wd l="2963" t="4411" r="3145" b="4471" fs="10">these</wd>
			<wd l="3187" t="4429" r="3291" b="4470" fs="10">are</wd>
			<wd l="3331" t="4410" r="3544" b="4487" fs="10">plants</wd>
			<wd l="3584" t="4409" r="3718" b="4469" fs="10">that</wd>
			<wd l="3757" t="4428" r="3860" b="4469" fs="10">are</wd>
		</ln>
		<ln lx="2322" ly="4501" rx="3866" ry="4581">
			<wd l="2322" t="4503" r="2660" b="4580" fs="10">invariably</wd>
			<wd l="2678" t="4502" r="2898" b="4581" fs="10">poorly</wd>
			<wd l="2915" t="4502" r="3304" b="4580" fs="10">represented</wd>
			<wd l="3323" t="4502" r="3386" b="4561" fs="10">in</wd>
			<wd l="3404" t="4501" r="3504" b="4562" fs="10">the</wd>
			<wd l="3523" t="4501" r="3866" b="4562" fs="10">herbarium</wd>
		</ln>
		<ln lx="2321" ly="4592" rx="3865" ry="4670">
			<wd l="2321" t="4595" r="2562" b="4655" fs="10">record</wd>
			<wd l="2609" t="4594" r="2737" b="4654" fs="10">due</wd>
			<wd l="2784" t="4602" r="2852" b="4654" fs="10">to</wd>
			<wd l="2902" t="4593" r="3258" b="4670" fs="10">difficulty</wd>
			<wd l="3305" t="4592" r="3469" b="4653" fs="10">with</wd>
			<wd l="3517" t="4592" r="3865" b="4670" fs="10">specimen</wd>
		</ln>
		<ln lx="2321" ly="4684" rx="3863" ry="4763">
			<wd l="2321" t="4686" r="2720" b="4763" fs="10">preparation.</wd>
			<wd l="2744" t="4688" r="2812" b="4745" fs="10">In</wd>
			<wd l="2833" t="4685" r="3106" b="4745" fs="10">addition</wd>
			<wd l="3126" t="4684" r="3384" b="4761" fs="10">original</wd>
			<wd l="3404" t="4684" r="3554" b="4761" fs="10">keys</wd>
			<wd l="3577" t="4684" r="3673" b="4744" fs="10">for</wd>
			<wd l="3694" t="4703" r="3863" b="4744" fs="10">some</wd>
		</ln>
		<ln lx="2321" ly="4775" rx="3864" ry="4854">
			<wd l="2321" t="4787" r="2460" b="4838" fs="10">taxa</wd>
			<wd l="2477" t="4797" r="2574" b="4838" fs="10">are</wd>
			<wd l="2592" t="4777" r="2775" b="4854" fs="10">given</wd>
			<wd l="2790" t="4785" r="2852" b="4837" fs="10">to</wd>
			<wd l="2872" t="4776" r="3085" b="4836" fs="10">enable</wd>
			<wd l="3104" t="4776" r="3542" b="4836" fs="10">identification</wd>
			<wd l="3559" t="4775" r="3677" b="4835" fs="10">and</wd>
			<wd l="3695" t="4794" r="3864" b="4835" fs="10">some</wd>
		</ln>
		<ln lx="2321" ly="4866" rx="3865" ry="4944">
			<wd l="2321" t="4868" r="2791" b="4929" fs="10">nomenclatural</wd>
			<wd l="2807" t="4876" r="3047" b="4928" fs="10">matters</wd>
			<wd l="3066" t="4887" r="3163" b="4928" fs="10">are</wd>
			<wd l="3182" t="4866" r="3496" b="4927" fs="10">discussed</wd>
			<wd l="3511" t="4866" r="3634" b="4927" fs="10">that</wd>
			<wd l="3648" t="4866" r="3865" b="4944" fs="10">update</wd>
		</ln>
		<ln lx="2322" ly="4958" rx="3826" ry="5038">
			<wd l="2322" t="4960" r="2609" b="5038" fs="10">previous</wd>
			<wd l="2635" t="4968" r="2924" b="5020" fs="10">accounts</wd>
			<wd l="2950" t="4959" r="3013" b="5018" fs="10">in</wd>
			<wd l="3034" t="4959" r="3135" b="5019" fs="10">the</wd>
			<wd l="3166" t="4959" r="3365" b="5019" fs="10">'Flora</wd>
			<wd l="3388" t="4958" r="3465" b="5019" fs="10">of</wd>
			<wd l="3477" t="4958" r="3826" b="5018" fs="10">Australia'.</wd>
		</ln>
		<ln lx="2323" ly="5123" rx="3154" ry="5182">
			<wd l="2323" t="5124" r="2664" b="5182" fs="10">Materials</wd>
			<wd l="2691" t="5124" r="2820" b="5182" fs="10">and</wd>
			<wd l="2844" t="5123" r="3154" b="5181" fs="10">Methods</wd>
		</ln>
		<ln lx="2325" ly="5283" rx="3867" ry="5361">
			<wd l="2325" t="5287" r="2498" b="5345" fs="10">Taxa</wd>
			<wd l="2535" t="5284" r="2871" b="5345" fs="10">discussed</wd>
			<wd l="2909" t="5284" r="2974" b="5343" fs="10">in</wd>
			<wd l="3010" t="5283" r="3135" b="5344" fs="10">this</wd>
			<wd l="3174" t="5303" r="3369" b="5361" fs="10">paper</wd>
			<wd l="3407" t="5302" r="3509" b="5343" fs="10">are</wd>
			<wd l="3547" t="5283" r="3745" b="5343" fs="10">based</wd>
			<wd l="3783" t="5302" r="3867" b="5343" fs="10">on</wd>
		</ln>
		<ln lx="2326" ly="5375" rx="3863" ry="5451">
			<wd l="2326" t="5377" r="2674" b="5437" fs="10">collections</wd>
			<wd l="2693" t="5376" r="2755" b="5436" fs="10">in</wd>
			<wd l="2769" t="5376" r="2868" b="5436" fs="10">the</wd>
			<wd l="2887" t="5375" r="3273" b="5451" fs="10">Queensland</wd>
			<wd l="3288" t="5375" r="3642" b="5436" fs="10">Herbarium</wd>
			<wd l="3659" t="5375" r="3863" b="5451" fs="10">(BRI).</wd>
		</ln>
	</region>
	<region article-doi="10.2307/41729926" region-id="6">
		<rc l="626" t="2752" r="2190" b="5183"/>
		<ln lx="633" ly="2757" rx="1077" ry="2817">
			<wd l="633" t="2757" r="1077" b="2817" fs="10">Introduction</wd>
		</ln>
		<ln lx="633" ly="2916" rx="2173" ry="2994">
			<wd l="633" t="2920" r="758" b="2981" fs="10">The</wd>
			<wd l="781" t="2919" r="937" b="2980" fs="10">flora</wd>
			<wd l="956" t="2919" r="1033" b="2980" fs="10">of</wd>
			<wd l="1044" t="2918" r="1438" b="2994" fs="10">Queensland</wd>
			<wd l="1459" t="2917" r="1776" b="2979" fs="10">continues</wd>
			<wd l="1797" t="2925" r="1860" b="2977" fs="10">to</wd>
			<wd l="1883" t="2916" r="2173" b="2989" fs="10">increase,</wd>
		</ln>
		<ln lx="631" ly="3008" rx="2174" ry="3088">
			<wd l="631" t="3020" r="745" b="3072" fs="10">not</wd>
			<wd l="787" t="3011" r="943" b="3088" fs="10">only</wd>
			<wd l="986" t="3011" r="1157" b="3071" fs="10">from</wd>
			<wd l="1196" t="3010" r="1304" b="3070" fs="10">the</wd>
			<wd l="1346" t="3010" r="1622" b="3070" fs="10">number</wd>
			<wd l="1664" t="3009" r="1744" b="3069" fs="10">of</wd>
			<wd l="1775" t="3008" r="2174" b="3085" fs="10">recognised</wd>
		</ln>
		<ln lx="634" ly="3100" rx="2175" ry="3181">
			<wd l="634" t="3104" r="996" b="3181" fs="10">indigenous</wd>
			<wd l="1020" t="3103" r="1193" b="3175" fs="10">flora,</wd>
			<wd l="1218" t="3102" r="1324" b="3163" fs="10">but</wd>
			<wd l="1347" t="3102" r="1507" b="3163" fs="10">from</wd>
			<wd l="1530" t="3121" r="1607" b="3162" fs="10">an</wd>
			<wd l="1629" t="3121" r="1772" b="3162" fs="10">ever</wd>
			<wd l="1792" t="3100" r="2175" b="3178" fs="10">burgeoning</wd>
		</ln>
		<ln lx="632" ly="3192" rx="2174" ry="3275">
			<wd l="632" t="3216" r="820" b="3275" fs="10">range</wd>
			<wd l="858" t="3195" r="936" b="3257" fs="10">of</wd>
			<wd l="963" t="3195" r="1202" b="3257" fs="10">exotics</wd>
			<wd l="1239" t="3195" r="1368" b="3256" fs="10">that</wd>
			<wd l="1402" t="3214" r="1546" b="3273" fs="10">may</wd>
			<wd l="1581" t="3194" r="1660" b="3255" fs="10">be</wd>
			<wd l="1699" t="3192" r="2071" b="3255" fs="10">considered</wd>
			<wd l="2108" t="3212" r="2174" b="3254" fs="10">as</wd>
		</ln>
		<ln lx="632" ly="3285" rx="2175" ry="3364">
			<wd l="632" t="3288" r="1017" b="3350" fs="10">naturalised.</wd>
			<wd l="1055" t="3290" r="1199" b="3349" fs="10">Few</wd>
			<wd l="1234" t="3287" r="1311" b="3348" fs="10">of</wd>
			<wd l="1334" t="3287" r="1505" b="3348" fs="10">these</wd>
			<wd l="1546" t="3286" r="1752" b="3347" fs="10">'alien'</wd>
			<wd l="1792" t="3286" r="1992" b="3364" fs="10">plants</wd>
			<wd l="2029" t="3285" r="2175" b="3362" fs="10">(viz.</wd>
		</ln>
		<ln lx="634" ly="3378" rx="2177" ry="3459">
			<wd l="634" t="3382" r="907" b="3443" fs="10">Johnson</wd>
			<wd l="949" t="3381" r="1134" b="3458" fs="10">1995)</wd>
			<wd l="1168" t="3400" r="1320" b="3459" fs="10">pose</wd>
			<wd l="1354" t="3380" r="1540" b="3441" fs="10">much</wd>
			<wd l="1572" t="3380" r="1764" b="3440" fs="10">threat</wd>
			<wd l="1798" t="3379" r="1861" b="3439" fs="10">in</wd>
			<wd l="1893" t="3379" r="1993" b="3439" fs="10">the</wd>
			<wd l="2030" t="3378" r="2177" b="3456" fs="10">long</wd>
		</ln>
		<ln lx="633" ly="3470" rx="2177" ry="3550">
			<wd l="633" t="3483" r="784" b="3535" fs="10">term</wd>
			<wd l="816" t="3493" r="884" b="3534" fs="10">or</wd>
			<wd l="913" t="3474" r="1070" b="3534" fs="10">have</wd>
			<wd l="1101" t="3473" r="1201" b="3533" fs="10">the</wd>
			<wd l="1232" t="3472" r="1524" b="3550" fs="10">potential</wd>
			<wd l="1555" t="3480" r="1618" b="3532" fs="10">to</wd>
			<wd l="1650" t="3472" r="1909" b="3532" fs="10">become</wd>
			<wd l="1944" t="3470" r="2177" b="3531" fs="10">serious</wd>
		</ln>
		<ln lx="634" ly="3563" rx="2174" ry="3640">
			<wd l="634" t="3565" r="845" b="3626" fs="10">weeds</wd>
			<wd l="884" t="3565" r="948" b="3625" fs="10">in</wd>
			<wd l="983" t="3564" r="1222" b="3625" fs="10">natural</wd>
			<wd l="1261" t="3583" r="1330" b="3624" fs="10">or</wd>
			<wd l="1364" t="3563" r="1726" b="3624" fs="10">man-made</wd>
			<wd l="1764" t="3570" r="2174" b="3640" fs="10">ecosystems.</wd>
		</ln>
		<ln lx="633" ly="3654" rx="2179" ry="3730">
			<wd l="633" t="3657" r="1146" b="3730" fs="10">Nevertheless,</wd>
			<wd l="1224" t="3656" r="1783" b="3717" fs="10">documentation</wd>
			<wd l="1858" t="3655" r="1941" b="3716" fs="10">of</wd>
			<wd l="2004" t="3654" r="2179" b="3715" fs="10">their</wd>
		</ln>
		<ln lx="634" ly="3748" rx="2175" ry="3827">
			<wd l="634" t="3750" r="1157" b="3811" fs="10">naturalisation</wd>
			<wd l="1232" t="3748" r="1544" b="3827" fs="10">together</wd>
			<wd l="1620" t="3748" r="1785" b="3808" fs="10">with</wd>
			<wd l="1863" t="3755" r="2175" b="3808" fs="10">accurate</wd>
		</ln>
		<ln lx="637" ly="3839" rx="2180" ry="3917">
			<wd l="637" t="3842" r="1079" b="3902" fs="10">identification</wd>
			<wd l="1095" t="3841" r="1357" b="3901" fs="10">remains</wd>
			<wd l="1378" t="3860" r="1455" b="3901" fs="10">an</wd>
			<wd l="1473" t="3840" r="1797" b="3917" fs="10">important</wd>
			<wd l="1813" t="3839" r="2064" b="3916" fs="10">priority</wd>
			<wd l="2084" t="3839" r="2180" b="3899" fs="10">for</wd>
		</ln>
		<ln lx="638" ly="3930" rx="2179" ry="4011">
			<wd l="638" t="3934" r="968" b="4011" fs="10">long-term</wd>
			<wd l="1002" t="3940" r="1435" b="4010" fs="10">management</wd>
			<wd l="1470" t="3951" r="1536" b="3992" fs="10">as</wd>
			<wd l="1575" t="3951" r="1748" b="3992" fs="10">some</wd>
			<wd l="1783" t="3931" r="1985" b="4009" fs="10">plants</wd>
			<wd l="2020" t="3930" r="2179" b="3991" fs="10">have</wd>
		</ln>
		<ln lx="636" ly="4023" rx="2182" ry="4087">
			<wd l="636" t="4026" r="796" b="4087" fs="10">been</wd>
			<wd l="831" t="4026" r="1063" b="4086" fs="10">known</wd>
			<wd l="1097" t="4033" r="1160" b="4086" fs="10">to</wd>
			<wd l="1197" t="4025" r="1460" b="4085" fs="10">become</wd>
			<wd l="1500" t="4024" r="1739" b="4085" fs="10">serious</wd>
			<wd l="1775" t="4023" r="1987" b="4084" fs="10">weeds</wd>
			<wd l="2026" t="4023" r="2182" b="4083" fs="10">after</wd>
		</ln>
		<ln lx="636" ly="4115" rx="1945" ry="4195">
			<wd l="636" t="4138" r="819" b="4195" fs="10">many</wd>
			<wd l="841" t="4137" r="1015" b="4195" fs="10">years</wd>
			<wd l="1042" t="4117" r="1119" b="4178" fs="10">of</wd>
			<wd l="1134" t="4116" r="1447" b="4177" fs="10">low-level</wd>
			<wd l="1471" t="4115" r="1945" b="4177" fs="10">naturalisation.</wd>
		</ln>
		<ln lx="826" ly="4279" rx="2179" ry="4343">
			<wd l="826" t="4282" r="1052" b="4343" fs="10">Plants</wd>
			<wd l="1131" t="4281" r="1540" b="4342" fs="10">considered</wd>
			<wd l="1613" t="4279" r="2035" b="4341" fs="10">naturalised</wd>
			<wd l="2111" t="4279" r="2179" b="4339" fs="10">in</wd>
		</ln>
		<ln lx="640" ly="4371" rx="2183" ry="4448">
			<wd l="640" t="4374" r="1069" b="4448" fs="10">Queensland</wd>
			<wd l="1109" t="4374" r="1278" b="4432" fs="10">have</wd>
			<wd l="1320" t="4373" r="1618" b="4448" fs="10">recently</wd>
			<wd l="1659" t="4372" r="1831" b="4431" fs="10">been</wd>
			<wd l="1874" t="4371" r="2073" b="4430" fs="10">listed</wd>
			<wd l="2116" t="4371" r="2183" b="4429" fs="10">in</wd>
		</ln>
		<ln lx="638" ly="4461" rx="2183" ry="4540">
			<wd l="638" t="4464" r="1021" b="4525" fs="10">Henderson</wd>
			<wd l="1060" t="4464" r="1316" b="4539" fs="10">(1997),</wd>
			<wd l="1357" t="4462" r="1669" b="4540" fs="10">updating</wd>
			<wd l="1707" t="4462" r="1813" b="4522" fs="10">the</wd>
			<wd l="1855" t="4461" r="2078" b="4538" fs="10">listing</wd>
			<wd l="2118" t="4461" r="2183" b="4520" fs="10">in</wd>
		</ln>
		<ln lx="638" ly="4553" rx="2180" ry="4630">
			<wd l="638" t="4556" r="999" b="4616" fs="10">Henderson</wd>
			<wd l="1018" t="4556" r="1042" b="4630" fs="10">(</wd>
			<wd l="1054" t="4557" r="1076" b="4614" fs="10">1</wd>
			<wd l="1089" t="4555" r="1238" b="4630" fs="10">994)</wd>
			<wd l="1259" t="4554" r="1378" b="4614" fs="10">and</wd>
			<wd l="1396" t="4554" r="1459" b="4613" fs="10">in</wd>
			<wd l="1478" t="4573" r="1514" b="4614" fs="10">a</wd>
			<wd l="1529" t="4554" r="1786" b="4614" fs="10">number</wd>
			<wd l="1805" t="4553" r="1882" b="4613" fs="10">of</wd>
			<wd l="1891" t="4561" r="2180" b="4613" fs="10">accounts</wd>
		</ln>
		<ln lx="640" ly="4645" rx="2184" ry="4722">
			<wd l="640" t="4648" r="707" b="4707" fs="10">in</wd>
			<wd l="753" t="4647" r="863" b="4707" fs="10">the</wd>
			<wd l="918" t="4646" r="1143" b="4706" fs="10">'Flora</wd>
			<wd l="1190" t="4646" r="1272" b="4706" fs="10">of</wd>
			<wd l="1309" t="4645" r="1713" b="4706" fs="10">Australia'.</wd>
			<wd l="1766" t="4645" r="1927" b="4705" fs="10">This</wd>
			<wd l="1975" t="4663" r="2184" b="4722" fs="10">paper</wd>
		</ln>
		<ln lx="641" ly="4735" rx="2185" ry="4798">
			<wd l="641" t="4739" r="997" b="4798" fs="10">documents</wd>
			<wd l="1016" t="4738" r="1159" b="4797" fs="10">nine</wd>
			<wd l="1177" t="4746" r="1318" b="4797" fs="10">taxa</wd>
			<wd l="1336" t="4737" r="1496" b="4797" fs="10">from</wd>
			<wd l="1515" t="4736" r="1754" b="4796" fs="10">diverse</wd>
			<wd l="1775" t="4735" r="2040" b="4796" fs="10">families</wd>
			<wd l="2059" t="4735" r="2185" b="4795" fs="10">that</wd>
		</ln>
		<ln lx="641" ly="4826" rx="2185" ry="4901">
			<wd l="641" t="4849" r="753" b="4889" fs="10">can</wd>
			<wd l="769" t="4829" r="846" b="4889" fs="10">be</wd>
			<wd l="866" t="4828" r="1225" b="4889" fs="10">considered</wd>
			<wd l="1243" t="4847" r="1308" b="4888" fs="10">as</wd>
			<wd l="1326" t="4827" r="1692" b="4888" fs="10">naturalised</wd>
			<wd l="1710" t="4827" r="1773" b="4886" fs="10">in</wd>
			<wd l="1791" t="4826" r="2185" b="4901" fs="10">Queensland</wd>
		</ln>
		<ln lx="639" ly="4918" rx="2181" ry="4998">
			<wd l="639" t="4921" r="786" b="4981" fs="10">with</wd>
			<wd l="802" t="4921" r="967" b="4981" fs="10">three</wd>
			<wd l="985" t="4920" r="1399" b="4998" fs="10">representing</wd>
			<wd l="1419" t="4919" r="1750" b="4980" fs="10">additional</wd>
			<wd l="1768" t="4927" r="1909" b="4979" fs="10">taxa</wd>
			<wd l="1924" t="4926" r="1987" b="4979" fs="10">to</wd>
			<wd l="2005" t="4918" r="2181" b="4979" fs="10">those</wd>
		</ln>
		<ln lx="642" ly="5009" rx="2184" ry="5087">
			<wd l="642" t="5012" r="818" b="5072" fs="10">listed</wd>
			<wd l="846" t="5012" r="909" b="5071" fs="10">in</wd>
			<wd l="936" t="5011" r="1299" b="5072" fs="10">Henderson</wd>
			<wd l="1327" t="5011" r="1566" b="5087" fs="10">(1997).</wd>
			<wd l="1595" t="5010" r="1824" b="5087" fs="10">Nearly</wd>
			<wd l="1853" t="5010" r="1932" b="5070" fs="10">all</wd>
			<wd l="1963" t="5009" r="2184" b="5070" fs="10">should</wd>
		</ln>
		<ln lx="641" ly="5101" rx="2182" ry="5178">
			<wd l="641" t="5104" r="717" b="5164" fs="10">be</wd>
			<wd l="746" t="5103" r="1006" b="5164" fs="10">labelled</wd>
			<wd l="1033" t="5122" r="1098" b="5163" fs="10">as</wd>
			<wd l="1131" t="5102" r="1499" b="5163" fs="10">'adventive'</wd>
			<wd l="1534" t="5102" r="1747" b="5178" fs="10">(sensu</wd>
			<wd l="1772" t="5101" r="1963" b="5161" fs="10">Kloot</wd>
			<wd l="1997" t="5101" r="2182" b="5176" fs="10">1987)</wd>
		</ln>
	</region>
	<region article-doi="10.2307/41729926" region-id="7">
		<rc l="639" t="5417" r="1777" b="5563"/>
		<ln lx="644" ly="5422" rx="1646" ry="5484">
			<wd l="644" t="5422" r="892" b="5484" fs="10">Accepted</wd>
			<wd l="912" t="5422" r="987" b="5471" fs="10">for</wd>
			<wd l="1004" t="5422" r="1306" b="5483" fs="10">publication</wd>
			<wd l="1326" t="5422" r="1355" b="5469" fs="10">9</wd>
			<wd l="1375" t="5423" r="1495" b="5482" fs="10">May</wd>
			<wd l="1522" t="5422" r="1646" b="5469" fs="10">1997</wd>
		</ln>
		<ln lx="648" ly="5496" rx="1772" ry="5558">
			<wd l="648" t="5497" r="672" b="5526" fs="10">*</wd>
			<wd l="694" t="5499" r="800" b="5546" fs="10">Part</wd>
			<wd l="818" t="5497" r="863" b="5546" fs="10">2:</wd>
			<wd l="884" t="5496" r="1259" b="5558" fs="10">Austrobaileya</wd>
			<wd l="1278" t="5496" r="1559" b="5545" fs="10">3:761-763</wd>
			<wd l="1583" t="5496" r="1772" b="5557" fs="10">(1992).</wd>
		</ln>
	</region>
</ocr-page>
