<?xml version="1.0" encoding="UTF-8"?>
<ocr-page type="coords" ocr-vers="1.0" creation-date="20130321" res="600" height="6300" width="4500">
	<region article-doi="10.2307/41729917" region-id="0">
		<rc l="631" t="725" r="3853" b="800"/>
		<ln lx="636" ly="730" rx="3848" ry="795">
			<wd l="636" t="738" r="837" b="793" fs="10">Forster,</wd>
			<wd l="858" t="736" r="1030" b="784" fs="10">Liddle</wd>
			<wd l="1051" t="736" r="1099" b="783" fs="10"><![CDATA[&]]></wd>
			<wd l="1119" t="735" r="1307" b="792" fs="10">Liddle,</wd>
			<wd l="1327" t="735" r="1602" b="795" fs="10">Madangia</wd>
			<wd l="1624" t="734" r="1795" b="795" fs="10">inflata</wd>
			<wd l="3790" t="730" r="3848" b="775" fs="10">55</wd>
		</ln>
	</region>
	<region article-doi="10.2307/41729917" region-id="1">
		<rc l="621" t="868" r="2200" b="5530"/>
		<ln lx="626" ly="873" rx="2166" ry="952">
			<wd l="626" t="876" r="773" b="935" fs="10">with</wd>
			<wd l="801" t="875" r="1094" b="935" fs="10">scattered</wd>
			<wd l="1119" t="883" r="1182" b="935" fs="10">to</wd>
			<wd l="1213" t="894" r="1418" b="952" fs="10">sparse</wd>
			<wd l="1444" t="874" r="1791" b="934" fs="10">trichomes.</wd>
			<wd l="1821" t="873" r="2166" b="950" fs="10">Flowering</wd>
		</ln>
		<ln lx="626" ly="965" rx="2163" ry="1045">
			<wd l="626" t="967" r="957" b="1045" fs="10">peduncles</wd>
			<wd l="981" t="968" r="1142" b="1027" fs="10">8-22</wd>
			<wd l="1163" t="986" r="1291" b="1026" fs="10">mm</wd>
			<wd l="1313" t="966" r="1477" b="1043" fs="10">long,</wd>
			<wd l="1509" t="967" r="1685" b="1026" fs="10">1.5-2</wd>
			<wd l="1706" t="985" r="1835" b="1025" fs="10">mm</wd>
			<wd l="1856" t="965" r="2163" b="1036" fs="10">diameter,</wd>
		</ln>
		<ln lx="628" ly="1056" rx="2162" ry="1135">
			<wd l="628" t="1059" r="774" b="1119" fs="10">with</wd>
			<wd l="796" t="1058" r="1088" b="1120" fs="10">scattered</wd>
			<wd l="1106" t="1058" r="1453" b="1130" fs="10">trichomes,</wd>
			<wd l="1476" t="1057" r="1624" b="1118" fs="10">with</wd>
			<wd l="1643" t="1077" r="1725" b="1135" fs="10">up</wd>
			<wd l="1746" t="1065" r="1809" b="1118" fs="10">to</wd>
			<wd l="1832" t="1058" r="1869" b="1117" fs="10">9</wd>
			<wd l="1893" t="1056" r="2162" b="1129" fs="10">flowers;</wd>
		</ln>
		<ln lx="628" ly="1148" rx="2163" ry="1225">
			<wd l="628" t="1150" r="845" b="1211" fs="10">bracts</wd>
			<wd l="889" t="1157" r="1443" b="1221" fs="10">ovate-truncate,</wd>
			<wd l="1490" t="1150" r="1759" b="1209" fs="10">0.4-0.5</wd>
			<wd l="1806" t="1167" r="1938" b="1208" fs="10">mm</wd>
			<wd l="1982" t="1148" r="2163" b="1225" fs="10">long,</wd>
		</ln>
		<ln lx="631" ly="1239" rx="2166" ry="1319">
			<wd l="631" t="1243" r="881" b="1303" fs="10">0.5-0.8</wd>
			<wd l="920" t="1261" r="1048" b="1302" fs="10">mm</wd>
			<wd l="1083" t="1241" r="1267" b="1314" fs="10">wide,</wd>
			<wd l="1308" t="1241" r="1587" b="1319" fs="10">sparsely</wd>
			<wd l="1624" t="1240" r="1851" b="1301" fs="10">ciliate.</wd>
			<wd l="1890" t="1239" r="2166" b="1300" fs="10">Flowers</wd>
		</ln>
		<ln lx="639" ly="1331" rx="2166" ry="1412">
			<wd l="639" t="1336" r="835" b="1395" fs="10">12-14</wd>
			<wd l="855" t="1353" r="982" b="1394" fs="10">mm</wd>
			<wd l="1002" t="1334" r="1166" b="1412" fs="10">long,</wd>
			<wd l="1197" t="1335" r="1393" b="1395" fs="10">17-18</wd>
			<wd l="1415" t="1352" r="1543" b="1393" fs="10">mm</wd>
			<wd l="1563" t="1333" r="1872" b="1405" fs="10">diameter;</wd>
			<wd l="1894" t="1331" r="2166" b="1410" fs="10">pedicels</wd>
		</ln>
		<ln lx="632" ly="1424" rx="2165" ry="1503">
			<wd l="632" t="1428" r="852" b="1487" fs="10">32-45</wd>
			<wd l="901" t="1446" r="1033" b="1486" fs="10">mm</wd>
			<wd l="1079" t="1426" r="1264" b="1503" fs="10">long,</wd>
			<wd l="1320" t="1427" r="1588" b="1486" fs="10">1.4-1.5</wd>
			<wd l="1637" t="1444" r="1770" b="1484" fs="10">mm</wd>
			<wd l="1816" t="1424" r="2165" b="1496" fs="10">diameter,</wd>
		</ln>
		<ln lx="632" ly="1515" rx="2170" ry="1596">
			<wd l="632" t="1518" r="932" b="1596" fs="10">glabrous.</wd>
			<wd l="965" t="1518" r="1177" b="1595" fs="10">Sepals</wd>
			<wd l="1202" t="1517" r="1546" b="1594" fs="10">triangular,</wd>
			<wd l="1576" t="1536" r="1627" b="1577" fs="10">c.</wd>
			<wd l="1666" t="1518" r="1688" b="1576" fs="10">1</wd>
			<wd l="1722" t="1535" r="1850" b="1575" fs="10">mm</wd>
			<wd l="1878" t="1516" r="2024" b="1593" fs="10">long</wd>
			<wd l="2051" t="1515" r="2170" b="1575" fs="10">and</wd>
		</ln>
		<ln lx="632" ly="1607" rx="2169" ry="1686">
			<wd l="632" t="1611" r="669" b="1669" fs="10">2</wd>
			<wd l="689" t="1629" r="815" b="1669" fs="10">mm</wd>
			<wd l="833" t="1610" r="1012" b="1681" fs="10">wide,</wd>
			<wd l="1034" t="1610" r="1338" b="1686" fs="10">glabrous.</wd>
			<wd l="1362" t="1608" r="1612" b="1668" fs="10">Corolla</wd>
			<wd l="1638" t="1609" r="1832" b="1667" fs="10">12-13</wd>
			<wd l="1856" t="1627" r="1984" b="1666" fs="10">mm</wd>
			<wd l="2004" t="1607" r="2169" b="1684" fs="10">long,</wd>
		</ln>
		<ln lx="640" ly="1698" rx="2170" ry="1771">
			<wd l="640" t="1701" r="835" b="1760" fs="10">17-18</wd>
			<wd l="872" t="1719" r="999" b="1759" fs="10">mm</wd>
			<wd l="1034" t="1700" r="1343" b="1771" fs="10">diameter,</wd>
			<wd l="1379" t="1699" r="1585" b="1771" fs="10">white;</wd>
			<wd l="1620" t="1698" r="1764" b="1759" fs="10">tube</wd>
			<wd l="1808" t="1699" r="2007" b="1757" fs="10">12-14</wd>
			<wd l="2042" t="1717" r="2170" b="1757" fs="10">mm</wd>
		</ln>
		<ln lx="634" ly="1788" rx="2170" ry="1867">
			<wd l="634" t="1792" r="807" b="1867" fs="10">long,</wd>
			<wd l="857" t="1792" r="1063" b="1851" fs="10">17-18</wd>
			<wd l="1104" t="1809" r="1236" b="1850" fs="10">mm</wd>
			<wd l="1276" t="1790" r="1604" b="1861" fs="10">diameter,</wd>
			<wd l="1647" t="1789" r="1974" b="1866" fs="10">glabrous,</wd>
			<wd l="2015" t="1788" r="2170" b="1848" fs="10">base</wd>
		</ln>
		<ln lx="631" ly="1879" rx="2172" ry="1959">
			<wd l="631" t="1882" r="957" b="1959" fs="10">protuding</wd>
			<wd l="991" t="1881" r="1177" b="1942" fs="10">down</wd>
			<wd l="1209" t="1881" r="1415" b="1941" fs="10">below</wd>
			<wd l="1450" t="1880" r="1651" b="1958" fs="10">sepals</wd>
			<wd l="1687" t="1880" r="1807" b="1940" fs="10">and</wd>
			<wd l="1841" t="1879" r="2172" b="1956" fs="10">obscuring</wd>
		</ln>
		<ln lx="631" ly="1971" rx="2171" ry="2050">
			<wd l="631" t="1973" r="813" b="2045" fs="10">them,</wd>
			<wd l="844" t="1981" r="949" b="2050" fs="10">top</wd>
			<wd l="981" t="1972" r="1309" b="2049" fs="10">depressed</wd>
			<wd l="1339" t="1972" r="1402" b="2031" fs="10">in</wd>
			<wd l="1432" t="1980" r="1654" b="2043" fs="10">centre;</wd>
			<wd l="1687" t="1971" r="1859" b="2031" fs="10">lobes</wd>
			<wd l="1894" t="1971" r="2013" b="2031" fs="10">5-6</wd>
			<wd l="2044" t="1989" r="2171" b="2030" fs="10">mm</wd>
		</ln>
		<ln lx="635" ly="2062" rx="2170" ry="2143">
			<wd l="635" t="2065" r="797" b="2143" fs="10">long,</wd>
			<wd l="833" t="2066" r="951" b="2126" fs="10">6-7</wd>
			<wd l="983" t="2084" r="1112" b="2125" fs="10">mm</wd>
			<wd l="1141" t="2063" r="1321" b="2137" fs="10">wide,</wd>
			<wd l="1357" t="2063" r="1603" b="2142" fs="10">slightly</wd>
			<wd l="1633" t="2062" r="1927" b="2124" fs="10">recurved</wd>
			<wd l="1958" t="2070" r="2016" b="2123" fs="10">at</wd>
			<wd l="2044" t="2070" r="2170" b="2140" fs="10">top,</wd>
		</ln>
		<ln lx="635" ly="2155" rx="2174" ry="2236">
			<wd l="635" t="2157" r="885" b="2236" fs="10">shortly</wd>
			<wd l="924" t="2157" r="1240" b="2236" fs="10">papillate</wd>
			<wd l="1283" t="2156" r="1520" b="2218" fs="10">inside.</wd>
			<wd l="1567" t="2155" r="1885" b="2217" fs="10">Staminal</wd>
			<wd l="1928" t="2174" r="2174" b="2216" fs="10">corona</wd>
		</ln>
		<ln lx="635" ly="2247" rx="2170" ry="2327">
			<wd l="635" t="2269" r="686" b="2310" fs="10">c.</wd>
			<wd l="722" t="2252" r="755" b="2310" fs="10">8</wd>
			<wd l="787" t="2269" r="915" b="2309" fs="10">mm</wd>
			<wd l="945" t="2250" r="1091" b="2327" fs="10">long</wd>
			<wd l="1122" t="2250" r="1240" b="2310" fs="10">and</wd>
			<wd l="1278" t="2251" r="1350" b="2309" fs="10">10</wd>
			<wd l="1380" t="2267" r="1508" b="2308" fs="10">mm</wd>
			<wd l="1539" t="2248" r="1848" b="2320" fs="10">diameter;</wd>
			<wd l="1882" t="2247" r="2022" b="2308" fs="10">lobe</wd>
			<wd l="2052" t="2247" r="2170" b="2324" fs="10">tips</wd>
		</ln>
		<ln lx="636" ly="2339" rx="2176" ry="2419">
			<wd l="636" t="2342" r="791" b="2402" fs="10">level</wd>
			<wd l="808" t="2341" r="955" b="2402" fs="10">with</wd>
			<wd l="973" t="2341" r="1325" b="2419" fs="10">style-head.</wd>
			<wd l="1349" t="2340" r="1637" b="2401" fs="10">Staminal</wd>
			<wd l="1656" t="2339" r="1902" b="2400" fs="10">column</wd>
			<wd l="1920" t="2358" r="1971" b="2399" fs="10">c.</wd>
			<wd l="1992" t="2340" r="2030" b="2398" fs="10">4</wd>
			<wd l="2048" t="2358" r="2176" b="2398" fs="10">mm</wd>
		</ln>
		<ln lx="637" ly="2431" rx="2173" ry="2511">
			<wd l="637" t="2434" r="782" b="2511" fs="10">long</wd>
			<wd l="815" t="2434" r="933" b="2494" fs="10">and</wd>
			<wd l="967" t="2435" r="1000" b="2493" fs="10">3</wd>
			<wd l="1037" t="2452" r="1165" b="2493" fs="10">mm</wd>
			<wd l="1199" t="2433" r="1507" b="2504" fs="10">diameter;</wd>
			<wd l="1544" t="2432" r="1752" b="2492" fs="10">anther</wd>
			<wd l="1785" t="2431" r="2173" b="2508" fs="10">appendages</wd>
		</ln>
		<ln lx="637" ly="2522" rx="2174" ry="2600">
			<wd l="637" t="2525" r="992" b="2597" fs="10">lanceolate,</wd>
			<wd l="1030" t="2544" r="1081" b="2585" fs="10">c.</wd>
			<wd l="1128" t="2526" r="1150" b="2584" fs="10">1</wd>
			<wd l="1192" t="2543" r="1320" b="2584" fs="10">mm</wd>
			<wd l="1356" t="2523" r="1502" b="2600" fs="10">long</wd>
			<wd l="1538" t="2523" r="1658" b="2584" fs="10">and</wd>
			<wd l="1693" t="2524" r="1792" b="2583" fs="10">0.7</wd>
			<wd l="1829" t="2541" r="1957" b="2582" fs="10">mm</wd>
			<wd l="1990" t="2522" r="2174" b="2594" fs="10">wide;</wd>
		</ln>
		<ln lx="637" ly="2613" rx="2177" ry="2691">
			<wd l="637" t="2616" r="763" b="2676" fs="10">alar</wd>
			<wd l="799" t="2616" r="1025" b="2676" fs="10">fissure</wd>
			<wd l="1064" t="2617" r="1245" b="2675" fs="10">0.8-1</wd>
			<wd l="1289" t="2633" r="1418" b="2674" fs="10">mm</wd>
			<wd l="1456" t="2614" r="1624" b="2691" fs="10">long,</wd>
			<wd l="1662" t="2622" r="1773" b="2674" fs="10">not</wd>
			<wd l="1809" t="2613" r="2177" b="2689" fs="10">continuing</wd>
		</ln>
		<ln lx="638" ly="2704" rx="2178" ry="2781">
			<wd l="638" t="2707" r="822" b="2767" fs="10">down</wd>
			<wd l="843" t="2707" r="1047" b="2766" fs="10">below</wd>
			<wd l="1071" t="2706" r="1327" b="2766" fs="10">anthers.</wd>
			<wd l="1358" t="2705" r="1712" b="2781" fs="10">Style-head</wd>
			<wd l="1737" t="2724" r="1788" b="2764" fs="10">c.</wd>
			<wd l="1824" t="2706" r="1846" b="2763" fs="10">1</wd>
			<wd l="1878" t="2723" r="2007" b="2763" fs="10">mm</wd>
			<wd l="2032" t="2704" r="2178" b="2780" fs="10">long</wd>
		</ln>
		<ln lx="639" ly="2793" rx="2177" ry="2871">
			<wd l="639" t="2797" r="757" b="2858" fs="10">and</wd>
			<wd l="782" t="2798" r="804" b="2856" fs="10">1</wd>
			<wd l="830" t="2816" r="958" b="2856" fs="10">mm</wd>
			<wd l="977" t="2796" r="1282" b="2857" fs="10">diameter.</wd>
			<wd l="1304" t="2795" r="1630" b="2856" fs="10">Pollinaria</wd>
			<wd l="1647" t="2814" r="1699" b="2855" fs="10">c.</wd>
			<wd l="1722" t="2795" r="1864" b="2855" fs="10">0.96</wd>
			<wd l="1883" t="2814" r="2011" b="2853" fs="10">mm</wd>
			<wd l="2031" t="2793" r="2177" b="2871" fs="10">long</wd>
		</ln>
		<ln lx="639" ly="2886" rx="2179" ry="2965">
			<wd l="639" t="2889" r="760" b="2949" fs="10">and</wd>
			<wd l="797" t="2890" r="941" b="2949" fs="10">0.77</wd>
			<wd l="978" t="2907" r="1108" b="2948" fs="10">mm</wd>
			<wd l="1143" t="2887" r="1330" b="2960" fs="10">wide;</wd>
			<wd l="1367" t="2886" r="1634" b="2965" fs="10">pollinia</wd>
			<wd l="1670" t="2886" r="2011" b="2947" fs="10">0.77-0.78</wd>
			<wd l="2049" t="2904" r="2179" b="2945" fs="10">mm</wd>
		</ln>
		<ln lx="640" ly="2977" rx="2180" ry="3059">
			<wd l="640" t="2981" r="821" b="3059" fs="10">long,</wd>
			<wd l="869" t="2981" r="1229" b="3041" fs="10">0.29-0.31</wd>
			<wd l="1280" t="2999" r="1413" b="3040" fs="10">mm</wd>
			<wd l="1454" t="2979" r="1655" b="3052" fs="10">wide;</wd>
			<wd l="1703" t="2977" r="2180" b="3056" fs="10">corpusculum</wd>
		</ln>
		<ln lx="641" ly="3069" rx="2177" ry="3149">
			<wd l="641" t="3073" r="988" b="3134" fs="10">0.38-0.43</wd>
			<wd l="1031" t="3091" r="1162" b="3132" fs="10">mm</wd>
			<wd l="1202" t="3072" r="1377" b="3149" fs="10">long,</wd>
			<wd l="1421" t="3072" r="1776" b="3132" fs="10">0.21-0.24</wd>
			<wd l="1815" t="3089" r="1946" b="3129" fs="10">mm</wd>
			<wd l="1984" t="3069" r="2177" b="3142" fs="10">wide;</wd>
		</ln>
		<ln lx="641" ly="3163" rx="2180" ry="3240">
			<wd l="641" t="3164" r="957" b="3226" fs="10">caudicles</wd>
			<wd l="997" t="3165" r="1341" b="3225" fs="10">0.11-0.14</wd>
			<wd l="1377" t="3182" r="1507" b="3223" fs="10">mm</wd>
			<wd l="1545" t="3163" r="1715" b="3240" fs="10">long,</wd>
			<wd l="1756" t="3163" r="2013" b="3222" fs="10">0.5-0.9</wd>
			<wd l="2050" t="3181" r="2180" b="3221" fs="10">mm</wd>
		</ln>
		<ln lx="640" ly="3253" rx="1968" ry="3333">
			<wd l="640" t="3256" r="818" b="3328" fs="10">wide,</wd>
			<wd l="843" t="3256" r="1034" b="3316" fs="10">wider</wd>
			<wd l="1057" t="3264" r="1115" b="3316" fs="10">at</wd>
			<wd l="1139" t="3254" r="1569" b="3333" fs="10">corpusculum</wd>
			<wd l="1593" t="3254" r="1728" b="3314" fs="10">end.</wd>
			<wd l="1756" t="3253" r="1883" b="3330" fs="10">Fig.</wd>
			<wd l="1920" t="3255" r="1968" b="3313" fs="10">1.</wd>
		</ln>
		<ln lx="636" ly="3416" rx="2178" ry="3481">
			<wd l="636" t="3420" r="932" b="3468" fs="10">Additional</wd>
			<wd l="953" t="3420" r="1236" b="3481" fs="10">specimens</wd>
			<wd l="1262" t="3418" r="1531" b="3467" fs="10">examined</wd>
			<wd l="1531" t="3433" r="1542" b="3466" fs="10">:</wd>
			<wd l="1574" t="3419" r="1771" b="3466" fs="10">Known</wd>
			<wd l="1799" t="3416" r="1915" b="3478" fs="10">only</wd>
			<wd l="1945" t="3416" r="2072" b="3465" fs="10">from</wd>
			<wd l="2098" t="3416" r="2178" b="3465" fs="10">the</wd>
		</ln>
		<ln lx="641" ly="3492" rx="1837" ry="3554">
			<wd l="641" t="3500" r="754" b="3554" fs="10">type</wd>
			<wd l="775" t="3494" r="1035" b="3542" fs="10">collection</wd>
			<wd l="1056" t="3493" r="1151" b="3542" fs="10">and</wd>
			<wd l="1172" t="3493" r="1268" b="3541" fs="10">live</wd>
			<wd l="1288" t="3493" r="1447" b="3554" fs="10">plants</wd>
			<wd l="1470" t="3492" r="1519" b="3540" fs="10">in</wd>
			<wd l="1540" t="3492" r="1837" b="3541" fs="10">cultivation.</wd>
		</ln>
		<ln lx="639" ly="3635" rx="2176" ry="3713">
			<wd l="639" t="3638" r="1056" b="3697" fs="10">Distribution</wd>
			<wd l="1080" t="3639" r="1214" b="3697" fs="10">and</wd>
			<wd l="1231" t="3638" r="1492" b="3697" fs="10">habitat</wd>
			<wd l="1519" t="3636" r="1864" b="3713" fs="10">Madangia</wd>
			<wd l="1889" t="3635" r="2104" b="3712" fs="10">inflata</wd>
			<wd l="2125" t="3635" r="2176" b="3695" fs="10">is</wd>
		</ln>
		<ln lx="644" ly="3726" rx="2181" ry="3804">
			<wd l="644" t="3728" r="871" b="3788" fs="10">known</wd>
			<wd l="906" t="3727" r="1053" b="3804" fs="10">only</wd>
			<wd l="1088" t="3727" r="1249" b="3787" fs="10">from</wd>
			<wd l="1281" t="3727" r="1383" b="3787" fs="10">the</wd>
			<wd l="1421" t="3726" r="1618" b="3804" fs="10">single</wd>
			<wd l="1652" t="3735" r="1795" b="3804" fs="10">type</wd>
			<wd l="1832" t="3726" r="2181" b="3786" fs="10">collection.</wd>
		</ln>
		<ln lx="644" ly="3817" rx="2195" ry="3896">
			<wd l="644" t="3820" r="844" b="3880" fs="10">Plants</wd>
			<wd l="866" t="3839" r="1036" b="3896" fs="10">grow</wd>
			<wd l="1058" t="3839" r="1122" b="3880" fs="10">as</wd>
			<wd l="1143" t="3819" r="1291" b="3896" fs="10">twig</wd>
			<wd l="1313" t="3818" r="1630" b="3896" fs="10">epiphytes</wd>
			<wd l="1652" t="3819" r="1715" b="3878" fs="10">in</wd>
			<wd l="1734" t="3818" r="1834" b="3878" fs="10">the</wd>
			<wd l="1857" t="3837" r="2097" b="3895" fs="10">canopy</wd>
			<wd l="2118" t="3817" r="2195" b="3878" fs="10">of</wd>
		</ln>
		<ln lx="647" ly="3909" rx="2186" ry="3988">
			<wd l="647" t="3911" r="926" b="3972" fs="10">lowland</wd>
			<wd l="965" t="3911" r="1264" b="3988" fs="10">complex</wd>
			<wd l="1301" t="3910" r="1668" b="3988" fs="10">mesophyll</wd>
			<wd l="1705" t="3909" r="2063" b="3970" fs="10">vineforest</wd>
			<wd l="2102" t="3928" r="2186" b="3970" fs="10">on</wd>
		</ln>
		<ln lx="644" ly="4000" rx="2183" ry="4079">
			<wd l="644" t="4002" r="938" b="4063" fs="10">volcanic</wd>
			<wd l="979" t="4002" r="1120" b="4063" fs="10">soil.</wd>
			<wd l="1168" t="4004" r="1360" b="4079" fs="10">Hoya</wd>
			<wd l="1398" t="4002" r="1744" b="4079" fs="10">kenejiana</wd>
			<wd l="1785" t="4001" r="2014" b="4062" fs="10">Schltr.</wd>
			<wd l="2058" t="4000" r="2183" b="4061" fs="10">and</wd>
		</ln>
		<ln lx="645" ly="4092" rx="2186" ry="4171">
			<wd l="645" t="4094" r="1157" b="4155" fs="10">miscellaneous</wd>
			<wd l="1200" t="4094" r="1378" b="4155" fs="10">ferns</wd>
			<wd l="1421" t="4093" r="1548" b="4154" fs="10">and</wd>
			<wd l="1589" t="4093" r="1853" b="4154" fs="10">orchids</wd>
			<wd l="1896" t="4112" r="2078" b="4171" fs="10">grow</wd>
			<wd l="2119" t="4092" r="2186" b="4152" fs="10">in</wd>
		</ln>
		<ln lx="648" ly="4184" rx="2189" ry="4262">
			<wd l="648" t="4186" r="1031" b="4247" fs="10">association.</wd>
			<wd l="1053" t="4186" r="1254" b="4247" fs="10">Plants</wd>
			<wd l="1272" t="4185" r="1567" b="4246" fs="10">recorded</wd>
			<wd l="1584" t="4185" r="1648" b="4245" fs="10">in</wd>
			<wd l="1664" t="4185" r="1764" b="4246" fs="10">the</wd>
			<wd l="1785" t="4184" r="2189" b="4262" fs="10">surrounding</wd>
		</ln>
		<ln lx="649" ly="4277" rx="2185" ry="4338">
			<wd l="649" t="4278" r="835" b="4338" fs="10">forest</wd>
			<wd l="868" t="4277" r="1111" b="4338" fs="10">include</wd>
			<wd l="1159" t="4277" r="1778" b="4338" fs="10">Tabernaemontana</wd>
			<wd l="1813" t="4280" r="2185" b="4336" fs="10">aurantiaca</wd>
		</ln>
		<ln lx="649" ly="4368" rx="2181" ry="4447">
			<wd l="649" t="4370" r="878" b="4442" fs="10">Gaud.,</wd>
			<wd l="935" t="4371" r="991" b="4430" fs="10">T.</wd>
			<wd l="1032" t="4370" r="1478" b="4447" fs="10">pandacaqui</wd>
			<wd l="1515" t="4371" r="1715" b="4441" fs="10">Lam.,</wd>
			<wd l="1765" t="4368" r="2013" b="4445" fs="10">Aglaia</wd>
			<wd l="2058" t="4386" r="2181" b="4445" fs="10">sp.,</wd>
		</ln>
		<ln lx="653" ly="4460" rx="2183" ry="4539">
			<wd l="653" t="4461" r="1151" b="4539" fs="10">Graptophyllum</wd>
			<wd l="1160" t="4466" r="1393" b="4538" fs="10">pictum</wd>
			<wd l="1412" t="4461" r="1536" b="4536" fs="10">(L.)</wd>
			<wd l="1556" t="4460" r="1729" b="4520" fs="10">Griff</wd>
			<wd l="1729" t="4462" r="2183" b="4536" fs="10">.9Pittosporum</wd>
		</ln>
		<ln lx="651" ly="4550" rx="2188" ry="4630">
			<wd l="651" t="4555" r="1067" b="4630" fs="10">sip.,Popowia</wd>
			<wd l="1087" t="4571" r="1197" b="4629" fs="10">sp.,</wd>
			<wd l="1215" t="4553" r="1513" b="4612" fs="10">Casearia</wd>
			<wd l="1532" t="4553" r="1923" b="4628" fs="10">sip.,Rinorea</wd>
			<wd l="1940" t="4550" r="2165" b="4610" fs="10">homer</wd>
			<wd l="2168" t="4555" r="2188" b="4610" fs="10">i</wd>
		</ln>
		<ln lx="651" ly="4642" rx="2185" ry="4720">
			<wd l="651" t="4644" r="917" b="4720" fs="10">(Korth.)</wd>
			<wd l="941" t="4646" r="1279" b="4715" fs="10">O.Kuntze,</wd>
			<wd l="1297" t="4643" r="1605" b="4703" fs="10">Maniltoa</wd>
			<wd l="1615" t="4642" r="1946" b="4720" fs="10">psilogyne</wd>
			<wd l="1964" t="4644" r="2185" b="4702" fs="10">Harms</wd>
		</ln>
		<ln lx="651" ly="4735" rx="1249" ry="4812">
			<wd l="651" t="4735" r="768" b="4795" fs="10">and</wd>
			<wd l="787" t="4735" r="1137" b="4812" fs="10">Polyalthia</wd>
			<wd l="1161" t="4754" r="1249" b="4811" fs="10">sp.</wd>
		</ln>
		<ln lx="647" ly="4894" rx="2187" ry="4974">
			<wd l="647" t="4899" r="854" b="4958" fs="10">Notes</wd>
			<wd l="864" t="4916" r="879" b="4958" fs="10">:</wd>
			<wd l="922" t="4897" r="1287" b="4974" fs="10">Madangia</wd>
			<wd l="1329" t="4896" r="1561" b="4974" fs="10">inflata</wd>
			<wd l="1599" t="4896" r="1653" b="4956" fs="10">is</wd>
			<wd l="1693" t="4895" r="1936" b="4973" fs="10">unique</wd>
			<wd l="1977" t="4895" r="2043" b="4954" fs="10">in</wd>
			<wd l="2080" t="4894" r="2187" b="4955" fs="10">the</wd>
		</ln>
		<ln lx="651" ly="4986" rx="2191" ry="5065">
			<wd l="651" t="4989" r="1082" b="5053" fs="10">Marsdenieae</wd>
			<wd l="1119" t="4988" r="1217" b="5048" fs="10">for</wd>
			<wd l="1251" t="4988" r="1327" b="5048" fs="10">its</wd>
			<wd l="1364" t="4988" r="1626" b="5065" fs="10">globose</wd>
			<wd l="1664" t="4987" r="1900" b="5047" fs="10">corolla</wd>
			<wd l="1935" t="4986" r="2055" b="5047" fs="10">and</wd>
			<wd l="2088" t="4986" r="2191" b="5046" fs="10">the</wd>
		</ln>
		<ln lx="653" ly="5078" rx="2192" ry="5142">
			<wd l="653" t="5081" r="812" b="5142" fs="10">form</wd>
			<wd l="836" t="5081" r="913" b="5142" fs="10">of</wd>
			<wd l="925" t="5080" r="1025" b="5142" fs="10">the</wd>
			<wd l="1053" t="5080" r="1330" b="5141" fs="10">staminal</wd>
			<wd l="1356" t="5099" r="1598" b="5141" fs="10">corona.</wd>
			<wd l="1628" t="5079" r="1904" b="5140" fs="10">Globose</wd>
			<wd l="1930" t="5078" r="2192" b="5140" fs="10">corollas</wd>
		</ln>
		<ln lx="654" ly="5170" rx="2194" ry="5248">
			<wd l="654" t="5192" r="751" b="5233" fs="10">are</wd>
			<wd l="776" t="5192" r="905" b="5233" fs="10">rare</wd>
			<wd l="932" t="5173" r="995" b="5232" fs="10">in</wd>
			<wd l="1019" t="5172" r="1120" b="5233" fs="10">the</wd>
			<wd l="1146" t="5171" r="1592" b="5244" fs="10">Marsdenieae,</wd>
			<wd l="1619" t="5171" r="1721" b="5232" fs="10">the</wd>
			<wd l="1749" t="5171" r="1895" b="5248" fs="10">only</wd>
			<wd l="1920" t="5170" r="2194" b="5248" fs="10">regional</wd>
		</ln>
		<ln lx="654" ly="5263" rx="2190" ry="5342">
			<wd l="654" t="5264" r="932" b="5342" fs="10">example</wd>
			<wd l="954" t="5264" r="1141" b="5341" fs="10">being</wd>
			<wd l="1162" t="5264" r="1263" b="5324" fs="10">the</wd>
			<wd l="1286" t="5263" r="1637" b="5324" fs="10">Australian</wd>
			<wd l="1659" t="5264" r="2007" b="5323" fs="10">Gunnessia</wd>
			<wd l="2020" t="5283" r="2190" b="5339" fs="10">pepo</wd>
		</ln>
		<ln lx="653" ly="5354" rx="2188" ry="5432">
			<wd l="653" t="5358" r="949" b="5417" fs="10">P.I.Forst.</wd>
			<wd l="970" t="5357" r="1228" b="5432" fs="10">(Forster</wd>
			<wd l="1252" t="5357" r="1406" b="5416" fs="10">1990</wd>
			<wd l="1409" t="5355" r="1451" b="5432" fs="10">).</wd>
			<wd l="1462" t="5355" r="1801" b="5432" fs="10">Madangia</wd>
			<wd l="1820" t="5354" r="2027" b="5432" fs="10">inflata</wd>
			<wd l="2043" t="5354" r="2188" b="5414" fs="10">does</wd>
		</ln>
		<ln lx="653" ly="5446" rx="2191" ry="5525">
			<wd l="653" t="5456" r="760" b="5507" fs="10">not</wd>
			<wd l="794" t="5467" r="1015" b="5525" fs="10">appear</wd>
			<wd l="1048" t="5447" r="1283" b="5524" fs="10">closely</wd>
			<wd l="1318" t="5446" r="1501" b="5506" fs="10">allied</wd>
			<wd l="1532" t="5454" r="1596" b="5506" fs="10">to</wd>
			<wd l="1644" t="5447" r="1995" b="5506" fs="10">Gunnessia</wd>
			<wd l="2020" t="5466" r="2191" b="5522" fs="10">pepo</wd>
		</ln>
	</region>
	<region article-doi="10.2307/41729917" region-id="2">
		<rc l="2298" t="863" r="3887" b="5531"/>
		<ln lx="2303" ly="868" rx="3847" ry="947">
			<wd l="2303" t="872" r="2508" b="932" fs="10">which</wd>
			<wd l="2530" t="871" r="2640" b="931" fs="10">has</wd>
			<wd l="2667" t="891" r="2702" b="931" fs="10">a</wd>
			<wd l="2723" t="870" r="2936" b="947" fs="10">totally</wd>
			<wd l="2962" t="869" r="3290" b="930" fs="10">dissimilar</wd>
			<wd l="3315" t="868" r="3593" b="929" fs="10">staminal</wd>
			<wd l="3619" t="887" r="3847" b="928" fs="10">corona</wd>
		</ln>
		<ln lx="2305" ly="960" rx="3845" ry="1041">
			<wd l="2305" t="963" r="2429" b="1024" fs="10">and</wd>
			<wd l="2466" t="963" r="2829" b="1041" fs="10">pollinaria.</wd>
			<wd l="2873" t="962" r="3164" b="1022" fs="10">Globose</wd>
			<wd l="3206" t="960" r="3484" b="1021" fs="10">corollas</wd>
			<wd l="3526" t="979" r="3629" b="1020" fs="10">are</wd>
			<wd l="3667" t="978" r="3845" b="1019" fs="10">more</wd>
		</ln>
		<ln lx="2306" ly="1052" rx="3850" ry="1130">
			<wd l="2306" t="1074" r="2613" b="1127" fs="10">common,</wd>
			<wd l="2634" t="1055" r="2742" b="1115" fs="10">but</wd>
			<wd l="2762" t="1054" r="2882" b="1115" fs="10">still</wd>
			<wd l="2901" t="1073" r="3049" b="1126" fs="10">rare,</wd>
			<wd l="3072" t="1053" r="3135" b="1113" fs="10">in</wd>
			<wd l="3152" t="1053" r="3253" b="1113" fs="10">the</wd>
			<wd l="3277" t="1052" r="3615" b="1130" fs="10">Stapelieae</wd>
			<wd l="3636" t="1052" r="3850" b="1128" fs="10">(sensu</wd>
		</ln>
		<ln lx="2305" ly="1142" rx="3848" ry="1224">
			<wd l="2305" t="1149" r="2549" b="1224" fs="10">Bruyns</wd>
			<wd l="2586" t="1148" r="2646" b="1207" fs="10"><![CDATA[&]]></wd>
			<wd l="2683" t="1148" r="2927" b="1206" fs="10">Forster</wd>
			<wd l="2969" t="1145" r="3178" b="1221" fs="10">1991),</wd>
			<wd l="3216" t="1144" r="3367" b="1205" fs="10">with</wd>
			<wd l="3403" t="1142" r="3848" b="1220" fs="10">convergently</wd>
		</ln>
		<ln lx="2308" ly="1234" rx="3846" ry="1315">
			<wd l="2308" t="1238" r="2536" b="1299" fs="10">similar</wd>
			<wd l="2561" t="1237" r="2872" b="1315" fs="10">examples</wd>
			<wd l="2897" t="1245" r="2960" b="1298" fs="10">to</wd>
			<wd l="2985" t="1236" r="3330" b="1314" fs="10">Madangia</wd>
			<wd l="3353" t="1235" r="3539" b="1313" fs="10">being</wd>
			<wd l="3564" t="1234" r="3758" b="1295" fs="10">found</wd>
			<wd l="3783" t="1234" r="3846" b="1294" fs="10">in</wd>
		</ln>
		<ln lx="2303" ly="1327" rx="3846" ry="1408">
			<wd l="2303" t="1330" r="2703" b="1408" fs="10">Echidnopsis</wd>
			<wd l="2721" t="1329" r="2941" b="1391" fs="10">malum</wd>
			<wd l="2959" t="1328" r="3316" b="1405" fs="10">(Lavranos)</wd>
			<wd l="3333" t="1330" r="3568" b="1405" fs="10">Bruyns</wd>
			<wd l="3586" t="1327" r="3846" b="1404" fs="10">(Bruyns</wd>
		</ln>
		<ln lx="2316" ly="1419" rx="3844" ry="1499">
			<wd l="2316" t="1423" r="2501" b="1499" fs="10">1988)</wd>
			<wd l="2522" t="1422" r="2641" b="1483" fs="10">and</wd>
			<wd l="2652" t="1421" r="3053" b="1499" fs="10">Stapeliopsis</wd>
			<wd l="3072" t="1425" r="3319" b="1481" fs="10">neronis</wd>
			<wd l="3336" t="1419" r="3560" b="1480" fs="10">Pillans</wd>
			<wd l="3580" t="1419" r="3844" b="1496" fs="10">(Bruyns</wd>
		</ln>
		<ln lx="2316" ly="1510" rx="3845" ry="1590">
			<wd l="2316" t="1514" r="2535" b="1590" fs="10">1981),</wd>
			<wd l="2576" t="1513" r="2734" b="1574" fs="10">both</wd>
			<wd l="2775" t="1521" r="2937" b="1573" fs="10">stem</wd>
			<wd l="2978" t="1512" r="3349" b="1572" fs="10">succulents</wd>
			<wd l="3391" t="1511" r="3559" b="1571" fs="10">from</wd>
			<wd l="3597" t="1510" r="3845" b="1570" fs="10">Africa.</wd>
		</ln>
		<ln lx="2307" ly="1604" rx="3846" ry="1681">
			<wd l="2307" t="1606" r="2526" b="1666" fs="10">Unlike</wd>
			<wd l="2566" t="1605" r="2979" b="1681" fs="10">Echidnopsis</wd>
			<wd l="3015" t="1604" r="3240" b="1664" fs="10">malum</wd>
			<wd l="3246" t="1652" r="3260" b="1675" fs="10">,</wd>
			<wd l="3301" t="1605" r="3651" b="1663" fs="10">Gunnessia</wd>
			<wd l="3675" t="1622" r="3846" b="1679" fs="10">pepo</wd>
		</ln>
		<ln lx="2310" ly="1692" rx="3849" ry="1773">
			<wd l="2310" t="1696" r="2428" b="1757" fs="10">and</wd>
			<wd l="2450" t="1696" r="2852" b="1773" fs="10">Stapeliopsis</wd>
			<wd l="2878" t="1699" r="3126" b="1755" fs="10">neronis</wd>
			<wd l="3130" t="1743" r="3144" b="1766" fs="10">,</wd>
			<wd l="3169" t="1694" r="3270" b="1754" fs="10">the</wd>
			<wd l="3297" t="1693" r="3575" b="1754" fs="10">staminal</wd>
			<wd l="3601" t="1692" r="3849" b="1752" fs="10">column</wd>
		</ln>
		<ln lx="2311" ly="1783" rx="3850" ry="1863">
			<wd l="2311" t="1787" r="2388" b="1847" fs="10">of</wd>
			<wd l="2397" t="1787" r="2742" b="1863" fs="10">Madangia</wd>
			<wd l="2767" t="1786" r="2981" b="1862" fs="10">inflata</wd>
			<wd l="3002" t="1786" r="3054" b="1845" fs="10">is</wd>
			<wd l="3076" t="1793" r="3184" b="1845" fs="10">not</wd>
			<wd l="3207" t="1785" r="3434" b="1845" fs="10">further</wd>
			<wd l="3456" t="1783" r="3747" b="1844" fs="10">enclosed</wd>
			<wd l="3767" t="1783" r="3850" b="1859" fs="10">by</wd>
		</ln>
		<ln lx="2311" ly="1874" rx="3855" ry="1950">
			<wd l="2311" t="1897" r="2347" b="1938" fs="10">a</wd>
			<wd l="2366" t="1877" r="2604" b="1938" fs="10">tubular</wd>
			<wd l="2627" t="1877" r="2905" b="1937" fs="10">staminal</wd>
			<wd l="2929" t="1895" r="3157" b="1937" fs="10">corona</wd>
			<wd l="3176" t="1875" r="3391" b="1935" fs="10">within</wd>
			<wd l="3411" t="1875" r="3512" b="1935" fs="10">the</wd>
			<wd l="3536" t="1874" r="3855" b="1950" fs="10">enclosing</wd>
		</ln>
		<ln lx="2312" ly="1968" rx="2559" ry="2030">
			<wd l="2312" t="1968" r="2559" b="2030" fs="10">corolla.</wd>
		</ln>
		<ln lx="2500" ly="2128" rx="3853" ry="2210">
			<wd l="2500" t="2132" r="2849" b="2210" fs="10">Madangia</wd>
			<wd l="2887" t="2130" r="3105" b="2209" fs="10">inflata</wd>
			<wd l="3140" t="2130" r="3192" b="2191" fs="10">is</wd>
			<wd l="3227" t="2128" r="3655" b="2207" fs="10">undoubtedly</wd>
			<wd l="3689" t="2136" r="3853" b="2189" fs="10">most</wd>
		</ln>
		<ln lx="2314" ly="2220" rx="3853" ry="2302">
			<wd l="2314" t="2224" r="2562" b="2302" fs="10">closely</wd>
			<wd l="2602" t="2224" r="2798" b="2284" fs="10">allied</wd>
			<wd l="2834" t="2232" r="2900" b="2284" fs="10">to</wd>
			<wd l="2945" t="2225" r="3136" b="2300" fs="10">Hoya</wd>
			<wd l="3177" t="2242" r="3246" b="2283" fs="10">as</wd>
			<wd l="3287" t="2222" r="3335" b="2282" fs="10">it</wd>
			<wd l="3372" t="2221" r="3488" b="2282" fs="10">has</wd>
			<wd l="3531" t="2241" r="3566" b="2282" fs="10">a</wd>
			<wd l="3607" t="2220" r="3853" b="2281" fs="10">similar</wd>
		</ln>
		<ln lx="2312" ly="2312" rx="3857" ry="2394">
			<wd l="2312" t="2317" r="2497" b="2389" fs="10">habit,</wd>
			<wd l="2530" t="2316" r="2648" b="2377" fs="10">and</wd>
			<wd l="2678" t="2324" r="2843" b="2394" fs="10">apart</wd>
			<wd l="2872" t="2315" r="3031" b="2376" fs="10">from</wd>
			<wd l="3059" t="2315" r="3159" b="2375" fs="10">the</wd>
			<wd l="3190" t="2314" r="3447" b="2392" fs="10">globose</wd>
			<wd l="3478" t="2313" r="3710" b="2374" fs="10">corolla</wd>
			<wd l="3738" t="2312" r="3857" b="2373" fs="10">and</wd>
		</ln>
		<ln lx="2316" ly="2404" rx="3856" ry="2479">
			<wd l="2316" t="2408" r="2631" b="2469" fs="10">staminal</wd>
			<wd l="2697" t="2427" r="2974" b="2479" fs="10">corona,</wd>
			<wd l="3039" t="2407" r="3160" b="2467" fs="10">has</wd>
			<wd l="3227" t="2425" r="3263" b="2466" fs="10">a</wd>
			<wd l="3327" t="2405" r="3588" b="2466" fs="10">similar</wd>
			<wd l="3652" t="2404" r="3856" b="2465" fs="10">floral</wd>
		</ln>
		<ln lx="2313" ly="2496" rx="3857" ry="2577">
			<wd l="2313" t="2499" r="2723" b="2577" fs="10">morphology</wd>
			<wd l="2750" t="2507" r="2813" b="2559" fs="10">to</wd>
			<wd l="2841" t="2517" r="3026" b="2575" fs="10">many</wd>
			<wd l="3056" t="2497" r="3293" b="2575" fs="10">species</wd>
			<wd l="3323" t="2496" r="3655" b="2574" fs="10">especially</wd>
			<wd l="3681" t="2496" r="3857" b="2556" fs="10">those</wd>
		</ln>
		<ln lx="2315" ly="2587" rx="3859" ry="2668">
			<wd l="2315" t="2592" r="2379" b="2650" fs="10">in</wd>
			<wd l="2413" t="2591" r="2730" b="2668" fs="10">Papuasia.</wd>
			<wd l="2770" t="2590" r="3049" b="2650" fs="10">Globose</wd>
			<wd l="3086" t="2589" r="3351" b="2649" fs="10">corollas</wd>
			<wd l="3388" t="2607" r="3487" b="2648" fs="10">are</wd>
			<wd l="3524" t="2587" r="3859" b="2663" fs="10">extremely</wd>
		</ln>
		<ln lx="2314" ly="2678" rx="3858" ry="2757">
			<wd l="2314" t="2700" r="2705" b="2742" fs="10">uncommon</wd>
			<wd l="2742" t="2681" r="2808" b="2739" fs="10">in</wd>
			<wd l="2851" t="2683" r="3042" b="2757" fs="10">Hoya</wd>
			<wd l="3080" t="2680" r="3238" b="2739" fs="10">with</wd>
			<wd l="3275" t="2680" r="3382" b="2739" fs="10">the</wd>
			<wd l="3424" t="2679" r="3578" b="2755" fs="10">only</wd>
			<wd l="3617" t="2678" r="3858" b="2737" fs="10">known</wd>
		</ln>
		<ln lx="2317" ly="2768" rx="3856" ry="2848">
			<wd l="2317" t="2771" r="2598" b="2848" fs="10">example</wd>
			<wd l="2618" t="2771" r="2806" b="2848" fs="10">being</wd>
			<wd l="2817" t="2773" r="2891" b="2830" fs="10">H.</wd>
			<wd l="2920" t="2770" r="3398" b="2830" fs="10">heuschkeliana</wd>
			<wd l="3415" t="2768" r="3856" b="2845" fs="10">Kloppenburg</wd>
		</ln>
		<ln lx="2318" ly="2859" rx="3860" ry="2940">
			<wd l="2318" t="2864" r="2484" b="2924" fs="10">from</wd>
			<wd l="2520" t="2863" r="2625" b="2923" fs="10">the</wd>
			<wd l="2663" t="2862" r="3079" b="2940" fs="10">Philippines.</wd>
			<wd l="3122" t="2861" r="3253" b="2922" fs="10">The</wd>
			<wd l="3293" t="2860" r="3537" b="2921" fs="10">corolla</wd>
			<wd l="3574" t="2859" r="3755" b="2920" fs="10">lobes</wd>
			<wd l="3795" t="2859" r="3860" b="2918" fs="10">in</wd>
		</ln>
		<ln lx="2316" ly="2951" rx="3860" ry="3030">
			<wd l="2316" t="2957" r="2388" b="3016" fs="10">H.</wd>
			<wd l="2424" t="2954" r="2902" b="3016" fs="10">heuschkeliana</wd>
			<wd l="2928" t="2973" r="3027" b="3015" fs="10">are</wd>
			<wd l="3054" t="2961" r="3161" b="3014" fs="10">not</wd>
			<wd l="3189" t="2972" r="3254" b="3014" fs="10">as</wd>
			<wd l="3283" t="2951" r="3653" b="3030" fs="10">completely</wd>
			<wd l="3681" t="2951" r="3860" b="3012" fs="10">fused</wd>
		</ln>
		<ln lx="2319" ly="3043" rx="3861" ry="3124">
			<wd l="2319" t="3067" r="2383" b="3108" fs="10">as</wd>
			<wd l="2411" t="3047" r="2474" b="3107" fs="10">in</wd>
			<wd l="2504" t="3049" r="2585" b="3107" fs="10">M</wd>
			<wd l="2626" t="3046" r="2840" b="3124" fs="10">inflata</wd>
			<wd l="2868" t="3045" r="3016" b="3106" fs="10">with</wd>
			<wd l="3046" t="3064" r="3122" b="3106" fs="10">an</wd>
			<wd l="3152" t="3044" r="3414" b="3106" fs="10">obvious</wd>
			<wd l="3446" t="3052" r="3646" b="3105" fs="10">suture</wd>
			<wd l="3678" t="3043" r="3861" b="3120" fs="10">along</wd>
		</ln>
		<ln lx="2317" ly="3135" rx="3862" ry="3216">
			<wd l="2317" t="3139" r="2417" b="3200" fs="10">the</wd>
			<wd l="2433" t="3138" r="2697" b="3216" fs="10">margins</wd>
			<wd l="2716" t="3138" r="2793" b="3199" fs="10">of</wd>
			<wd l="2801" t="3138" r="2950" b="3199" fs="10">each</wd>
			<wd l="2968" t="3137" r="3125" b="3210" fs="10">lobe,</wd>
			<wd l="3143" t="3156" r="3254" b="3197" fs="10">nor</wd>
			<wd l="3271" t="3156" r="3368" b="3197" fs="10">are</wd>
			<wd l="3384" t="3136" r="3526" b="3213" fs="10">they</wd>
			<wd l="3544" t="3135" r="3862" b="3213" fs="10">anywhere</wd>
		</ln>
		<ln lx="2321" ly="3227" rx="3861" ry="3308">
			<wd l="2321" t="3251" r="2389" b="3292" fs="10">as</wd>
			<wd l="2433" t="3231" r="2633" b="3308" fs="10">large.</wd>
			<wd l="2677" t="3232" r="2883" b="3308" fs="10">Apart</wd>
			<wd l="2925" t="3230" r="3096" b="3290" fs="10">from</wd>
			<wd l="3137" t="3229" r="3220" b="3290" fs="10">its</wd>
			<wd l="3263" t="3228" r="3543" b="3306" fs="10">globose</wd>
			<wd l="3587" t="3227" r="3861" b="3299" fs="10">corolla,</wd>
		</ln>
		<ln lx="2317" ly="3318" rx="3860" ry="3397">
			<wd l="2317" t="3325" r="2391" b="3383" fs="10">H.</wd>
			<wd l="2418" t="3322" r="2895" b="3383" fs="10">heuschkeliana</wd>
			<wd l="2909" t="3321" r="3019" b="3381" fs="10">has</wd>
			<wd l="3041" t="3340" r="3076" b="3381" fs="10">a</wd>
			<wd l="3094" t="3320" r="3372" b="3381" fs="10">staminal</wd>
			<wd l="3392" t="3338" r="3620" b="3380" fs="10">corona</wd>
			<wd l="3634" t="3318" r="3860" b="3397" fs="10">typical</wd>
		</ln>
		<ln lx="2322" ly="3414" rx="2608" ry="3491">
			<wd l="2322" t="3414" r="2398" b="3475" fs="10">of</wd>
			<wd l="2409" t="3416" r="2608" b="3491" fs="10">Hoya.</wd>
		</ln>
		<ln lx="2512" ly="3572" rx="3860" ry="3651">
			<wd l="2512" t="3575" r="2639" b="3635" fs="10">The</wd>
			<wd l="2673" t="3574" r="2945" b="3651" fs="10">recently</wd>
			<wd l="2980" t="3573" r="3302" b="3634" fs="10">described</wd>
			<wd l="3341" t="3575" r="3416" b="3633" fs="10">H.</wd>
			<wd l="3461" t="3572" r="3860" b="3632" fs="10">telosmoides</wd>
		</ln>
		<ln lx="2324" ly="3663" rx="3865" ry="3740">
			<wd l="2324" t="3667" r="2540" b="3727" fs="10">Omlor</wd>
			<wd l="2574" t="3666" r="2733" b="3727" fs="10">from</wd>
			<wd l="2770" t="3666" r="2971" b="3726" fs="10">Sabah</wd>
			<wd l="3004" t="3665" r="3056" b="3725" fs="10">is</wd>
			<wd l="3092" t="3665" r="3223" b="3725" fs="10">also</wd>
			<wd l="3257" t="3664" r="3453" b="3725" fs="10">worth</wd>
			<wd l="3484" t="3663" r="3865" b="3740" fs="10">mentioning</wd>
		</ln>
		<ln lx="2322" ly="3754" rx="3866" ry="3835">
			<wd l="2322" t="3758" r="2481" b="3819" fs="10">here.</wd>
			<wd l="2502" t="3758" r="2646" b="3818" fs="10">This</wd>
			<wd l="2666" t="3757" r="2899" b="3835" fs="10">species</wd>
			<wd l="2916" t="3757" r="3025" b="3817" fs="10">has</wd>
			<wd l="3045" t="3776" r="3081" b="3817" fs="10">a</wd>
			<wd l="3097" t="3756" r="3326" b="3816" fs="10">corolla</wd>
			<wd l="3340" t="3755" r="3487" b="3815" fs="10">with</wd>
			<wd l="3505" t="3774" r="3540" b="3815" fs="10">a</wd>
			<wd l="3554" t="3754" r="3866" b="3831" fs="10">markedly</wd>
		</ln>
		<ln lx="2324" ly="3845" rx="3869" ry="3910">
			<wd l="2324" t="3849" r="2579" b="3910" fs="10">inflated</wd>
			<wd l="2602" t="3849" r="2745" b="3909" fs="10">tube</wd>
			<wd l="2771" t="3848" r="2898" b="3909" fs="10">that</wd>
			<wd l="2920" t="3848" r="3031" b="3908" fs="10">has</wd>
			<wd l="3059" t="3867" r="3095" b="3908" fs="10">a</wd>
			<wd l="3120" t="3846" r="3487" b="3907" fs="10">constricted</wd>
			<wd l="3510" t="3845" r="3724" b="3906" fs="10">mouth</wd>
			<wd l="3751" t="3845" r="3869" b="3905" fs="10">and</wd>
		</ln>
		<ln lx="2323" ly="3938" rx="3867" ry="4017">
			<wd l="2323" t="3961" r="2562" b="4002" fs="10">narrow</wd>
			<wd l="2590" t="3941" r="2762" b="4002" fs="10">lobes</wd>
			<wd l="2792" t="3940" r="3036" b="4017" fs="10">(Omlor</wd>
			<wd l="3071" t="3939" r="3274" b="4016" fs="10">1996).</wd>
			<wd l="3306" t="3938" r="3503" b="3999" fs="10">These</wd>
			<wd l="3532" t="3938" r="3867" b="3999" fs="10">characters</wd>
		</ln>
		<ln lx="2326" ly="4029" rx="3864" ry="4108">
			<wd l="2326" t="4053" r="2425" b="4094" fs="10">are</wd>
			<wd l="2459" t="4041" r="2567" b="4093" fs="10">not</wd>
			<wd l="2601" t="4032" r="2796" b="4093" fs="10">found</wd>
			<wd l="2830" t="4032" r="2894" b="4091" fs="10">in</wd>
			<wd l="2928" t="4032" r="3101" b="4092" fs="10">other</wd>
			<wd l="3135" t="4031" r="3373" b="4108" fs="10">species</wd>
			<wd l="3410" t="4030" r="3487" b="4090" fs="10">of</wd>
			<wd l="3517" t="4032" r="3701" b="4107" fs="10">Hoya</wd>
			<wd l="3706" t="4079" r="3720" b="4101" fs="10">,</wd>
			<wd l="3755" t="4029" r="3864" b="4089" fs="10">but</wd>
		</ln>
		<ln lx="2322" ly="4121" rx="3868" ry="4185">
			<wd l="2322" t="4127" r="2396" b="4185" fs="10">H.</wd>
			<wd l="2437" t="4123" r="2829" b="4185" fs="10">telosmoides</wd>
			<wd l="2858" t="4123" r="2968" b="4184" fs="10">has</wd>
			<wd l="3002" t="4142" r="3038" b="4183" fs="10">a</wd>
			<wd l="3069" t="4122" r="3298" b="4183" fs="10">similar</wd>
			<wd l="3330" t="4121" r="3608" b="4182" fs="10">staminal</wd>
			<wd l="3641" t="4139" r="3868" b="4181" fs="10">corona</wd>
		</ln>
		<ln lx="2325" ly="4213" rx="3866" ry="4293">
			<wd l="2325" t="4225" r="2387" b="4277" fs="10">to</wd>
			<wd l="2407" t="4216" r="2576" b="4277" fs="10">other</wd>
			<wd l="2594" t="4216" r="2828" b="4293" fs="10">species</wd>
			<wd l="2848" t="4215" r="2925" b="4275" fs="10">of</wd>
			<wd l="2930" t="4215" r="3055" b="4275" fs="10">that</wd>
			<wd l="3072" t="4233" r="3263" b="4292" fs="10">genus</wd>
			<wd l="3282" t="4214" r="3400" b="4274" fs="10">and</wd>
			<wd l="3418" t="4213" r="3632" b="4274" fs="10">Omlor</wd>
			<wd l="3649" t="4213" r="3866" b="4289" fs="10">(1996)</wd>
		</ln>
		<ln lx="2328" ly="4304" rx="3867" ry="4382">
			<wd l="2328" t="4308" r="2671" b="4369" fs="10">concluded</wd>
			<wd l="2701" t="4308" r="2827" b="4368" fs="10">that</wd>
			<wd l="2860" t="4307" r="2904" b="4367" fs="10">it</wd>
			<wd l="2935" t="4306" r="3145" b="4367" fs="10">would</wd>
			<wd l="3177" t="4306" r="3254" b="4367" fs="10">be</wd>
			<wd l="3287" t="4306" r="3422" b="4366" fs="10">best</wd>
			<wd l="3453" t="4304" r="3671" b="4382" fs="10">placed</wd>
			<wd l="3701" t="4304" r="3867" b="4365" fs="10">there</wd>
		</ln>
		<ln lx="2326" ly="4395" rx="3866" ry="4475">
			<wd l="2326" t="4399" r="2478" b="4460" fs="10">until</wd>
			<wd l="2503" t="4399" r="2654" b="4460" fs="10">such</wd>
			<wd l="2674" t="4399" r="2820" b="4459" fs="10">time</wd>
			<wd l="2845" t="4418" r="2910" b="4459" fs="10">as</wd>
			<wd l="2935" t="4418" r="2971" b="4459" fs="10">a</wd>
			<wd l="2990" t="4397" r="3373" b="4475" fs="10">monograph</wd>
			<wd l="3396" t="4396" r="3473" b="4457" fs="10">of</wd>
			<wd l="3478" t="4398" r="3659" b="4473" fs="10">Hoya</wd>
			<wd l="3682" t="4395" r="3866" b="4456" fs="10">could</wd>
		</ln>
		<ln lx="2327" ly="4487" rx="3868" ry="4564">
			<wd l="2327" t="4492" r="2404" b="4552" fs="10">be</wd>
			<wd l="2421" t="4491" r="2792" b="4551" fs="10">undertaken</wd>
			<wd l="2810" t="4491" r="2929" b="4550" fs="10">and</wd>
			<wd l="2944" t="4490" r="3045" b="4550" fs="10">the</wd>
			<wd l="3066" t="4498" r="3249" b="4550" fs="10">status</wd>
			<wd l="3269" t="4489" r="3346" b="4549" fs="10">of</wd>
			<wd l="3352" t="4489" r="3452" b="4549" fs="10">the</wd>
			<wd l="3471" t="4487" r="3868" b="4564" fs="10">infrageneric</wd>
		</ln>
		<ln lx="2330" ly="4581" rx="3115" ry="4643">
			<wd l="2330" t="4582" r="2770" b="4643" fs="10">classification</wd>
			<wd l="2790" t="4581" r="3115" b="4642" fs="10">reviewed.</wd>
		</ln>
		<ln lx="2520" ly="4737" rx="3866" ry="4815">
			<wd l="2520" t="4741" r="2647" b="4801" fs="10">The</wd>
			<wd l="2671" t="4740" r="2949" b="4801" fs="10">staminal</wd>
			<wd l="2973" t="4759" r="3200" b="4800" fs="10">corona</wd>
			<wd l="3221" t="4739" r="3298" b="4800" fs="10">of</wd>
			<wd l="3303" t="4741" r="3384" b="4799" fs="10">M</wd>
			<wd l="3417" t="4739" r="3631" b="4815" fs="10">inflata</wd>
			<wd l="3652" t="4737" r="3866" b="4798" fs="10">differs</wd>
		</ln>
		<ln lx="2329" ly="4825" rx="3866" ry="4906">
			<wd l="2329" t="4829" r="2657" b="4906" fs="10">markedly</wd>
			<wd l="2696" t="4829" r="2861" b="4889" fs="10">from</wd>
			<wd l="2898" t="4828" r="3029" b="4888" fs="10">that</wd>
			<wd l="3066" t="4827" r="3146" b="4888" fs="10">of</wd>
			<wd l="3178" t="4829" r="3387" b="4904" fs="10">Hoya.</wd>
			<wd l="3424" t="4828" r="3492" b="4886" fs="10">In</wd>
			<wd l="3533" t="4828" r="3724" b="4903" fs="10">Hoya</wd>
			<wd l="3760" t="4825" r="3866" b="4885" fs="10">the</wd>
		</ln>
		<ln lx="2333" ly="4913" rx="3873" ry="4993">
			<wd l="2333" t="4917" r="2611" b="4978" fs="10">staminal</wd>
			<wd l="2637" t="4936" r="2865" b="4978" fs="10">corona</wd>
			<wd l="2888" t="4915" r="3224" b="4993" fs="10">comprises</wd>
			<wd l="3250" t="4915" r="3376" b="4975" fs="10">five</wd>
			<wd l="3404" t="4922" r="3673" b="4992" fs="10">separate</wd>
			<wd l="3700" t="4913" r="3873" b="4974" fs="10">lobes</wd>
		</ln>
		<ln lx="2330" ly="5002" rx="3872" ry="5067">
			<wd l="2330" t="5006" r="2457" b="5067" fs="10">that</wd>
			<wd l="2491" t="5025" r="2589" b="5066" fs="10">are</wd>
			<wd l="2626" t="5005" r="2904" b="5066" fs="10">attached</wd>
			<wd l="2935" t="5013" r="2999" b="5065" fs="10">to</wd>
			<wd l="3033" t="5004" r="3134" b="5064" fs="10">the</wd>
			<wd l="3168" t="5003" r="3358" b="5064" fs="10">backs</wd>
			<wd l="3394" t="5003" r="3472" b="5063" fs="10">of</wd>
			<wd l="3494" t="5002" r="3596" b="5063" fs="10">the</wd>
			<wd l="3632" t="5002" r="3872" b="5062" fs="10">anthers</wd>
		</ln>
		<ln lx="2333" ly="5091" rx="3873" ry="5156">
			<wd l="2333" t="5094" r="2513" b="5156" fs="10">fused</wd>
			<wd l="2538" t="5094" r="2664" b="5155" fs="10">into</wd>
			<wd l="2690" t="5094" r="2791" b="5155" fs="10">the</wd>
			<wd l="2819" t="5092" r="3097" b="5154" fs="10">staminal</wd>
			<wd l="3124" t="5092" r="3389" b="5153" fs="10">column.</wd>
			<wd l="3419" t="5091" r="3546" b="5152" fs="10">The</wd>
			<wd l="3574" t="5091" r="3746" b="5152" fs="10">lobes</wd>
			<wd l="3774" t="5110" r="3873" b="5151" fs="10">are</wd>
		</ln>
		<ln lx="2334" ly="5180" rx="3879" ry="5259">
			<wd l="2334" t="5183" r="2591" b="5244" fs="10">discrete</wd>
			<wd l="2625" t="5182" r="2744" b="5243" fs="10">and</wd>
			<wd l="2776" t="5181" r="3068" b="5259" fs="10">although</wd>
			<wd l="3098" t="5181" r="3241" b="5241" fs="10">well</wd>
			<wd l="3276" t="5180" r="3590" b="5258" fs="10">separated</wd>
			<wd l="3622" t="5180" r="3686" b="5239" fs="10">in</wd>
			<wd l="3716" t="5187" r="3879" b="5239" fs="10">most</wd>
		</ln>
		<ln lx="2332" ly="5268" rx="3875" ry="5348">
			<wd l="2332" t="5281" r="2472" b="5332" fs="10">taxa</wd>
			<wd l="2489" t="5271" r="2564" b="5332" fs="10">of</wd>
			<wd l="2564" t="5274" r="2742" b="5348" fs="10">Hoya</wd>
			<wd l="2757" t="5290" r="2898" b="5348" fs="10">may</wd>
			<wd l="2912" t="5270" r="2989" b="5331" fs="10">be</wd>
			<wd l="3007" t="5269" r="3235" b="5347" fs="10">closely</wd>
			<wd l="3252" t="5269" r="3609" b="5346" fs="10">contiguous</wd>
			<wd l="3627" t="5268" r="3690" b="5328" fs="10">in</wd>
			<wd l="3707" t="5287" r="3875" b="5328" fs="10">some</wd>
		</ln>
		<ln lx="2336" ly="5356" rx="3882" ry="5438">
			<wd l="2336" t="5360" r="2584" b="5438" fs="10">species.</wd>
			<wd l="2605" t="5359" r="2730" b="5420" fs="10">The</wd>
			<wd l="2748" t="5359" r="2934" b="5420" fs="10">lower</wd>
			<wd l="2950" t="5358" r="3101" b="5436" fs="10">edge</wd>
			<wd l="3120" t="5358" r="3196" b="5419" fs="10">of</wd>
			<wd l="3203" t="5357" r="3351" b="5418" fs="10">each</wd>
			<wd l="3369" t="5356" r="3641" b="5418" fs="10">staminal</wd>
			<wd l="3659" t="5375" r="3882" b="5417" fs="10">corona</wd>
		</ln>
		<ln lx="2336" ly="5446" rx="3876" ry="5526">
			<wd l="2336" t="5450" r="2477" b="5511" fs="10">lobe</wd>
			<wd l="2497" t="5450" r="2560" b="5509" fs="10">in</wd>
			<wd l="2569" t="5452" r="2749" b="5526" fs="10">Hoya</wd>
			<wd l="2767" t="5450" r="2818" b="5509" fs="10">is</wd>
			<wd l="2839" t="5449" r="3107" b="5526" fs="10">strongly</wd>
			<wd l="3124" t="5448" r="3381" b="5508" fs="10">inrolled</wd>
			<wd l="3399" t="5447" r="3581" b="5524" fs="10">along</wd>
			<wd l="3596" t="5447" r="3696" b="5507" fs="10">the</wd>
			<wd l="3716" t="5446" r="3876" b="5506" fs="10">sides</wd>
		</ln>
	</region>
</ocr-page>
