<?xml version="1.0" encoding="UTF-8"?>
<ocr-page type="coords" ocr-vers="1.0" creation-date="20130321" res="600" height="6300" width="4500">
	<region article-doi="10.2307/41729929" region-id="0">
		<rc l="629" t="726" r="3848" b="800"/>
		<ln lx="634" ly="731" rx="3843" ry="795">
			<wd l="634" t="733" r="781" b="781" fs="10">Snow</wd>
			<wd l="800" t="733" r="848" b="781" fs="10"><![CDATA[&]]></wd>
			<wd l="871" t="733" r="1054" b="791" fs="10">Simon,</wd>
			<wd l="1072" t="733" r="1373" b="795" fs="10">Leptochloa</wd>
			<wd l="1391" t="733" r="1719" b="781" fs="10">southwoodii</wd>
			<wd l="3753" t="731" r="3843" b="779" fs="10">139</wd>
		</ln>
	</region>
	<region article-doi="10.2307/41729929" region-id="1">
		<rc l="642" t="5324" r="3675" b="5469"/>
		<ln lx="648" ly="5329" rx="3670" ry="5392">
			<wd l="648" t="5332" r="752" b="5392" fs="10">Fig.</wd>
			<wd l="777" t="5332" r="817" b="5379" fs="10">1.</wd>
			<wd l="856" t="5331" r="1103" b="5392" fs="10">Holotype</wd>
			<wd l="1124" t="5330" r="1185" b="5379" fs="10">of</wd>
			<wd l="1193" t="5331" r="1495" b="5392" fs="10">Leptochloa</wd>
			<wd l="1513" t="5331" r="1841" b="5378" fs="10">southwoodii</wd>
			<wd l="1841" t="5370" r="1852" b="5388" fs="10">,</wd>
			<wd l="1875" t="5331" r="2039" b="5390" fs="10">(Snow</wd>
			<wd l="2059" t="5331" r="2227" b="5390" fs="10">7401),</wd>
			<wd l="2250" t="5345" r="2278" b="5378" fs="10">a</wd>
			<wd l="2297" t="5330" r="2545" b="5391" fs="10">specimen</wd>
			<wd l="2565" t="5345" r="2734" b="5391" fs="10">grown</wd>
			<wd l="2754" t="5330" r="2803" b="5377" fs="10">in</wd>
			<wd l="2821" t="5330" r="2901" b="5378" fs="10">the</wd>
			<wd l="2921" t="5330" r="3250" b="5390" fs="10">greenhouses</wd>
			<wd l="3272" t="5336" r="3317" b="5378" fs="10">at</wd>
			<wd l="3334" t="5329" r="3415" b="5377" fs="10">the</wd>
			<wd l="3434" t="5329" r="3670" b="5377" fs="10">Missouri</wd>
		</ln>
		<ln lx="647" ly="5404" rx="2813" ry="5464">
			<wd l="647" t="5405" r="900" b="5453" fs="10">Botanical</wd>
			<wd l="921" t="5405" r="1115" b="5453" fs="10">Garden</wd>
			<wd l="1135" t="5405" r="1262" b="5453" fs="10">from</wd>
			<wd l="1282" t="5405" r="1398" b="5453" fs="10">seed</wd>
			<wd l="1418" t="5405" r="1657" b="5453" fs="10">collected</wd>
			<wd l="1677" t="5405" r="1803" b="5453" fs="10">from</wd>
			<wd l="1818" t="5406" r="1962" b="5453" fs="10">Snow</wd>
			<wd l="1982" t="5406" r="2030" b="5453" fs="10"><![CDATA[&]]></wd>
			<wd l="2050" t="5406" r="2216" b="5453" fs="10">Simon</wd>
			<wd l="2237" t="5405" r="2367" b="5452" fs="10">7364</wd>
			<wd l="2388" t="5404" r="2598" b="5464" fs="10">(housed</wd>
			<wd l="2618" t="5411" r="2665" b="5452" fs="10">at</wd>
			<wd l="2682" t="5405" r="2813" b="5464" fs="10">BRI)</wd>
		</ln>
	</region>
</ocr-page>
