<?xml version="1.0" encoding="UTF-8"?>
<ocr-page type="coords" ocr-vers="1.0" creation-date="20130321" res="600" height="6300" width="4500">
	<region article-doi="10.2307/41729928" region-id="0">
		<rc l="649" t="728" r="3846" b="802"/>
		<ln lx="654" ly="733" rx="3841" ry="797">
			<wd l="654" t="744" r="744" b="791" fs="10">134</wd>
			<wd l="2874" t="735" r="3251" b="797" fs="10">Austrobaileya</wd>
			<wd l="3270" t="735" r="3392" b="796" fs="10">5(1):</wd>
			<wd l="3421" t="734" r="3644" b="782" fs="10">125-135</wd>
			<wd l="3667" t="733" r="3841" b="794" fs="10">(1997)</wd>
		</ln>
	</region>
	<region article-doi="10.2307/41729928" region-id="1">
		<rc l="640" t="852" r="2205" b="5363"/>
		<ln lx="838" ly="857" rx="2184" ry="937">
			<wd l="838" t="880" r="946" b="922" fs="10">s.n.</wd>
			<wd l="983" t="860" r="1175" b="937" fs="10">(holo:</wd>
			<wd l="1209" t="861" r="1396" b="920" fs="10">NSW</wd>
			<wd l="1426" t="879" r="1569" b="932" fs="10">n.v.,</wd>
			<wd l="1606" t="858" r="1731" b="919" fs="10">fide</wd>
			<wd l="1766" t="857" r="2184" b="936" fs="10">Chippendale</wd>
		</ln>
		<ln lx="838" ly="953" rx="1104" ry="1030">
			<wd l="838" t="953" r="1104" b="1030" fs="10">(1988)).</wd>
		</ln>
		<ln lx="645" ly="1113" rx="2183" ry="1190">
			<wd l="645" t="1117" r="1062" b="1177" fs="10">Distribution</wd>
			<wd l="1096" t="1117" r="1229" b="1176" fs="10">and</wd>
			<wd l="1256" t="1116" r="1520" b="1176" fs="10">habitat:</wd>
			<wd l="1550" t="1117" r="1614" b="1175" fs="10">E.</wd>
			<wd l="1655" t="1119" r="1841" b="1175" fs="10">rossii</wd>
			<wd l="1871" t="1113" r="1923" b="1174" fs="10">is</wd>
			<wd l="1956" t="1113" r="2183" b="1190" fs="10">widely</wd>
		</ln>
		<ln lx="650" ly="1205" rx="2185" ry="1269">
			<wd l="650" t="1208" r="1003" b="1269" fs="10">distributed</wd>
			<wd l="1020" t="1208" r="1083" b="1267" fs="10">in</wd>
			<wd l="1100" t="1207" r="1306" b="1268" fs="10">inland</wd>
			<wd l="1324" t="1226" r="1491" b="1267" fs="10">areas</wd>
			<wd l="1511" t="1207" r="1587" b="1267" fs="10">of</wd>
			<wd l="1592" t="1208" r="1752" b="1266" fs="10">New</wd>
			<wd l="1772" t="1205" r="1963" b="1266" fs="10">South</wd>
			<wd l="1980" t="1205" r="2185" b="1266" fs="10">Wales</wd>
		</ln>
		<ln lx="651" ly="1297" rx="2184" ry="1378">
			<wd l="651" t="1301" r="810" b="1362" fs="10">from</wd>
			<wd l="843" t="1300" r="1062" b="1378" fs="10">Pilliga</wd>
			<wd l="1093" t="1308" r="1155" b="1360" fs="10">to</wd>
			<wd l="1193" t="1298" r="1371" b="1360" fs="10">south</wd>
			<wd l="1406" t="1299" r="1484" b="1360" fs="10">of</wd>
			<wd l="1509" t="1298" r="1832" b="1359" fs="10">Canberra.</wd>
			<wd l="1870" t="1299" r="1920" b="1358" fs="10">It</wd>
			<wd l="1952" t="1297" r="2184" b="1375" fs="10">prefers</wd>
		</ln>
		<ln lx="651" ly="1389" rx="2186" ry="1470">
			<wd l="651" t="1393" r="847" b="1470" fs="10">sandy</wd>
			<wd l="882" t="1401" r="946" b="1453" fs="10">to</wd>
			<wd l="985" t="1392" r="1194" b="1469" fs="10">loamy</wd>
			<wd l="1232" t="1391" r="1405" b="1464" fs="10">soils,</wd>
			<wd l="1446" t="1410" r="1529" b="1452" fs="10">on</wd>
			<wd l="1566" t="1390" r="1691" b="1451" fs="10">low</wd>
			<wd l="1726" t="1390" r="1936" b="1468" fs="10">ridges</wd>
			<wd l="1974" t="1389" r="2038" b="1449" fs="10">in</wd>
			<wd l="2075" t="1389" r="2186" b="1467" fs="10">dry</wd>
		</ln>
		<ln lx="651" ly="1483" rx="1387" ry="1563">
			<wd l="651" t="1484" r="1016" b="1563" fs="10">sclerophyll</wd>
			<wd l="1042" t="1483" r="1387" b="1545" fs="10">woodland.</wd>
		</ln>
		<ln lx="649" ly="1648" rx="1681" ry="1711">
			<wd l="649" t="1652" r="844" b="1711" fs="10">Notes</wd>
			<wd l="869" t="1668" r="953" b="1710" fs="10">on</wd>
			<wd l="979" t="1667" r="1156" b="1710" fs="10">some</wd>
			<wd l="1184" t="1649" r="1426" b="1709" fs="10">'Green</wd>
			<wd l="1450" t="1648" r="1681" b="1708" fs="10">Ashes'</wd>
		</ln>
		<ln lx="650" ly="1811" rx="2184" ry="1890">
			<wd l="650" t="1813" r="956" b="1875" fs="10">informal</wd>
			<wd l="1008" t="1815" r="1447" b="1890" fs="10">Eucalyptus</wd>
			<wd l="1491" t="1811" r="1739" b="1872" fs="10">subser.</wd>
			<wd l="1797" t="1811" r="2184" b="1872" fs="10">Strictinae</wd>
		</ln>
		<ln lx="650" ly="1902" rx="2191" ry="1983">
			<wd l="650" t="1908" r="987" b="1983" fs="10">L.D.Pryor</wd>
			<wd l="1014" t="1907" r="1074" b="1966" fs="10"><![CDATA[&]]></wd>
			<wd l="1103" t="1907" r="1169" b="1965" fs="10">L.</wd>
			<wd l="1174" t="1904" r="1616" b="1977" fs="10">A.S.Johnson,</wd>
			<wd l="1646" t="1905" r="1705" b="1963" fs="10">A</wd>
			<wd l="1734" t="1902" r="2191" b="1964" fs="10">Classification</wd>
		</ln>
		<ln lx="650" ly="1996" rx="1559" ry="2074">
			<wd l="650" t="1998" r="727" b="2059" fs="10">of</wd>
			<wd l="739" t="1998" r="838" b="2059" fs="10">the</wd>
			<wd l="864" t="1997" r="1189" b="2074" fs="10">Eucalypts</wd>
			<wd l="1214" t="1998" r="1287" b="2056" fs="10">41</wd>
			<wd l="1321" t="1996" r="1559" b="2073" fs="10">(1971).</wd>
		</ln>
		<ln lx="650" ly="2159" rx="2182" ry="2239">
			<wd l="650" t="2163" r="1045" b="2239" fs="10">Eucalyptus</wd>
			<wd l="1071" t="2161" r="1535" b="2238" fs="10">approximans</wd>
			<wd l="1556" t="2159" r="1828" b="2231" fs="10">Maiden,</wd>
			<wd l="1853" t="2160" r="1901" b="2219" fs="10">J.</wd>
			<wd l="1929" t="2159" r="1989" b="2218" fs="10"><![CDATA[&]]></wd>
			<wd l="2013" t="2160" r="2182" b="2218" fs="10">Proc.</wd>
		</ln>
		<ln lx="839" ly="2250" rx="2183" ry="2331">
			<wd l="839" t="2256" r="1002" b="2331" fs="10">Roy.</wd>
			<wd l="1050" t="2254" r="1196" b="2314" fs="10">Soc.</wd>
			<wd l="1238" t="2255" r="1404" b="2313" fs="10">New</wd>
			<wd l="1446" t="2251" r="1651" b="2313" fs="10">South</wd>
			<wd l="1691" t="2250" r="1910" b="2312" fs="10">Wales</wd>
			<wd l="1954" t="2252" r="2058" b="2311" fs="10">53:</wd>
			<wd l="2105" t="2251" r="2183" b="2311" fs="10">65</wd>
		</ln>
		<ln lx="841" ly="2342" rx="2183" ry="2422">
			<wd l="841" t="2345" r="1091" b="2422" fs="10">(1919).</wd>
			<wd l="1165" t="2347" r="1385" b="2422" fs="10">Type:</wd>
			<wd l="1442" t="2346" r="1612" b="2404" fs="10">New</wd>
			<wd l="1668" t="2342" r="1880" b="2404" fs="10">South</wd>
			<wd l="1933" t="2342" r="2183" b="2403" fs="10">Wales.</wd>
		</ln>
		<ln lx="837" ly="2434" rx="2182" ry="2507">
			<wd l="837" t="2439" r="1168" b="2498" fs="10">Northern</wd>
			<wd l="1183" t="2439" r="1589" b="2496" fs="10">Tablelands:</wd>
			<wd l="1609" t="2438" r="1832" b="2496" fs="10">Barren</wd>
			<wd l="1847" t="2434" r="2182" b="2507" fs="10">Mountain,</wd>
		</ln>
		<ln lx="841" ly="2527" rx="2064" ry="2605">
			<wd l="841" t="2530" r="903" b="2590" fs="10">in</wd>
			<wd l="934" t="2531" r="1108" b="2603" fs="10">1901,</wd>
			<wd l="1132" t="2531" r="1205" b="2590" fs="10">H.</wd>
			<wd l="1233" t="2531" r="1453" b="2590" fs="10">Deane</wd>
			<wd l="1478" t="2548" r="1586" b="2589" fs="10">s.n.</wd>
			<wd l="1615" t="2528" r="1807" b="2605" fs="10">(holo:</wd>
			<wd l="1832" t="2527" r="2064" b="2604" fs="10">NSW).</wd>
		</ln>
		<ln lx="648" ly="2690" rx="2184" ry="2770">
			<wd l="648" t="2695" r="1065" b="2756" fs="10">Distribution</wd>
			<wd l="1100" t="2694" r="1234" b="2754" fs="10">and</wd>
			<wd l="1261" t="2694" r="1505" b="2754" fs="10">habitat</wd>
			<wd l="1507" t="2712" r="1522" b="2753" fs="10">:</wd>
			<wd l="1558" t="2694" r="1621" b="2753" fs="10">E.</wd>
			<wd l="1664" t="2696" r="2099" b="2770" fs="10">approximans</wd>
			<wd l="2133" t="2690" r="2184" b="2752" fs="10">is</wd>
		</ln>
		<ln lx="653" ly="2783" rx="2191" ry="2862">
			<wd l="653" t="2786" r="930" b="2848" fs="10">endemic</wd>
			<wd l="959" t="2794" r="1022" b="2847" fs="10">to</wd>
			<wd l="1053" t="2788" r="1279" b="2847" fs="10">Barren</wd>
			<wd l="1308" t="2785" r="1632" b="2846" fs="10">Mountain</wd>
			<wd l="1660" t="2804" r="1805" b="2845" fs="10">near</wd>
			<wd l="1833" t="2784" r="2096" b="2862" fs="10">Dorrigo</wd>
			<wd l="2128" t="2783" r="2191" b="2843" fs="10">in</wd>
		</ln>
		<ln lx="650" ly="2875" rx="2188" ry="2955">
			<wd l="650" t="2882" r="813" b="2940" fs="10">New</wd>
			<wd l="853" t="2878" r="1053" b="2940" fs="10">South</wd>
			<wd l="1092" t="2877" r="1326" b="2939" fs="10">Wales.</wd>
			<wd l="1369" t="2880" r="1421" b="2938" fs="10">It</wd>
			<wd l="1459" t="2896" r="1670" b="2955" fs="10">grows</wd>
			<wd l="1711" t="2896" r="1795" b="2937" fs="10">on</wd>
			<wd l="1834" t="2895" r="1869" b="2937" fs="10">a</wd>
			<wd l="1904" t="2875" r="2188" b="2953" fs="10">trachyte</wd>
		</ln>
		<ln lx="651" ly="2968" rx="2188" ry="3047">
			<wd l="651" t="2970" r="1095" b="3032" fs="10">mountainside</wd>
			<wd l="1113" t="2970" r="1260" b="3031" fs="10">with</wd>
			<wd l="1275" t="2989" r="1422" b="3047" fs="10">very</wd>
			<wd l="1442" t="2969" r="1588" b="3030" fs="10">little</wd>
			<wd l="1609" t="2969" r="1724" b="3030" fs="10">soil</wd>
			<wd l="1743" t="2968" r="2188" b="3046" fs="10">development,</wd>
		</ln>
		<ln lx="653" ly="3061" rx="1650" ry="3141">
			<wd l="653" t="3063" r="918" b="3141" fs="10">forming</wd>
			<wd l="943" t="3082" r="1020" b="3124" fs="10">an</wd>
			<wd l="1044" t="3062" r="1263" b="3124" fs="10">almost</wd>
			<wd l="1285" t="3081" r="1432" b="3140" fs="10">pure</wd>
			<wd l="1460" t="3061" r="1650" b="3122" fs="10">stand.</wd>
		</ln>
		<ln lx="652" ly="3223" rx="2186" ry="3305">
			<wd l="652" t="3229" r="1047" b="3305" fs="10">Eucalyptus</wd>
			<wd l="1077" t="3228" r="1534" b="3303" fs="10">codonocarpa</wd>
			<wd l="1559" t="3224" r="1818" b="3302" fs="10">Blakely</wd>
			<wd l="1847" t="3225" r="1907" b="3285" fs="10"><![CDATA[&]]></wd>
			<wd l="1936" t="3223" r="2186" b="3296" fs="10">McKie,</wd>
		</ln>
		<ln lx="841" ly="3316" rx="2187" ry="3380">
			<wd l="841" t="3322" r="1009" b="3380" fs="10">Proc.</wd>
			<wd l="1046" t="3319" r="1218" b="3379" fs="10">Linn.</wd>
			<wd l="1257" t="3319" r="1394" b="3379" fs="10">Soc.</wd>
			<wd l="1429" t="3320" r="1588" b="3378" fs="10">New</wd>
			<wd l="1623" t="3316" r="1815" b="3378" fs="10">South</wd>
			<wd l="1847" t="3316" r="2052" b="3377" fs="10">Wales</wd>
			<wd l="2089" t="3318" r="2187" b="3377" fs="10">55:</wd>
		</ln>
		<ln lx="844" ly="3407" rx="2184" ry="3487">
			<wd l="844" t="3412" r="970" b="3471" fs="10">589</wd>
			<wd l="1012" t="3410" r="1271" b="3487" fs="10">(1930);</wd>
			<wd l="1321" t="3411" r="1388" b="3470" fs="10">E.</wd>
			<wd l="1439" t="3413" r="1915" b="3487" fs="10">approximans</wd>
			<wd l="1959" t="3407" r="2184" b="3485" fs="10">subsp.</wd>
		</ln>
		<ln lx="842" ly="3499" rx="2189" ry="3580">
			<wd l="842" t="3503" r="1332" b="3580" fs="10">codonocarpa</wd>
			<wd l="1394" t="3501" r="1717" b="3579" fs="10">(Blakely</wd>
			<wd l="1780" t="3502" r="1840" b="3561" fs="10"><![CDATA[&]]></wd>
			<wd l="1904" t="3499" r="2189" b="3577" fs="10">McKie)</wd>
		</ln>
		<ln lx="842" ly="3594" rx="2192" ry="3666">
			<wd l="842" t="3595" r="1347" b="3657" fs="10">L.A.S.Johnson</wd>
			<wd l="1383" t="3596" r="1443" b="3656" fs="10"><![CDATA[&]]></wd>
			<wd l="1480" t="3594" r="1744" b="3666" fs="10">Blaxell,</wd>
			<wd l="1784" t="3594" r="1993" b="3654" fs="10">Contr.</wd>
			<wd l="2031" t="3594" r="2192" b="3653" fs="10">New</wd>
		</ln>
		<ln lx="846" ly="3685" rx="2188" ry="3763">
			<wd l="846" t="3688" r="1036" b="3750" fs="10">South</wd>
			<wd l="1064" t="3687" r="1268" b="3749" fs="10">Wales</wd>
			<wd l="1296" t="3686" r="1457" b="3748" fs="10">Natl.</wd>
			<wd l="1489" t="3686" r="1672" b="3748" fs="10">Herb.</wd>
			<wd l="1705" t="3687" r="1763" b="3747" fs="10">4:</wd>
			<wd l="1796" t="3686" r="1914" b="3747" fs="10">453</wd>
			<wd l="1950" t="3685" r="2188" b="3763" fs="10">(1973).</wd>
		</ln>
		<ln lx="842" ly="3779" rx="2190" ry="3860">
			<wd l="842" t="3784" r="1056" b="3860" fs="10">Type:</wd>
			<wd l="1098" t="3783" r="1263" b="3841" fs="10">New</wd>
			<wd l="1306" t="3780" r="1510" b="3841" fs="10">South</wd>
			<wd l="1550" t="3779" r="1789" b="3840" fs="10">Wales.</wd>
			<wd l="1830" t="3781" r="2190" b="3839" fs="10">Northern</wd>
		</ln>
		<ln lx="843" ly="3870" rx="2186" ry="3946">
			<wd l="843" t="3876" r="1262" b="3933" fs="10">Tablelands:</wd>
			<wd l="1301" t="3872" r="1603" b="3932" fs="10">Pheasant</wd>
			<wd l="1637" t="3873" r="1795" b="3943" fs="10">Mtn,</wd>
			<wd l="1833" t="3872" r="1870" b="3930" fs="10">2</wd>
			<wd l="1907" t="3870" r="2087" b="3930" fs="10">miles</wd>
			<wd l="2129" t="3870" r="2186" b="3946" fs="10">[3</wd>
		</ln>
		<ln lx="842" ly="3962" rx="2190" ry="4042">
			<wd l="842" t="3965" r="969" b="4042" fs="10">km]</wd>
			<wd l="993" t="3966" r="1104" b="4026" fs="10">NE</wd>
			<wd l="1127" t="3964" r="1204" b="4026" fs="10">of</wd>
			<wd l="1215" t="3964" r="1588" b="4037" fs="10">Backwater,</wd>
			<wd l="1614" t="3964" r="1693" b="4025" fs="10">30</wd>
			<wd l="1718" t="3962" r="1986" b="4024" fs="10">October</wd>
			<wd l="2015" t="3963" r="2190" b="4035" fs="10">1929,</wd>
		</ln>
		<ln lx="842" ly="4054" rx="2194" ry="4130">
			<wd l="842" t="4060" r="980" b="4117" fs="10">E.N.</wd>
			<wd l="1013" t="4060" r="1235" b="4116" fs="10">McKie</wd>
			<wd l="1235" t="4106" r="1247" b="4125" fs="10">,</wd>
			<wd l="1285" t="4059" r="1337" b="4115" fs="10">T.</wd>
			<wd l="1378" t="4058" r="1644" b="4115" fs="10">Youman</wd>
			<wd l="1673" t="4057" r="1730" b="4114" fs="10"><![CDATA[&]]></wd>
			<wd l="1767" t="4057" r="1909" b="4114" fs="10">W.F.</wd>
			<wd l="1941" t="4054" r="2194" b="4130" fs="10">Blakely</wd>
		</ln>
		<ln lx="845" ly="4146" rx="1756" ry="4224">
			<wd l="845" t="4168" r="953" b="4208" fs="10">s.n.</wd>
			<wd l="982" t="4147" r="1173" b="4224" fs="10">(holo:</wd>
			<wd l="1199" t="4148" r="1406" b="4219" fs="10">NSW;</wd>
			<wd l="1433" t="4147" r="1546" b="4207" fs="10">iso:</wd>
			<wd l="1574" t="4146" r="1756" b="4222" fs="10">BRI).</wd>
		</ln>
		<ln lx="724" ly="4305" rx="2190" ry="4377">
			<wd l="724" t="4312" r="787" b="4370" fs="10">E.</wd>
			<wd l="830" t="4309" r="1225" b="4370" fs="10">microcodon</wd>
			<wd l="1258" t="4307" r="1753" b="4368" fs="10">L.A.S.Johnson</wd>
			<wd l="1786" t="4308" r="1846" b="4367" fs="10"><![CDATA[&]]></wd>
			<wd l="1881" t="4305" r="2190" b="4377" fs="10">K.D.HÌ11,</wd>
		</ln>
		<ln lx="845" ly="4399" rx="2188" ry="4478">
			<wd l="845" t="4401" r="1127" b="4478" fs="10">Telopea</wd>
			<wd l="1164" t="4400" r="1330" b="4476" fs="10">4(2):</wd>
			<wd l="1375" t="4400" r="1499" b="4460" fs="10">348</wd>
			<wd l="1542" t="4399" r="1796" b="4475" fs="10">(1991),</wd>
			<wd l="1846" t="4415" r="1991" b="4475" fs="10">syn.</wd>
			<wd l="2034" t="4415" r="2188" b="4457" fs="10">nov.</wd>
		</ln>
		<ln lx="845" ly="4490" rx="2185" ry="4570">
			<wd l="845" t="4495" r="1042" b="4570" fs="10">Type:</wd>
			<wd l="1078" t="4490" r="1487" b="4567" fs="10">Queensland.</wd>
			<wd l="1521" t="4493" r="1830" b="4551" fs="10">Moreton</wd>
			<wd l="1887" t="4491" r="2185" b="4549" fs="10">District:</wd>
		</ln>
		<ln lx="845" ly="4580" rx="2193" ry="4661">
			<wd l="845" t="4587" r="941" b="4645" fs="10">Mt</wd>
			<wd l="974" t="4586" r="1231" b="4661" fs="10">Barney,</wd>
			<wd l="1270" t="4582" r="1449" b="4644" fs="10">south</wd>
			<wd l="1480" t="4582" r="1671" b="4660" fs="10">ridge,</wd>
			<wd l="1716" t="4583" r="1786" b="4642" fs="10">17</wd>
			<wd l="1823" t="4583" r="1975" b="4658" fs="10">May</wd>
			<wd l="2017" t="4580" r="2193" b="4652" fs="10">1969,</wd>
		</ln>
		<ln lx="849" ly="4673" rx="1854" ry="4752">
			<wd l="849" t="4675" r="1241" b="4752" fs="10">C.R.Dunlop</wd>
			<wd l="1267" t="4694" r="1375" b="4735" fs="10">s.n.</wd>
			<wd l="1404" t="4674" r="1596" b="4750" fs="10">(holo:</wd>
			<wd l="1622" t="4673" r="1854" b="4749" fs="10">NSW).</wd>
		</ln>
		<ln lx="653" ly="4835" rx="2194" ry="4911">
			<wd l="653" t="4839" r="1094" b="4900" fs="10">Distribution</wd>
			<wd l="1134" t="4839" r="1272" b="4898" fs="10">and</wd>
			<wd l="1304" t="4838" r="1560" b="4898" fs="10">habitat</wd>
			<wd l="1564" t="4855" r="1579" b="4896" fs="10">:</wd>
			<wd l="1619" t="4837" r="1685" b="4896" fs="10">E.</wd>
			<wd l="1733" t="4835" r="2194" b="4911" fs="10">codonocarpa</wd>
		</ln>
		<ln lx="659" ly="4927" rx="2198" ry="4993">
			<wd l="659" t="4931" r="924" b="4993" fs="10">extends</wd>
			<wd l="965" t="4931" r="1132" b="4991" fs="10">from</wd>
			<wd l="1169" t="4932" r="1268" b="4990" fs="10">Mt</wd>
			<wd l="1305" t="4931" r="1582" b="4989" fs="10">Maroon</wd>
			<wd l="1620" t="4928" r="1686" b="4987" fs="10">in</wd>
			<wd l="1726" t="4927" r="2198" b="4988" fs="10">south-eastern</wd>
		</ln>
		<ln lx="659" ly="5017" rx="2200" ry="5098">
			<wd l="659" t="5022" r="1045" b="5098" fs="10">Queensland</wd>
			<wd l="1059" t="5030" r="1122" b="5082" fs="10">to</wd>
			<wd l="1156" t="5021" r="1313" b="5082" fs="10">Glen</wd>
			<wd l="1330" t="5022" r="1523" b="5092" fs="10">Innes,</wd>
			<wd l="1542" t="5019" r="1821" b="5080" fs="10">northern</wd>
			<wd l="1834" t="5020" r="1992" b="5079" fs="10">New</wd>
			<wd l="2012" t="5017" r="2200" b="5078" fs="10">South</wd>
		</ln>
		<ln lx="659" ly="5108" rx="2200" ry="5191">
			<wd l="659" t="5115" r="863" b="5175" fs="10">Wales</wd>
			<wd l="890" t="5163" r="900" b="5174" fs="10">.</wd>
			<wd l="925" t="5116" r="974" b="5173" fs="10">It</wd>
			<wd l="994" t="5132" r="1195" b="5191" fs="10">grows</wd>
			<wd l="1217" t="5131" r="1299" b="5172" fs="10">on</wd>
			<wd l="1317" t="5111" r="1466" b="5171" fs="10">rock</wd>
			<wd l="1486" t="5119" r="1770" b="5188" fs="10">outcrops</wd>
			<wd l="1793" t="5109" r="1870" b="5169" fs="10">of</wd>
			<wd l="1881" t="5108" r="2109" b="5187" fs="10">granite</wd>
			<wd l="2132" t="5127" r="2200" b="5168" fs="10">or</wd>
		</ln>
		<ln lx="657" ly="5201" rx="2199" ry="5284">
			<wd l="657" t="5207" r="964" b="5284" fs="10">rhyolite,</wd>
			<wd l="1007" t="5205" r="1223" b="5265" fs="10">where</wd>
			<wd l="1268" t="5204" r="1394" b="5264" fs="10">soil</wd>
			<wd l="1437" t="5203" r="1904" b="5279" fs="10">development</wd>
			<wd l="1944" t="5201" r="1999" b="5261" fs="10">is</wd>
			<wd l="2040" t="5220" r="2199" b="5277" fs="10">very</wd>
		</ln>
		<ln lx="661" ly="5297" rx="910" ry="5358">
			<wd l="661" t="5297" r="910" b="5358" fs="10">limited.</wd>
		</ln>
	</region>
	<region article-doi="10.2307/41729928" region-id="2">
		<rc l="2315" t="845" r="3880" b="3298"/>
		<ln lx="2320" ly="850" rx="3863" ry="932">
			<wd l="2320" t="858" r="2517" b="917" fs="10">Notes</wd>
			<wd l="2524" t="875" r="2539" b="917" fs="10">:</wd>
			<wd l="2559" t="857" r="2623" b="916" fs="10">E.</wd>
			<wd l="2650" t="855" r="3088" b="932" fs="10">codonocarpa</wd>
			<wd l="3104" t="853" r="3155" b="914" fs="10">is</wd>
			<wd l="3173" t="852" r="3403" b="931" fs="10">readily</wd>
			<wd l="3422" t="850" r="3863" b="930" fs="10">distinguished</wd>
		</ln>
		<ln lx="2326" ly="943" rx="3862" ry="1026">
			<wd l="2326" t="949" r="2480" b="1009" fs="10">from</wd>
			<wd l="2511" t="950" r="2575" b="1009" fs="10">E.</wd>
			<wd l="2614" t="952" r="3049" b="1026" fs="10">approximans</wd>
			<wd l="3077" t="946" r="3160" b="1024" fs="10">by</wd>
			<wd l="3190" t="946" r="3265" b="1006" fs="10">its</wd>
			<wd l="3297" t="945" r="3490" b="1023" fs="10">larger</wd>
			<wd l="3520" t="944" r="3711" b="1017" fs="10">fruits,</wd>
			<wd l="3745" t="943" r="3862" b="1005" fs="10">and</wd>
		</ln>
		<ln lx="2324" ly="1036" rx="3866" ry="1116">
			<wd l="2324" t="1040" r="2581" b="1102" fs="10">broader</wd>
			<wd l="2606" t="1040" r="2810" b="1101" fs="10">leaves</wd>
			<wd l="2835" t="1039" r="3091" b="1100" fs="10">without</wd>
			<wd l="3113" t="1038" r="3313" b="1100" fs="10">raised</wd>
			<wd l="3337" t="1037" r="3421" b="1099" fs="10">oil</wd>
			<wd l="3447" t="1037" r="3661" b="1116" fs="10">glands</wd>
			<wd l="3686" t="1036" r="3866" b="1097" fs="10">when</wd>
		</ln>
		<ln lx="2327" ly="1130" rx="3863" ry="1210">
			<wd l="2327" t="1133" r="2450" b="1210" fs="10">dry.</wd>
			<wd l="2470" t="1135" r="2790" b="1204" fs="10">However,</wd>
			<wd l="2808" t="1131" r="2907" b="1192" fs="10">the</wd>
			<wd l="2923" t="1140" r="3063" b="1208" fs="10">type</wd>
			<wd l="3082" t="1130" r="3156" b="1191" fs="10">of</wd>
			<wd l="3156" t="1133" r="3217" b="1190" fs="10">E.</wd>
			<wd l="3243" t="1130" r="3631" b="1190" fs="10">microcodon</wd>
			<wd l="3647" t="1136" r="3863" b="1189" fs="10">cannot</wd>
		</ln>
		<ln lx="2325" ly="1220" rx="3861" ry="1302">
			<wd l="2325" t="1224" r="2402" b="1285" fs="10">be</wd>
			<wd l="2439" t="1222" r="2887" b="1302" fs="10">distinguished</wd>
			<wd l="2922" t="1223" r="3082" b="1283" fs="10">from</wd>
			<wd l="3122" t="1224" r="3187" b="1283" fs="10">E.</wd>
			<wd l="3231" t="1221" r="3694" b="1299" fs="10">codonocarpa.</wd>
			<wd l="3733" t="1220" r="3861" b="1280" fs="10">The</wd>
		</ln>
		<ln lx="2328" ly="1313" rx="3865" ry="1395">
			<wd l="2328" t="1316" r="2835" b="1395" fs="10">distinguishing</wd>
			<wd l="2875" t="1315" r="3234" b="1376" fs="10">characters</wd>
			<wd l="3275" t="1314" r="3470" b="1392" fs="10">given</wd>
			<wd l="3507" t="1314" r="3592" b="1391" fs="10">by</wd>
			<wd l="3630" t="1313" r="3765" b="1373" fs="10">Hill</wd>
			<wd l="3806" t="1314" r="3865" b="1373" fs="10"><![CDATA[&]]></wd>
		</ln>
		<ln lx="2327" ly="1405" rx="3868" ry="1485">
			<wd l="2327" t="1409" r="2632" b="1470" fs="10">Johnson</wd>
			<wd l="2676" t="1408" r="2922" b="1485" fs="10">(1991)</wd>
			<wd l="2969" t="1426" r="3216" b="1485" fs="10">appear</wd>
			<wd l="3257" t="1415" r="3324" b="1467" fs="10">to</wd>
			<wd l="3369" t="1406" r="3451" b="1467" fs="10">be</wd>
			<wd l="3497" t="1405" r="3710" b="1466" fs="10">either</wd>
			<wd l="3751" t="1413" r="3868" b="1465" fs="10">not</wd>
		</ln>
		<ln lx="2328" ly="1497" rx="3865" ry="1570">
			<wd l="2328" t="1501" r="2661" b="1562" fs="10">consistent</wd>
			<wd l="2689" t="1520" r="2757" b="1561" fs="10">or</wd>
			<wd l="2785" t="1519" r="3130" b="1561" fs="10">erroneous.</wd>
			<wd l="3163" t="1498" r="3289" b="1559" fs="10">The</wd>
			<wd l="3319" t="1498" r="3451" b="1559" fs="10">leaf</wd>
			<wd l="3470" t="1497" r="3865" b="1570" fs="10">dimensions,</wd>
		</ln>
		<ln lx="2326" ly="1590" rx="3865" ry="1670">
			<wd l="2326" t="1594" r="2653" b="1655" fs="10">thickness</wd>
			<wd l="2694" t="1593" r="2817" b="1654" fs="10">and</wd>
			<wd l="2853" t="1592" r="3157" b="1653" fs="10">venation</wd>
			<wd l="3193" t="1600" r="3438" b="1670" fs="10">pattern</wd>
			<wd l="3477" t="1590" r="3865" b="1652" fs="10">differences</wd>
		</ln>
		<ln lx="2326" ly="1683" rx="3864" ry="1760">
			<wd l="2326" t="1686" r="2605" b="1747" fs="10">between</wd>
			<wd l="2634" t="1688" r="2698" b="1746" fs="10">E.</wd>
			<wd l="2740" t="1684" r="3137" b="1746" fs="10">microcodon</wd>
			<wd l="3169" t="1683" r="3282" b="1744" fs="10">and</wd>
			<wd l="3319" t="1685" r="3383" b="1744" fs="10">E.</wd>
			<wd l="3426" t="1683" r="3864" b="1760" fs="10">codonocarpa</wd>
		</ln>
		<ln lx="2329" ly="1774" rx="3870" ry="1856">
			<wd l="2329" t="1780" r="2426" b="1856" fs="10">(as</wd>
			<wd l="2467" t="1777" r="2636" b="1840" fs="10">cited</wd>
			<wd l="2673" t="1778" r="2758" b="1856" fs="10">by</wd>
			<wd l="2796" t="1777" r="2930" b="1838" fs="10">Hill</wd>
			<wd l="2971" t="1778" r="3031" b="1838" fs="10"><![CDATA[&]]></wd>
			<wd l="3071" t="1776" r="3388" b="1853" fs="10">Johnson)</wd>
			<wd l="3429" t="1795" r="3532" b="1837" fs="10">are</wd>
			<wd l="3569" t="1774" r="3870" b="1852" fs="10">virtually</wd>
		</ln>
		<ln lx="2328" ly="1867" rx="3870" ry="1949">
			<wd l="2328" t="1870" r="2918" b="1949" fs="10">indistinguishable.</wd>
			<wd l="2957" t="1870" r="3084" b="1930" fs="10">The</wd>
			<wd l="3120" t="1869" r="3281" b="1930" fs="10">cited</wd>
			<wd l="3315" t="1868" r="3652" b="1929" fs="10">difference</wd>
			<wd l="3688" t="1868" r="3751" b="1927" fs="10">in</wd>
			<wd l="3786" t="1867" r="3870" b="1928" fs="10">oil</wd>
		</ln>
		<ln lx="2328" ly="1960" rx="3870" ry="2042">
			<wd l="2328" t="1963" r="2513" b="2042" fs="10">gland</wd>
			<wd l="2533" t="1963" r="2773" b="2040" fs="10">density</wd>
			<wd l="2793" t="1962" r="2845" b="2023" fs="10">is</wd>
			<wd l="2867" t="1961" r="3227" b="2023" fs="10">observable</wd>
			<wd l="3249" t="1961" r="3312" b="2021" fs="10">in</wd>
			<wd l="3333" t="1979" r="3504" b="2021" fs="10">some</wd>
			<wd l="3527" t="1960" r="3870" b="2038" fs="10">specimens</wd>
		</ln>
		<ln lx="2327" ly="2052" rx="3864" ry="2117">
			<wd l="2327" t="2056" r="2432" b="2117" fs="10">but</wd>
			<wd l="2446" t="2063" r="2551" b="2116" fs="10">not</wd>
			<wd l="2567" t="2055" r="2629" b="2115" fs="10">in</wd>
			<wd l="2646" t="2054" r="2859" b="2116" fs="10">others.</wd>
			<wd l="2880" t="2053" r="3004" b="2115" fs="10">The</wd>
			<wd l="3023" t="2053" r="3161" b="2114" fs="10">fruit</wd>
			<wd l="3178" t="2053" r="3330" b="2114" fs="10">sizes</wd>
			<wd l="3349" t="2052" r="3425" b="2113" fs="10">of</wd>
			<wd l="3429" t="2052" r="3528" b="2113" fs="10">the</wd>
			<wd l="3543" t="2060" r="3665" b="2113" fs="10">two</wd>
			<wd l="3689" t="2053" r="3864" b="2112" fs="10">'taxa'</wd>
		</ln>
		<ln lx="2330" ly="2144" rx="3869" ry="2225">
			<wd l="2330" t="2167" r="2428" b="2209" fs="10">are</wd>
			<wd l="2461" t="2156" r="2569" b="2209" fs="10">not</wd>
			<wd l="2605" t="2146" r="3021" b="2225" fs="10">significantly</wd>
			<wd l="3056" t="2146" r="3361" b="2218" fs="10">different,</wd>
			<wd l="3399" t="2145" r="3518" b="2206" fs="10">and</wd>
			<wd l="3551" t="2144" r="3735" b="2205" fs="10">while</wd>
			<wd l="3768" t="2144" r="3869" b="2205" fs="10">the</wd>
		</ln>
		<ln lx="2332" ly="2237" rx="3870" ry="2319">
			<wd l="2332" t="2239" r="2749" b="2319" fs="10">Springbrook</wd>
			<wd l="2764" t="2247" r="2827" b="2300" fs="10">to</wd>
			<wd l="2847" t="2241" r="2943" b="2299" fs="10">Mt</wd>
			<wd l="2960" t="2240" r="3225" b="2299" fs="10">Maroon</wd>
			<wd l="3242" t="2237" r="3513" b="2298" fs="10">material</wd>
			<wd l="3533" t="2237" r="3682" b="2298" fs="10">does</wd>
			<wd l="3700" t="2255" r="3870" b="2297" fs="10">more</wd>
		</ln>
		<ln lx="2330" ly="2328" rx="3870" ry="2410">
			<wd l="2330" t="2332" r="2500" b="2393" fs="10">often</wd>
			<wd l="2532" t="2351" r="2782" b="2410" fs="10">possess</wd>
			<wd l="2820" t="2330" r="3186" b="2392" fs="10">7-flowered</wd>
			<wd l="3220" t="2330" r="3717" b="2401" fs="10">inflorescences,</wd>
			<wd l="3751" t="2328" r="3870" b="2389" fs="10">this</wd>
		</ln>
		<ln lx="2330" ly="2421" rx="3868" ry="2501">
			<wd l="2330" t="2425" r="2559" b="2486" fs="10">feature</wd>
			<wd l="2582" t="2424" r="2634" b="2485" fs="10">is</wd>
			<wd l="2659" t="2424" r="2789" b="2485" fs="10">also</wd>
			<wd l="2811" t="2431" r="3054" b="2501" fs="10">present</wd>
			<wd l="3076" t="2423" r="3139" b="2483" fs="10">in</wd>
			<wd l="3155" t="2425" r="3217" b="2483" fs="10">E.</wd>
			<wd l="3248" t="2422" r="3688" b="2499" fs="10">codonocarpa</wd>
			<wd l="3709" t="2421" r="3868" b="2482" fs="10">from</wd>
		</ln>
		<ln lx="2328" ly="2515" rx="2885" ry="2595">
			<wd l="2328" t="2517" r="2429" b="2578" fs="10">the</wd>
			<wd l="2451" t="2525" r="2594" b="2595" fs="10">type</wd>
			<wd l="2620" t="2515" r="2885" b="2593" fs="10">locality.</wd>
		</ln>
		<ln lx="2329" ly="2682" rx="3018" ry="2758">
			<wd l="2329" t="2682" r="3018" b="2758" fs="10">Acknowledgements</wd>
		</ln>
		<ln lx="2330" ly="2842" rx="3866" ry="2923">
			<wd l="2330" t="2847" r="2355" b="2905" fs="10">I</wd>
			<wd l="2375" t="2865" r="2473" b="2906" fs="10">am</wd>
			<wd l="2491" t="2844" r="2747" b="2923" fs="10">grateful</wd>
			<wd l="2764" t="2852" r="2827" b="2905" fs="10">to</wd>
			<wd l="2847" t="2843" r="2992" b="2905" fs="10">Will</wd>
			<wd l="3014" t="2843" r="3208" b="2904" fs="10">Smith</wd>
			<wd l="3226" t="2843" r="3322" b="2904" fs="10">for</wd>
			<wd l="3337" t="2843" r="3438" b="2904" fs="10">the</wd>
			<wd l="3457" t="2842" r="3866" b="2914" fs="10">illustrations,</wd>
		</ln>
		<ln lx="2330" ly="2934" rx="3872" ry="3014">
			<wd l="2330" t="2939" r="2449" b="2998" fs="10">Les</wd>
			<wd l="2486" t="2936" r="2716" b="3014" fs="10">Pedley</wd>
			<wd l="2753" t="2936" r="2850" b="2997" fs="10">for</wd>
			<wd l="2883" t="2936" r="2985" b="2996" fs="10">the</wd>
			<wd l="3022" t="2935" r="3200" b="2996" fs="10">Latin</wd>
			<wd l="3236" t="2935" r="3577" b="3013" fs="10">diagnosis,</wd>
			<wd l="3616" t="2934" r="3736" b="2995" fs="10">and</wd>
			<wd l="3770" t="2934" r="3872" b="2994" fs="10">the</wd>
		</ln>
		<ln lx="2330" ly="3026" rx="3875" ry="3091">
			<wd l="2330" t="3030" r="2613" b="3091" fs="10">Director</wd>
			<wd l="2647" t="3029" r="2726" b="3090" fs="10">of</wd>
			<wd l="2749" t="3028" r="2851" b="3090" fs="10">the</wd>
			<wd l="2884" t="3027" r="3176" b="3089" fs="10">National</wd>
			<wd l="3212" t="3027" r="3578" b="3088" fs="10">Herbarium</wd>
			<wd l="3614" t="3026" r="3692" b="3087" fs="10">of</wd>
			<wd l="3714" t="3029" r="3875" b="3087" fs="10">New</wd>
		</ln>
		<ln lx="2334" ly="3119" rx="3875" ry="3198">
			<wd l="2334" t="3122" r="2525" b="3183" fs="10">South</wd>
			<wd l="2557" t="3121" r="2763" b="3183" fs="10">Wales</wd>
			<wd l="2798" t="3121" r="3037" b="3198" fs="10">(NSW)</wd>
			<wd l="3072" t="3120" r="3169" b="3181" fs="10">for</wd>
			<wd l="3198" t="3120" r="3298" b="3181" fs="10">the</wd>
			<wd l="3334" t="3120" r="3476" b="3181" fs="10">loan</wd>
			<wd l="3508" t="3119" r="3586" b="3180" fs="10">of</wd>
			<wd l="3607" t="3119" r="3875" b="3180" fs="10">relevant</wd>
		</ln>
		<ln lx="2333" ly="3214" rx="2696" ry="3293">
			<wd l="2333" t="3214" r="2696" b="3293" fs="10">specimens.</wd>
		</ln>
	</region>
	<region article-doi="10.2307/41729928" region-id="3">
		<rc l="2326" t="3373" r="2724" b="3443"/>
		<ln lx="2331" ly="3378" rx="2719" ry="3438">
			<wd l="2331" t="3378" r="2719" b="3438" fs="10">References</wd>
		</ln>
	</region>
	<region article-doi="10.2307/41729928" region-id="4">
		<rc l="2326" t="3510" r="3872" b="3798"/>
		<ln lx="2331" ly="3515" rx="3866" ry="3576">
			<wd l="2331" t="3518" r="2553" b="3576" fs="10">Boland,</wd>
			<wd l="2571" t="3518" r="2617" b="3565" fs="10">D</wd>
			<wd l="2624" t="3517" r="2693" b="3575" fs="10">.J.,</wd>
			<wd l="2712" t="3517" r="2962" b="3574" fs="10">Brooker,</wd>
			<wd l="2981" t="3516" r="3175" b="3574" fs="10">M.I.H.,</wd>
			<wd l="3196" t="3516" r="3539" b="3573" fs="10">Chippendale,</wd>
			<wd l="3559" t="3515" r="3866" b="3572" fs="10">G.M.,Hall,</wd>
		</ln>
		<ln lx="2519" ly="3590" rx="3866" ry="3651">
			<wd l="2519" t="3594" r="2599" b="3651" fs="10">N.,</wd>
			<wd l="2615" t="3594" r="2840" b="3650" fs="10">Hyland,</wd>
			<wd l="2856" t="3593" r="3061" b="3650" fs="10">B.P.M.,</wd>
			<wd l="3077" t="3593" r="3338" b="3649" fs="10">Johnston,</wd>
			<wd l="3354" t="3592" r="3494" b="3648" fs="10">R.D.,</wd>
			<wd l="3511" t="3592" r="3725" b="3648" fs="10">Kleinig,</wd>
			<wd l="3741" t="3590" r="3866" b="3638" fs="10">D.A.</wd>
		</ln>
		<ln lx="2522" ly="3664" rx="3867" ry="3729">
			<wd l="2522" t="3669" r="2570" b="3718" fs="10"><![CDATA[&]]></wd>
			<wd l="2594" t="3669" r="2805" b="3727" fs="10">Turner,</wd>
			<wd l="2829" t="3668" r="2931" b="3717" fs="10">J.D.</wd>
			<wd l="2957" t="3667" r="3145" b="3729" fs="10">(1984).</wd>
			<wd l="3171" t="3668" r="3348" b="3715" fs="10">Forest</wd>
			<wd l="3371" t="3667" r="3514" b="3715" fs="10">Trees</wd>
			<wd l="3537" t="3665" r="3601" b="3728" fs="10">of</wd>
			<wd l="3604" t="3664" r="3867" b="3723" fs="10">Australia,</wd>
		</ln>
		<ln lx="2522" ly="3742" rx="3506" ry="3793">
			<wd l="2522" t="3744" r="2620" b="3793" fs="10">4th.</wd>
			<wd l="2643" t="3744" r="2717" b="3793" fs="10">ed.</wd>
			<wd l="2740" t="3743" r="3048" b="3792" fs="10">Melbourne:</wd>
			<wd l="3072" t="3743" r="3284" b="3791" fs="10">Thomas</wd>
			<wd l="3301" t="3742" r="3506" b="3791" fs="10">Nelson.</wd>
		</ln>
	</region>
	<region article-doi="10.2307/41729928" region-id="5">
		<rc l="2327" t="3857" r="3879" b="4145"/>
		<ln lx="2332" ly="3862" rx="3871" ry="3927">
			<wd l="2332" t="3868" r="2600" b="3925" fs="10">Brooker,</wd>
			<wd l="2633" t="3867" r="2820" b="3915" fs="10">M.I.H.</wd>
			<wd l="2856" t="3865" r="3061" b="3927" fs="10">(1977).</wd>
			<wd l="3097" t="3864" r="3320" b="3913" fs="10">Internal</wd>
			<wd l="3352" t="3864" r="3468" b="3913" fs="10">Bud</wd>
			<wd l="3499" t="3862" r="3871" b="3925" fs="10">Morphology,</wd>
		</ln>
		<ln lx="2525" ly="3938" rx="3874" ry="4004">
			<wd l="2525" t="3941" r="2756" b="4004" fs="10">Seedling</wd>
			<wd l="2779" t="3941" r="3062" b="3991" fs="10">Characters</wd>
			<wd l="3086" t="3939" r="3180" b="3990" fs="10">and</wd>
			<wd l="3204" t="3939" r="3570" b="3989" fs="10">Classification</wd>
			<wd l="3594" t="3939" r="3642" b="3987" fs="10">in</wd>
			<wd l="3664" t="3938" r="3744" b="3988" fs="10">the</wd>
			<wd l="3767" t="3938" r="3874" b="3987" fs="10">Ash</wd>
		</ln>
		<ln lx="2524" ly="4014" rx="3873" ry="4079">
			<wd l="2524" t="4019" r="2691" b="4079" fs="10">Group</wd>
			<wd l="2719" t="4017" r="2781" b="4065" fs="10">of</wd>
			<wd l="2799" t="4017" r="3075" b="4077" fs="10">Eucalypts.</wd>
			<wd l="3107" t="4016" r="3395" b="4063" fs="10">Australian</wd>
			<wd l="3420" t="4017" r="3599" b="4062" fs="10">Forest</wd>
			<wd l="3622" t="4014" r="3873" b="4061" fs="10">Research</wd>
		</ln>
		<ln lx="2524" ly="4092" rx="2836" ry="4140">
			<wd l="2524" t="4093" r="2570" b="4140" fs="10">7:</wd>
			<wd l="2597" t="4092" r="2836" b="4139" fs="10">197-207.</wd>
		</ln>
	</region>
	<region article-doi="10.2307/41729928" region-id="6">
		<rc l="2329" t="4204" r="3880" b="4425"/>
		<ln lx="2334" ly="4209" rx="3875" ry="4271">
			<wd l="2334" t="4214" r="2712" b="4270" fs="10">Chippendale,</wd>
			<wd l="2747" t="4212" r="2889" b="4260" fs="10">G.M.</wd>
			<wd l="2926" t="4211" r="3131" b="4271" fs="10">(1988).</wd>
			<wd l="3171" t="4210" r="3509" b="4271" fs="10">Eucalyptus,</wd>
			<wd l="3545" t="4209" r="3875" b="4270" fs="10">Angophora</wd>
		</ln>
		<ln lx="2525" ly="4282" rx="3870" ry="4348">
			<wd l="2525" t="4286" r="2877" b="4348" fs="10">(Myrtaceae),</wd>
			<wd l="2914" t="4285" r="3075" b="4333" fs="10">Flora</wd>
			<wd l="3106" t="4285" r="3172" b="4346" fs="10">of</wd>
			<wd l="3184" t="4284" r="3450" b="4332" fs="10">Australia</wd>
			<wd l="3485" t="4284" r="3562" b="4332" fs="10">19.</wd>
			<wd l="3597" t="4282" r="3870" b="4332" fs="10">Canberra:</wd>
		</ln>
		<ln lx="2523" ly="4358" rx="3696" ry="4420">
			<wd l="2523" t="4361" r="2801" b="4410" fs="10">Australian</wd>
			<wd l="2823" t="4361" r="3155" b="4409" fs="10">Government</wd>
			<wd l="3172" t="4358" r="3461" b="4420" fs="10">Publishing</wd>
			<wd l="3484" t="4358" r="3696" b="4407" fs="10">Service:</wd>
		</ln>
	</region>
	<region article-doi="10.2307/41729928" region-id="7">
		<rc l="2329" t="4474" r="3882" b="4687"/>
		<ln lx="2334" ly="4479" rx="3875" ry="4544">
			<wd l="2334" t="4486" r="2465" b="4542" fs="10">Hill,</wd>
			<wd l="2480" t="4485" r="2604" b="4532" fs="10">K.D.</wd>
			<wd l="2622" t="4483" r="2767" b="4544" fs="10">(1991</wd>
			<wd l="2777" t="4483" r="2810" b="4543" fs="10">).</wd>
			<wd l="2818" t="4482" r="3122" b="4543" fs="10">Eucalyptus.</wd>
			<wd l="3140" t="4483" r="3195" b="4528" fs="10">In</wd>
			<wd l="3202" t="4481" r="3352" b="4528" fs="10">Flora</wd>
			<wd l="3365" t="4480" r="3424" b="4541" fs="10">of</wd>
			<wd l="3424" t="4482" r="3543" b="4528" fs="10">New</wd>
			<wd l="3555" t="4480" r="3704" b="4528" fs="10">South</wd>
			<wd l="3724" t="4479" r="3875" b="4527" fs="10">Wales</wd>
		</ln>
		<ln lx="2525" ly="4553" rx="3877" ry="4619">
			<wd l="2525" t="4559" r="2572" b="4607" fs="10">2:</wd>
			<wd l="2600" t="4558" r="2813" b="4606" fs="10">76-142.</wd>
			<wd l="2841" t="4556" r="3053" b="4619" fs="10">Sydney:</wd>
			<wd l="3078" t="4557" r="3205" b="4605" fs="10">New</wd>
			<wd l="3231" t="4555" r="3384" b="4604" fs="10">South</wd>
			<wd l="3408" t="4555" r="3572" b="4603" fs="10">Wales</wd>
			<wd l="3596" t="4553" r="3877" b="4615" fs="10">University</wd>
		</ln>
		<ln lx="2525" ly="4635" rx="2679" ry="4682">
			<wd l="2525" t="4635" r="2679" b="4682" fs="10">Press.</wd>
		</ln>
	</region>
	<region article-doi="10.2307/41729928" region-id="8">
		<rc l="2330" t="4744" r="3881" b="4971"/>
		<ln lx="2335" ly="4749" rx="3876" ry="4813">
			<wd l="2335" t="4757" r="2469" b="4813" fs="10">Hill,</wd>
			<wd l="2492" t="4757" r="2617" b="4804" fs="10">K.D.</wd>
			<wd l="2642" t="4755" r="2690" b="4803" fs="10"><![CDATA[&]]></wd>
			<wd l="2713" t="4756" r="2946" b="4812" fs="10">Johnson,</wd>
			<wd l="2968" t="4753" r="3140" b="4801" fs="10">L.A.S.</wd>
			<wd l="3165" t="4752" r="3355" b="4813" fs="10">(1991).</wd>
			<wd l="3382" t="4750" r="3670" b="4813" fs="10">Systematic</wd>
			<wd l="3694" t="4749" r="3876" b="4799" fs="10">studies</wd>
		</ln>
		<ln lx="2528" ly="4825" rx="3875" ry="4891">
			<wd l="2528" t="4830" r="2578" b="4878" fs="10">in</wd>
			<wd l="2608" t="4830" r="2692" b="4879" fs="10">the</wd>
			<wd l="2725" t="4829" r="2990" b="4891" fs="10">eucalypts</wd>
			<wd l="3020" t="4856" r="3055" b="4861" fs="10">-</wd>
			<wd l="3084" t="4829" r="3131" b="4876" fs="10">4.</wd>
			<wd l="3163" t="4829" r="3294" b="4876" fs="10">New</wd>
			<wd l="3323" t="4834" r="3442" b="4875" fs="10">taxa</wd>
			<wd l="3473" t="4826" r="3523" b="4874" fs="10">in</wd>
			<wd l="3557" t="4825" r="3875" b="4887" fs="10">Eucalyptus</wd>
		</ln>
		<ln lx="2528" ly="4902" rx="3513" ry="4966">
			<wd l="2528" t="4905" r="2865" b="4966" fs="10">(Myrtaceae).</wd>
			<wd l="2890" t="4903" r="3101" b="4965" fs="10">Telopea</wd>
			<wd l="3119" t="4903" r="3244" b="4963" fs="10">4(2):</wd>
			<wd l="3267" t="4902" r="3513" b="4950" fs="10">321-349.</wd>
		</ln>
	</region>
	<region article-doi="10.2307/41729928" region-id="9">
		<rc l="2332" t="5015" r="3883" b="5230"/>
		<ln lx="2337" ly="5020" rx="3878" ry="5085">
			<wd l="2337" t="5029" r="2571" b="5085" fs="10">Johnson,</wd>
			<wd l="2594" t="5027" r="2767" b="5075" fs="10">L.A.S.</wd>
			<wd l="2793" t="5026" r="2840" b="5074" fs="10"><![CDATA[&]]></wd>
			<wd l="2863" t="5026" r="3102" b="5083" fs="10">Blaxell,</wd>
			<wd l="3125" t="5025" r="3240" b="5073" fs="10">D.F.</wd>
			<wd l="3266" t="5024" r="3456" b="5084" fs="10">(1973).</wd>
			<wd l="3479" t="5024" r="3606" b="5071" fs="10">New</wd>
			<wd l="3628" t="5024" r="3762" b="5070" fs="10">Taxa</wd>
			<wd l="3784" t="5020" r="3878" b="5070" fs="10">and</wd>
		</ln>
		<ln lx="2528" ly="5096" rx="3877" ry="5160">
			<wd l="2528" t="5100" r="2902" b="5150" fs="10">Combinations</wd>
			<wd l="2920" t="5099" r="2969" b="5147" fs="10">in</wd>
			<wd l="2979" t="5099" r="3277" b="5160" fs="10">Eucalyptus</wd>
			<wd l="3292" t="5100" r="3349" b="5146" fs="10">II.</wd>
			<wd l="3369" t="5097" r="3738" b="5146" fs="10">Contributions</wd>
			<wd l="3741" t="5096" r="3877" b="5157" fs="10">from</wd>
		</ln>
		<ln lx="2528" ly="5172" rx="3860" ry="5225">
			<wd l="2528" t="5176" r="2608" b="5225" fs="10">the</wd>
			<wd l="2624" t="5177" r="2743" b="5224" fs="10">New</wd>
			<wd l="2761" t="5175" r="2913" b="5224" fs="10">South</wd>
			<wd l="2939" t="5174" r="3094" b="5223" fs="10">Wales</wd>
			<wd l="3110" t="5173" r="3348" b="5222" fs="10">National</wd>
			<wd l="3363" t="5173" r="3660" b="5220" fs="10">Herbarium</wd>
			<wd l="3677" t="5172" r="3860" b="5219" fs="10">4:381.</wd>
		</ln>
	</region>
	<region article-doi="10.2307/41729928" region-id="10">
		<rc l="2333" t="5287" r="3888" b="5514"/>
		<ln lx="2338" ly="5292" rx="3881" ry="5356">
			<wd l="2338" t="5301" r="2580" b="5356" fs="10">Johnson,</wd>
			<wd l="2610" t="5297" r="2789" b="5346" fs="10">L.A.S.</wd>
			<wd l="2822" t="5297" r="2870" b="5345" fs="10"><![CDATA[&]]></wd>
			<wd l="2900" t="5297" r="3037" b="5353" fs="10">Hill,</wd>
			<wd l="3068" t="5295" r="3197" b="5343" fs="10">K.D.</wd>
			<wd l="3230" t="5294" r="3428" b="5355" fs="10">(1990).</wd>
			<wd l="3457" t="5295" r="3587" b="5342" fs="10">New</wd>
			<wd l="3617" t="5294" r="3754" b="5341" fs="10">Taxa</wd>
			<wd l="3783" t="5292" r="3881" b="5340" fs="10">and</wd>
		</ln>
		<ln lx="2530" ly="5366" rx="3883" ry="5430">
			<wd l="2530" t="5371" r="2937" b="5421" fs="10">Combinations</wd>
			<wd l="2974" t="5370" r="3025" b="5418" fs="10">in</wd>
			<wd l="3058" t="5369" r="3384" b="5430" fs="10">Eucalyptus</wd>
			<wd l="3419" t="5368" r="3520" b="5417" fs="10">and</wd>
			<wd l="3553" t="5366" r="3883" b="5429" fs="10">Angophora</wd>
		</ln>
		<ln lx="2530" ly="5444" rx="3482" ry="5509">
			<wd l="2530" t="5446" r="2867" b="5509" fs="10">(Myrtaceae).</wd>
			<wd l="2893" t="5445" r="3103" b="5507" fs="10">Telopea</wd>
			<wd l="3122" t="5445" r="3246" b="5505" fs="10">4(1):</wd>
			<wd l="3271" t="5444" r="3482" b="5492" fs="10">37-108.</wd>
		</ln>
	</region>
</ocr-page>
