<?xml version="1.0" encoding="UTF-8"?>
<ocr-page type="coords" ocr-vers="1.0" creation-date="20130321" res="600" height="6300" width="4500">
	<region article-doi="10.2307/41729925" region-id="0">
		<rc l="624" t="731" r="3846" b="805"/>
		<ln lx="629" ly="736" rx="3841" ry="800">
			<wd l="629" t="739" r="829" b="796" fs="10">Forster,</wd>
			<wd l="855" t="737" r="1099" b="800" fs="10">Capparis</wd>
			<wd l="1119" t="736" r="1332" b="786" fs="10">velutina</wd>
			<wd l="3757" t="736" r="3841" b="784" fs="10">111</wd>
		</ln>
	</region>
	<region article-doi="10.2307/41729925" region-id="1">
		<rc l="626" t="1014" r="3182" b="1103"/>
		<ln lx="631" ly="1019" rx="3177" ry="1098">
			<wd l="631" t="1023" r="831" b="1082" fs="10">Table</wd>
			<wd l="860" t="1023" r="913" b="1081" fs="10">1.</wd>
			<wd l="939" t="1022" r="1464" b="1098" fs="10">Morphological</wd>
			<wd l="1488" t="1022" r="1904" b="1098" fs="10">comparison</wd>
			<wd l="1931" t="1022" r="2005" b="1080" fs="10">of</wd>
			<wd l="2018" t="1021" r="2324" b="1097" fs="10">Capparis</wd>
			<wd l="2349" t="1020" r="2617" b="1080" fs="10">arborea</wd>
			<wd l="2641" t="1021" r="2770" b="1080" fs="10">and</wd>
			<wd l="2798" t="1020" r="2860" b="1080" fs="10">C.</wd>
			<wd l="2894" t="1019" r="3177" b="1080" fs="10">velutina.</wd>
		</ln>
	</region>
	<region article-doi="10.2307/41729925" region-id="2">
		<rc l="625" t="1291" r="3645" b="2355"/>
		<ln lx="632" ly="1296" rx="3436" ry="1359">
			<wd l="632" t="1298" r="955" b="1359" fs="10">Character</wd>
			<wd l="2055" t="1298" r="2117" b="1357" fs="10">C.</wd>
			<wd l="2172" t="1296" r="2441" b="1357" fs="10">arborea</wd>
			<wd l="3005" t="1297" r="3072" b="1356" fs="10">C.</wd>
			<wd l="3131" t="1296" r="3436" b="1356" fs="10">velutina</wd>
		</ln>
		<ln lx="630" ly="1572" rx="3589" ry="1635">
			<wd l="630" t="1574" r="796" b="1635" fs="10">habit</wd>
			<wd l="2055" t="1572" r="2442" b="1634" fs="10">shrub/small</wd>
			<wd l="2465" t="1581" r="2588" b="1633" fs="10">tree</wd>
			<wd l="3005" t="1572" r="3333" b="1633" fs="10">scrambler</wd>
			<wd l="3357" t="1591" r="3425" b="1633" fs="10">or</wd>
			<wd l="3447" t="1572" r="3589" b="1632" fs="10">vine</wd>
		</ln>
		<ln lx="633" ly="1712" rx="3254" ry="1792">
			<wd l="633" t="1714" r="849" b="1775" fs="10">flower</wd>
			<wd l="870" t="1714" r="1120" b="1792" fs="10">bearing</wd>
			<wd l="1146" t="1722" r="1330" b="1774" fs="10">stems</wd>
			<wd l="2057" t="1713" r="2354" b="1791" fs="10">spineless</wd>
			<wd l="3007" t="1712" r="3254" b="1790" fs="10">spinose</wd>
		</ln>
		<ln lx="634" ly="1852" rx="3551" ry="1931">
			<wd l="634" t="1854" r="764" b="1915" fs="10">leaf</wd>
			<wd l="779" t="1854" r="1003" b="1915" fs="10">lamina</wd>
			<wd l="1023" t="1854" r="1455" b="1914" fs="10">undersurface</wd>
			<wd l="2053" t="1853" r="2339" b="1931" fs="10">glabrous</wd>
			<wd l="3008" t="1852" r="3356" b="1913" fs="10">velutinous</wd>
			<wd l="3380" t="1852" r="3551" b="1930" fs="10">hairy</wd>
		</ln>
		<ln lx="634" ly="1992" rx="3508" ry="2070">
			<wd l="634" t="1993" r="765" b="2054" fs="10">leaf</wd>
			<wd l="780" t="1993" r="1004" b="2054" fs="10">lamina</wd>
			<wd l="1026" t="2013" r="1237" b="2054" fs="10">muero</wd>
			<wd l="2057" t="1993" r="2222" b="2053" fs="10">short</wd>
			<wd l="2246" t="1993" r="2318" b="2069" fs="10"><![CDATA[(<]]></wd>
			<wd l="2351" t="1994" r="2372" b="2052" fs="10">1</wd>
			<wd l="2405" t="1993" r="2559" b="2069" fs="10">mm)</wd>
			<wd l="3006" t="1992" r="3152" b="2070" fs="10">long</wd>
			<wd l="3179" t="1992" r="3328" b="2069" fs="10">(1-2</wd>
			<wd l="3354" t="1992" r="3508" b="2068" fs="10">mm)</wd>
		</ln>
		<ln lx="634" ly="2132" rx="3640" ry="2210">
			<wd l="634" t="2134" r="765" b="2194" fs="10">leaf</wd>
			<wd l="780" t="2134" r="1004" b="2194" fs="10">lamina</wd>
			<wd l="1027" t="2133" r="1232" b="2194" fs="10">lateral</wd>
			<wd l="1255" t="2134" r="1430" b="2194" fs="10">veins</wd>
			<wd l="1453" t="2133" r="1659" b="2194" fs="10">below</wd>
			<wd l="2058" t="2133" r="2369" b="2194" fs="10">indistinct</wd>
			<wd l="3006" t="2132" r="3416" b="2210" fs="10">prominently</wd>
			<wd l="3440" t="2132" r="3640" b="2192" fs="10">raised</wd>
		</ln>
		<ln lx="634" ly="2273" rx="3409" ry="2350">
			<wd l="634" t="2274" r="803" b="2333" fs="10">inner</wd>
			<wd l="848" t="2273" r="1014" b="2350" fs="10">sepal</wd>
			<wd l="1058" t="2273" r="1248" b="2333" fs="10">width</wd>
			<wd l="2059" t="2274" r="2212" b="2333" fs="10">8-11</wd>
			<wd l="2247" t="2292" r="2375" b="2332" fs="10">mm</wd>
			<wd l="3006" t="2273" r="3250" b="2332" fs="10">4.0-6.5</wd>
			<wd l="3282" t="2291" r="3409" b="2331" fs="10">mm</wd>
		</ln>
	</region>
	<region article-doi="10.2307/41729925" region-id="3">
		<rc l="628" t="2652" r="2235" b="5324"/>
		<ln lx="656" ly="2657" rx="2222" ry="2736">
			<wd l="656" t="2658" r="1011" b="2736" fs="10">Specimens</wd>
			<wd l="1035" t="2657" r="1111" b="2719" fs="10">of</wd>
			<wd l="1122" t="2659" r="1428" b="2736" fs="10">Capparis</wd>
			<wd l="1450" t="2677" r="1548" b="2719" fs="10">are</wd>
			<wd l="1568" t="2657" r="1900" b="2719" fs="10">renowned</wd>
			<wd l="1922" t="2657" r="2018" b="2718" fs="10">for</wd>
			<wd l="2036" t="2657" r="2222" b="2735" fs="10">being</wd>
		</ln>
		<ln lx="635" ly="2750" rx="2224" ry="2827">
			<wd l="635" t="2750" r="901" b="2810" fs="10">difficult</wd>
			<wd l="921" t="2758" r="984" b="2810" fs="10">to</wd>
			<wd l="1009" t="2750" r="1267" b="2827" fs="10">identify</wd>
			<wd l="1290" t="2750" r="1409" b="2810" fs="10">and</wd>
			<wd l="1430" t="2750" r="1530" b="2810" fs="10">the</wd>
			<wd l="1555" t="2750" r="1702" b="2827" fs="10">only</wd>
			<wd l="1723" t="2750" r="1847" b="2810" fs="10">real</wd>
			<wd l="1872" t="2750" r="2140" b="2810" fs="10">solution</wd>
			<wd l="2161" t="2758" r="2224" b="2809" fs="10">to</wd>
		</ln>
		<ln lx="633" ly="2841" rx="2222" ry="2920">
			<wd l="633" t="2842" r="750" b="2903" fs="10">this</wd>
			<wd l="772" t="2842" r="822" b="2903" fs="10">is</wd>
			<wd l="841" t="2850" r="904" b="2903" fs="10">to</wd>
			<wd l="923" t="2861" r="1032" b="2903" fs="10">use</wd>
			<wd l="1054" t="2842" r="1348" b="2920" fs="10">adequate</wd>
			<wd l="1369" t="2841" r="1565" b="2902" fs="10">fertile</wd>
			<wd l="1584" t="2841" r="1874" b="2902" fs="10">material.</wd>
			<wd l="1897" t="2843" r="2222" b="2914" fs="10">However,</wd>
		</ln>
		<ln lx="638" ly="2934" rx="2219" ry="3014">
			<wd l="638" t="2936" r="941" b="3014" fs="10">Capparis</wd>
			<wd l="965" t="2935" r="1233" b="2996" fs="10">velutina</wd>
			<wd l="1254" t="2935" r="1305" b="2996" fs="10">is</wd>
			<wd l="1328" t="2935" r="1644" b="3013" fs="10">relatively</wd>
			<wd l="1667" t="2954" r="1813" b="3013" fs="10">easy</wd>
			<wd l="1854" t="2943" r="1917" b="2996" fs="10">to</wd>
			<wd l="1942" t="2934" r="2219" b="3013" fs="10">identify,</wd>
		</ln>
		<ln lx="636" ly="3026" rx="2223" ry="3099">
			<wd l="636" t="3046" r="805" b="3088" fs="10">even</wd>
			<wd l="850" t="3027" r="1024" b="3087" fs="10">from</wd>
			<wd l="1070" t="3027" r="1299" b="3087" fs="10">sterile</wd>
			<wd l="1346" t="3027" r="1780" b="3099" fs="10">collections,</wd>
			<wd l="1828" t="3027" r="1955" b="3087" fs="10">due</wd>
			<wd l="2000" t="3035" r="2067" b="3087" fs="10">to</wd>
			<wd l="2112" t="3026" r="2223" b="3087" fs="10">the</wd>
		</ln>
		<ln lx="635" ly="3119" rx="2222" ry="3196">
			<wd l="635" t="3119" r="980" b="3180" fs="10">distinctive</wd>
			<wd l="1007" t="3119" r="1375" b="3191" fs="10">velutinous,</wd>
			<wd l="1406" t="3119" r="1578" b="3196" fs="10">hairy</wd>
			<wd l="1609" t="3119" r="1798" b="3179" fs="10">lower</wd>
			<wd l="1827" t="3119" r="1960" b="3179" fs="10">leaf</wd>
			<wd l="1980" t="3119" r="2222" b="3179" fs="10">lamina.</wd>
		</ln>
		<ln lx="635" ly="3210" rx="2228" ry="3288">
			<wd l="635" t="3213" r="702" b="3270" fs="10">In</wd>
			<wd l="730" t="3212" r="1062" b="3271" fs="10">Hewson's</wd>
			<wd l="1093" t="3211" r="1313" b="3287" fs="10">(1984)</wd>
			<wd l="1343" t="3211" r="1462" b="3288" fs="10">key</wd>
			<wd l="1489" t="3219" r="1552" b="3271" fs="10">to</wd>
			<wd l="1581" t="3210" r="1682" b="3271" fs="10">the</wd>
			<wd l="1711" t="3210" r="2061" b="3271" fs="10">Australian</wd>
			<wd l="2088" t="3218" r="2228" b="3271" fs="10">taxa</wd>
		</ln>
		<ln lx="636" ly="3302" rx="2222" ry="3381">
			<wd l="636" t="3303" r="712" b="3364" fs="10">of</wd>
			<wd l="726" t="3304" r="1031" b="3381" fs="10">Capparis</wd>
			<wd l="1036" t="3353" r="1049" b="3376" fs="10">,</wd>
			<wd l="1078" t="3304" r="1140" b="3363" fs="10">C.</wd>
			<wd l="1171" t="3302" r="1440" b="3363" fs="10">velutina</wd>
			<wd l="1459" t="3302" r="1588" b="3363" fs="10">will</wd>
			<wd l="1631" t="3302" r="1751" b="3380" fs="10">key</wd>
			<wd l="1772" t="3311" r="1835" b="3363" fs="10">to</wd>
			<wd l="1859" t="3304" r="1922" b="3363" fs="10">C.</wd>
			<wd l="1953" t="3302" r="2222" b="3363" fs="10">arborea</wd>
		</ln>
		<ln lx="633" ly="3395" rx="2224" ry="3473">
			<wd l="633" t="3395" r="745" b="3456" fs="10">but</wd>
			<wd l="781" t="3415" r="927" b="3473" fs="10">may</wd>
			<wd l="965" t="3395" r="1044" b="3456" fs="10">be</wd>
			<wd l="1085" t="3395" r="1559" b="3473" fs="10">distinguished</wd>
			<wd l="1596" t="3395" r="1682" b="3473" fs="10">by</wd>
			<wd l="1719" t="3395" r="1824" b="3456" fs="10">the</wd>
			<wd l="1866" t="3395" r="2224" b="3456" fs="10">characters</wd>
		</ln>
		<ln lx="636" ly="3487" rx="1146" ry="3548">
			<wd l="636" t="3487" r="906" b="3548" fs="10">outlined</wd>
			<wd l="932" t="3487" r="1146" b="3547" fs="10">above.</wd>
		</ln>
		<ln lx="823" ly="3650" rx="2222" ry="3728">
			<wd l="823" t="3650" r="1017" b="3728" fs="10">Floyd</wd>
			<wd l="1039" t="3650" r="1260" b="3727" fs="10">(1989)</wd>
			<wd l="1281" t="3650" r="1547" b="3711" fs="10">referred</wd>
			<wd l="1567" t="3658" r="1630" b="3711" fs="10">to</wd>
			<wd l="1652" t="3650" r="1771" b="3710" fs="10">this</wd>
			<wd l="1793" t="3650" r="1961" b="3728" fs="10">plant</wd>
			<wd l="1983" t="3669" r="2048" b="3711" fs="10">as</wd>
			<wd l="2077" t="3652" r="2222" b="3711" fs="10">'var.</wd>
		</ln>
		<ln lx="634" ly="3742" rx="2218" ry="3821">
			<wd l="634" t="3743" r="1003" b="3821" fs="10">pubescens'</wd>
			<wd l="1043" t="3742" r="1238" b="3804" fs="10">under</wd>
			<wd l="1270" t="3742" r="1367" b="3804" fs="10">his</wd>
			<wd l="1405" t="3751" r="1667" b="3804" fs="10">account</wd>
			<wd l="1703" t="3743" r="1780" b="3804" fs="10">of</wd>
			<wd l="1815" t="3744" r="1878" b="3803" fs="10">C.</wd>
			<wd l="1923" t="3743" r="2198" b="3804" fs="10">arborea</wd>
			<wd l="2204" t="3762" r="2218" b="3816" fs="10">;</wd>
		</ln>
		<ln lx="634" ly="3835" rx="2226" ry="3908">
			<wd l="634" t="3835" r="939" b="3908" fs="10">however,</wd>
			<wd l="964" t="3855" r="1046" b="3895" fs="10">no</wd>
			<wd l="1071" t="3835" r="1289" b="3896" fs="10">formal</wd>
			<wd l="1315" t="3835" r="1732" b="3896" fs="10">combination</wd>
			<wd l="1776" t="3835" r="1853" b="3896" fs="10">of</wd>
			<wd l="1866" t="3835" r="2188" b="3896" fs="10">Bentham'</wd>
			<wd l="2200" t="3855" r="2226" b="3896" fs="10">s</wd>
		</ln>
		<ln lx="634" ly="3927" rx="2229" ry="4005">
			<wd l="634" t="3927" r="865" b="4005" fs="10">variety</wd>
			<wd l="894" t="3927" r="1087" b="3988" fs="10">under</wd>
			<wd l="1115" t="3927" r="1241" b="3988" fs="10">that</wd>
			<wd l="1274" t="3927" r="1511" b="4005" fs="10">species</wd>
			<wd l="1542" t="3947" r="1722" b="3988" fs="10">name</wd>
			<wd l="1753" t="3927" r="1863" b="3988" fs="10">has</wd>
			<wd l="1897" t="3947" r="2041" b="3988" fs="10">ever</wd>
			<wd l="2070" t="3927" r="2229" b="3988" fs="10">been</wd>
		</ln>
		<ln lx="634" ly="4020" rx="831" ry="4080">
			<wd l="634" t="4020" r="831" b="4080" fs="10">made.</wd>
		</ln>
		<ln lx="639" ly="4183" rx="2224" ry="4261">
			<wd l="639" t="4184" r="1081" b="4244" fs="10">Conservation</wd>
			<wd l="1097" t="4193" r="1293" b="4244" fs="10">status</wd>
			<wd l="1297" t="4202" r="1311" b="4244" fs="10">:</wd>
			<wd l="1337" t="4184" r="1637" b="4261" fs="10">Capparis</wd>
			<wd l="1656" t="4183" r="1917" b="4244" fs="10">velutina</wd>
			<wd l="1932" t="4183" r="1982" b="4244" fs="10">is</wd>
			<wd l="1999" t="4183" r="2224" b="4244" fs="10">known</wd>
		</ln>
		<ln lx="634" ly="4274" rx="2226" ry="4353">
			<wd l="634" t="4283" r="697" b="4336" fs="10">to</wd>
			<wd l="722" t="4295" r="906" b="4336" fs="10">occur</wd>
			<wd l="928" t="4275" r="991" b="4335" fs="10">in</wd>
			<wd l="1014" t="4284" r="1071" b="4336" fs="10">at</wd>
			<wd l="1115" t="4275" r="1266" b="4336" fs="10">least</wd>
			<wd l="1286" t="4275" r="1543" b="4336" fs="10">thirteen</wd>
			<wd l="1566" t="4275" r="1884" b="4348" fs="10">localities,</wd>
			<wd l="1910" t="4274" r="2226" b="4353" fs="10">including</wd>
		</ln>
		<ln lx="634" ly="4366" rx="2221" ry="4442">
			<wd l="634" t="4367" r="797" b="4426" fs="10">three</wd>
			<wd l="817" t="4367" r="1239" b="4426" fs="10">conservation</wd>
			<wd l="1255" t="4386" r="1525" b="4426" fs="10">reserves</wd>
			<wd l="1561" t="4367" r="1823" b="4442" fs="10">(Forster</wd>
			<wd l="1841" t="4375" r="1899" b="4426" fs="10">et</wd>
			<wd l="1916" t="4366" r="1990" b="4426" fs="10">al.</wd>
			<wd l="2020" t="4368" r="2042" b="4426" fs="10">1</wd>
			<wd l="2055" t="4368" r="2133" b="4426" fs="10">99</wd>
			<wd l="2146" t="4368" r="2168" b="4425" fs="10">1</wd>
			<wd l="2180" t="4367" r="2221" b="4442" fs="10">).</wd>
		</ln>
		<ln lx="636" ly="4457" rx="2227" ry="4534">
			<wd l="636" t="4459" r="686" b="4517" fs="10">It</wd>
			<wd l="719" t="4457" r="771" b="4517" fs="10">is</wd>
			<wd l="805" t="4457" r="1047" b="4533" fs="10">usually</wd>
			<wd l="1079" t="4457" r="1397" b="4534" fs="10">relatively</wd>
			<wd l="1432" t="4476" r="1724" b="4517" fs="10">common</wd>
			<wd l="1756" t="4457" r="1961" b="4517" fs="10">where</wd>
			<wd l="1997" t="4458" r="2042" b="4517" fs="10">it</wd>
			<wd l="2076" t="4457" r="2227" b="4517" fs="10">does</wd>
		</ln>
		<ln lx="637" ly="4547" rx="2228" ry="4609">
			<wd l="637" t="4567" r="820" b="4608" fs="10">occur</wd>
			<wd l="838" t="4548" r="956" b="4608" fs="10">and</wd>
			<wd l="972" t="4567" r="1133" b="4608" fs="10">none</wd>
			<wd l="1153" t="4547" r="1230" b="4608" fs="10">of</wd>
			<wd l="1237" t="4548" r="1337" b="4608" fs="10">the</wd>
			<wd l="1356" t="4548" r="1584" b="4608" fs="10">known</wd>
			<wd l="1603" t="4548" r="1900" b="4608" fs="10">localities</wd>
			<wd l="1920" t="4567" r="2018" b="4608" fs="10">are</wd>
			<wd l="2036" t="4548" r="2228" b="4609" fs="10">under</wd>
		</ln>
		<ln lx="637" ly="4639" rx="2228" ry="4717">
			<wd l="637" t="4658" r="754" b="4716" fs="10">any</wd>
			<wd l="773" t="4639" r="960" b="4699" fs="10">direct</wd>
			<wd l="992" t="4639" r="1183" b="4700" fs="10">threat</wd>
			<wd l="1201" t="4639" r="1297" b="4699" fs="10">for</wd>
			<wd l="1313" t="4639" r="1413" b="4700" fs="10">the</wd>
			<wd l="1431" t="4648" r="1690" b="4717" fs="10">present.</wd>
			<wd l="1728" t="4641" r="1960" b="4712" fs="10">Hence,</wd>
			<wd l="1980" t="4639" r="2164" b="4700" fs="10">while</wd>
			<wd l="2184" t="4640" r="2228" b="4700" fs="10">it</wd>
		</ln>
		<ln lx="636" ly="4731" rx="2230" ry="4809">
			<wd l="636" t="4731" r="687" b="4791" fs="10">is</wd>
			<wd l="706" t="4739" r="813" b="4791" fs="10">not</wd>
			<wd l="832" t="4750" r="867" b="4791" fs="10">a</wd>
			<wd l="883" t="4731" r="1268" b="4808" fs="10">particularly</wd>
			<wd l="1304" t="4750" r="1594" b="4792" fs="10">common</wd>
			<wd l="1611" t="4731" r="1796" b="4809" fs="10">plant,</wd>
			<wd l="1819" t="4732" r="1864" b="4792" fs="10">it</wd>
			<wd l="1883" t="4731" r="2105" b="4792" fs="10">should</wd>
			<wd l="2122" t="4740" r="2230" b="4792" fs="10">not</wd>
		</ln>
		<ln lx="635" ly="4822" rx="1820" ry="4884">
			<wd l="635" t="4822" r="711" b="4883" fs="10">be</wd>
			<wd l="737" t="4822" r="1097" b="4883" fs="10">considered</wd>
			<wd l="1121" t="4842" r="1186" b="4883" fs="10">as</wd>
			<wd l="1210" t="4842" r="1338" b="4883" fs="10">rare</wd>
			<wd l="1364" t="4842" r="1433" b="4883" fs="10">or</wd>
			<wd l="1454" t="4823" r="1820" b="4884" fs="10">threatened.</wd>
		</ln>
		<ln lx="633" ly="4984" rx="2225" ry="5062">
			<wd l="633" t="4986" r="1001" b="5061" fs="10">Etymology</wd>
			<wd l="1006" t="5004" r="1021" b="5044" fs="10">:</wd>
			<wd l="1048" t="4984" r="1174" b="5045" fs="10">The</wd>
			<wd l="1197" t="4984" r="1452" b="5062" fs="10">specific</wd>
			<wd l="1475" t="4985" r="1701" b="5062" fs="10">epithet</wd>
			<wd l="1720" t="4985" r="1772" b="5045" fs="10">is</wd>
			<wd l="1794" t="4985" r="2044" b="5046" fs="10">derived</wd>
			<wd l="2066" t="4985" r="2225" b="5046" fs="10">from</wd>
		</ln>
		<ln lx="635" ly="5076" rx="2223" ry="5153">
			<wd l="635" t="5076" r="733" b="5136" fs="10">the</wd>
			<wd l="762" t="5076" r="934" b="5136" fs="10">Latin</wd>
			<wd l="989" t="5076" r="1289" b="5136" fs="10">velutinus</wd>
			<wd l="1319" t="5076" r="1721" b="5153" fs="10">(velutinous)</wd>
			<wd l="1751" t="5076" r="1870" b="5137" fs="10">and</wd>
			<wd l="1899" t="5077" r="2133" b="5137" fs="10">alludes</wd>
			<wd l="2160" t="5085" r="2223" b="5137" fs="10">to</wd>
		</ln>
		<ln lx="636" ly="5167" rx="2227" ry="5229">
			<wd l="636" t="5168" r="735" b="5228" fs="10">the</wd>
			<wd l="761" t="5167" r="1103" b="5228" fs="10">distinctive</wd>
			<wd l="1129" t="5168" r="1550" b="5228" fs="10">indumentum</wd>
			<wd l="1597" t="5187" r="1782" b="5228" fs="10">cover</wd>
			<wd l="1806" t="5187" r="1888" b="5229" fs="10">on</wd>
			<wd l="1911" t="5169" r="2011" b="5229" fs="10">the</wd>
			<wd l="2038" t="5168" r="2227" b="5229" fs="10">lower</wd>
		</ln>
		<ln lx="640" ly="5258" rx="1502" ry="5319">
			<wd l="640" t="5258" r="874" b="5319" fs="10">surface</wd>
			<wd l="900" t="5258" r="976" b="5319" fs="10">of</wd>
			<wd l="988" t="5258" r="1088" b="5319" fs="10">the</wd>
			<wd l="1115" t="5259" r="1247" b="5319" fs="10">leaf</wd>
			<wd l="1262" t="5259" r="1502" b="5319" fs="10">lamina.</wd>
		</ln>
	</region>
	<region article-doi="10.2307/41729925" region-id="4">
		<rc l="2358" t="2654" r="3876" b="3590"/>
		<ln lx="2363" ly="2659" rx="3015" ry="2735">
			<wd l="2363" t="2659" r="3015" b="2735" fs="10">Acknowledgments</wd>
		</ln>
		<ln lx="2365" ly="2816" rx="3855" ry="2894">
			<wd l="2365" t="2817" r="2695" b="2878" fs="10">W.Smith</wd>
			<wd l="2758" t="2817" r="2970" b="2894" fs="10">(BRI)</wd>
			<wd l="3036" t="2817" r="3142" b="2878" fs="10">for</wd>
			<wd l="3203" t="2817" r="3313" b="2877" fs="10">the</wd>
			<wd l="3378" t="2816" r="3855" b="2878" fs="10">illustrations.</wd>
		</ln>
		<ln lx="2363" ly="2905" rx="3857" ry="2984">
			<wd l="2363" t="2908" r="2711" b="2980" fs="10">A.R.Bean,</wd>
			<wd l="2747" t="2906" r="3065" b="2979" fs="10">L.H.Bird,</wd>
			<wd l="3102" t="2905" r="3429" b="2979" fs="10">D.Orford,</wd>
			<wd l="3465" t="2905" r="3857" b="2984" fs="10">P.R.Sharpe,</wd>
		</ln>
		<ln lx="2366" ly="2994" rx="3860" ry="3072">
			<wd l="2366" t="2995" r="2707" b="3072" fs="10">G.Smyrell</wd>
			<wd l="2732" t="2994" r="2851" b="3054" fs="10">and</wd>
			<wd l="2892" t="2994" r="3303" b="3054" fs="10">M.C.Tucker</wd>
			<wd l="3325" t="2994" r="3421" b="3054" fs="10">for</wd>
			<wd l="3444" t="2994" r="3773" b="3054" fs="10">assistance</wd>
			<wd l="3797" t="2994" r="3860" b="3053" fs="10">in</wd>
		</ln>
		<ln lx="2363" ly="3081" rx="3859" ry="3160">
			<wd l="2363" t="3082" r="2462" b="3143" fs="10">the</wd>
			<wd l="2481" t="3082" r="2628" b="3143" fs="10">field</wd>
			<wd l="2646" t="3102" r="2726" b="3143" fs="10">on</wd>
			<wd l="2743" t="3082" r="3058" b="3143" fs="10">occasions</wd>
			<wd l="3075" t="3082" r="3255" b="3143" fs="10">when</wd>
			<wd l="3269" t="3082" r="3385" b="3143" fs="10">this</wd>
			<wd l="3402" t="3082" r="3566" b="3160" fs="10">plant</wd>
			<wd l="3580" t="3082" r="3688" b="3143" fs="10">has</wd>
			<wd l="3705" t="3081" r="3859" b="3142" fs="10">been</wd>
		</ln>
		<ln lx="2366" ly="3169" rx="3860" ry="3247">
			<wd l="2366" t="3170" r="2716" b="3230" fs="10">collected.</wd>
			<wd l="2761" t="3170" r="3086" b="3247" fs="10">L.Pedley</wd>
			<wd l="3128" t="3170" r="3335" b="3246" fs="10">(BRI)</wd>
			<wd l="3379" t="3169" r="3483" b="3230" fs="10">for</wd>
			<wd l="3521" t="3169" r="3629" b="3230" fs="10">the</wd>
			<wd l="3671" t="3169" r="3860" b="3229" fs="10">Latin</wd>
		</ln>
		<ln lx="2364" ly="3256" rx="3861" ry="3319">
			<wd l="2364" t="3258" r="2733" b="3319" fs="10">translation.</wd>
			<wd l="2754" t="3259" r="3063" b="3318" fs="10">A.RBean</wd>
			<wd l="3082" t="3258" r="3178" b="3318" fs="10">for</wd>
			<wd l="3196" t="3265" r="3534" b="3318" fs="10">comments</wd>
			<wd l="3554" t="3276" r="3635" b="3318" fs="10">on</wd>
			<wd l="3654" t="3276" r="3690" b="3317" fs="10">a</wd>
			<wd l="3707" t="3256" r="3861" b="3317" fs="10">draft</wd>
		</ln>
		<ln lx="2366" ly="3345" rx="3856" ry="3424">
			<wd l="2366" t="3345" r="2443" b="3407" fs="10">of</wd>
			<wd l="2448" t="3345" r="2548" b="3407" fs="10">the</wd>
			<wd l="2565" t="3345" r="2949" b="3424" fs="10">manuscript.</wd>
			<wd l="2970" t="3345" r="3096" b="3406" fs="10">The</wd>
			<wd l="3114" t="3345" r="3406" b="3418" fs="10">Director,</wd>
			<wd l="3426" t="3347" r="3586" b="3423" fs="10">Dept</wd>
			<wd l="3602" t="3347" r="3856" b="3423" fs="10">Botany,</wd>
		</ln>
		<ln lx="2363" ly="3433" rx="3871" ry="3511">
			<wd l="2363" t="3434" r="2614" b="3495" fs="10">Natural</wd>
			<wd l="2647" t="3434" r="2897" b="3511" fs="10">History</wd>
			<wd l="2929" t="3436" r="3221" b="3494" fs="10">Museum</wd>
			<wd l="3254" t="3434" r="3455" b="3510" fs="10">(BM),</wd>
			<wd l="3492" t="3434" r="3588" b="3494" fs="10">for</wd>
			<wd l="3621" t="3434" r="3761" b="3494" fs="10">loan</wd>
			<wd l="3794" t="3433" r="3871" b="3494" fs="10">of</wd>
		</ln>
		<ln lx="2364" ly="3524" rx="2947" ry="3585">
			<wd l="2364" t="3524" r="2636" b="3585" fs="10">relevant</wd>
			<wd l="2657" t="3524" r="2947" b="3585" fs="10">material.</wd>
		</ln>
	</region>
	<region article-doi="10.2307/41729925" region-id="5">
		<rc l="2361" t="3648" r="2759" b="3718"/>
		<ln lx="2366" ly="3653" rx="2754" ry="3713">
			<wd l="2366" t="3653" r="2754" b="3713" fs="10">References</wd>
		</ln>
	</region>
	<region article-doi="10.2307/41729925" region-id="6">
		<rc l="2360" t="3792" r="3863" b="3923"/>
		<ln lx="2365" ly="3797" rx="3858" ry="3860">
			<wd l="2365" t="3799" r="2623" b="3856" fs="10">Bentham,</wd>
			<wd l="2644" t="3798" r="2703" b="3847" fs="10">G.</wd>
			<wd l="2725" t="3797" r="2914" b="3859" fs="10">(1863).</wd>
			<wd l="2936" t="3797" r="3252" b="3860" fs="10">Capparidae.</wd>
			<wd l="3273" t="3799" r="3328" b="3846" fs="10">In</wd>
			<wd l="3341" t="3797" r="3494" b="3846" fs="10">Flora</wd>
			<wd l="3508" t="3797" r="3858" b="3846" fs="10">Australiensis</wd>
		</ln>
		<ln lx="2562" ly="3869" rx="3490" ry="3918">
			<wd l="2562" t="3870" r="2579" b="3917" fs="10">1</wd>
			<wd l="2594" t="3885" r="2602" b="3917" fs="10">:</wd>
			<wd l="2628" t="3869" r="2805" b="3917" fs="10">89-98.</wd>
			<wd l="2826" t="3869" r="3050" b="3918" fs="10">London:</wd>
			<wd l="3071" t="3870" r="3124" b="3918" fs="10">L.</wd>
			<wd l="3145" t="3870" r="3311" b="3918" fs="10">Reeve</wd>
			<wd l="3332" t="3870" r="3379" b="3918" fs="10"><![CDATA[&]]></wd>
			<wd l="3401" t="3869" r="3490" b="3918" fs="10">Co.</wd>
		</ln>
	</region>
	<region article-doi="10.2307/41729925" region-id="7">
		<rc l="2360" t="3981" r="3869" b="4183"/>
		<ln lx="2365" ly="3986" rx="3864" ry="4049">
			<wd l="2365" t="3988" r="2556" b="4045" fs="10">Floyd,</wd>
			<wd l="2587" t="3986" r="2717" b="4036" fs="10">A.G.</wd>
			<wd l="2751" t="3987" r="2950" b="4048" fs="10">(1989).</wd>
			<wd l="2989" t="3987" r="3290" b="4049" fs="10">Rainforest</wd>
			<wd l="3322" t="3988" r="3473" b="4035" fs="10">Trees</wd>
			<wd l="3505" t="3987" r="3571" b="4049" fs="10">of</wd>
			<wd l="3585" t="3987" r="3864" b="4035" fs="10">Mainland</wd>
		</ln>
		<ln lx="2555" ly="4058" rx="3855" ry="4120">
			<wd l="2555" t="4058" r="2936" b="4107" fs="10">South-eastern</wd>
			<wd l="2987" t="4058" r="3257" b="4107" fs="10">Australia.</wd>
			<wd l="3314" t="4058" r="3855" b="4120" fs="10">Melbourne/Sydney:</wd>
		</ln>
		<ln lx="2556" ly="4129" rx="2895" ry="4178">
			<wd l="2556" t="4129" r="2723" b="4178" fs="10">Inkata</wd>
			<wd l="2742" t="4130" r="2895" b="4178" fs="10">Press.</wd>
		</ln>
	</region>
	<region article-doi="10.2307/41729925" region-id="8">
		<rc l="2361" t="4244" r="3867" b="4456"/>
		<ln lx="2366" ly="4249" rx="3854" ry="4308">
			<wd l="2366" t="4250" r="2595" b="4307" fs="10">Forster,</wd>
			<wd l="2617" t="4250" r="2724" b="4307" fs="10">P.I.,</wd>
			<wd l="2745" t="4249" r="2991" b="4308" fs="10">Bostock,</wd>
			<wd l="3012" t="4249" r="3145" b="4307" fs="10">P.D.,</wd>
			<wd l="3166" t="4250" r="3305" b="4308" fs="10">Bird,</wd>
			<wd l="3327" t="4250" r="3446" b="4298" fs="10">L.H.</wd>
			<wd l="3470" t="4249" r="3518" b="4298" fs="10"><![CDATA[&]]></wd>
			<wd l="3557" t="4250" r="3710" b="4307" fs="10">Bean,</wd>
			<wd l="3731" t="4250" r="3854" b="4298" fs="10">A.R.</wd>
		</ln>
		<ln lx="2557" ly="4319" rx="3862" ry="4381">
			<wd l="2557" t="4320" r="2748" b="4380" fs="10">(1991).</wd>
			<wd l="2796" t="4319" r="3078" b="4381" fs="10">Vineforest</wd>
			<wd l="3103" t="4320" r="3258" b="4367" fs="10">Plant</wd>
			<wd l="3282" t="4320" r="3427" b="4368" fs="10">Atlas</wd>
			<wd l="3445" t="4319" r="3538" b="4381" fs="10">for</wd>
			<wd l="3565" t="4319" r="3862" b="4368" fs="10">South-east</wd>
		</ln>
		<ln lx="2558" ly="4389" rx="3820" ry="4451">
			<wd l="2558" t="4390" r="2887" b="4451" fs="10">Queensland.</wd>
			<wd l="2910" t="4390" r="3162" b="4438" fs="10">Brisbane:</wd>
			<wd l="3187" t="4389" r="3502" b="4449" fs="10">Queensland</wd>
			<wd l="3520" t="4390" r="3820" b="4438" fs="10">Herbarium.</wd>
		</ln>
	</region>
	<region article-doi="10.2307/41729925" region-id="9">
		<rc l="2360" t="4502" r="3863" b="4643"/>
		<ln lx="2365" ly="4507" rx="3858" ry="4568">
			<wd l="2365" t="4507" r="2593" b="4564" fs="10">Hewson,</wd>
			<wd l="2609" t="4508" r="2656" b="4554" fs="10">H</wd>
			<wd l="2661" t="4508" r="2714" b="4555" fs="10">.J.</wd>
			<wd l="2730" t="4507" r="2920" b="4567" fs="10">(1984).</wd>
			<wd l="2938" t="4507" r="3292" b="4568" fs="10">Capparaceae.</wd>
			<wd l="3308" t="4508" r="3362" b="4555" fs="10">In</wd>
			<wd l="3376" t="4507" r="3688" b="4568" fs="10">A.S.George</wd>
			<wd l="3704" t="4507" r="3858" b="4568" fs="10">(exec,</wd>
		</ln>
		<ln lx="2557" ly="4576" rx="3512" ry="4638">
			<wd l="2557" t="4576" r="2671" b="4637" fs="10">ed.),</wd>
			<wd l="2690" t="4576" r="2844" b="4625" fs="10">Flora</wd>
			<wd l="2862" t="4576" r="2927" b="4638" fs="10">of</wd>
			<wd l="2927" t="4577" r="3179" b="4625" fs="10">Australia</wd>
			<wd l="3199" t="4577" r="3243" b="4625" fs="10">8:</wd>
			<wd l="3266" t="4578" r="3512" b="4626" fs="10">207-231.</wd>
		</ln>
	</region>
	<region article-doi="10.2307/41729925" region-id="10">
		<rc l="2361" t="4690" r="3863" b="4891"/>
		<ln lx="2366" ly="4695" rx="3857" ry="4758">
			<wd l="2366" t="4696" r="2561" b="4753" fs="10">Jacobs,</wd>
			<wd l="2586" t="4696" r="2657" b="4743" fs="10">M.</wd>
			<wd l="2684" t="4695" r="2872" b="4756" fs="10">(1965).</wd>
			<wd l="2899" t="4695" r="3000" b="4744" fs="10">The</wd>
			<wd l="3023" t="4711" r="3177" b="4757" fs="10">genus</wd>
			<wd l="3206" t="4696" r="3452" b="4757" fs="10">Capparis</wd>
			<wd l="3475" t="4696" r="3857" b="4758" fs="10">(Capparaceae)</wd>
		</ln>
		<ln lx="2558" ly="4766" rx="3858" ry="4815">
			<wd l="2558" t="4766" r="2694" b="4814" fs="10">from</wd>
			<wd l="2744" t="4766" r="2831" b="4814" fs="10">the</wd>
			<wd l="2882" t="4766" r="3042" b="4815" fs="10">Indus</wd>
			<wd l="3093" t="4773" r="3147" b="4815" fs="10">to</wd>
			<wd l="3198" t="4766" r="3285" b="4815" fs="10">the</wd>
			<wd l="3336" t="4766" r="3557" b="4815" fs="10">Pacific.</wd>
			<wd l="3633" t="4766" r="3858" b="4815" fs="10">Blumea</wd>
		</ln>
		<ln lx="2563" ly="4837" rx="2886" ry="4886">
			<wd l="2563" t="4837" r="2886" b="4886" fs="10">12:385-541.</wd>
		</ln>
	</region>
	<region article-doi="10.2307/41729925" region-id="11">
		<rc l="2361" t="4950" r="3872" b="5237"/>
		<ln lx="2366" ly="4955" rx="3862" ry="5017">
			<wd l="2366" t="4955" r="2545" b="5012" fs="10">Jessup,</wd>
			<wd l="2572" t="4955" r="2704" b="5003" fs="10">L.W.</wd>
			<wd l="2734" t="4955" r="2924" b="5015" fs="10">(1994).</wd>
			<wd l="2953" t="4955" r="3307" b="5017" fs="10">Capparaceae.</wd>
			<wd l="3336" t="4957" r="3390" b="5003" fs="10">In</wd>
			<wd l="3414" t="4956" r="3471" b="5004" fs="10">R.</wd>
			<wd l="3476" t="4955" r="3862" b="5005" fs="10">J.F.Henderson</wd>
		</ln>
		<ln lx="2557" ly="5025" rx="3867" ry="5087">
			<wd l="2557" t="5025" r="2687" b="5086" fs="10">(ed.),</wd>
			<wd l="2726" t="5026" r="3049" b="5087" fs="10">Queensland</wd>
			<wd l="3079" t="5026" r="3314" b="5074" fs="10">Vascular</wd>
			<wd l="3338" t="5026" r="3520" b="5082" fs="10">Plants,</wd>
			<wd l="3552" t="5028" r="3735" b="5074" fs="10">Names</wd>
			<wd l="3762" t="5027" r="3867" b="5074" fs="10">and</wd>
		</ln>
		<ln lx="2553" ly="5096" rx="3861" ry="5159">
			<wd l="2553" t="5096" r="2893" b="5145" fs="10">Distribution.</wd>
			<wd l="2923" t="5096" r="3175" b="5145" fs="10">Brisbane:</wd>
			<wd l="3207" t="5097" r="3521" b="5157" fs="10">Queensland</wd>
			<wd l="3547" t="5099" r="3861" b="5159" fs="10">Department</wd>
		</ln>
		<ln lx="2557" ly="5169" rx="3311" ry="5232">
			<wd l="2557" t="5169" r="2619" b="5218" fs="10">of</wd>
			<wd l="2630" t="5169" r="2979" b="5218" fs="10">Environment</wd>
			<wd l="2999" t="5170" r="3047" b="5218" fs="10"><![CDATA[&]]></wd>
			<wd l="3068" t="5170" r="3311" b="5232" fs="10">Heritage.</wd>
		</ln>
	</region>
	<region article-doi="10.2307/41729925" region-id="12">
		<rc l="2360" t="5287" r="3864" b="5507"/>
		<ln lx="2365" ly="5292" rx="3858" ry="5352">
			<wd l="2365" t="5292" r="2579" b="5349" fs="10">Maiden,</wd>
			<wd l="2595" t="5293" r="2696" b="5339" fs="10">J.H.</wd>
			<wd l="2713" t="5292" r="2761" b="5339" fs="10"><![CDATA[&]]></wd>
			<wd l="2775" t="5292" r="2978" b="5349" fs="10">Betche,</wd>
			<wd l="2993" t="5293" r="3045" b="5340" fs="10">E.</wd>
			<wd l="3062" t="5292" r="3247" b="5352" fs="10">(1905).</wd>
			<wd l="3261" t="5293" r="3414" b="5340" fs="10">Notes</wd>
			<wd l="3430" t="5292" r="3553" b="5341" fs="10">from</wd>
			<wd l="3565" t="5292" r="3644" b="5341" fs="10">the</wd>
			<wd l="3656" t="5292" r="3858" b="5341" fs="10">Botanic</wd>
		</ln>
		<ln lx="2557" ly="5366" rx="3859" ry="5428">
			<wd l="2557" t="5366" r="2791" b="5423" fs="10">Gardens,</wd>
			<wd l="2842" t="5366" r="3051" b="5427" fs="10">Sydney.</wd>
			<wd l="3103" t="5367" r="3439" b="5428" fs="10">Proceedings</wd>
			<wd l="3464" t="5366" r="3528" b="5428" fs="10">of</wd>
			<wd l="3539" t="5367" r="3618" b="5415" fs="10">the</wd>
			<wd l="3640" t="5369" r="3859" b="5415" fs="10">Linnean</wd>
		</ln>
		<ln lx="2555" ly="5440" rx="3669" ry="5502">
			<wd l="2555" t="5441" r="2749" b="5502" fs="10">Society</wd>
			<wd l="2767" t="5440" r="2832" b="5502" fs="10">of</wd>
			<wd l="2833" t="5442" r="2953" b="5488" fs="10">New</wd>
			<wd l="2971" t="5441" r="3124" b="5488" fs="10">South</wd>
			<wd l="3150" t="5441" r="3305" b="5488" fs="10">Wales</wd>
			<wd l="3322" t="5442" r="3401" b="5489" fs="10">30:</wd>
			<wd l="3425" t="5442" r="3669" b="5490" fs="10">354-375.</wd>
		</ln>
	</region>
</ocr-page>
