<?xml version="1.0" encoding="UTF-8"?>
<ocr-page type="coords" ocr-vers="1.0" creation-date="20130321" res="600" height="6300" width="4500">
	<region article-doi="10.2307/41729925" region-id="0">
		<rc l="620" t="731" r="3848" b="803"/>
		<ln lx="625" ly="736" rx="3843" ry="798">
			<wd l="625" t="739" r="826" b="795" fs="10">Forster,</wd>
			<wd l="850" t="737" r="1095" b="798" fs="10">Capparis</wd>
			<wd l="1116" t="737" r="1329" b="785" fs="10">velutina</wd>
			<wd l="3753" t="736" r="3843" b="782" fs="10">109</wd>
		</ln>
	</region>
	<region article-doi="10.2307/41729925" region-id="1">
		<rc l="641" t="5318" r="3860" b="5542"/>
		<ln lx="647" ly="5323" rx="3732" ry="5388">
			<wd l="647" t="5327" r="750" b="5388" fs="10">Fig.</wd>
			<wd l="775" t="5327" r="816" b="5374" fs="10">1.</wd>
			<wd l="840" t="5327" r="1083" b="5387" fs="10">Capparis</wd>
			<wd l="1102" t="5326" r="1327" b="5374" fs="10">velutina.</wd>
			<wd l="1366" t="5326" r="1427" b="5373" fs="10">A.</wd>
			<wd l="1451" t="5325" r="1710" b="5386" fs="10">flowering</wd>
			<wd l="1728" t="5324" r="1978" b="5373" fs="10">branchlet</wd>
			<wd l="2001" t="5336" r="2028" b="5362" fs="10">*</wd>
			<wd l="2053" t="5325" r="2147" b="5373" fs="10">0.8.</wd>
			<wd l="2170" t="5326" r="2226" b="5373" fs="10">B.</wd>
			<wd l="2266" t="5324" r="2611" b="5373" fs="10">undersurface</wd>
			<wd l="2632" t="5324" r="2693" b="5372" fs="10">of</wd>
			<wd l="2706" t="5324" r="2811" b="5372" fs="10">leaf</wd>
			<wd l="2824" t="5323" r="3049" b="5385" fs="10">showing</wd>
			<wd l="3068" t="5323" r="3298" b="5372" fs="10">venation</wd>
			<wd l="3322" t="5335" r="3348" b="5361" fs="10">x</wd>
			<wd l="3379" t="5324" r="3417" b="5371" fs="10">1.</wd>
			<wd l="3441" t="5324" r="3496" b="5371" fs="10">C.</wd>
			<wd l="3518" t="5323" r="3618" b="5372" fs="10">bud</wd>
			<wd l="3630" t="5323" r="3732" b="5384" fs="10">just</wd>
		</ln>
		<ln lx="646" ly="5398" rx="3855" ry="5460">
			<wd l="646" t="5401" r="813" b="5449" fs="10">before</wd>
			<wd l="851" t="5400" r="1063" b="5449" fs="10">anthesis</wd>
			<wd l="1088" t="5412" r="1114" b="5438" fs="10">x</wd>
			<wd l="1145" t="5401" r="1234" b="5449" fs="10">1.5.</wd>
			<wd l="1257" t="5402" r="1317" b="5448" fs="10">D.</wd>
			<wd l="1341" t="5400" r="1504" b="5448" fs="10">lateral</wd>
			<wd l="1525" t="5399" r="1654" b="5448" fs="10">view</wd>
			<wd l="1675" t="5399" r="1736" b="5448" fs="10">of</wd>
			<wd l="1749" t="5399" r="1923" b="5448" fs="10">flower</wd>
			<wd l="1964" t="5411" r="1990" b="5437" fs="10">x</wd>
			<wd l="2022" t="5400" r="2111" b="5448" fs="10">1.5.</wd>
			<wd l="2134" t="5401" r="2246" b="5447" fs="10">E-F.</wd>
			<wd l="2268" t="5399" r="2423" b="5460" fs="10">petals</wd>
			<wd l="2449" t="5410" r="2474" b="5437" fs="10">x</wd>
			<wd l="2506" t="5400" r="2595" b="5447" fs="10">1.5.</wd>
			<wd l="2619" t="5399" r="2678" b="5447" fs="10">G.</wd>
			<wd l="2703" t="5398" r="2825" b="5460" fs="10">style</wd>
			<wd l="2867" t="5410" r="2893" b="5436" fs="10">x</wd>
			<wd l="2921" t="5400" r="2964" b="5447" fs="10">5.</wd>
			<wd l="2986" t="5400" r="3046" b="5447" fs="10">H.</wd>
			<wd l="3072" t="5405" r="3257" b="5447" fs="10">stamen</wd>
			<wd l="3281" t="5410" r="3307" b="5436" fs="10">x</wd>
			<wd l="3333" t="5399" r="3377" b="5447" fs="10">2.</wd>
			<wd l="3417" t="5398" r="3501" b="5446" fs="10">All</wd>
			<wd l="3522" t="5398" r="3649" b="5446" fs="10">from</wd>
			<wd l="3654" t="5399" r="3855" b="5446" fs="10">Forster</wd>
		</ln>
		<ln lx="653" ly="5475" rx="1452" ry="5537">
			<wd l="653" t="5476" r="809" b="5524" fs="10">16004</wd>
			<wd l="848" t="5476" r="1013" b="5537" fs="10">(BRI).</wd>
			<wd l="1053" t="5475" r="1161" b="5524" fs="10">Del.</wd>
			<wd l="1185" t="5477" r="1258" b="5524" fs="10">W.</wd>
			<wd l="1283" t="5475" r="1452" b="5524" fs="10">Smith.</wd>
		</ln>
	</region>
</ocr-page>
