<?xml version="1.0" encoding="UTF-8"?>
<ocr-page type="coords" ocr-vers="1.0" creation-date="20130321" res="600" height="6300" width="4500">
	<region article-doi="10.2307/41729919" region-id="0">
		<rc l="636" t="730" r="3791" b="802"/>
		<ln lx="641" ly="735" rx="3786" ry="797">
			<wd l="641" t="740" r="702" b="787" fs="10">68</wd>
			<wd l="2886" t="736" r="3262" b="797" fs="10">Austrobaileya</wd>
			<wd l="3281" t="736" r="3403" b="795" fs="10">5(1):</wd>
			<wd l="3427" t="736" r="3590" b="783" fs="10">63-69</wd>
			<wd l="3611" t="735" r="3786" b="795" fs="10">(1997)</wd>
		</ln>
	</region>
	<region article-doi="10.2307/41729919" region-id="1">
		<rc l="638" t="846" r="2210" b="5594"/>
		<ln lx="708" ly="851" rx="2179" ry="931">
			<wd l="708" t="853" r="1091" b="914" fs="10">Astrotricha</wd>
			<wd l="1114" t="872" r="1201" b="931" fs="10">sp.</wd>
			<wd l="1229" t="854" r="1529" b="929" fs="10">(Pomona</wd>
			<wd l="1548" t="854" r="1878" b="912" fs="10">A.R.Bean</wd>
			<wd l="1909" t="854" r="1931" b="911" fs="10">1</wd>
			<wd l="1951" t="852" r="2092" b="928" fs="10">157)</wd>
			<wd l="2117" t="851" r="2179" b="911" fs="10">in</wd>
		</ln>
		<ln lx="830" ly="943" rx="1263" ry="1019">
			<wd l="830" t="946" r="1000" b="1004" fs="10">Bean</wd>
			<wd l="1026" t="943" r="1263" b="1019" fs="10">(1994).</wd>
		</ln>
		<ln lx="646" ly="1104" rx="2180" ry="1183">
			<wd l="646" t="1106" r="838" b="1167" fs="10">Shrub</wd>
			<wd l="855" t="1114" r="917" b="1167" fs="10">to</wd>
			<wd l="937" t="1107" r="973" b="1166" fs="10">2</wd>
			<wd l="991" t="1125" r="1054" b="1165" fs="10">m</wd>
			<wd l="1070" t="1105" r="1235" b="1183" fs="10">high,</wd>
			<wd l="1256" t="1113" r="1431" b="1178" fs="10">erect,</wd>
			<wd l="1450" t="1104" r="1941" b="1165" fs="10">well-branched.</wd>
			<wd l="1965" t="1105" r="2180" b="1176" fs="10">Stems,</wd>
		</ln>
		<ln lx="643" ly="1196" rx="2180" ry="1276">
			<wd l="643" t="1198" r="935" b="1276" fs="10">petioles</wd>
			<wd l="983" t="1198" r="1112" b="1258" fs="10">and</wd>
			<wd l="1158" t="1197" r="1427" b="1258" fs="10">abaxial</wd>
			<wd l="1476" t="1197" r="1782" b="1258" fs="10">surfaces</wd>
			<wd l="1831" t="1196" r="1913" b="1257" fs="10">of</wd>
			<wd l="1950" t="1196" r="2180" b="1257" fs="10">leaves</wd>
		</ln>
		<ln lx="647" ly="1288" rx="2182" ry="1368">
			<wd l="647" t="1290" r="1336" b="1368" fs="10">stellate-pubescent,</wd>
			<wd l="1381" t="1289" r="1543" b="1350" fs="10">with</wd>
			<wd l="1585" t="1288" r="1961" b="1350" fs="10">individual</wd>
			<wd l="2004" t="1288" r="2182" b="1349" fs="10">hairs</wd>
		</ln>
		<ln lx="646" ly="1380" rx="2182" ry="1453">
			<wd l="646" t="1401" r="696" b="1442" fs="10">c.</wd>
			<wd l="734" t="1383" r="825" b="1442" fs="10">1.0</wd>
			<wd l="850" t="1401" r="977" b="1441" fs="10">mm</wd>
			<wd l="1002" t="1401" r="1226" b="1441" fs="10">across.</wd>
			<wd l="1255" t="1384" r="1488" b="1441" fs="10">Leaves</wd>
			<wd l="1516" t="1381" r="1819" b="1453" fs="10">alternate,</wd>
			<wd l="1848" t="1380" r="2182" b="1440" fs="10">lanceolate</wd>
		</ln>
		<ln lx="644" ly="1472" rx="2181" ry="1550">
			<wd l="644" t="1482" r="708" b="1533" fs="10">to</wd>
			<wd l="746" t="1473" r="1062" b="1550" fs="10">narrowly</wd>
			<wd l="1102" t="1473" r="1478" b="1544" fs="10">lanceolate,</wd>
			<wd l="1520" t="1473" r="1929" b="1548" fs="10">(50)70-120</wd>
			<wd l="1975" t="1486" r="2008" b="1519" fs="10">x</wd>
			<wd l="2053" t="1472" r="2181" b="1547" fs="10">(8-)</wd>
		</ln>
		<ln lx="654" ly="1563" rx="2180" ry="1640">
			<wd l="654" t="1566" r="675" b="1623" fs="10">1</wd>
			<wd l="696" t="1565" r="850" b="1624" fs="10">1-20</wd>
			<wd l="884" t="1583" r="1029" b="1636" fs="10">mm,</wd>
			<wd l="1066" t="1564" r="1424" b="1635" fs="10">acuminate,</wd>
			<wd l="1461" t="1563" r="1609" b="1623" fs="10">dark</wd>
			<wd l="1641" t="1582" r="1826" b="1640" fs="10">green</wd>
			<wd l="1860" t="1563" r="2180" b="1639" fs="10">adaxially,</wd>
		</ln>
		<ln lx="644" ly="1653" rx="2185" ry="1731">
			<wd l="644" t="1655" r="793" b="1731" fs="10">pale</wd>
			<wd l="834" t="1655" r="1082" b="1731" fs="10">yellow</wd>
			<wd l="1125" t="1654" r="1485" b="1731" fs="10">abaxially,</wd>
			<wd l="1529" t="1654" r="1771" b="1713" fs="10">midrib</wd>
			<wd l="1815" t="1653" r="2185" b="1730" fs="10">impressed</wd>
		</ln>
		<ln lx="647" ly="1745" rx="2183" ry="1822">
			<wd l="647" t="1745" r="985" b="1822" fs="10">adaxially,</wd>
			<wd l="1025" t="1745" r="1236" b="1805" fs="10">raised</wd>
			<wd l="1275" t="1745" r="1618" b="1821" fs="10">abaxially;</wd>
			<wd l="1658" t="1745" r="1930" b="1821" fs="10">petioles</wd>
			<wd l="1968" t="1752" r="2183" b="1816" fs="10">terete,</wd>
		</ln>
		<ln lx="647" ly="1835" rx="2183" ry="1913">
			<wd l="647" t="1838" r="770" b="1897" fs="10">6-1</wd>
			<wd l="788" t="1837" r="890" b="1912" fs="10">3(-</wd>
			<wd l="909" t="1838" r="931" b="1896" fs="10">1</wd>
			<wd l="950" t="1837" r="1020" b="1912" fs="10">7)</wd>
			<wd l="1068" t="1856" r="1201" b="1896" fs="10">mm</wd>
			<wd l="1251" t="1836" r="1434" b="1913" fs="10">long.</wd>
			<wd l="1485" t="1835" r="1798" b="1896" fs="10">Panicles</wd>
			<wd l="1846" t="1835" r="2183" b="1907" fs="10">terminal,</wd>
		</ln>
		<ln lx="654" ly="1927" rx="2186" ry="2006">
			<wd l="654" t="1929" r="851" b="1989" fs="10">10-30</wd>
			<wd l="883" t="1947" r="981" b="1988" fs="10">cm</wd>
			<wd l="1011" t="1927" r="1176" b="2006" fs="10">long,</wd>
			<wd l="1208" t="1927" r="1461" b="2005" fs="10">densely</wd>
			<wd l="1491" t="1927" r="1941" b="2004" fs="10">stellate-hairy,</wd>
			<wd l="1971" t="1927" r="2186" b="1987" fs="10">brown</wd>
		</ln>
		<ln lx="645" ly="2019" rx="2183" ry="2099">
			<wd l="645" t="2030" r="712" b="2082" fs="10">to</wd>
			<wd l="773" t="2021" r="1026" b="2099" fs="10">yellow</wd>
			<wd l="1087" t="2021" r="1156" b="2081" fs="10">in</wd>
			<wd l="1217" t="2020" r="1479" b="2093" fs="10">colour;</wd>
			<wd l="1542" t="2019" r="1766" b="2081" fs="10">bracts</wd>
			<wd l="1829" t="2019" r="2183" b="2092" fs="10">ensiform,</wd>
		</ln>
		<ln lx="655" ly="2112" rx="2183" ry="2190">
			<wd l="655" t="2116" r="677" b="2173" fs="10">1</wd>
			<wd l="692" t="2115" r="886" b="2174" fs="10">.7-3.5</wd>
			<wd l="907" t="2133" r="1034" b="2173" fs="10">mm</wd>
			<wd l="1052" t="2113" r="1212" b="2190" fs="10">long.</wd>
			<wd l="1232" t="2113" r="1378" b="2174" fs="10">Unit</wd>
			<wd l="1394" t="2113" r="1827" b="2173" fs="10">inflorescence</wd>
			<wd l="1844" t="2112" r="2183" b="2184" fs="10">umbellate,</wd>
		</ln>
		<ln lx="648" ly="2203" rx="2186" ry="2282">
			<wd l="648" t="2206" r="866" b="2281" fs="10">(4-)5-</wd>
			<wd l="877" t="2207" r="899" b="2264" fs="10">1</wd>
			<wd l="921" t="2207" r="943" b="2264" fs="10">1</wd>
			<wd l="957" t="2204" r="1316" b="2277" fs="10">-flowered;</wd>
			<wd l="1356" t="2204" r="1704" b="2282" fs="10">peduncles</wd>
			<wd l="1744" t="2204" r="1866" b="2264" fs="10">and</wd>
			<wd l="1901" t="2203" r="2186" b="2281" fs="10">pedicels</wd>
		</ln>
		<ln lx="649" ly="2295" rx="2188" ry="2374">
			<wd l="649" t="2297" r="910" b="2369" fs="10">slender,</wd>
			<wd l="947" t="2297" r="1222" b="2374" fs="10">pedicels</wd>
			<wd l="1260" t="2298" r="1508" b="2357" fs="10">3.0-9.5</wd>
			<wd l="1547" t="2315" r="1676" b="2355" fs="10">mm</wd>
			<wd l="1712" t="2296" r="1878" b="2373" fs="10">long.</wd>
			<wd l="1916" t="2295" r="2188" b="2355" fs="10">Flowers</wd>
		</ln>
		<ln lx="647" ly="2388" rx="2185" ry="2465">
			<wd l="647" t="2388" r="960" b="2460" fs="10">bisexual,</wd>
			<wd l="999" t="2388" r="1440" b="2465" fs="10">protandrous,</wd>
			<wd l="1481" t="2389" r="1742" b="2447" fs="10">4.5-6.0</wd>
			<wd l="1781" t="2406" r="1911" b="2446" fs="10">mm</wd>
			<wd l="1949" t="2406" r="2185" b="2447" fs="10">across.</wd>
		</ln>
		<ln lx="648" ly="2478" rx="2192" ry="2555">
			<wd l="648" t="2479" r="1064" b="2555" fs="10">Hypanthium</wd>
			<wd l="1084" t="2479" r="1533" b="2555" fs="10">stellate-hairy,</wd>
			<wd l="1564" t="2480" r="1585" b="2537" fs="10">1</wd>
			<wd l="1601" t="2480" r="1732" b="2538" fs="10">.0-1</wd>
			<wd l="1749" t="2481" r="1800" b="2538" fs="10">.5</wd>
			<wd l="1823" t="2497" r="1950" b="2537" fs="10">mm</wd>
			<wd l="1970" t="2478" r="2115" b="2554" fs="10">long</wd>
			<wd l="2135" t="2486" r="2192" b="2537" fs="10">at</wd>
		</ln>
		<ln lx="650" ly="2569" rx="2190" ry="2646">
			<wd l="650" t="2570" r="929" b="2641" fs="10">anthesis,</wd>
			<wd l="950" t="2570" r="1381" b="2646" fs="10">campanulate;</wd>
			<wd l="1401" t="2569" r="1576" b="2646" fs="10">calyx</wd>
			<wd l="1595" t="2570" r="1764" b="2629" fs="10">lobes</wd>
			<wd l="1784" t="2569" r="2016" b="2640" fs="10">deltate,</wd>
			<wd l="2037" t="2588" r="2190" b="2645" fs="10">apex</wd>
		</ln>
		<ln lx="651" ly="2659" rx="2189" ry="2736">
			<wd l="651" t="2669" r="821" b="2721" fs="10">acute</wd>
			<wd l="840" t="2680" r="907" b="2720" fs="10">or</wd>
			<wd l="924" t="2660" r="1154" b="2732" fs="10">obtuse,</wd>
			<wd l="1175" t="2679" r="1225" b="2720" fs="10">c.</wd>
			<wd l="1248" t="2661" r="1347" b="2720" fs="10">0.4</wd>
			<wd l="1371" t="2674" r="1405" b="2707" fs="10">x</wd>
			<wd l="1429" t="2661" r="1528" b="2720" fs="10">0.4</wd>
			<wd l="1546" t="2679" r="1691" b="2731" fs="10">mm,</wd>
			<wd l="1711" t="2678" r="1894" b="2736" fs="10">green</wd>
			<wd l="1909" t="2668" r="1971" b="2719" fs="10">to</wd>
			<wd l="1989" t="2659" r="2189" b="2731" fs="10">white,</wd>
		</ln>
		<ln lx="652" ly="2750" rx="2187" ry="2829">
			<wd l="652" t="2751" r="1106" b="2829" fs="10">stellate-hairy</wd>
			<wd l="1144" t="2771" r="1215" b="2812" fs="10">or</wd>
			<wd l="1250" t="2751" r="1485" b="2828" fs="10">mostly</wd>
			<wd l="1523" t="2751" r="1841" b="2828" fs="10">glabrous.</wd>
			<wd l="1883" t="2750" r="2088" b="2810" fs="10">Petals</wd>
			<wd l="2130" t="2752" r="2187" b="2822" fs="10">5,</wd>
		</ln>
		<ln lx="652" ly="2842" rx="2190" ry="2920">
			<wd l="652" t="2844" r="883" b="2917" fs="10">deltate,</wd>
			<wd l="911" t="2845" r="1142" b="2905" fs="10">1.5-2.5</wd>
			<wd l="1170" t="2858" r="1203" b="2892" fs="10">x</wd>
			<wd l="1227" t="2844" r="1462" b="2904" fs="10">0.7-1.1</wd>
			<wd l="1487" t="2862" r="1632" b="2915" fs="10">mm,</wd>
			<wd l="1651" t="2843" r="1831" b="2903" fs="10">white</wd>
			<wd l="1850" t="2862" r="1917" b="2903" fs="10">or</wd>
			<wd l="1931" t="2842" r="2190" b="2920" fs="10">pinkish,</wd>
		</ln>
		<ln lx="653" ly="2934" rx="2192" ry="3013">
			<wd l="653" t="2936" r="1009" b="2997" fs="10">somewhat</wd>
			<wd l="1046" t="2936" r="1418" b="3013" fs="10">persistent;</wd>
			<wd l="1461" t="2935" r="1769" b="3013" fs="10">glabrous</wd>
			<wd l="1811" t="2954" r="1896" b="2995" fs="10">on</wd>
			<wd l="1936" t="2934" r="2192" b="2995" fs="10">adaxial</wd>
		</ln>
		<ln lx="653" ly="3026" rx="2193" ry="3105">
			<wd l="653" t="3028" r="908" b="3100" fs="10">surface,</wd>
			<wd l="936" t="3027" r="1167" b="3088" fs="10">stellate</wd>
			<wd l="1189" t="3027" r="1361" b="3105" fs="10">hairy</wd>
			<wd l="1384" t="3047" r="1466" b="3088" fs="10">on</wd>
			<wd l="1489" t="3027" r="1727" b="3088" fs="10">abaxial</wd>
			<wd l="1753" t="3026" r="2011" b="3099" fs="10">surface;</wd>
			<wd l="2038" t="3045" r="2193" b="3104" fs="10">apex</wd>
		</ln>
		<ln lx="653" ly="3118" rx="2195" ry="3195">
			<wd l="653" t="3128" r="823" b="3180" fs="10">acute</wd>
			<wd l="841" t="3128" r="903" b="3180" fs="10">to</wd>
			<wd l="923" t="3120" r="1279" b="3180" fs="10">acuminate.</wd>
			<wd l="1303" t="3121" r="1579" b="3180" fs="10">Stamens</wd>
			<wd l="1601" t="3121" r="1656" b="3191" fs="10">5,</wd>
			<wd l="1678" t="3118" r="2031" b="3195" fs="10">alternating</wd>
			<wd l="2048" t="3118" r="2195" b="3178" fs="10">with</wd>
		</ln>
		<ln lx="650" ly="3210" rx="2190" ry="3289">
			<wd l="650" t="3212" r="752" b="3272" fs="10">the</wd>
			<wd l="786" t="3212" r="1002" b="3289" fs="10">petals;</wd>
			<wd l="1041" t="3211" r="1351" b="3272" fs="10">filaments</wd>
			<wd l="1386" t="3219" r="1592" b="3283" fs="10">terete,</wd>
			<wd l="1631" t="3230" r="1682" b="3271" fs="10">c.</wd>
			<wd l="1730" t="3212" r="1823" b="3271" fs="10">1.9</wd>
			<wd l="1858" t="3229" r="1987" b="3270" fs="10">mm</wd>
			<wd l="2023" t="3210" r="2190" b="3287" fs="10">long;</wd>
		</ln>
		<ln lx="653" ly="3301" rx="2189" ry="3379">
			<wd l="653" t="3303" r="910" b="3363" fs="10">anthers</wd>
			<wd l="952" t="3303" r="1171" b="3375" fs="10">white,</wd>
			<wd l="1216" t="3322" r="1270" b="3363" fs="10">c.</wd>
			<wd l="1324" t="3304" r="1416" b="3363" fs="10">1.1</wd>
			<wd l="1464" t="3321" r="1596" b="3362" fs="10">mm</wd>
			<wd l="1638" t="3302" r="1816" b="3379" fs="10">long,</wd>
			<wd l="1857" t="3301" r="2189" b="3373" fs="10">versatile,</wd>
		</ln>
		<ln lx="654" ly="3393" rx="2193" ry="3471">
			<wd l="654" t="3394" r="1005" b="3465" fs="10">dorsiflxed,</wd>
			<wd l="1026" t="3394" r="1292" b="3471" fs="10">opening</wd>
			<wd l="1309" t="3394" r="1391" b="3470" fs="10">by</wd>
			<wd l="1410" t="3393" r="1807" b="3470" fs="10">longitudinal</wd>
			<wd l="1827" t="3393" r="1973" b="3453" fs="10">slits.</wd>
			<wd l="1997" t="3393" r="2193" b="3469" fs="10">Styles</wd>
		</ln>
		<ln lx="654" ly="3484" rx="2196" ry="3562">
			<wd l="654" t="3487" r="715" b="3557" fs="10">2,</wd>
			<wd l="770" t="3487" r="1035" b="3546" fs="10">1.5-2.8</wd>
			<wd l="1079" t="3504" r="1212" b="3544" fs="10">mm</wd>
			<wd l="1257" t="3485" r="1440" b="3562" fs="10">long;</wd>
			<wd l="1487" t="3493" r="1549" b="3545" fs="10">at</wd>
			<wd l="1593" t="3484" r="1743" b="3544" fs="10">first</wd>
			<wd l="1786" t="3492" r="1986" b="3556" fs="10">erect,</wd>
			<wd l="2033" t="3484" r="2196" b="3544" fs="10">later</wd>
		</ln>
		<ln lx="655" ly="3575" rx="2197" ry="3653">
			<wd l="655" t="3576" r="977" b="3653" fs="10">spreading</wd>
			<wd l="1007" t="3576" r="1166" b="3636" fs="10">from</wd>
			<wd l="1193" t="3576" r="1359" b="3648" fs="10">base,</wd>
			<wd l="1389" t="3576" r="1726" b="3653" fs="10">persistent.</wd>
			<wd l="1759" t="3575" r="1992" b="3635" fs="10">Ovules</wd>
			<wd l="2031" t="3577" r="2053" b="3634" fs="10">1</wd>
			<wd l="2089" t="3594" r="2197" b="3651" fs="10">per</wd>
		</ln>
		<ln lx="655" ly="3666" rx="2191" ry="3745">
			<wd l="655" t="3668" r="868" b="3745" fs="10">carpel.</wd>
			<wd l="888" t="3667" r="1046" b="3728" fs="10">Fruit</wd>
			<wd l="1063" t="3687" r="1099" b="3728" fs="10">a</wd>
			<wd l="1115" t="3667" r="1480" b="3744" fs="10">schizocarp,</wd>
			<wd l="1497" t="3675" r="1542" b="3720" fs="10">±</wd>
			<wd l="1561" t="3666" r="1855" b="3727" fs="10">orbicular</wd>
			<wd l="1871" t="3666" r="1933" b="3726" fs="10">in</wd>
			<wd l="1950" t="3666" r="2191" b="3738" fs="10">outline,</wd>
		</ln>
		<ln lx="656" ly="3758" rx="2193" ry="3836">
			<wd l="656" t="3761" r="934" b="3820" fs="10">3.3-4.0</wd>
			<wd l="999" t="3778" r="1132" b="3818" fs="10">mm</wd>
			<wd l="1199" t="3759" r="1383" b="3836" fs="10">long,</wd>
			<wd l="1452" t="3760" r="1726" b="3819" fs="10">3.9-4.3</wd>
			<wd l="1796" t="3777" r="1929" b="3817" fs="10">mm</wd>
			<wd l="1993" t="3758" r="2193" b="3830" fs="10">wide,</wd>
		</ln>
		<ln lx="664" ly="3849" rx="2198" ry="3928">
			<wd l="664" t="3853" r="685" b="3910" fs="10">1</wd>
			<wd l="701" t="3853" r="831" b="3911" fs="10">.2-1</wd>
			<wd l="847" t="3853" r="897" b="3911" fs="10">.5</wd>
			<wd l="919" t="3870" r="1046" b="3910" fs="10">mm</wd>
			<wd l="1062" t="3851" r="1245" b="3923" fs="10">thick,</wd>
			<wd l="1265" t="3850" r="1659" b="3928" fs="10">glabrescent;</wd>
			<wd l="1679" t="3850" r="1909" b="3922" fs="10">brown,</wd>
			<wd l="1931" t="3849" r="2198" b="3927" fs="10">splitting</wd>
		</ln>
		<ln lx="657" ly="3942" rx="2144" ry="4020">
			<wd l="657" t="3951" r="714" b="4003" fs="10">at</wd>
			<wd l="735" t="3943" r="1038" b="4020" fs="10">maturity;</wd>
			<wd l="1063" t="3943" r="1390" b="4019" fs="10">mericarps</wd>
			<wd l="1424" t="3942" r="1734" b="4002" fs="10">1-locular.</wd>
			<wd l="1761" t="3942" r="1888" b="4019" fs="10">Fig.</wd>
			<wd l="1924" t="3943" r="1946" b="4000" fs="10">1</wd>
			<wd l="1978" t="3943" r="2144" b="4001" fs="10">A-F.</wd>
		</ln>
		<ln lx="654" ly="4106" rx="2189" ry="4168">
			<wd l="654" t="4106" r="946" b="4168" fs="10">Spécimens</wd>
			<wd l="960" t="4106" r="1239" b="4154" fs="10">examined:</wd>
			<wd l="1259" t="4106" r="1607" b="4164" fs="10">Queensland.</wd>
			<wd l="1621" t="4107" r="1750" b="4153" fs="10">Port</wd>
			<wd l="1764" t="4106" r="1939" b="4153" fs="10">Curtis</wd>
			<wd l="1954" t="4106" r="2189" b="4152" fs="10">District:</wd>
		</ln>
		<ln lx="656" ly="4179" rx="2195" ry="4242">
			<wd l="656" t="4181" r="914" b="4230" fs="10">Kroombit</wd>
			<wd l="941" t="4182" r="1072" b="4242" fs="10">Tops</wd>
			<wd l="1101" t="4182" r="1169" b="4229" fs="10">SF</wd>
			<wd l="1199" t="4181" r="1311" b="4239" fs="10">316,</wd>
			<wd l="1340" t="4181" r="1403" b="4228" fs="10">48</wd>
			<wd l="1431" t="4180" r="1515" b="4228" fs="10">km</wd>
			<wd l="1541" t="4181" r="1579" b="4228" fs="10">E</wd>
			<wd l="1608" t="4179" r="1669" b="4228" fs="10">of</wd>
			<wd l="1688" t="4179" r="1894" b="4237" fs="10">Biloela,</wd>
			<wd l="1925" t="4180" r="2020" b="4241" fs="10">Sep</wd>
			<wd l="2055" t="4180" r="2195" b="4237" fs="10">1988,</wd>
		</ln>
		<ln lx="659" ly="4255" rx="2196" ry="4316">
			<wd l="659" t="4256" r="848" b="4305" fs="10">Gibson</wd>
			<wd l="870" t="4256" r="1072" b="4304" fs="10">TOI431</wd>
			<wd l="1103" t="4256" r="1272" b="4316" fs="10">(BRI);</wd>
			<wd l="1297" t="4270" r="1411" b="4304" fs="10">near</wd>
			<wd l="1432" t="4255" r="1732" b="4304" fs="10">headwaters</wd>
			<wd l="1755" t="4255" r="1817" b="4303" fs="10">of</wd>
			<wd l="1832" t="4255" r="1990" b="4303" fs="10">Cedar</wd>
			<wd l="2012" t="4255" r="2102" b="4312" fs="10">Ck,</wd>
			<wd l="2129" t="4255" r="2196" b="4303" fs="10">SF</wd>
		</ln>
		<ln lx="659" ly="4330" rx="2193" ry="4392">
			<wd l="659" t="4332" r="769" b="4389" fs="10">583,</wd>
			<wd l="795" t="4331" r="869" b="4379" fs="10">Jul</wd>
			<wd l="901" t="4331" r="1039" b="4388" fs="10">1995,</wd>
			<wd l="1074" t="4331" r="1348" b="4392" fs="10">Thompson</wd>
			<wd l="1372" t="4331" r="1599" b="4379" fs="10">CAL312</wd>
			<wd l="1626" t="4331" r="1674" b="4379" fs="10"><![CDATA[&]]></wd>
			<wd l="1709" t="4331" r="1884" b="4391" fs="10">Turpin</wd>
			<wd l="1910" t="4330" r="2041" b="4390" fs="10">(AD,</wd>
			<wd l="2068" t="4331" r="2193" b="4387" fs="10">BRI,</wd>
		</ln>
		<ln lx="657" ly="4404" rx="2194" ry="4466">
			<wd l="657" t="4407" r="815" b="4463" fs="10">DNA,</wd>
			<wd l="833" t="4406" r="1019" b="4466" fs="10">NSW).</wd>
			<wd l="1040" t="4407" r="1266" b="4453" fs="10">Burnett</wd>
			<wd l="1284" t="4407" r="1521" b="4453" fs="10">District:</wd>
			<wd l="1542" t="4420" r="1657" b="4453" fs="10">near</wd>
			<wd l="1673" t="4404" r="1812" b="4453" fs="10">Dead</wd>
			<wd l="1830" t="4404" r="1937" b="4452" fs="10">End</wd>
			<wd l="1954" t="4404" r="2194" b="4461" fs="10">Lookout,</wd>
		</ln>
		<ln lx="658" ly="4479" rx="2194" ry="4542">
			<wd l="658" t="4480" r="987" b="4542" fs="10">Coominglah</wd>
			<wd l="1005" t="4481" r="1090" b="4538" fs="10">SF,</wd>
			<wd l="1107" t="4495" r="1222" b="4528" fs="10">near</wd>
			<wd l="1236" t="4481" r="1428" b="4537" fs="10">Monto,</wd>
			<wd l="1445" t="4481" r="1561" b="4541" fs="10">Aug</wd>
			<wd l="1583" t="4480" r="1724" b="4537" fs="10">1990,</wd>
			<wd l="1746" t="4481" r="1884" b="4527" fs="10">Bean</wd>
			<wd l="1900" t="4479" r="2031" b="4526" fs="10">2086</wd>
			<wd l="2048" t="4479" r="2194" b="4539" fs="10">(BRI,</wd>
		</ln>
		<ln lx="657" ly="4553" rx="2200" ry="4616">
			<wd l="657" t="4556" r="811" b="4612" fs="10">MEL,</wd>
			<wd l="827" t="4555" r="1015" b="4615" fs="10">NSW);</wd>
			<wd l="1035" t="4555" r="1190" b="4603" fs="10">Cania</wd>
			<wd l="1207" t="4555" r="1371" b="4616" fs="10">Gorge</wd>
			<wd l="1386" t="4556" r="1487" b="4612" fs="10">NP,</wd>
			<wd l="1507" t="4569" r="1547" b="4602" fs="10">c.</wd>
			<wd l="1568" t="4555" r="1665" b="4601" fs="10">600</wd>
			<wd l="1682" t="4569" r="1732" b="4601" fs="10">m</wd>
			<wd l="1750" t="4555" r="1809" b="4602" fs="10">W</wd>
			<wd l="1826" t="4553" r="1888" b="4602" fs="10">of</wd>
			<wd l="1896" t="4555" r="1974" b="4602" fs="10">Mt</wd>
			<wd l="1989" t="4555" r="2200" b="4614" fs="10">Dowgo,</wd>
		</ln>
		<ln lx="656" ly="4628" rx="2197" ry="4689">
			<wd l="656" t="4631" r="771" b="4678" fs="10">Nov</wd>
			<wd l="792" t="4630" r="809" b="4676" fs="10">1</wd>
			<wd l="820" t="4630" r="932" b="4687" fs="10">995,</wd>
			<wd l="940" t="4629" r="1128" b="4677" fs="10">Brushe</wd>
			<wd l="1141" t="4630" r="1239" b="4677" fs="10">JB3</wd>
			<wd l="1252" t="4630" r="1269" b="4676" fs="10">1</wd>
			<wd l="1281" t="4630" r="1306" b="4676" fs="10">5</wd>
			<wd l="1325" t="4630" r="1373" b="4677" fs="10"><![CDATA[&]]></wd>
			<wd l="1382" t="4629" r="1582" b="4689" fs="10">Hendry</wd>
			<wd l="1594" t="4629" r="1761" b="4689" fs="10">(BRI);</wd>
			<wd l="1778" t="4643" r="1817" b="4677" fs="10">c.</wd>
			<wd l="1841" t="4629" r="1857" b="4676" fs="10">1</wd>
			<wd l="1869" t="4630" r="1894" b="4676" fs="10">5</wd>
			<wd l="1912" t="4628" r="1994" b="4676" fs="10">km</wd>
			<wd l="2008" t="4628" r="2197" b="4688" fs="10">(direct)</wd>
		</ln>
		<ln lx="660" ly="4702" rx="2200" ry="4761">
			<wd l="660" t="4705" r="831" b="4752" fs="10">WNW</wd>
			<wd l="851" t="4703" r="912" b="4752" fs="10">of</wd>
			<wd l="923" t="4705" r="1115" b="4761" fs="10">Monto,</wd>
			<wd l="1135" t="4703" r="1352" b="4752" fs="10">turn-off</wd>
			<wd l="1365" t="4703" r="1491" b="4751" fs="10">from</wd>
			<wd l="1510" t="4705" r="1677" b="4751" fs="10">Forest</wd>
			<wd l="1695" t="4703" r="1846" b="4751" fs="10">Drive</wd>
			<wd l="1865" t="4709" r="1915" b="4751" fs="10">to</wd>
			<wd l="1935" t="4702" r="2075" b="4751" fs="10">Dead</wd>
			<wd l="2094" t="4702" r="2200" b="4750" fs="10">End</wd>
		</ln>
		<ln lx="659" ly="4777" rx="2196" ry="4841">
			<wd l="659" t="4778" r="902" b="4837" fs="10">Lookout,</wd>
			<wd l="934" t="4778" r="1266" b="4841" fs="10">Coominglah</wd>
			<wd l="1297" t="4779" r="1383" b="4836" fs="10">SF,</wd>
			<wd l="1414" t="4779" r="1510" b="4827" fs="10">Oct</wd>
			<wd l="1543" t="4778" r="1687" b="4836" fs="10">1988,</wd>
			<wd l="1722" t="4777" r="1990" b="4826" fs="10">Makinson</wd>
			<wd l="2020" t="4778" r="2117" b="4825" fs="10">550</wd>
			<wd l="2148" t="4777" r="2196" b="4826" fs="10"><![CDATA[&]]></wd>
		</ln>
		<ln lx="658" ly="4853" rx="2197" ry="4914">
			<wd l="658" t="4856" r="864" b="4902" fs="10">Krauss</wd>
			<wd l="899" t="4855" r="1041" b="4914" fs="10">(AD,</wd>
			<wd l="1076" t="4856" r="1213" b="4912" fs="10">BRI,</wd>
			<wd l="1250" t="4855" r="1463" b="4911" fs="10">CANB,</wd>
			<wd l="1501" t="4854" r="1662" b="4911" fs="10">CHR,</wd>
			<wd l="1698" t="4855" r="1763" b="4911" fs="10">K,</wd>
			<wd l="1799" t="4854" r="1964" b="4910" fs="10">MEL,</wd>
			<wd l="1998" t="4853" r="2197" b="4913" fs="10">NSW).</wd>
		</ln>
		<ln lx="662" ly="4928" rx="2199" ry="4986">
			<wd l="662" t="4931" r="799" b="4978" fs="10">Wide</wd>
			<wd l="813" t="4931" r="923" b="4977" fs="10">Bay</wd>
			<wd l="938" t="4930" r="1175" b="4977" fs="10">District:</wd>
			<wd l="1193" t="4930" r="1270" b="4977" fs="10">Mt</wd>
			<wd l="1285" t="4929" r="1551" b="4986" fs="10">Cooroora,</wd>
			<wd l="1567" t="4943" r="1682" b="4977" fs="10">near</wd>
			<wd l="1695" t="4930" r="1926" b="4985" fs="10">Pomona,</wd>
			<wd l="1944" t="4928" r="2039" b="4976" fs="10">Oct</wd>
			<wd l="2059" t="4928" r="2199" b="4985" fs="10">1989,</wd>
		</ln>
		<ln lx="658" ly="5002" rx="2205" ry="5065">
			<wd l="658" t="5007" r="794" b="5053" fs="10">Bean</wd>
			<wd l="815" t="5006" r="831" b="5052" fs="10">1</wd>
			<wd l="848" t="5006" r="865" b="5052" fs="10">1</wd>
			<wd l="877" t="5007" r="938" b="5053" fs="10">57</wd>
			<wd l="954" t="5005" r="1122" b="5065" fs="10">(BRI);</wd>
			<wd l="1137" t="5004" r="1293" b="5053" fs="10">Linda</wd>
			<wd l="1306" t="5005" r="1491" b="5053" fs="10">Garrett</wd>
			<wd l="1503" t="5003" r="1638" b="5062" fs="10">Park,</wd>
			<wd l="1655" t="5004" r="1684" b="5051" fs="10">2</wd>
			<wd l="1699" t="5003" r="1782" b="5051" fs="10">km</wd>
			<wd l="1797" t="5004" r="1857" b="5051" fs="10">W</wd>
			<wd l="1871" t="5002" r="1933" b="5051" fs="10">of</wd>
			<wd l="1938" t="5003" r="2205" b="5064" fs="10">Mapleton,</wd>
		</ln>
		<ln lx="661" ly="5078" rx="2200" ry="5140">
			<wd l="661" t="5081" r="754" b="5128" fs="10">Oct</wd>
			<wd l="786" t="5081" r="923" b="5138" fs="10">1990,</wd>
			<wd l="958" t="5081" r="1095" b="5127" fs="10">Bean</wd>
			<wd l="1124" t="5080" r="1255" b="5127" fs="10">2539</wd>
			<wd l="1286" t="5080" r="1432" b="5140" fs="10">(BRI,</wd>
			<wd l="1459" t="5080" r="1648" b="5139" fs="10">NSW);</wd>
			<wd l="1679" t="5079" r="1851" b="5140" fs="10">Oakey</wd>
			<wd l="1881" t="5078" r="2041" b="5127" fs="10">Creek</wd>
			<wd l="2067" t="5078" r="2200" b="5136" fs="10">road,</wd>
		</ln>
		<ln lx="661" ly="5153" rx="2199" ry="5216">
			<wd l="661" t="5155" r="915" b="5216" fs="10">Mapleton</wd>
			<wd l="938" t="5155" r="1022" b="5212" fs="10">SF,</wd>
			<wd l="1047" t="5155" r="1140" b="5203" fs="10">Oct</wd>
			<wd l="1167" t="5155" r="1307" b="5212" fs="10">1990,</wd>
			<wd l="1329" t="5156" r="1467" b="5202" fs="10">Bean</wd>
			<wd l="1489" t="5154" r="1619" b="5202" fs="10">2540</wd>
			<wd l="1643" t="5154" r="1812" b="5214" fs="10">(BRI);</wd>
			<wd l="1838" t="5153" r="2012" b="5202" fs="10">Scenic</wd>
			<wd l="2034" t="5153" r="2199" b="5211" fs="10">Drive,</wd>
		</ln>
		<ln lx="661" ly="5228" rx="2200" ry="5291">
			<wd l="661" t="5229" r="882" b="5278" fs="10">Blackall</wd>
			<wd l="898" t="5231" r="1083" b="5291" fs="10">Range,</wd>
			<wd l="1101" t="5245" r="1141" b="5278" fs="10">c.</wd>
			<wd l="1163" t="5231" r="1188" b="5277" fs="10">5</wd>
			<wd l="1207" t="5229" r="1352" b="5277" fs="10">kmN</wd>
			<wd l="1369" t="5229" r="1430" b="5278" fs="10">of</wd>
			<wd l="1437" t="5229" r="1708" b="5290" fs="10">Mapleton,</wd>
			<wd l="1729" t="5229" r="1824" b="5290" fs="10">Sep</wd>
			<wd l="1847" t="5229" r="1988" b="5286" fs="10">1988,</wd>
			<wd l="2011" t="5228" r="2200" b="5289" fs="10">Sharpe</wd>
		</ln>
		<ln lx="662" ly="5303" rx="2198" ry="5365">
			<wd l="662" t="5305" r="794" b="5352" fs="10">4824</wd>
			<wd l="815" t="5311" r="861" b="5353" fs="10">et</wd>
			<wd l="880" t="5305" r="939" b="5353" fs="10">al.</wd>
			<wd l="962" t="5305" r="1107" b="5365" fs="10">(BRI,</wd>
			<wd l="1125" t="5305" r="1310" b="5365" fs="10">NSW).</wd>
			<wd l="1332" t="5306" r="1577" b="5352" fs="10">Moreton</wd>
			<wd l="1596" t="5305" r="1834" b="5352" fs="10">District:</wd>
			<wd l="1857" t="5303" r="2050" b="5352" fs="10">Delicia</wd>
			<wd l="2066" t="5303" r="2198" b="5361" fs="10">road,</wd>
		</ln>
		<ln lx="662" ly="5378" rx="2201" ry="5440">
			<wd l="662" t="5379" r="930" b="5440" fs="10">Mapleton,</wd>
			<wd l="953" t="5381" r="1058" b="5427" fs="10">Dec</wd>
			<wd l="1087" t="5380" r="1227" b="5436" fs="10">1989,</wd>
			<wd l="1251" t="5380" r="1389" b="5426" fs="10">Bean</wd>
			<wd l="1418" t="5379" r="1542" b="5426" fs="10">1257</wd>
			<wd l="1567" t="5379" r="1736" b="5438" fs="10">(BRI);</wd>
			<wd l="1762" t="5378" r="2092" b="5426" fs="10">Cooloolabin</wd>
			<wd l="2116" t="5378" r="2201" b="5435" fs="10">SF,</wd>
		</ln>
		<ln lx="662" ly="5452" rx="2203" ry="5514">
			<wd l="662" t="5453" r="917" b="5514" fs="10">Mapleton</wd>
			<wd l="942" t="5455" r="1108" b="5501" fs="10">Forest</wd>
			<wd l="1131" t="5453" r="1297" b="5510" fs="10">Drive,</wd>
			<wd l="1324" t="5454" r="1353" b="5500" fs="10">2</wd>
			<wd l="1379" t="5453" r="1462" b="5500" fs="10">km</wd>
			<wd l="1484" t="5454" r="1533" b="5500" fs="10">N</wd>
			<wd l="1559" t="5452" r="1620" b="5500" fs="10">of</wd>
			<wd l="1636" t="5452" r="1906" b="5513" fs="10">Mapleton,</wd>
			<wd l="1935" t="5453" r="2031" b="5513" fs="10">Sep</wd>
			<wd l="2063" t="5452" r="2203" b="5509" fs="10">1989,</wd>
		</ln>
		<ln lx="661" ly="5528" rx="1134" ry="5589">
			<wd l="661" t="5529" r="837" b="5589" fs="10">Leiper</wd>
			<wd l="857" t="5543" r="943" b="5575" fs="10">s.n.</wd>
			<wd l="967" t="5528" r="1134" b="5587" fs="10">(BRI).</wd>
		</ln>
	</region>
	<region article-doi="10.2307/41729919" region-id="2">
		<rc l="2311" t="846" r="3885" b="5456"/>
		<ln lx="2316" ly="851" rx="3854" ry="914">
			<wd l="2316" t="855" r="2776" b="914" fs="10">Distribution</wd>
			<wd l="2819" t="854" r="2960" b="914" fs="10">and</wd>
			<wd l="2996" t="853" r="3262" b="913" fs="10">habitat</wd>
			<wd l="3268" t="871" r="3283" b="912" fs="10">:</wd>
			<wd l="3325" t="853" r="3395" b="912" fs="10">A.</wd>
			<wd l="3446" t="851" r="3758" b="912" fs="10">umbrosa</wd>
			<wd l="3799" t="851" r="3854" b="911" fs="10">is</wd>
		</ln>
		<ln lx="2321" ly="942" rx="3862" ry="1020">
			<wd l="2321" t="945" r="2604" b="1006" fs="10">endemic</wd>
			<wd l="2640" t="953" r="2703" b="1005" fs="10">to</wd>
			<wd l="2742" t="945" r="3034" b="1005" fs="10">southern</wd>
			<wd l="3070" t="943" r="3489" b="1019" fs="10">Queensland,</wd>
			<wd l="3529" t="942" r="3862" b="1020" fs="10">extending</wd>
		</ln>
		<ln lx="2322" ly="1035" rx="3860" ry="1114">
			<wd l="2322" t="1038" r="2481" b="1098" fs="10">from</wd>
			<wd l="2502" t="1037" r="2827" b="1098" fs="10">Kroombit</wd>
			<wd l="2848" t="1039" r="3012" b="1114" fs="10">Tops</wd>
			<wd l="3037" t="1036" r="3155" b="1096" fs="10">and</wd>
			<wd l="3175" t="1036" r="3276" b="1096" fs="10">the</wd>
			<wd l="3298" t="1038" r="3514" b="1113" fs="10">Boyne</wd>
			<wd l="3536" t="1035" r="3774" b="1112" fs="10">Valley,</wd>
			<wd l="3798" t="1043" r="3860" b="1095" fs="10">to</wd>
		</ln>
		<ln lx="2319" ly="1126" rx="3861" ry="1207">
			<wd l="2319" t="1129" r="2420" b="1190" fs="10">the</wd>
			<wd l="2441" t="1129" r="2762" b="1207" fs="10">Mapleton</wd>
			<wd l="2783" t="1147" r="2936" b="1189" fs="10">area.</wd>
			<wd l="2962" t="1130" r="3011" b="1189" fs="10">It</wd>
			<wd l="3032" t="1147" r="3234" b="1206" fs="10">grows</wd>
			<wd l="3257" t="1127" r="3319" b="1187" fs="10">in</wd>
			<wd l="3338" t="1126" r="3653" b="1204" fs="10">relatively</wd>
			<wd l="3675" t="1126" r="3861" b="1186" fs="10">dense</wd>
		</ln>
		<ln lx="2322" ly="1219" rx="3857" ry="1298">
			<wd l="2322" t="1221" r="2440" b="1282" fs="10">and</wd>
			<wd l="2458" t="1221" r="2647" b="1298" fs="10">shady</wd>
			<wd l="2665" t="1240" r="2824" b="1298" fs="10">open</wd>
			<wd l="2842" t="1220" r="3028" b="1281" fs="10">forest</wd>
			<wd l="3045" t="1219" r="3390" b="1280" fs="10">dominated</wd>
			<wd l="3405" t="1219" r="3488" b="1297" fs="10">by</wd>
			<wd l="3493" t="1219" r="3857" b="1296" fs="10">Eucalyptus</wd>
		</ln>
		<ln lx="2324" ly="1311" rx="3859" ry="1391">
			<wd l="2324" t="1333" r="2451" b="1391" fs="10">spp.</wd>
			<wd l="2488" t="1313" r="2796" b="1391" fs="10">including</wd>
			<wd l="2834" t="1315" r="2897" b="1373" fs="10">E.</wd>
			<wd l="2930" t="1313" r="3221" b="1391" fs="10">pilularis</wd>
			<wd l="3255" t="1313" r="3394" b="1384" fs="10">Sm.,</wd>
			<wd l="3435" t="1313" r="3498" b="1372" fs="10">E.</wd>
			<wd l="3541" t="1311" r="3859" b="1371" fs="10">cloeziana</wd>
		</ln>
		<ln lx="2322" ly="1402" rx="3860" ry="1479">
			<wd l="2322" t="1405" r="2606" b="1465" fs="10">F.Muell.</wd>
			<wd l="2633" t="1405" r="2751" b="1465" fs="10">and</wd>
			<wd l="2767" t="1407" r="2830" b="1464" fs="10">E.</wd>
			<wd l="2861" t="1404" r="3252" b="1464" fs="10">acmenoides</wd>
			<wd l="3276" t="1403" r="3560" b="1475" fs="10">Schauer,</wd>
			<wd l="3584" t="1403" r="3647" b="1462" fs="10">in</wd>
			<wd l="3669" t="1402" r="3860" b="1479" fs="10">sandy</wd>
		</ln>
		<ln lx="2324" ly="1495" rx="2989" ry="1573">
			<wd l="2324" t="1516" r="2392" b="1556" fs="10">or</wd>
			<wd l="2417" t="1496" r="2608" b="1573" fs="10">sandy</wd>
			<wd l="2634" t="1496" r="2797" b="1556" fs="10">loam</wd>
			<wd l="2823" t="1495" r="2989" b="1556" fs="10">soils.</wd>
		</ln>
		<ln lx="2320" ly="1655" rx="3861" ry="1734">
			<wd l="2320" t="1659" r="2692" b="1734" fs="10">Phenology</wd>
			<wd l="2697" t="1676" r="2711" b="1716" fs="10">:</wd>
			<wd l="2752" t="1657" r="3096" b="1732" fs="10">Flowering</wd>
			<wd l="3132" t="1675" r="3346" b="1716" fs="10">occurs</wd>
			<wd l="3383" t="1656" r="3446" b="1714" fs="10">in</wd>
			<wd l="3482" t="1655" r="3861" b="1732" fs="10">September-</wd>
		</ln>
		<ln lx="2325" ly="1748" rx="2610" ry="1808">
			<wd l="2325" t="1748" r="2610" b="1808" fs="10">October.</wd>
		</ln>
		<ln lx="2321" ly="1909" rx="3862" ry="1984">
			<wd l="2321" t="1912" r="2540" b="1970" fs="10">Notes'.</wd>
			<wd l="2566" t="1911" r="2631" b="1969" fs="10">A.</wd>
			<wd l="2666" t="1909" r="2955" b="1969" fs="10">umbrosa</wd>
			<wd l="2981" t="1909" r="3032" b="1969" fs="10">is</wd>
			<wd l="3061" t="1909" r="3289" b="1968" fs="10">similar</wd>
			<wd l="3313" t="1909" r="3376" b="1967" fs="10">in</wd>
			<wd l="3402" t="1927" r="3775" b="1984" fs="10">appearance</wd>
			<wd l="3800" t="1916" r="3862" b="1967" fs="10">to</wd>
		</ln>
		<ln lx="2321" ly="1998" rx="3863" ry="2080">
			<wd l="2321" t="2004" r="2386" b="2063" fs="10">A.</wd>
			<wd l="2399" t="2002" r="2709" b="2080" fs="10">fioccosa,</wd>
			<wd l="2730" t="2001" r="2837" b="2062" fs="10">but</wd>
			<wd l="2857" t="2001" r="2901" b="2062" fs="10">it</wd>
			<wd l="2921" t="2000" r="3135" b="2062" fs="10">differs</wd>
			<wd l="3155" t="2000" r="3238" b="2079" fs="10">by</wd>
			<wd l="3258" t="2000" r="3332" b="2060" fs="10">its</wd>
			<wd l="3354" t="1999" r="3648" b="2060" fs="10">ensiform</wd>
			<wd l="3666" t="1998" r="3863" b="2059" fs="10">bracts</wd>
		</ln>
		<ln lx="2335" ly="2092" rx="3869" ry="2172">
			<wd l="2335" t="2096" r="2571" b="2156" fs="10">I.7-3.5</wd>
			<wd l="2599" t="2114" r="2726" b="2154" fs="10">mm</wd>
			<wd l="2751" t="2094" r="2896" b="2172" fs="10">long</wd>
			<wd l="2920" t="2093" r="3358" b="2170" fs="10">(filamentous,</wd>
			<wd l="3384" t="2093" r="3548" b="2153" fs="10">2-10</wd>
			<wd l="3572" t="2111" r="3699" b="2152" fs="10">mm</wd>
			<wd l="3724" t="2092" r="3869" b="2169" fs="10">long</wd>
		</ln>
		<ln lx="2328" ly="2184" rx="3866" ry="2264">
			<wd l="2328" t="2187" r="2425" b="2247" fs="10">for</wd>
			<wd l="2436" t="2189" r="2502" b="2247" fs="10">A.</wd>
			<wd l="2515" t="2187" r="2854" b="2264" fs="10">fioccosa),</wd>
			<wd l="2877" t="2186" r="3352" b="2246" fs="10">inflorescences</wd>
			<wd l="3382" t="2187" r="3579" b="2245" fs="10">10-30</wd>
			<wd l="3602" t="2204" r="3700" b="2245" fs="10">cm</wd>
			<wd l="3721" t="2184" r="3866" b="2261" fs="10">long</wd>
		</ln>
		<ln lx="2328" ly="2276" rx="3863" ry="2355">
			<wd l="2328" t="2279" r="2614" b="2355" fs="10">(30-100</wd>
			<wd l="2655" t="2298" r="2754" b="2338" fs="10">cm</wd>
			<wd l="2793" t="2278" r="2944" b="2355" fs="10">long</wd>
			<wd l="2982" t="2277" r="3081" b="2338" fs="10">for</wd>
			<wd l="3121" t="2279" r="3189" b="2337" fs="10">A.</wd>
			<wd l="3220" t="2277" r="3557" b="2354" fs="10">fioccosa)</wd>
			<wd l="3598" t="2276" r="3722" b="2336" fs="10">and</wd>
			<wd l="3758" t="2276" r="3863" b="2336" fs="10">the</wd>
		</ln>
		<ln lx="2331" ly="2367" rx="3869" ry="2444">
			<wd l="2331" t="2369" r="2836" b="2430" fs="10">5-11-flowered</wd>
			<wd l="2871" t="2369" r="3116" b="2429" fs="10">umbels</wd>
			<wd l="3155" t="2370" r="3423" b="2444" fs="10">(12-20-</wd>
			<wd l="3431" t="2368" r="3734" b="2428" fs="10">flowered</wd>
			<wd l="3771" t="2367" r="3869" b="2427" fs="10">for</wd>
		</ln>
		<ln lx="2323" ly="2462" rx="2743" ry="2538">
			<wd l="2323" t="2464" r="2389" b="2521" fs="10">A.</wd>
			<wd l="2405" t="2462" r="2743" b="2538" fs="10">fioccosa).</wd>
		</ln>
		<ln lx="2520" ly="2620" rx="3867" ry="2698">
			<wd l="2520" t="2625" r="2699" b="2682" fs="10">From</wd>
			<wd l="2708" t="2624" r="2773" b="2681" fs="10">A</wd>
			<wd l="2801" t="2622" r="3119" b="2698" fs="10">longifolia</wd>
			<wd l="3121" t="2670" r="3135" b="2692" fs="10">,</wd>
			<wd l="3156" t="2622" r="3199" b="2681" fs="10">it</wd>
			<wd l="3217" t="2621" r="3428" b="2680" fs="10">differs</wd>
			<wd l="3446" t="2621" r="3528" b="2697" fs="10">by</wd>
			<wd l="3546" t="2621" r="3619" b="2679" fs="10">its</wd>
			<wd l="3640" t="2620" r="3867" b="2679" fs="10">stellate</wd>
		</ln>
		<ln lx="2328" ly="2710" rx="3870" ry="2787">
			<wd l="2328" t="2713" r="2509" b="2773" fs="10">hairs</wd>
			<wd l="2559" t="2732" r="2615" b="2773" fs="10">c.</wd>
			<wd l="2674" t="2713" r="2777" b="2772" fs="10">1.0</wd>
			<wd l="2825" t="2732" r="2958" b="2771" fs="10">mm</wd>
			<wd l="3005" t="2731" r="3236" b="2772" fs="10">across</wd>
			<wd l="3286" t="2712" r="3374" b="2787" fs="10">(c.</wd>
			<wd l="3427" t="2712" r="3533" b="2771" fs="10">0.5</wd>
			<wd l="3584" t="2729" r="3717" b="2770" fs="10">mm</wd>
			<wd l="3764" t="2710" r="3870" b="2770" fs="10">for</wd>
		</ln>
		<ln lx="2325" ly="2801" rx="3870" ry="2882">
			<wd l="2325" t="2806" r="2391" b="2864" fs="10">A.</wd>
			<wd l="2422" t="2804" r="2746" b="2882" fs="10">longifolia</wd>
			<wd l="2751" t="2806" r="2790" b="2879" fs="10">),</wd>
			<wd l="2816" t="2803" r="3019" b="2864" fs="10">looser</wd>
			<wd l="3038" t="2811" r="3394" b="2874" fs="10">tomentum,</wd>
			<wd l="3419" t="2802" r="3623" b="2862" fs="10">leaves</wd>
			<wd l="3644" t="2801" r="3870" b="2878" fs="10">mostly</wd>
		</ln>
		<ln lx="2339" ly="2893" rx="3873" ry="2972">
			<wd l="2339" t="2898" r="2558" b="2957" fs="10">11-20</wd>
			<wd l="2632" t="2916" r="2765" b="2956" fs="10">mm</wd>
			<wd l="2838" t="2896" r="3014" b="2956" fs="10">wide</wd>
			<wd l="3090" t="2896" r="3247" b="2972" fs="10">(6-1</wd>
			<wd l="3272" t="2896" r="3442" b="2955" fs="10">1mm</wd>
			<wd l="3515" t="2894" r="3691" b="2955" fs="10">wide</wd>
			<wd l="3767" t="2893" r="3873" b="2954" fs="10">for</wd>
		</ln>
		<ln lx="2326" ly="2986" rx="3872" ry="3066">
			<wd l="2326" t="2991" r="2392" b="3049" fs="10">A.</wd>
			<wd l="2433" t="2988" r="2756" b="3066" fs="10">longifolia</wd>
			<wd l="2757" t="2989" r="2800" b="3064" fs="10">),</wd>
			<wd l="2835" t="2988" r="2953" b="3048" fs="10">and</wd>
			<wd l="2983" t="2987" r="3254" b="3065" fs="10">pedicels</wd>
			<wd l="3288" t="2988" r="3531" b="3047" fs="10">3.0-9.5</wd>
			<wd l="3566" t="3006" r="3694" b="3046" fs="10">mm</wd>
			<wd l="3726" t="2986" r="3872" b="3063" fs="10">long</wd>
		</ln>
		<ln lx="2332" ly="3079" rx="3281" ry="3157">
			<wd l="2332" t="3081" r="2520" b="3157" fs="10">(8-15</wd>
			<wd l="2548" t="3100" r="2675" b="3140" fs="10">mm</wd>
			<wd l="2701" t="3080" r="2796" b="3140" fs="10">for</wd>
			<wd l="2813" t="3082" r="2879" b="3140" fs="10">A</wd>
			<wd l="2914" t="3079" r="3281" b="3157" fs="10">longifolia).</wd>
		</ln>
		<ln lx="2336" ly="3241" rx="3873" ry="3319">
			<wd l="2336" t="3244" r="2804" b="3304" fs="10">Conservation</wd>
			<wd l="2840" t="3252" r="3047" b="3303" fs="10">status</wd>
			<wd l="3054" t="3261" r="3069" b="3302" fs="10">:</wd>
			<wd l="3112" t="3242" r="3240" b="3302" fs="10">The</wd>
			<wd l="3277" t="3241" r="3406" b="3302" fs="10">risk</wd>
			<wd l="3443" t="3250" r="3737" b="3319" fs="10">category</wd>
			<wd l="3774" t="3241" r="3873" b="3301" fs="10">for</wd>
		</ln>
		<ln lx="2328" ly="3332" rx="3873" ry="3410">
			<wd l="2328" t="3335" r="2712" b="3395" fs="10">Astrotricha</wd>
			<wd l="2742" t="3334" r="3033" b="3394" fs="10">umbrosa</wd>
			<wd l="3060" t="3333" r="3389" b="3410" fs="10">according</wd>
			<wd l="3416" t="3341" r="3479" b="3393" fs="10">to</wd>
			<wd l="3507" t="3333" r="3608" b="3393" fs="10">the</wd>
			<wd l="3639" t="3332" r="3873" b="3393" fs="10">criteria</wd>
		</ln>
		<ln lx="2334" ly="3424" rx="3869" ry="3501">
			<wd l="2334" t="3426" r="2412" b="3486" fs="10">of</wd>
			<wd l="2440" t="3426" r="2720" b="3486" fs="10">Chalson</wd>
			<wd l="2756" t="3427" r="2816" b="3485" fs="10"><![CDATA[&]]></wd>
			<wd l="2855" t="3425" r="3045" b="3485" fs="10">Keith</wd>
			<wd l="3081" t="3425" r="3308" b="3500" fs="10">(1995)</wd>
			<wd l="3346" t="3425" r="3398" b="3484" fs="10">is</wd>
			<wd l="3442" t="3424" r="3869" b="3501" fs="10">'susceptible'</wd>
		</ln>
		<ln lx="2335" ly="3515" rx="3874" ry="3593">
			<wd l="2335" t="3517" r="2607" b="3593" fs="10">(criteria</wd>
			<wd l="2642" t="3536" r="2675" b="3577" fs="10">e</wd>
			<wd l="2713" t="3516" r="2834" b="3576" fs="10">and</wd>
			<wd l="2871" t="3516" r="2944" b="3592" fs="10">f),</wd>
			<wd l="2984" t="3535" r="3053" b="3576" fs="10">or</wd>
			<wd l="3088" t="3516" r="3264" b="3576" fs="10">2RCi</wd>
			<wd l="3302" t="3515" r="3638" b="3592" fs="10">according</wd>
			<wd l="3673" t="3523" r="3737" b="3575" fs="10">to</wd>
			<wd l="3772" t="3515" r="3874" b="3575" fs="10">the</wd>
		</ln>
		<ln lx="2336" ly="3605" rx="3875" ry="3685">
			<wd l="2336" t="3616" r="2561" b="3685" fs="10">system</wd>
			<wd l="2579" t="3608" r="2655" b="3668" fs="10">of</wd>
			<wd l="2663" t="3607" r="2854" b="3684" fs="10">Leigh</wd>
			<wd l="2871" t="3607" r="2989" b="3667" fs="10">and</wd>
			<wd l="3005" t="3607" r="3223" b="3684" fs="10">Briggs</wd>
			<wd l="3242" t="3607" r="3477" b="3682" fs="10">(1996).</wd>
			<wd l="3498" t="3606" r="3623" b="3666" fs="10">The</wd>
			<wd l="3644" t="3605" r="3875" b="3682" fs="10">species</wd>
		</ln>
		<ln lx="2335" ly="3696" rx="3874" ry="3774">
			<wd l="2335" t="3700" r="2389" b="3760" fs="10">is</wd>
			<wd l="2429" t="3699" r="2667" b="3759" fs="10">known</wd>
			<wd l="2706" t="3699" r="2873" b="3759" fs="10">from</wd>
			<wd l="2913" t="3699" r="3106" b="3759" fs="10">about</wd>
			<wd l="3143" t="3698" r="3290" b="3758" fs="10">half</wd>
			<wd l="3319" t="3717" r="3355" b="3758" fs="10">a</wd>
			<wd l="3393" t="3698" r="3600" b="3758" fs="10">dozen</wd>
			<wd l="3637" t="3696" r="3874" b="3774" fs="10">widely</wd>
		</ln>
		<ln lx="2337" ly="3788" rx="3877" ry="3868">
			<wd l="2337" t="3791" r="2660" b="3851" fs="10">scattered</wd>
			<wd l="2700" t="3790" r="3149" b="3868" fs="10">populations.</wd>
			<wd l="3195" t="3789" r="3328" b="3849" fs="10">The</wd>
			<wd l="3369" t="3788" r="3877" b="3849" fs="10">recommended</wd>
		</ln>
		<ln lx="2337" ly="3879" rx="3876" ry="3958">
			<wd l="2337" t="3882" r="2763" b="3943" fs="10">conservation</wd>
			<wd l="2791" t="3890" r="2976" b="3942" fs="10">status</wd>
			<wd l="3005" t="3881" r="3101" b="3942" fs="10">for</wd>
			<wd l="3124" t="3881" r="3242" b="3942" fs="10">this</wd>
			<wd l="3271" t="3880" r="3507" b="3958" fs="10">species</wd>
			<wd l="3535" t="3900" r="3600" b="3941" fs="10">as</wd>
			<wd l="3628" t="3879" r="3876" b="3941" fs="10">defined</wd>
		</ln>
		<ln lx="2335" ly="3974" rx="3879" ry="4052">
			<wd l="2335" t="3975" r="2417" b="4052" fs="10">by</wd>
			<wd l="2449" t="3975" r="2548" b="4035" fs="10">the</wd>
			<wd l="2584" t="3974" r="2974" b="4049" fs="10">Queensland</wd>
			<wd l="3011" t="3976" r="3247" b="4034" fs="10">Nature</wd>
			<wd l="3284" t="3974" r="3731" b="4033" fs="10">Conservation</wd>
			<wd l="3761" t="3974" r="3879" b="4032" fs="10">Act</wd>
		</ln>
		<ln lx="2341" ly="4066" rx="2805" ry="4127">
			<wd l="2341" t="4068" r="2501" b="4126" fs="10">1992</wd>
			<wd l="2527" t="4066" r="2578" b="4127" fs="10">is</wd>
			<wd l="2609" t="4067" r="2805" b="4126" fs="10">'rare'.</wd>
		</ln>
		<ln lx="2334" ly="4226" rx="3875" ry="4306">
			<wd l="2334" t="4230" r="2713" b="4306" fs="10">Etymology</wd>
			<wd l="2718" t="4248" r="2733" b="4289" fs="10">:</wd>
			<wd l="2775" t="4228" r="2903" b="4289" fs="10">The</wd>
			<wd l="2942" t="4228" r="3183" b="4305" fs="10">species</wd>
			<wd l="3221" t="4227" r="3452" b="4305" fs="10">epithet</wd>
			<wd l="3487" t="4227" r="3539" b="4287" fs="10">is</wd>
			<wd l="3577" t="4226" r="3739" b="4287" fs="10">from</wd>
			<wd l="3773" t="4226" r="3875" b="4286" fs="10">the</wd>
		</ln>
		<ln lx="2338" ly="4318" rx="3875" ry="4397">
			<wd l="2338" t="4321" r="2511" b="4381" fs="10">Latin</wd>
			<wd l="2539" t="4320" r="2861" b="4381" fs="10">umbrosus</wd>
			<wd l="2886" t="4319" r="3172" b="4397" fs="10">meaning</wd>
			<wd l="3200" t="4318" r="3390" b="4396" fs="10">shady</wd>
			<wd l="3417" t="4338" r="3484" b="4379" fs="10">or</wd>
			<wd l="3509" t="4318" r="3786" b="4396" fs="10">growing</wd>
			<wd l="3813" t="4318" r="3875" b="4377" fs="10">in</wd>
		</ln>
		<ln lx="2340" ly="4410" rx="3880" ry="4487">
			<wd l="2340" t="4413" r="2527" b="4473" fs="10">shade</wd>
			<wd l="2549" t="4412" r="2668" b="4472" fs="10">and</wd>
			<wd l="2687" t="4412" r="2875" b="4472" fs="10">refers</wd>
			<wd l="2896" t="4420" r="2959" b="4472" fs="10">to</wd>
			<wd l="2979" t="4412" r="3080" b="4471" fs="10">the</wd>
			<wd l="3100" t="4411" r="3327" b="4471" fs="10">habitat</wd>
			<wd l="3348" t="4410" r="3425" b="4471" fs="10">of</wd>
			<wd l="3434" t="4410" r="3535" b="4470" fs="10">the</wd>
			<wd l="3558" t="4410" r="3794" b="4487" fs="10">species</wd>
			<wd l="3817" t="4410" r="3880" b="4469" fs="10">in</wd>
		</ln>
		<ln lx="2338" ly="4502" rx="3244" ry="4579">
			<wd l="2338" t="4503" r="2534" b="4563" fs="10">rather</wd>
			<wd l="2557" t="4503" r="2763" b="4575" fs="10">dense,</wd>
			<wd l="2791" t="4502" r="2983" b="4579" fs="10">shady</wd>
			<wd l="3008" t="4502" r="3244" b="4562" fs="10">forests.</wd>
		</ln>
		<ln lx="2344" ly="4663" rx="3874" ry="4735">
			<wd l="2344" t="4666" r="2446" b="4725" fs="10">II.</wd>
			<wd l="2489" t="4666" r="2937" b="4725" fs="10">Astrotricha</wd>
			<wd l="2980" t="4665" r="3279" b="4724" fs="10">latifolia</wd>
			<wd l="3319" t="4663" r="3578" b="4735" fs="10">Benth.,</wd>
			<wd l="3623" t="4663" r="3690" b="4722" fs="10">in</wd>
			<wd l="3732" t="4664" r="3874" b="4723" fs="10">S.L.</wd>
		</ln>
		<ln lx="2530" ly="4754" rx="3878" ry="4831">
			<wd l="2530" t="4755" r="2863" b="4816" fs="10">Endlicher</wd>
			<wd l="2898" t="4763" r="2957" b="4815" fs="10">et</wd>
			<wd l="2993" t="4755" r="3092" b="4827" fs="10">al.,</wd>
			<wd l="3131" t="4757" r="3349" b="4814" fs="10">Enum.</wd>
			<wd l="3387" t="4754" r="3471" b="4831" fs="10">pl.</wd>
			<wd l="3513" t="4755" r="3592" b="4814" fs="10">54</wd>
			<wd l="3631" t="4754" r="3878" b="4829" fs="10">(1837);</wd>
		</ln>
		<ln lx="2526" ly="4845" rx="3874" ry="4925">
			<wd l="2526" t="4850" r="2596" b="4908" fs="10">A.</wd>
			<wd l="2632" t="4848" r="2956" b="4925" fs="10">fioccosa</wd>
			<wd l="2994" t="4866" r="3125" b="4908" fs="10">var.</wd>
			<wd l="3182" t="4852" r="3428" b="4907" fs="10">incana</wd>
			<wd l="3470" t="4845" r="3735" b="4918" fs="10">Benth.,</wd>
			<wd l="3781" t="4845" r="3874" b="4905" fs="10">Fl.</wd>
		</ln>
		<ln lx="2530" ly="4938" rx="3874" ry="5015">
			<wd l="2530" t="4939" r="2791" b="5000" fs="10">Austral.</wd>
			<wd l="2825" t="4940" r="2882" b="4999" fs="10">3:</wd>
			<wd l="2917" t="4940" r="3038" b="4999" fs="10">380</wd>
			<wd l="3070" t="4939" r="3309" b="5015" fs="10">(1867);</wd>
			<wd l="3341" t="4939" r="3407" b="4998" fs="10">A.</wd>
			<wd l="3430" t="4938" r="3722" b="5015" fs="10">fioccosa</wd>
			<wd l="3751" t="4957" r="3874" b="4997" fs="10">var.</wd>
		</ln>
		<ln lx="2533" ly="5029" rx="3878" ry="5109">
			<wd l="2533" t="5031" r="2796" b="5109" fs="10">latifolia</wd>
			<wd l="2828" t="5030" r="3100" b="5107" fs="10">(Benth.)</wd>
			<wd l="3134" t="5029" r="3382" b="5102" fs="10">Domin,</wd>
			<wd l="3417" t="5029" r="3706" b="5090" fs="10">Biblioth.</wd>
			<wd l="3742" t="5031" r="3878" b="5089" fs="10">Bot.</wd>
		</ln>
		<ln lx="2536" ly="5121" rx="3879" ry="5199">
			<wd l="2536" t="5125" r="2635" b="5184" fs="10">89:</wd>
			<wd l="2674" t="5124" r="2798" b="5183" fs="10">486</wd>
			<wd l="2836" t="5123" r="3080" b="5199" fs="10">(1928),</wd>
			<wd l="3117" t="5142" r="3284" b="5182" fs="10">nom.</wd>
			<wd l="3324" t="5122" r="3490" b="5199" fs="10">illeg.</wd>
			<wd l="3538" t="5124" r="3744" b="5198" fs="10">Type:</wd>
			<wd l="3791" t="5121" r="3879" b="5180" fs="10">'in</wd>
		</ln>
		<ln lx="2534" ly="5214" rx="3649" ry="5289">
			<wd l="2534" t="5215" r="2897" b="5275" fs="10">collectione</wd>
			<wd l="2922" t="5214" r="3280" b="5274" fs="10">Baueriana'</wd>
			<wd l="3313" t="5214" r="3456" b="5289" fs="10">(?W</wd>
			<wd l="3478" t="5214" r="3649" b="5289" fs="10">n.v.).</wd>
		</ln>
		<ln lx="2340" ly="5376" rx="3771" ry="5451">
			<wd l="2340" t="5379" r="2733" b="5437" fs="10">Illustration</wd>
			<wd l="2740" t="5396" r="2755" b="5437" fs="10">:</wd>
			<wd l="2784" t="5377" r="2961" b="5437" fs="10">Flora</wd>
			<wd l="2983" t="5377" r="3060" b="5436" fs="10">of</wd>
			<wd l="3070" t="5378" r="3316" b="5436" fs="10">N.S.W.</wd>
			<wd l="3345" t="5377" r="3401" b="5436" fs="10">3:</wd>
			<wd l="3432" t="5377" r="3508" b="5435" fs="10">82</wd>
			<wd l="3535" t="5376" r="3771" b="5451" fs="10">(1992).</wd>
		</ln>
	</region>
</ocr-page>
