<?xml version="1.0" encoding="UTF-8"?>
<ocr-page type="coords" ocr-vers="1.0" creation-date="20130321" res="600" height="6300" width="4500">
	<region article-doi="10.2307/41729914" region-id="0">
		<rc l="626" t="732" r="3841" b="800"/>
		<ln lx="631" ly="737" rx="3836" ry="795">
			<wd l="631" t="738" r="827" b="795" fs="10">Forster,</wd>
			<wd l="853" t="737" r="1139" b="785" fs="10">Dissiliaria</wd>
			<wd l="3775" t="737" r="3836" b="785" fs="10">23</wd>
		</ln>
	</region>
	<region article-doi="10.2307/41729914" region-id="1">
		<rc l="639" t="5140" r="3876" b="5497"/>
		<ln lx="644" ly="5145" rx="3869" ry="5207">
			<wd l="644" t="5146" r="748" b="5207" fs="10">Fig.</wd>
			<wd l="778" t="5147" r="822" b="5194" fs="10">5.</wd>
			<wd l="849" t="5146" r="1136" b="5193" fs="10">Dissiliaria</wd>
			<wd l="1163" t="5146" r="1395" b="5194" fs="10">muelleri.</wd>
			<wd l="1425" t="5147" r="1485" b="5194" fs="10">A.</wd>
			<wd l="1515" t="5146" r="1633" b="5207" fs="10">twig</wd>
			<wd l="1665" t="5158" r="1691" b="5184" fs="10">x</wd>
			<wd l="1729" t="5147" r="1768" b="5194" fs="10">1.</wd>
			<wd l="1797" t="5147" r="1854" b="5194" fs="10">B.</wd>
			<wd l="1886" t="5146" r="2030" b="5194" fs="10">detail</wd>
			<wd l="2060" t="5146" r="2121" b="5194" fs="10">of</wd>
			<wd l="2141" t="5146" r="2331" b="5195" fs="10">adaxial</wd>
			<wd l="2361" t="5146" r="2465" b="5194" fs="10">leaf</wd>
			<wd l="2486" t="5146" r="2675" b="5195" fs="10">surface</wd>
			<wd l="2708" t="5158" r="2734" b="5183" fs="10">*</wd>
			<wd l="2766" t="5147" r="2811" b="5194" fs="10">2.</wd>
			<wd l="2843" t="5147" r="2898" b="5194" fs="10">C.</wd>
			<wd l="2929" t="5146" r="3106" b="5194" fs="10">female</wd>
			<wd l="3136" t="5146" r="3488" b="5194" fs="10">inflorescence</wd>
			<wd l="3520" t="5157" r="3547" b="5183" fs="10">*</wd>
			<wd l="3581" t="5146" r="3624" b="5194" fs="10">8.</wd>
			<wd l="3654" t="5147" r="3714" b="5194" fs="10">D.</wd>
			<wd l="3744" t="5145" r="3869" b="5194" fs="10">male</wd>
		</ln>
		<ln lx="645" ly="5220" rx="3871" ry="5282">
			<wd l="645" t="5220" r="997" b="5269" fs="10">inflorescence</wd>
			<wd l="1023" t="5232" r="1049" b="5258" fs="10">x</wd>
			<wd l="1077" t="5221" r="1119" b="5269" fs="10">8.</wd>
			<wd l="1142" t="5222" r="1195" b="5269" fs="10">E.</wd>
			<wd l="1218" t="5221" r="1345" b="5269" fs="10">male</wd>
			<wd l="1367" t="5221" r="1540" b="5269" fs="10">flower</wd>
			<wd l="1564" t="5232" r="1590" b="5258" fs="10">x</wd>
			<wd l="1622" t="5222" r="1694" b="5269" fs="10">16.</wd>
			<wd l="1718" t="5223" r="1767" b="5269" fs="10">F.</wd>
			<wd l="1792" t="5228" r="1977" b="5269" fs="10">stamen</wd>
			<wd l="2002" t="5233" r="2028" b="5259" fs="10">x</wd>
			<wd l="2055" t="5222" r="2132" b="5269" fs="10">32.</wd>
			<wd l="2157" t="5222" r="2215" b="5270" fs="10">G.</wd>
			<wd l="2240" t="5221" r="2396" b="5282" fs="10">apical</wd>
			<wd l="2417" t="5221" r="2546" b="5269" fs="10">view</wd>
			<wd l="2567" t="5221" r="2629" b="5269" fs="10">of</wd>
			<wd l="2643" t="5221" r="2755" b="5269" fs="10">fruit</wd>
			<wd l="2779" t="5233" r="2805" b="5259" fs="10">x</wd>
			<wd l="2831" t="5222" r="2876" b="5269" fs="10">4.</wd>
			<wd l="2900" t="5222" r="2960" b="5269" fs="10">H.</wd>
			<wd l="2986" t="5220" r="3147" b="5269" fs="10">lateral</wd>
			<wd l="3168" t="5220" r="3296" b="5269" fs="10">view</wd>
			<wd l="3318" t="5220" r="3379" b="5269" fs="10">of</wd>
			<wd l="3393" t="5220" r="3506" b="5269" fs="10">fruit</wd>
			<wd l="3530" t="5232" r="3556" b="5258" fs="10">x</wd>
			<wd l="3582" t="5221" r="3626" b="5268" fs="10">4.</wd>
			<wd l="3650" t="5222" r="3683" b="5269" fs="10">1,</wd>
			<wd l="3709" t="5220" r="3871" b="5269" fs="10">lateral</wd>
		</ln>
		<ln lx="644" ly="5295" rx="3863" ry="5356">
			<wd l="644" t="5295" r="771" b="5343" fs="10">view</wd>
			<wd l="792" t="5295" r="853" b="5343" fs="10">of</wd>
			<wd l="867" t="5296" r="982" b="5344" fs="10">seed</wd>
			<wd l="1006" t="5307" r="1032" b="5333" fs="10">x</wd>
			<wd l="1060" t="5296" r="1102" b="5344" fs="10">8.</wd>
			<wd l="1125" t="5297" r="1163" b="5344" fs="10">J.</wd>
			<wd l="1186" t="5296" r="1369" b="5344" fs="10">ventral</wd>
			<wd l="1390" t="5295" r="1519" b="5344" fs="10">view</wd>
			<wd l="1539" t="5296" r="1601" b="5344" fs="10">of</wd>
			<wd l="1615" t="5296" r="1730" b="5344" fs="10">seed</wd>
			<wd l="1754" t="5307" r="1780" b="5333" fs="10">x</wd>
			<wd l="1808" t="5297" r="1850" b="5344" fs="10">8.</wd>
			<wd l="1873" t="5297" r="1978" b="5353" fs="10">A,B</wd>
			<wd l="2002" t="5296" r="2128" b="5344" fs="10">from</wd>
			<wd l="2142" t="5298" r="2343" b="5343" fs="10">Forster</wd>
			<wd l="2368" t="5297" r="2575" b="5343" fs="10">12519A</wd>
			<wd l="2596" t="5297" r="2643" b="5344" fs="10"><![CDATA[&]]></wd>
			<wd l="2665" t="5296" r="2869" b="5356" fs="10">Smyrell</wd>
			<wd l="2888" t="5296" r="3057" b="5356" fs="10">(BRI);</wd>
			<wd l="3080" t="5296" r="3120" b="5343" fs="10">C</wd>
			<wd l="3143" t="5296" r="3269" b="5343" fs="10">from</wd>
			<wd l="3286" t="5297" r="3487" b="5343" fs="10">Forster</wd>
			<wd l="3513" t="5296" r="3669" b="5343" fs="10">12713</wd>
			<wd l="3694" t="5296" r="3863" b="5355" fs="10">(BRI);</wd>
		</ln>
		<ln lx="644" ly="5369" rx="3862" ry="5430">
			<wd l="644" t="5371" r="757" b="5417" fs="10">D-F</wd>
			<wd l="783" t="5369" r="907" b="5418" fs="10">from</wd>
			<wd l="933" t="5371" r="1130" b="5417" fs="10">Forster</wd>
			<wd l="1165" t="5371" r="1363" b="5417" fs="10">12519B</wd>
			<wd l="1389" t="5371" r="1436" b="5418" fs="10"><![CDATA[&]]></wd>
			<wd l="1465" t="5370" r="1667" b="5430" fs="10">Smyrell</wd>
			<wd l="1694" t="5371" r="1862" b="5430" fs="10">(BRI);</wd>
			<wd l="1889" t="5371" r="1949" b="5427" fs="10">G,</wd>
			<wd l="1953" t="5372" r="1999" b="5417" fs="10">H</wd>
			<wd l="2024" t="5370" r="2149" b="5418" fs="10">from</wd>
			<wd l="2176" t="5372" r="2373" b="5417" fs="10">Forster</wd>
			<wd l="2401" t="5371" r="2527" b="5417" fs="10">3372</wd>
			<wd l="2552" t="5371" r="2600" b="5418" fs="10"><![CDATA[&]]></wd>
			<wd l="2633" t="5370" r="2818" b="5418" fs="10">Gibson</wd>
			<wd l="2847" t="5370" r="3015" b="5430" fs="10">(BRI);</wd>
			<wd l="3042" t="5371" r="3076" b="5427" fs="10">I,</wd>
			<wd l="3080" t="5371" r="3103" b="5418" fs="10">J</wd>
			<wd l="3129" t="5370" r="3254" b="5417" fs="10">from</wd>
			<wd l="3281" t="5371" r="3477" b="5417" fs="10">Forster</wd>
			<wd l="3510" t="5370" r="3669" b="5417" fs="10">14629</wd>
			<wd l="3696" t="5370" r="3862" b="5429" fs="10">(BRI).</wd>
		</ln>
		<ln lx="644" ly="5444" rx="1046" ry="5492">
			<wd l="644" t="5444" r="752" b="5491" fs="10">Del.</wd>
			<wd l="778" t="5445" r="850" b="5492" fs="10">W.</wd>
			<wd l="878" t="5444" r="1046" b="5492" fs="10">Smith.</wd>
		</ln>
	</region>
</ocr-page>
