<?xml version="1.0" encoding="UTF-8"?>
<ocr-page type="coords" ocr-vers="1.0" creation-date="20130321" res="600" height="6300" width="4500">
	<region article-doi="10.2307/41729917" region-id="0">
		<rc l="640" t="731" r="3867" b="804"/>
		<ln lx="645" ly="736" rx="3862" ry="799">
			<wd l="645" t="740" r="845" b="797" fs="10">Forster,</wd>
			<wd l="867" t="738" r="1038" b="787" fs="10">Liddle</wd>
			<wd l="1060" t="739" r="1107" b="787" fs="10"><![CDATA[&]]></wd>
			<wd l="1128" t="738" r="1315" b="796" fs="10">Liddle,</wd>
			<wd l="1337" t="737" r="1612" b="799" fs="10">Madangia</wd>
			<wd l="1634" t="737" r="1805" b="799" fs="10">inflata</wd>
			<wd l="3802" t="736" r="3862" b="783" fs="10">57</wd>
		</ln>
	</region>
	<region article-doi="10.2307/41729917" region-id="1">
		<rc l="628" t="875" r="2200" b="5637"/>
		<ln lx="635" ly="880" rx="2174" ry="959">
			<wd l="635" t="882" r="899" b="959" fs="10">forming</wd>
			<wd l="923" t="881" r="1023" b="942" fs="10">the</wd>
			<wd l="1055" t="881" r="1325" b="942" fs="10">'coronal</wd>
			<wd l="1352" t="882" r="1604" b="958" fs="10">groove'</wd>
			<wd l="1637" t="880" r="1714" b="941" fs="10">of</wd>
			<wd l="1729" t="880" r="1908" b="940" fs="10">Rintz</wd>
			<wd l="1935" t="880" r="2174" b="956" fs="10">(1978).</wd>
		</ln>
		<ln lx="635" ly="970" rx="2174" ry="1050">
			<wd l="635" t="975" r="704" b="1033" fs="10">In</wd>
			<wd l="717" t="972" r="1057" b="1050" fs="10">Madangia</wd>
			<wd l="1073" t="972" r="1173" b="1033" fs="10">the</wd>
			<wd l="1193" t="972" r="1318" b="1033" fs="10">five</wd>
			<wd l="1339" t="971" r="1615" b="1032" fs="10">staminal</wd>
			<wd l="1635" t="971" r="1866" b="1032" fs="10">corolla</wd>
			<wd l="1884" t="970" r="2056" b="1032" fs="10">lobes</wd>
			<wd l="2076" t="990" r="2174" b="1032" fs="10">are</wd>
		</ln>
		<ln lx="636" ly="1060" rx="2173" ry="1141">
			<wd l="636" t="1063" r="997" b="1141" fs="10">contiguous</wd>
			<wd l="1016" t="1071" r="1079" b="1123" fs="10">to</wd>
			<wd l="1101" t="1062" r="1251" b="1123" fs="10">each</wd>
			<wd l="1271" t="1061" r="1441" b="1122" fs="10">other</wd>
			<wd l="1461" t="1061" r="1557" b="1122" fs="10">for</wd>
			<wd l="1576" t="1061" r="1796" b="1122" fs="10">almost</wd>
			<wd l="1814" t="1061" r="1967" b="1122" fs="10">their</wd>
			<wd l="1987" t="1060" r="2173" b="1121" fs="10">entire</wd>
		</ln>
		<ln lx="636" ly="1152" rx="2175" ry="1231">
			<wd l="636" t="1153" r="858" b="1231" fs="10">length,</wd>
			<wd l="881" t="1162" r="1045" b="1230" fs="10">apart</wd>
			<wd l="1064" t="1153" r="1223" b="1213" fs="10">from</wd>
			<wd l="1239" t="1153" r="1339" b="1213" fs="10">the</wd>
			<wd l="1358" t="1172" r="1549" b="1230" fs="10">upper</wd>
			<wd l="1568" t="1172" r="1723" b="1229" fs="10">apex</wd>
			<wd l="1740" t="1171" r="1885" b="1212" fs="10">near</wd>
			<wd l="1901" t="1152" r="2001" b="1212" fs="10">the</wd>
			<wd l="2023" t="1152" r="2175" b="1229" fs="10">style</wd>
		</ln>
		<ln lx="634" ly="1241" rx="2172" ry="1319">
			<wd l="634" t="1242" r="790" b="1303" fs="10">head</wd>
			<wd l="825" t="1242" r="942" b="1303" fs="10">and</wd>
			<wd l="974" t="1242" r="1074" b="1302" fs="10">the</wd>
			<wd l="1111" t="1241" r="1382" b="1319" fs="10">strongly</wd>
			<wd l="1414" t="1241" r="1708" b="1302" fs="10">recurved</wd>
			<wd l="1744" t="1241" r="1932" b="1301" fs="10">lower</wd>
			<wd l="1967" t="1241" r="2172" b="1318" fs="10">edges.</wd>
		</ln>
		<ln lx="636" ly="1330" rx="2176" ry="1409">
			<wd l="636" t="1332" r="761" b="1393" fs="10">The</wd>
			<wd l="792" t="1332" r="980" b="1392" fs="10">lower</wd>
			<wd l="1009" t="1331" r="1162" b="1409" fs="10">edge</wd>
			<wd l="1193" t="1331" r="1270" b="1392" fs="10">of</wd>
			<wd l="1290" t="1331" r="1441" b="1392" fs="10">each</wd>
			<wd l="1471" t="1331" r="1748" b="1391" fs="10">staminal</wd>
			<wd l="1780" t="1350" r="2007" b="1391" fs="10">corona</wd>
			<wd l="2036" t="1330" r="2176" b="1391" fs="10">lobe</wd>
		</ln>
		<ln lx="636" ly="1420" rx="2176" ry="1500">
			<wd l="636" t="1423" r="695" b="1482" fs="10">in</wd>
			<wd l="724" t="1422" r="1067" b="1500" fs="10">Madangia</wd>
			<wd l="1095" t="1422" r="1146" b="1482" fs="10">is</wd>
			<wd l="1175" t="1421" r="1469" b="1482" fs="10">recurved</wd>
			<wd l="1499" t="1430" r="1556" b="1482" fs="10">at</wd>
			<wd l="1583" t="1421" r="1683" b="1482" fs="10">the</wd>
			<wd l="1714" t="1421" r="1851" b="1494" fs="10">end,</wd>
			<wd l="1884" t="1420" r="2176" b="1498" fs="10">although</wd>
		</ln>
		<ln lx="634" ly="1511" rx="2174" ry="1585">
			<wd l="634" t="1520" r="741" b="1573" fs="10">not</wd>
			<wd l="762" t="1521" r="819" b="1573" fs="10">at</wd>
			<wd l="838" t="1512" r="938" b="1573" fs="10">the</wd>
			<wd l="963" t="1512" r="1143" b="1585" fs="10">sides,</wd>
			<wd l="1169" t="1511" r="1287" b="1573" fs="10">and</wd>
			<wd l="1310" t="1512" r="1500" b="1572" fs="10">forms</wd>
			<wd l="1524" t="1531" r="1560" b="1572" fs="10">a</wd>
			<wd l="1578" t="1511" r="2009" b="1572" fs="10">membranous</wd>
			<wd l="2034" t="1511" r="2174" b="1584" fs="10">frill,</wd>
		</ln>
		<ln lx="635" ly="1601" rx="2177" ry="1679">
			<wd l="635" t="1603" r="837" b="1663" fs="10">rather</wd>
			<wd l="871" t="1602" r="1020" b="1663" fs="10">then</wd>
			<wd l="1058" t="1622" r="1093" b="1663" fs="10">a</wd>
			<wd l="1130" t="1602" r="1339" b="1679" fs="10">fleshy</wd>
			<wd l="1375" t="1602" r="1515" b="1674" fs="10">roll,</wd>
			<wd l="1554" t="1602" r="1685" b="1662" fs="10">that</wd>
			<wd l="1722" t="1602" r="1774" b="1662" fs="10">is</wd>
			<wd l="1812" t="1601" r="2177" b="1679" fs="10">positioned</wd>
		</ln>
		<ln lx="635" ly="1691" rx="2179" ry="1753">
			<wd l="635" t="1693" r="912" b="1753" fs="10">between</wd>
			<wd l="941" t="1692" r="1313" b="1753" fs="10">involutions</wd>
			<wd l="1345" t="1692" r="1422" b="1753" fs="10">of</wd>
			<wd l="1440" t="1692" r="1540" b="1752" fs="10">the</wd>
			<wd l="1571" t="1691" r="1803" b="1752" fs="10">corolla</wd>
			<wd l="1829" t="1691" r="1989" b="1752" fs="10">wall.</wd>
			<wd l="2021" t="1693" r="2112" b="1752" fs="10">As</wd>
			<wd l="2144" t="1711" r="2179" b="1752" fs="10">a</wd>
		</ln>
		<ln lx="635" ly="1781" rx="2179" ry="1860">
			<wd l="635" t="1783" r="819" b="1844" fs="10">result</wd>
			<wd l="839" t="1802" r="920" b="1843" fs="10">no</wd>
			<wd l="949" t="1782" r="1220" b="1843" fs="10">'coronal</wd>
			<wd l="1242" t="1783" r="1495" b="1860" fs="10">groove'</wd>
			<wd l="1524" t="1782" r="1575" b="1843" fs="10">is</wd>
			<wd l="1600" t="1781" r="1856" b="1843" fs="10">formed.</wd>
			<wd l="1883" t="1781" r="2009" b="1842" fs="10">The</wd>
			<wd l="2033" t="1781" r="2179" b="1859" fs="10">only</wd>
		</ln>
		<ln lx="633" ly="1872" rx="2178" ry="1950">
			<wd l="633" t="1876" r="813" b="1950" fs="10">Hoya</wd>
			<wd l="829" t="1873" r="953" b="1933" fs="10">that</wd>
			<wd l="971" t="1872" r="1341" b="1950" fs="10">approaches</wd>
			<wd l="1359" t="1872" r="1459" b="1933" fs="10">the</wd>
			<wd l="1480" t="1872" r="1756" b="1933" fs="10">staminal</wd>
			<wd l="1776" t="1891" r="2002" b="1933" fs="10">corona</wd>
			<wd l="2020" t="1872" r="2178" b="1932" fs="10">form</wd>
		</ln>
		<ln lx="638" ly="1961" rx="2172" ry="2041">
			<wd l="638" t="1963" r="708" b="2024" fs="10">of</wd>
			<wd l="735" t="1963" r="1079" b="2041" fs="10">Madangia</wd>
			<wd l="1110" t="1963" r="1158" b="2023" fs="10">is</wd>
			<wd l="1200" t="1965" r="1271" b="2023" fs="10">H.</wd>
			<wd l="1315" t="1962" r="1650" b="2040" fs="10">multiflora</wd>
			<wd l="1683" t="1962" r="1924" b="2035" fs="10">Blume,</wd>
			<wd l="1960" t="1961" r="2086" b="2022" fs="10">that</wd>
			<wd l="2121" t="1961" r="2172" b="2022" fs="10">is</wd>
		</ln>
		<ln lx="639" ly="2052" rx="2176" ry="2129">
			<wd l="639" t="2053" r="1029" b="2113" fs="10">sometimes</wd>
			<wd l="1119" t="2052" r="1522" b="2129" fs="10">segregated</wd>
			<wd l="1609" t="2052" r="1677" b="2111" fs="10">in</wd>
			<wd l="1762" t="2052" r="1874" b="2112" fs="10">the</wd>
			<wd l="1962" t="2071" r="2176" b="2129" fs="10">genus</wd>
		</ln>
		<ln lx="640" ly="2140" rx="2173" ry="2219">
			<wd l="640" t="2143" r="1153" b="2203" fs="10">Centrostemma</wd>
			<wd l="1189" t="2161" r="1253" b="2202" fs="10">as</wd>
			<wd l="1304" t="2143" r="1369" b="2202" fs="10">C.</wd>
			<wd l="1418" t="2141" r="1839" b="2219" fs="10">multiflorum</wd>
			<wd l="1881" t="2140" r="2173" b="2218" fs="10">(Blume)</wd>
		</ln>
		<ln lx="637" ly="2231" rx="2178" ry="2310">
			<wd l="637" t="2235" r="860" b="2293" fs="10">Decne.</wd>
			<wd l="897" t="2235" r="964" b="2292" fs="10">In</wd>
			<wd l="1003" t="2234" r="1076" b="2293" fs="10">H.</wd>
			<wd l="1121" t="2232" r="1457" b="2310" fs="10">multiflora</wd>
			<wd l="1489" t="2232" r="1591" b="2292" fs="10">the</wd>
			<wd l="1629" t="2231" r="1911" b="2292" fs="10">staminal</wd>
			<wd l="1948" t="2251" r="2178" b="2292" fs="10">corona</wd>
		</ln>
		<ln lx="639" ly="2322" rx="2175" ry="2399">
			<wd l="639" t="2323" r="809" b="2383" fs="10">lobes</wd>
			<wd l="841" t="2322" r="920" b="2383" fs="10">do</wd>
			<wd l="950" t="2331" r="1057" b="2383" fs="10">not</wd>
			<wd l="1084" t="2322" r="1239" b="2383" fs="10">have</wd>
			<wd l="1272" t="2342" r="1307" b="2382" fs="10">a</wd>
			<wd l="1333" t="2322" r="1584" b="2382" fs="10">marked</wd>
			<wd l="1619" t="2324" r="1869" b="2382" fs="10">'corona</wd>
			<wd l="1898" t="2323" r="2175" b="2399" fs="10">groove',</wd>
		</ln>
		<ln lx="640" ly="2411" rx="2180" ry="2490">
			<wd l="640" t="2411" r="929" b="2490" fs="10">although</wd>
			<wd l="955" t="2412" r="999" b="2472" fs="10">it</wd>
			<wd l="1024" t="2412" r="1075" b="2472" fs="10">is</wd>
			<wd l="1104" t="2411" r="1224" b="2472" fs="10">still</wd>
			<wd l="1249" t="2419" r="1509" b="2489" fs="10">present,</wd>
			<wd l="1539" t="2411" r="1657" b="2472" fs="10">and</wd>
			<wd l="1681" t="2411" r="1782" b="2472" fs="10">the</wd>
			<wd l="1810" t="2411" r="2000" b="2472" fs="10">lower</wd>
			<wd l="2026" t="2411" r="2180" b="2488" fs="10">edge</wd>
		</ln>
		<ln lx="639" ly="2501" rx="2176" ry="2579">
			<wd l="639" t="2502" r="716" b="2562" fs="10">of</wd>
			<wd l="725" t="2502" r="824" b="2562" fs="10">the</wd>
			<wd l="848" t="2502" r="1019" b="2562" fs="10">lobes</wd>
			<wd l="1043" t="2521" r="1140" b="2562" fs="10">are</wd>
			<wd l="1165" t="2501" r="1444" b="2579" fs="10">sharpely</wd>
			<wd l="1463" t="2501" r="1715" b="2579" fs="10">pointed</wd>
			<wd l="1737" t="2501" r="1943" b="2578" fs="10">(Rintz</wd>
			<wd l="1973" t="2501" r="2176" b="2577" fs="10">1978).</wd>
		</ln>
		<ln lx="635" ly="2590" rx="2180" ry="2670">
			<wd l="635" t="2594" r="709" b="2652" fs="10">H.</wd>
			<wd l="755" t="2591" r="1100" b="2670" fs="10">multiflora</wd>
			<wd l="1137" t="2591" r="1189" b="2652" fs="10">is</wd>
			<wd l="1229" t="2611" r="1264" b="2652" fs="10">a</wd>
			<wd l="1301" t="2591" r="1577" b="2669" fs="10">shrubby</wd>
			<wd l="1612" t="2591" r="1787" b="2669" fs="10">plant</wd>
			<wd l="1821" t="2590" r="1952" b="2652" fs="10">that</wd>
			<wd l="1987" t="2610" r="2180" b="2651" fs="10">never</wd>
		</ln>
		<ln lx="637" ly="2680" rx="2177" ry="2759">
			<wd l="637" t="2682" r="869" b="2755" fs="10">twines,</wd>
			<wd l="904" t="2690" r="1011" b="2743" fs="10">not</wd>
			<wd l="1044" t="2701" r="1120" b="2743" fs="10">an</wd>
			<wd l="1151" t="2701" r="1526" b="2743" fs="10">uncommon</wd>
			<wd l="1556" t="2681" r="1690" b="2742" fs="10">trait</wd>
			<wd l="1723" t="2681" r="1786" b="2741" fs="10">in</wd>
			<wd l="1820" t="2683" r="2003" b="2759" fs="10">Hoya</wd>
			<wd l="2008" t="2731" r="2021" b="2754" fs="10">,</wd>
			<wd l="2059" t="2680" r="2177" b="2742" fs="10">and</wd>
		</ln>
		<ln lx="637" ly="2772" rx="2179" ry="2850">
			<wd l="637" t="2773" r="750" b="2833" fs="10">has</wd>
			<wd l="789" t="2792" r="824" b="2833" fs="10">a</wd>
			<wd l="861" t="2773" r="1143" b="2850" fs="10">strongly</wd>
			<wd l="1179" t="2772" r="1465" b="2833" fs="10">reflexed</wd>
			<wd l="1501" t="2780" r="1697" b="2833" fs="10">rotate</wd>
			<wd l="1737" t="2772" r="1996" b="2833" fs="10">corolla.</wd>
			<wd l="2038" t="2774" r="2089" b="2832" fs="10">It</wd>
			<wd l="2126" t="2772" r="2179" b="2832" fs="10">is</wd>
		</ln>
		<ln lx="641" ly="2861" rx="2177" ry="2939">
			<wd l="641" t="2863" r="895" b="2923" fs="10">feasible</wd>
			<wd l="917" t="2862" r="1043" b="2923" fs="10">that</wd>
			<wd l="1064" t="2862" r="1164" b="2923" fs="10">the</wd>
			<wd l="1189" t="2862" r="1367" b="2923" fs="10">floral</wd>
			<wd l="1392" t="2862" r="1653" b="2923" fs="10">features</wd>
			<wd l="1679" t="2862" r="1757" b="2922" fs="10">of</wd>
			<wd l="1771" t="2881" r="1807" b="2922" fs="10">a</wd>
			<wd l="1819" t="2864" r="2002" b="2939" fs="10">Hoya</wd>
			<wd l="2027" t="2861" r="2177" b="2922" fs="10">such</wd>
		</ln>
		<ln lx="641" ly="2951" rx="2182" ry="3029">
			<wd l="641" t="2972" r="705" b="3012" fs="10">as</wd>
			<wd l="725" t="2954" r="798" b="3012" fs="10">H.</wd>
			<wd l="830" t="2952" r="1161" b="3029" fs="10">multiflora</wd>
			<wd l="1184" t="2971" r="1282" b="3012" fs="10">are</wd>
			<wd l="1305" t="2951" r="1783" b="3029" fs="10">plesiomorphic</wd>
			<wd l="1809" t="2951" r="1928" b="3011" fs="10">and</wd>
			<wd l="1952" t="2951" r="2182" b="3011" fs="10">similar</wd>
		</ln>
		<ln lx="638" ly="3043" rx="1819" ry="3121">
			<wd l="638" t="3052" r="700" b="3104" fs="10">to</wd>
			<wd l="727" t="3063" r="762" b="3104" fs="10">a</wd>
			<wd l="783" t="3043" r="1050" b="3121" fs="10">putative</wd>
			<wd l="1076" t="3051" r="1354" b="3104" fs="10">ancestor</wd>
			<wd l="1375" t="3051" r="1438" b="3103" fs="10">to</wd>
			<wd l="1458" t="3043" r="1819" b="3120" fs="10">Madangia.</wd>
		</ln>
		<ln lx="829" ly="3207" rx="2179" ry="3285">
			<wd l="829" t="3208" r="954" b="3268" fs="10">The</wd>
			<wd l="971" t="3207" r="1286" b="3285" fs="10">pollinaria</wd>
			<wd l="1303" t="3207" r="1377" b="3267" fs="10">of</wd>
			<wd l="1378" t="3207" r="1717" b="3284" fs="10">Madangia</wd>
			<wd l="1736" t="3207" r="1945" b="3284" fs="10">inflata</wd>
			<wd l="1962" t="3226" r="2179" b="3284" fs="10">appear</wd>
		</ln>
		<ln lx="642" ly="3299" rx="2193" ry="3377">
			<wd l="642" t="3300" r="887" b="3361" fs="10">similar</wd>
			<wd l="924" t="3308" r="989" b="3360" fs="10">to</wd>
			<wd l="1029" t="3299" r="1216" b="3360" fs="10">those</wd>
			<wd l="1258" t="3299" r="1620" b="3360" fs="10">illustrated</wd>
			<wd l="1661" t="3319" r="1729" b="3359" fs="10">as</wd>
			<wd l="1771" t="3318" r="1976" b="3377" fs="10">group</wd>
			<wd l="2017" t="3301" r="2068" b="3358" fs="10">B</wd>
			<wd l="2112" t="3299" r="2193" b="3359" fs="10">of</wd>
		</ln>
		<ln lx="640" ly="3390" rx="2181" ry="3469">
			<wd l="640" t="3392" r="985" b="3469" fs="10">Malaysian</wd>
			<wd l="1013" t="3394" r="1224" b="3469" fs="10">Hoyas</wd>
			<wd l="1253" t="3391" r="1337" b="3469" fs="10">by</wd>
			<wd l="1366" t="3391" r="1545" b="3451" fs="10">Rintz</wd>
			<wd l="1576" t="3391" r="1816" b="3468" fs="10">(1978),</wd>
			<wd l="1848" t="3391" r="2051" b="3451" fs="10">where</wd>
			<wd l="2081" t="3390" r="2181" b="3451" fs="10">the</wd>
		</ln>
		<ln lx="642" ly="3483" rx="2194" ry="3562">
			<wd l="642" t="3484" r="946" b="3545" fs="10">caudicles</wd>
			<wd l="976" t="3504" r="1073" b="3545" fs="10">are</wd>
			<wd l="1101" t="3484" r="1432" b="3562" fs="10">unwinged</wd>
			<wd l="1460" t="3484" r="1579" b="3544" fs="10">and</wd>
			<wd l="1604" t="3483" r="1704" b="3544" fs="10">the</wd>
			<wd l="1734" t="3492" r="1905" b="3544" fs="10">outer</wd>
			<wd l="1933" t="3483" r="2087" b="3561" fs="10">edge</wd>
			<wd l="2117" t="3483" r="2194" b="3544" fs="10">of</wd>
		</ln>
		<ln lx="639" ly="3576" rx="2181" ry="3656">
			<wd l="639" t="3577" r="738" b="3639" fs="10">the</wd>
			<wd l="756" t="3577" r="1009" b="3656" fs="10">pollinia</wd>
			<wd l="1024" t="3577" r="1179" b="3638" fs="10">have</wd>
			<wd l="1200" t="3597" r="1235" b="3638" fs="10">a</wd>
			<wd l="1249" t="3576" r="1517" b="3655" fs="10">pellucid</wd>
			<wd l="1535" t="3576" r="1936" b="3655" fs="10">germination</wd>
			<wd l="1952" t="3576" r="2181" b="3637" fs="10">mouth.</wd>
		</ln>
		<ln lx="830" ly="3740" rx="2184" ry="3819">
			<wd l="830" t="3742" r="957" b="3802" fs="10">The</wd>
			<wd l="994" t="3742" r="1258" b="3802" fs="10">features</wd>
			<wd l="1295" t="3741" r="1372" b="3802" fs="10">of</wd>
			<wd l="1399" t="3761" r="1434" b="3802" fs="10">a</wd>
			<wd l="1467" t="3741" r="1728" b="3819" fs="10">globose</wd>
			<wd l="1766" t="3741" r="2001" b="3802" fs="10">corolla</wd>
			<wd l="2033" t="3740" r="2184" b="3801" fs="10">with</wd>
		</ln>
		<ln lx="641" ly="3833" rx="2183" ry="3911">
			<wd l="641" t="3834" r="852" b="3911" fs="10">totally</wd>
			<wd l="875" t="3834" r="1054" b="3894" fs="10">fused</wd>
			<wd l="1078" t="3834" r="1309" b="3894" fs="10">corolla</wd>
			<wd l="1332" t="3833" r="1524" b="3906" fs="10">lobes,</wd>
			<wd l="1551" t="3841" r="1716" b="3911" fs="10">apart</wd>
			<wd l="1739" t="3833" r="1899" b="3893" fs="10">from</wd>
			<wd l="1920" t="3833" r="2022" b="3893" fs="10">the</wd>
			<wd l="2044" t="3833" r="2183" b="3910" fs="10">tips,</wd>
		</ln>
		<ln lx="644" ly="3925" rx="2185" ry="4004">
			<wd l="644" t="3927" r="759" b="3987" fs="10">and</wd>
			<wd l="776" t="3927" r="1132" b="4004" fs="10">contiguous</wd>
			<wd l="1152" t="3926" r="1425" b="3987" fs="10">staminal</wd>
			<wd l="1443" t="3926" r="1687" b="3987" fs="10">coronal</wd>
			<wd l="1706" t="3926" r="1875" b="3986" fs="10">lobes</wd>
			<wd l="1892" t="3926" r="2015" b="3986" fs="10">that</wd>
			<wd l="2030" t="3925" r="2185" b="3986" fs="10">have</wd>
		</ln>
		<ln lx="644" ly="4018" rx="2182" ry="4096">
			<wd l="644" t="4038" r="679" b="4080" fs="10">a</wd>
			<wd l="716" t="4019" r="997" b="4096" fs="10">strongly</wd>
			<wd l="1032" t="4018" r="1356" b="4091" fs="10">recurved,</wd>
			<wd l="1398" t="4018" r="1610" b="4079" fs="10">frilled</wd>
			<wd l="1648" t="4018" r="1844" b="4079" fs="10">lower</wd>
			<wd l="1881" t="4018" r="2041" b="4096" fs="10">edge</wd>
			<wd l="2081" t="4037" r="2182" b="4078" fs="10">are</wd>
		</ln>
		<ln lx="644" ly="4110" rx="2182" ry="4189">
			<wd l="644" t="4111" r="1003" b="4172" fs="10">considered</wd>
			<wd l="1025" t="4111" r="1274" b="4172" fs="10">derived</wd>
			<wd l="1296" t="4111" r="1392" b="4171" fs="10">for</wd>
			<wd l="1404" t="4111" r="1766" b="4189" fs="10">Madangia.</wd>
			<wd l="1790" t="4110" r="2182" b="4188" fs="10">Description</wd>
		</ln>
		<ln lx="644" ly="4203" rx="2186" ry="4282">
			<wd l="644" t="4204" r="716" b="4265" fs="10">of</wd>
			<wd l="743" t="4204" r="1092" b="4282" fs="10">Madangia</wd>
			<wd l="1128" t="4204" r="1279" b="4264" fs="10">does</wd>
			<wd l="1316" t="4212" r="1425" b="4264" fs="10">not</wd>
			<wd l="1461" t="4204" r="1605" b="4264" fs="10">lend</wd>
			<wd l="1632" t="4203" r="2052" b="4281" fs="10">justification</wd>
			<wd l="2088" t="4203" r="2186" b="4264" fs="10">for</wd>
		</ln>
		<ln lx="645" ly="4295" rx="2182" ry="4373">
			<wd l="645" t="4296" r="1181" b="4357" fs="10">dismemberment</wd>
			<wd l="1200" t="4295" r="1275" b="4356" fs="10">of</wd>
			<wd l="1276" t="4298" r="1457" b="4373" fs="10">Hoya</wd>
			<wd l="1476" t="4295" r="1602" b="4356" fs="10">into</wd>
			<wd l="1624" t="4303" r="1936" b="4373" fs="10">segregate</wd>
			<wd l="1956" t="4314" r="2182" b="4373" fs="10">groups</wd>
		</ln>
		<ln lx="645" ly="4387" rx="2185" ry="4463">
			<wd l="645" t="4408" r="709" b="4447" fs="10">as</wd>
			<wd l="740" t="4388" r="849" b="4447" fs="10">has</wd>
			<wd l="880" t="4388" r="1038" b="4447" fs="10">been</wd>
			<wd l="1071" t="4388" r="1314" b="4447" fs="10">alluded</wd>
			<wd l="1344" t="4396" r="1407" b="4447" fs="10">to</wd>
			<wd l="1441" t="4407" r="1523" b="4447" fs="10">on</wd>
			<wd l="1555" t="4388" r="1847" b="4447" fs="10">occasion</wd>
			<wd l="1879" t="4388" r="2021" b="4463" fs="10">(e.g.</wd>
			<wd l="2057" t="4387" r="2185" b="4445" fs="10">Hill</wd>
		</ln>
		<ln lx="653" ly="4478" rx="2184" ry="4555">
			<wd l="653" t="4479" r="878" b="4554" fs="10">1988).</wd>
			<wd l="925" t="4479" r="1208" b="4555" fs="10">Despite</wd>
			<wd l="1252" t="4478" r="1362" b="4538" fs="10">the</wd>
			<wd l="1408" t="4486" r="1594" b="4555" fs="10">great</wd>
			<wd l="1635" t="4478" r="2184" b="4555" fs="10">morphological</wd>
		</ln>
		<ln lx="643" ly="4569" rx="2185" ry="4647">
			<wd l="643" t="4569" r="984" b="4647" fs="10">variability</wd>
			<wd l="1015" t="4569" r="1459" b="4647" fs="10">encompassed</wd>
			<wd l="1489" t="4569" r="1703" b="4629" fs="10">within</wd>
			<wd l="1731" t="4569" r="1832" b="4629" fs="10">the</wd>
			<wd l="1865" t="4569" r="2052" b="4641" fs="10">latter,</wd>
			<wd l="2084" t="4569" r="2185" b="4629" fs="10">the</wd>
		</ln>
		<ln lx="646" ly="4661" rx="2180" ry="4738">
			<wd l="646" t="4662" r="880" b="4738" fs="10">species</wd>
			<wd l="908" t="4661" r="1213" b="4738" fs="10">presently</wd>
			<wd l="1240" t="4661" r="1603" b="4738" fs="10">recognised</wd>
			<wd l="1630" t="4661" r="1844" b="4721" fs="10">within</wd>
			<wd l="1870" t="4663" r="2053" b="4738" fs="10">Hoya</wd>
			<wd l="2083" t="4680" r="2180" b="4721" fs="10">are</wd>
		</ln>
		<ln lx="642" ly="4752" rx="2185" ry="4829">
			<wd l="642" t="4753" r="855" b="4813" fs="10">united</wd>
			<wd l="889" t="4753" r="973" b="4829" fs="10">by</wd>
			<wd l="1007" t="4753" r="1109" b="4813" fs="10">the</wd>
			<wd l="1149" t="4752" r="1369" b="4813" fs="10">shared</wd>
			<wd l="1405" t="4752" r="1719" b="4812" fs="10">character</wd>
			<wd l="1756" t="4761" r="1941" b="4812" fs="10">states</wd>
			<wd l="1980" t="4752" r="2058" b="4812" fs="10">of</wd>
			<wd l="2082" t="4752" r="2185" b="4812" fs="10">the</wd>
		</ln>
		<ln lx="646" ly="4843" rx="1848" ry="4904">
			<wd l="646" t="4844" r="921" b="4904" fs="10">staminal</wd>
			<wd l="948" t="4863" r="1175" b="4904" fs="10">corona</wd>
			<wd l="1198" t="4863" r="1263" b="4904" fs="10">as</wd>
			<wd l="1289" t="4843" r="1608" b="4904" fs="10">described</wd>
			<wd l="1633" t="4843" r="1848" b="4904" fs="10">above.</wd>
		</ln>
		<ln lx="648" ly="5006" rx="2183" ry="5066">
			<wd l="648" t="5008" r="1101" b="5066" fs="10">Conservation</wd>
			<wd l="1127" t="5016" r="1328" b="5066" fs="10">status</wd>
			<wd l="1332" t="5025" r="1347" b="5066" fs="10">:</wd>
			<wd l="1381" t="5006" r="1507" b="5066" fs="10">The</wd>
			<wd l="1537" t="5006" r="1805" b="5066" fs="10">lowland</wd>
			<wd l="1831" t="5006" r="2183" b="5066" fs="10">rainforests</wd>
		</ln>
		<ln lx="647" ly="5097" rx="2189" ry="5174">
			<wd l="647" t="5097" r="723" b="5157" fs="10">of</wd>
			<wd l="746" t="5097" r="1019" b="5174" fs="10">Madang</wd>
			<wd l="1053" t="5097" r="1350" b="5157" fs="10">Province</wd>
			<wd l="1387" t="5117" r="1486" b="5157" fs="10">are</wd>
			<wd l="1520" t="5097" r="1707" b="5174" fs="10">being</wd>
			<wd l="1743" t="5097" r="1984" b="5157" fs="10">cleared</wd>
			<wd l="2019" t="5105" r="2077" b="5157" fs="10">at</wd>
			<wd l="2112" t="5117" r="2189" b="5157" fs="10">an</wd>
		</ln>
		<ln lx="651" ly="5189" rx="2187" ry="5266">
			<wd l="651" t="5189" r="938" b="5265" fs="10">alarming</wd>
			<wd l="954" t="5197" r="1076" b="5249" fs="10">rate</wd>
			<wd l="1096" t="5189" r="1192" b="5249" fs="10">for</wd>
			<wd l="1210" t="5189" r="1502" b="5265" fs="10">saw-logs</wd>
			<wd l="1523" t="5189" r="1641" b="5249" fs="10">and</wd>
			<wd l="1657" t="5189" r="2037" b="5266" fs="10">woodchips.</wd>
			<wd l="2060" t="5189" r="2187" b="5249" fs="10">The</wd>
		</ln>
		<ln lx="649" ly="5280" rx="2195" ry="5357">
			<wd l="649" t="5288" r="787" b="5357" fs="10">type</wd>
			<wd l="819" t="5280" r="1060" b="5357" fs="10">locality</wd>
			<wd l="1091" t="5280" r="1186" b="5340" fs="10">for</wd>
			<wd l="1219" t="5282" r="1300" b="5340" fs="10">M</wd>
			<wd l="1343" t="5280" r="1557" b="5357" fs="10">inflata</wd>
			<wd l="1587" t="5299" r="1715" b="5340" fs="10">was</wd>
			<wd l="1749" t="5299" r="1784" b="5340" fs="10">a</wd>
			<wd l="1812" t="5288" r="2087" b="5340" fs="10">remnant</wd>
			<wd l="2118" t="5280" r="2195" b="5340" fs="10">of</wd>
		</ln>
		<ln lx="651" ly="5371" rx="2187" ry="5448">
			<wd l="651" t="5372" r="836" b="5432" fs="10">forest</wd>
			<wd l="856" t="5372" r="918" b="5430" fs="10">in</wd>
			<wd l="938" t="5391" r="1014" b="5431" fs="10">an</wd>
			<wd l="1034" t="5371" r="1253" b="5431" fs="10">almost</wd>
			<wd l="1271" t="5371" r="1484" b="5448" fs="10">totally</wd>
			<wd l="1505" t="5371" r="1731" b="5448" fs="10">logged</wd>
			<wd l="1752" t="5371" r="1966" b="5447" fs="10">(clear-</wd>
			<wd l="1972" t="5371" r="2187" b="5447" fs="10">felled)</wd>
		</ln>
		<ln lx="652" ly="5463" rx="2188" ry="5539">
			<wd l="652" t="5482" r="801" b="5523" fs="10">area.</wd>
			<wd l="833" t="5463" r="1109" b="5522" fs="10">Survival</wd>
			<wd l="1137" t="5463" r="1214" b="5522" fs="10">of</wd>
			<wd l="1228" t="5463" r="1347" b="5522" fs="10">this</wd>
			<wd l="1376" t="5463" r="1613" b="5539" fs="10">species</wd>
			<wd l="1641" t="5463" r="1704" b="5522" fs="10">in</wd>
			<wd l="1727" t="5463" r="1828" b="5522" fs="10">the</wd>
			<wd l="1857" t="5482" r="1995" b="5522" fs="10">area</wd>
			<wd l="2020" t="5463" r="2097" b="5522" fs="10">of</wd>
			<wd l="2114" t="5463" r="2188" b="5522" fs="10">its</wd>
		</ln>
		<ln lx="650" ly="5553" rx="2178" ry="5632">
			<wd l="650" t="5554" r="838" b="5615" fs="10">initial</wd>
			<wd l="863" t="5553" r="1189" b="5615" fs="10">collection</wd>
			<wd l="1213" t="5554" r="1264" b="5615" fs="10">is</wd>
			<wd l="1287" t="5554" r="1561" b="5632" fs="10">unlikely</wd>
			<wd l="1585" t="5554" r="1648" b="5614" fs="10">in</wd>
			<wd l="1670" t="5554" r="1770" b="5615" fs="10">the</wd>
			<wd l="1794" t="5574" r="1940" b="5615" fs="10">near</wd>
			<wd l="1963" t="5554" r="2178" b="5615" fs="10">future.</wd>
		</ln>
	</region>
	<region article-doi="10.2307/41729917" region-id="2">
		<rc l="2306" t="873" r="3866" b="2123"/>
		<ln lx="2311" ly="878" rx="3857" ry="957">
			<wd l="2311" t="881" r="2676" b="957" fs="10">Etymology</wd>
			<wd l="2680" t="898" r="2695" b="939" fs="10">:</wd>
			<wd l="2719" t="879" r="2844" b="939" fs="10">The</wd>
			<wd l="2864" t="879" r="3113" b="956" fs="10">specific</wd>
			<wd l="3133" t="878" r="3353" b="956" fs="10">epithet</wd>
			<wd l="3369" t="878" r="3420" b="938" fs="10">is</wd>
			<wd l="3439" t="878" r="3683" b="938" fs="10">derived</wd>
			<wd l="3701" t="878" r="3857" b="938" fs="10">from</wd>
		</ln>
		<ln lx="2314" ly="970" rx="3854" ry="1049">
			<wd l="2314" t="972" r="2415" b="1033" fs="10">the</wd>
			<wd l="2437" t="972" r="2614" b="1033" fs="10">Latin</wd>
			<wd l="2632" t="971" r="2878" b="1049" fs="10">inflatus</wd>
			<wd l="2899" t="971" r="3236" b="1049" fs="10">(bladdery,</wd>
			<wd l="3257" t="971" r="3404" b="1043" fs="10">thin,</wd>
			<wd l="3425" t="970" r="3854" b="1031" fs="10">membranous</wd>
		</ln>
		<ln lx="2317" ly="1063" rx="3855" ry="1141">
			<wd l="2317" t="1065" r="2435" b="1126" fs="10">and</wd>
			<wd l="2460" t="1064" r="2743" b="1141" fs="10">swollen)</wd>
			<wd l="2768" t="1064" r="2886" b="1125" fs="10">and</wd>
			<wd l="2910" t="1064" r="3142" b="1125" fs="10">alludes</wd>
			<wd l="3165" t="1072" r="3228" b="1125" fs="10">to</wd>
			<wd l="3250" t="1064" r="3350" b="1124" fs="10">the</wd>
			<wd l="3376" t="1063" r="3606" b="1124" fs="10">corolla</wd>
			<wd l="3626" t="1071" r="3855" b="1124" fs="10">texture</wd>
		</ln>
		<ln lx="2317" ly="1157" rx="2665" ry="1234">
			<wd l="2317" t="1157" r="2435" b="1218" fs="10">and</wd>
			<wd l="2462" t="1157" r="2665" b="1234" fs="10">shape.</wd>
		</ln>
		<ln lx="2315" ly="1323" rx="3006" ry="1398">
			<wd l="2315" t="1323" r="3006" b="1398" fs="10">Acknowledgements</wd>
		</ln>
		<ln lx="2317" ly="1483" rx="3860" ry="1563">
			<wd l="2317" t="1488" r="2430" b="1546" fs="10">We</wd>
			<wd l="2456" t="1505" r="2553" b="1546" fs="10">are</wd>
			<wd l="2578" t="1484" r="2835" b="1563" fs="10">grateful</wd>
			<wd l="2858" t="1493" r="2920" b="1545" fs="10">to</wd>
			<wd l="2944" t="1487" r="3142" b="1545" fs="10">Bruce</wd>
			<wd l="3167" t="1486" r="3331" b="1562" fs="10">Gray</wd>
			<wd l="3356" t="1484" r="3432" b="1544" fs="10">of</wd>
			<wd l="3444" t="1483" r="3741" b="1544" fs="10">Atherton</wd>
			<wd l="3764" t="1483" r="3860" b="1544" fs="10">for</wd>
		</ln>
		<ln lx="2316" ly="1576" rx="3859" ry="1655">
			<wd l="2316" t="1578" r="2416" b="1639" fs="10">the</wd>
			<wd l="2446" t="1578" r="2838" b="1639" fs="10">illustrations</wd>
			<wd l="2869" t="1577" r="2987" b="1638" fs="10">and</wd>
			<wd l="3015" t="1580" r="3132" b="1638" fs="10">Les</wd>
			<wd l="3161" t="1577" r="3388" b="1655" fs="10">Pedley</wd>
			<wd l="3417" t="1577" r="3608" b="1654" fs="10">(BRI)</wd>
			<wd l="3639" t="1576" r="3734" b="1637" fs="10">for</wd>
			<wd l="3760" t="1576" r="3859" b="1637" fs="10">the</wd>
		</ln>
		<ln lx="2317" ly="1670" rx="3859" ry="1747">
			<wd l="2317" t="1671" r="2495" b="1731" fs="10">Latin</wd>
			<wd l="2528" t="1670" r="2939" b="1731" fs="10">translations.</wd>
			<wd l="2978" t="1670" r="3328" b="1731" fs="10">Fieldwork</wd>
			<wd l="3363" t="1670" r="3426" b="1729" fs="10">in</wd>
			<wd l="3461" t="1672" r="3668" b="1747" fs="10">Papua</wd>
			<wd l="3699" t="1671" r="3859" b="1729" fs="10">New</wd>
		</ln>
		<ln lx="2319" ly="1761" rx="3861" ry="1841">
			<wd l="2319" t="1763" r="2571" b="1824" fs="10">Guinea</wd>
			<wd l="2607" t="1782" r="2739" b="1824" fs="10">was</wd>
			<wd l="2778" t="1762" r="3067" b="1841" fs="10">possible</wd>
			<wd l="3108" t="1762" r="3229" b="1823" fs="10">due</wd>
			<wd l="3267" t="1770" r="3332" b="1823" fs="10">to</wd>
			<wd l="3373" t="1781" r="3408" b="1822" fs="10">a</wd>
			<wd l="3446" t="1761" r="3861" b="1822" fs="10">Christensen</wd>
		</ln>
		<ln lx="2317" ly="1854" rx="3859" ry="1933">
			<wd l="2317" t="1856" r="2624" b="1917" fs="10">Research</wd>
			<wd l="2648" t="1855" r="2918" b="1916" fs="10">Institute</wd>
			<wd l="2944" t="1855" r="3313" b="1933" fs="10">Fellowship</wd>
			<wd l="3340" t="1855" r="3403" b="1915" fs="10">in</wd>
			<wd l="3435" t="1856" r="3590" b="1915" fs="10">1992</wd>
			<wd l="3618" t="1854" r="3736" b="1915" fs="10">and</wd>
			<wd l="3759" t="1854" r="3859" b="1915" fs="10">the</wd>
		</ln>
		<ln lx="2317" ly="1947" rx="3861" ry="2010">
			<wd l="2317" t="1949" r="2461" b="2010" fs="10">then</wd>
			<wd l="2493" t="1949" r="2772" b="2009" fs="10">Director</wd>
			<wd l="2806" t="1948" r="2883" b="2009" fs="10">of</wd>
			<wd l="2907" t="1949" r="3042" b="2009" fs="10">CRI</wd>
			<wd l="3076" t="1950" r="3164" b="2008" fs="10">Dr</wd>
			<wd l="3196" t="1950" r="3285" b="2008" fs="10">M.</wd>
			<wd l="3323" t="1947" r="3472" b="2008" fs="10">Jebb</wd>
			<wd l="3509" t="1947" r="3765" b="2008" fs="10">assisted</wd>
			<wd l="3799" t="1947" r="3861" b="2006" fs="10">in</wd>
		</ln>
		<ln lx="2317" ly="2041" rx="2775" ry="2118">
			<wd l="2317" t="2041" r="2562" b="2101" fs="10">various</wd>
			<wd l="2587" t="2060" r="2775" b="2118" fs="10">ways.</wd>
		</ln>
	</region>
	<region article-doi="10.2307/41729917" region-id="3">
		<rc l="2314" t="2201" r="2712" b="2270"/>
		<ln lx="2319" ly="2206" rx="2707" ry="2265">
			<wd l="2319" t="2206" r="2707" b="2265" fs="10">References</wd>
		</ln>
	</region>
	<region article-doi="10.2307/41729917" region-id="4">
		<rc l="2313" t="2363" r="3867" b="2662"/>
		<ln lx="2318" ly="2368" rx="3855" ry="2430">
			<wd l="2318" t="2371" r="2548" b="2427" fs="10">Bruyns,</wd>
			<wd l="2580" t="2370" r="2700" b="2417" fs="10">P.V.</wd>
			<wd l="2735" t="2369" r="2936" b="2430" fs="10">(1981).</wd>
			<wd l="2969" t="2370" r="3016" b="2416" fs="10">A</wd>
			<wd l="3047" t="2368" r="3237" b="2417" fs="10">review</wd>
			<wd l="3269" t="2368" r="3332" b="2416" fs="10">of</wd>
			<wd l="3359" t="2369" r="3661" b="2415" fs="10">Pectinaria</wd>
			<wd l="3690" t="2369" r="3855" b="2425" fs="10">Haw.,</wd>
		</ln>
		<ln lx="2508" ly="2443" rx="3858" ry="2506">
			<wd l="2508" t="2444" r="2831" b="2506" fs="10">Stapeliopsis</wd>
			<wd l="2856" t="2444" r="3035" b="2493" fs="10">Pillans</wd>
			<wd l="3063" t="2444" r="3157" b="2493" fs="10">and</wd>
			<wd l="3184" t="2459" r="3212" b="2492" fs="10">a</wd>
			<wd l="3237" t="2459" r="3346" b="2492" fs="10">new</wd>
			<wd l="3373" t="2459" r="3525" b="2505" fs="10">genus</wd>
			<wd l="3562" t="2443" r="3858" b="2505" fs="10">Ophionella</wd>
		</ln>
		<ln lx="2510" ly="2518" rx="3862" ry="2581">
			<wd l="2510" t="2519" r="3025" b="2581" fs="10">(Asclepiadaceae).</wd>
			<wd l="3072" t="2519" r="3173" b="2567" fs="10">The</wd>
			<wd l="3208" t="2520" r="3406" b="2568" fs="10">Cactus</wd>
			<wd l="3439" t="2519" r="3549" b="2566" fs="10">and</wd>
			<wd l="3576" t="2518" r="3862" b="2567" fs="10">Succulent</wd>
		</ln>
		<ln lx="2506" ly="2595" rx="3466" ry="2657">
			<wd l="2506" t="2595" r="2719" b="2644" fs="10">Journal</wd>
			<wd l="2736" t="2595" r="2800" b="2657" fs="10">of</wd>
			<wd l="2807" t="2596" r="2961" b="2644" fs="10">Great</wd>
			<wd l="2976" t="2596" r="3165" b="2643" fs="10">Britain</wd>
			<wd l="3184" t="2595" r="3264" b="2643" fs="10">43:</wd>
			<wd l="3288" t="2595" r="3466" b="2643" fs="10">61-83.</wd>
		</ln>
	</region>
	<region article-doi="10.2307/41729917" region-id="5">
		<rc l="2313" t="2736" r="3860" b="2886"/>
		<ln lx="2318" ly="2741" rx="3855" ry="2805">
			<wd l="2318" t="2773" r="2421" b="2777" fs="10">
			</wd>
			<wd l="2440" t="2744" r="2629" b="2805" fs="10">(1988).</wd>
			<wd l="2651" t="2745" r="2698" b="2791" fs="10">A</wd>
			<wd l="2717" t="2743" r="2932" b="2792" fs="10">revision</wd>
			<wd l="2952" t="2743" r="3013" b="2792" fs="10">of</wd>
			<wd l="3024" t="2743" r="3104" b="2792" fs="10">the</wd>
			<wd l="3125" t="2758" r="3278" b="2805" fs="10">genus</wd>
			<wd l="3311" t="2742" r="3639" b="2804" fs="10">Echidnopsis</wd>
			<wd l="3656" t="2741" r="3855" b="2791" fs="10">Hook.f.</wd>
		</ln>
		<ln lx="2511" ly="2818" rx="3485" ry="2881">
			<wd l="2511" t="2819" r="2982" b="2881" fs="10">(Asclepiadaceae).</wd>
			<wd l="3004" t="2818" r="3250" b="2880" fs="10">Bradleya</wd>
			<wd l="3270" t="2819" r="3316" b="2867" fs="10">6:</wd>
			<wd l="3346" t="2819" r="3485" b="2867" fs="10">1-48.</wd>
		</ln>
	</region>
	<region article-doi="10.2307/41729917" region-id="6">
		<rc l="2315" t="2959" r="3866" b="3171"/>
		<ln lx="2320" ly="2964" rx="3861" ry="3026">
			<wd l="2320" t="2968" r="2537" b="3024" fs="10">Bruyns,</wd>
			<wd l="2564" t="2967" r="2678" b="3014" fs="10">P.V.</wd>
			<wd l="2707" t="2966" r="2755" b="3014" fs="10"><![CDATA[&]]></wd>
			<wd l="2780" t="2967" r="3010" b="3023" fs="10">Forster,</wd>
			<wd l="3036" t="2967" r="3124" b="3014" fs="10">P.I.</wd>
			<wd l="3153" t="2966" r="3343" b="3026" fs="10">(1991).</wd>
			<wd l="3370" t="2964" r="3861" b="3026" fs="10">Recircumscription</wd>
		</ln>
		<ln lx="2512" ly="3040" rx="3859" ry="3103">
			<wd l="2512" t="3041" r="2577" b="3090" fs="10">of</wd>
			<wd l="2610" t="3041" r="2697" b="3090" fs="10">the</wd>
			<wd l="2742" t="3040" r="3046" b="3103" fs="10">Stapelieae</wd>
			<wd l="3090" t="3040" r="3621" b="3102" fs="10">(Asclepiadaceae).</wd>
			<wd l="3682" t="3041" r="3859" b="3088" fs="10">Taxon</wd>
		</ln>
		<ln lx="2511" ly="3118" rx="2841" ry="3166">
			<wd l="2511" t="3118" r="2841" b="3166" fs="10">40:381-391.</wd>
		</ln>
	</region>
	<region article-doi="10.2307/41729917" region-id="7">
		<rc l="2316" t="3257" r="3866" b="3406"/>
		<ln lx="2321" ly="3262" rx="3861" ry="3325">
			<wd l="2321" t="3266" r="2575" b="3322" fs="10">Forster,</wd>
			<wd l="2610" t="3265" r="2709" b="3312" fs="10">P.I.</wd>
			<wd l="2747" t="3264" r="2958" b="3325" fs="10">(1990).</wd>
			<wd l="2992" t="3265" r="3163" b="3312" fs="10">Notes</wd>
			<wd l="3199" t="3279" r="3267" b="3312" fs="10">on</wd>
			<wd l="3300" t="3262" r="3777" b="3325" fs="10">Asclepiadaceae,</wd>
			<wd l="3814" t="3263" r="3861" b="3311" fs="10">2.</wd>
		</ln>
		<ln lx="2508" ly="3340" rx="3219" ry="3401">
			<wd l="2508" t="3340" r="2886" b="3401" fs="10">Austrobaileya</wd>
			<wd l="2905" t="3340" r="2950" b="3388" fs="10">3:</wd>
			<wd l="2973" t="3340" r="3219" b="3387" fs="10">273-289.</wd>
		</ln>
	</region>
	<region article-doi="10.2307/41729917" region-id="8">
		<rc l="2317" t="3480" r="3866" b="3630"/>
		<ln lx="2322" ly="3485" rx="3861" ry="3548">
			<wd l="2322" t="3488" r="2456" b="3545" fs="10">Hill,</wd>
			<wd l="2481" t="3488" r="2606" b="3535" fs="10">K.D.</wd>
			<wd l="2634" t="3487" r="2822" b="3548" fs="10">(1988).</wd>
			<wd l="2848" t="3487" r="2895" b="3534" fs="10">A</wd>
			<wd l="2918" t="3486" r="3132" b="3535" fs="10">revision</wd>
			<wd l="3157" t="3486" r="3218" b="3535" fs="10">of</wd>
			<wd l="3235" t="3487" r="3380" b="3548" fs="10">Hoya</wd>
			<wd l="3405" t="3485" r="3861" b="3547" fs="10">(Asclepiadaceae)</wd>
		</ln>
		<ln lx="2514" ly="3562" rx="3410" ry="3625">
			<wd l="2514" t="3562" r="2563" b="3611" fs="10">in</wd>
			<wd l="2581" t="3562" r="2839" b="3612" fs="10">Australia.</wd>
			<wd l="2865" t="3562" r="3076" b="3625" fs="10">Telopea</wd>
			<wd l="3096" t="3563" r="3141" b="3611" fs="10">3:</wd>
			<wd l="3164" t="3562" r="3410" b="3611" fs="10">241-255.</wd>
		</ln>
	</region>
	<region article-doi="10.2307/41729917" region-id="9">
		<rc l="2319" t="3704" r="3870" b="3915"/>
		<ln lx="2324" ly="3709" rx="3865" ry="3772">
			<wd l="2324" t="3711" r="2518" b="3769" fs="10">Omlor,</wd>
			<wd l="2534" t="3712" r="2590" b="3759" fs="10">R.</wd>
			<wd l="2609" t="3711" r="2797" b="3772" fs="10">(1996).</wd>
			<wd l="2812" t="3712" r="2967" b="3759" fs="10">Notes</wd>
			<wd l="2983" t="3726" r="3047" b="3759" fs="10">on</wd>
			<wd l="3060" t="3710" r="3398" b="3759" fs="10">Marsdenieae</wd>
			<wd l="3414" t="3709" r="3865" b="3772" fs="10">(Asclepiadaceae)</wd>
		</ln>
		<ln lx="2514" ly="3785" rx="3862" ry="3848">
			<wd l="2514" t="3815" r="2532" b="3821" fs="10">-</wd>
			<wd l="2561" t="3802" r="2589" b="3835" fs="10">a</wd>
			<wd l="2613" t="3802" r="2737" b="3844" fs="10">new,</wd>
			<wd l="2764" t="3786" r="2970" b="3835" fs="10">unusual</wd>
			<wd l="2999" t="3786" r="3186" b="3848" fs="10">species</wd>
			<wd l="3214" t="3785" r="3275" b="3834" fs="10">of</wd>
			<wd l="3297" t="3787" r="3443" b="3847" fs="10">Hoya</wd>
			<wd l="3471" t="3785" r="3597" b="3834" fs="10">from</wd>
			<wd l="3620" t="3785" r="3862" b="3834" fs="10">Northern</wd>
		</ln>
		<ln lx="2513" ly="3862" rx="3248" ry="3910">
			<wd l="2513" t="3863" r="2723" b="3910" fs="10">Borneo.</wd>
			<wd l="2741" t="3863" r="2916" b="3910" fs="10">Novon</wd>
			<wd l="2934" t="3862" r="2980" b="3910" fs="10">6:</wd>
			<wd l="3002" t="3862" r="3248" b="3910" fs="10">288-294.</wd>
		</ln>
	</region>
	<region article-doi="10.2307/41729917" region-id="10">
		<rc l="2318" t="4002" r="3879" b="4214"/>
		<ln lx="2323" ly="4007" rx="3874" ry="4070">
			<wd l="2323" t="4010" r="2487" b="4067" fs="10">Rintz,</wd>
			<wd l="2512" t="4010" r="2626" b="4057" fs="10">R.E.</wd>
			<wd l="2653" t="4009" r="2843" b="4070" fs="10">(1978).</wd>
			<wd l="2869" t="4008" r="2970" b="4057" fs="10">The</wd>
			<wd l="2994" t="4008" r="3277" b="4057" fs="10">Peninsular</wd>
			<wd l="3298" t="4008" r="3575" b="4070" fs="10">Malaysian</wd>
			<wd l="3600" t="4007" r="3788" b="4070" fs="10">species</wd>
			<wd l="3812" t="4007" r="3874" b="4056" fs="10">of</wd>
		</ln>
		<ln lx="2512" ly="4083" rx="3867" ry="4146">
			<wd l="2512" t="4086" r="2658" b="4146" fs="10">Hoya</wd>
			<wd l="2685" t="4084" r="3150" b="4146" fs="10">(Asclepiadaceae).</wd>
			<wd l="3184" t="4084" r="3421" b="4145" fs="10">Malayan</wd>
			<wd l="3446" t="4085" r="3633" b="4132" fs="10">Nature</wd>
			<wd l="3655" t="4083" r="3867" b="4132" fs="10">Journal</wd>
		</ln>
		<ln lx="2516" ly="4160" rx="2861" ry="4209">
			<wd l="2516" t="4161" r="2594" b="4209" fs="10">30:</wd>
			<wd l="2614" t="4160" r="2861" b="4209" fs="10">467-522.</wd>
		</ln>
	</region>
</ocr-page>
