<?xml version="1.0" encoding="UTF-8"?>
<ocr-page type="coords" ocr-vers="1.0" creation-date="20130321" res="600" height="6300" width="4500">
	<region article-doi="10.2307/41729923" region-id="0">
		<rc l="1055" t="833" r="3405" b="1057"/>
		<ln lx="1060" ly="838" rx="3400" ry="930">
			<wd l="1060" t="838" r="1294" b="908" fs="10">Notes</wd>
			<wd l="1324" t="858" r="1424" b="908" fs="10">on</wd>
			<wd l="1460" t="838" r="1944" b="930" fs="10">Caesalpinia</wd>
			<wd l="1974" t="838" r="2192" b="930" fs="10">subg.</wd>
			<wd l="2220" t="838" r="2742" b="916" fs="10">Mezoneuron</wd>
			<wd l="2776" t="838" r="3400" b="930" fs="10">(Leguminosae:</wd>
		</ln>
		<ln lx="1588" ly="958" rx="2876" ry="1052">
			<wd l="1588" t="958" r="2342" b="1052" fs="10">Caesalpinioideae)</wd>
			<wd l="2374" t="958" r="2448" b="1030" fs="10">in</wd>
			<wd l="2480" t="960" r="2876" b="1032" fs="10">Australia</wd>
		</ln>
	</region>
	<region article-doi="10.2307/41729923" region-id="1">
		<rc l="2039" t="1147" r="2429" b="1231"/>
		<ln lx="2044" ly="1152" rx="2424" ry="1226">
			<wd l="2044" t="1152" r="2166" b="1210" fs="10">Les</wd>
			<wd l="2190" t="1152" r="2424" b="1226" fs="10">Pedley</wd>
		</ln>
	</region>
	<region article-doi="10.2307/41729923" region-id="2">
		<rc l="2057" t="1319" r="2413" b="1405"/>
		<ln lx="2062" ly="1324" rx="2408" ry="1400">
			<wd l="2062" t="1324" r="2408" b="1400" fs="10">Summary</wd>
		</ln>
	</region>
	<region article-doi="10.2307/41729923" region-id="3">
		<rc l="855" t="1483" r="3612" b="1783"/>
		<ln lx="862" ly="1488" rx="3607" ry="1551">
			<wd l="862" t="1489" r="1055" b="1551" fs="10">Pedley,</wd>
			<wd l="1086" t="1491" r="1179" b="1537" fs="10">Les</wd>
			<wd l="1209" t="1490" r="1400" b="1550" fs="10">(1997).</wd>
			<wd l="1429" t="1491" r="1585" b="1537" fs="10">Notes</wd>
			<wd l="1615" t="1504" r="1679" b="1537" fs="10">on</wd>
			<wd l="1718" t="1489" r="2036" b="1550" fs="10">Caesalpinia</wd>
			<wd l="2073" t="1489" r="2205" b="1550" fs="10">subg.</wd>
			<wd l="2245" t="1490" r="2580" b="1536" fs="10">Mezoneuron</wd>
			<wd l="2610" t="1488" r="3010" b="1550" fs="10">(Leguminosae:</wd>
			<wd l="3043" t="1488" r="3528" b="1550" fs="10">Caesalpinioideae)</wd>
			<wd l="3559" t="1488" r="3607" b="1536" fs="10">in</wd>
		</ln>
		<ln lx="860" ly="1564" rx="3606" ry="1626">
			<wd l="860" t="1565" r="1110" b="1614" fs="10">Australia.</wd>
			<wd l="1164" t="1565" r="1534" b="1626" fs="10">Austrobaileya</wd>
			<wd l="1568" t="1566" r="1687" b="1625" fs="10">5(1):</wd>
			<wd l="1716" t="1565" r="1925" b="1613" fs="10">97-102.</wd>
			<wd l="1962" t="1565" r="2278" b="1626" fs="10">Caesalpinia</wd>
			<wd l="2303" t="1564" r="2650" b="1626" fs="10">erythrocarpa</wd>
			<wd l="2683" t="1564" r="2771" b="1612" fs="10">and</wd>
			<wd l="2804" t="1565" r="2854" b="1613" fs="10">C.</wd>
			<wd l="2887" t="1568" r="3071" b="1625" fs="10">traceyi</wd>
			<wd l="3073" t="1604" r="3084" b="1622" fs="10">,</wd>
			<wd l="3112" t="1564" r="3228" b="1612" fs="10">both</wd>
			<wd l="3255" t="1564" r="3380" b="1612" fs="10">from</wd>
			<wd l="3406" t="1564" r="3606" b="1625" fs="10">tropical</wd>
		</ln>
		<ln lx="861" ly="1639" rx="3604" ry="1700">
			<wd l="861" t="1640" r="1188" b="1700" fs="10">Queensland,</wd>
			<wd l="1209" t="1656" r="1287" b="1689" fs="10">are</wd>
			<wd l="1306" t="1640" r="1560" b="1689" fs="10">described</wd>
			<wd l="1579" t="1655" r="1631" b="1689" fs="10">as</wd>
			<wd l="1650" t="1656" r="1772" b="1689" fs="10">new.</wd>
			<wd l="1811" t="1641" r="1860" b="1689" fs="10">C.</wd>
			<wd l="1886" t="1644" r="2043" b="1688" fs="10">nitens</wd>
			<wd l="2063" t="1640" r="2103" b="1688" fs="10">is</wd>
			<wd l="2122" t="1655" r="2150" b="1688" fs="10">a</wd>
			<wd l="2166" t="1655" r="2275" b="1688" fs="10">new</wd>
			<wd l="2294" t="1639" r="2624" b="1688" fs="10">combination</wd>
			<wd l="2643" t="1640" r="2793" b="1688" fs="10">based</wd>
			<wd l="2812" t="1655" r="2876" b="1688" fs="10">on</wd>
			<wd l="2908" t="1639" r="3240" b="1687" fs="10">Pterolobium</wd>
			<wd l="3260" t="1643" r="3416" b="1687" fs="10">nitens</wd>
			<wd l="3434" t="1639" r="3604" b="1687" fs="10">Benth.</wd>
		</ln>
		<ln lx="860" ly="1715" rx="2595" ry="1778">
			<wd l="860" t="1718" r="905" b="1764" fs="10">A</wd>
			<wd l="926" t="1717" r="1018" b="1778" fs="10">key</wd>
			<wd l="1039" t="1723" r="1088" b="1765" fs="10">to</wd>
			<wd l="1108" t="1716" r="1187" b="1765" fs="10">the</wd>
			<wd l="1209" t="1716" r="1283" b="1765" fs="10">six</wd>
			<wd l="1304" t="1716" r="1493" b="1778" fs="10">species</wd>
			<wd l="1513" t="1716" r="1575" b="1764" fs="10">of</wd>
			<wd l="1586" t="1716" r="1665" b="1764" fs="10">the</wd>
			<wd l="1687" t="1716" r="1932" b="1777" fs="10">subgenus</wd>
			<wd l="1955" t="1716" r="2001" b="1763" fs="10">in</wd>
			<wd l="2022" t="1716" r="2266" b="1764" fs="10">Australia</wd>
			<wd l="2286" t="1715" r="2326" b="1764" fs="10">is</wd>
			<wd l="2345" t="1715" r="2595" b="1777" fs="10">provided.</wd>
		</ln>
	</region>
	<region article-doi="10.2307/41729923" region-id="4">
		<rc l="857" t="1857" r="3613" b="2155"/>
		<ln lx="862" ly="1862" rx="3608" ry="1926">
			<wd l="862" t="1866" r="968" b="1926" fs="10">Key</wd>
			<wd l="983" t="1864" r="1159" b="1913" fs="10">words:</wd>
			<wd l="1188" t="1864" r="1510" b="1925" fs="10">Caesalpinia,</wd>
			<wd l="1533" t="1864" r="1846" b="1925" fs="10">Caesalpinia</wd>
			<wd l="1860" t="1863" r="2213" b="1925" fs="10">erythrocarpa,</wd>
			<wd l="2236" t="1863" r="2549" b="1925" fs="10">Caesalpinia</wd>
			<wd l="2563" t="1866" r="2750" b="1924" fs="10">traceyi,</wd>
			<wd l="2773" t="1862" r="3086" b="1924" fs="10">Caesalpinia</wd>
			<wd l="3100" t="1866" r="3263" b="1917" fs="10">nitens,</wd>
			<wd l="3282" t="1862" r="3608" b="1910" fs="10">Pterolobium</wd>
		</ln>
		<ln lx="862" ly="1942" rx="1400" ry="1995">
			<wd l="862" t="1944" r="1027" b="1995" fs="10">nitens,</wd>
			<wd l="1056" t="1942" r="1400" b="1988" fs="10">Mezoneuron.</wd>
		</ln>
		<ln lx="862" ly="2086" rx="3481" ry="2150">
			<wd l="862" t="2090" r="954" b="2137" fs="10">Les</wd>
			<wd l="976" t="2088" r="1168" b="2150" fs="10">Pedley,</wd>
			<wd l="1191" t="2088" r="1257" b="2137" fs="10">c/-</wd>
			<wd l="1279" t="2088" r="1592" b="2148" fs="10">Queensland</wd>
			<wd l="1613" t="2087" r="1913" b="2145" fs="10">Herbarium,</wd>
			<wd l="1936" t="2087" r="2117" b="2136" fs="10">Meiers</wd>
			<wd l="2140" t="2087" r="2292" b="2145" fs="10">Road,</wd>
			<wd l="2314" t="2086" r="2695" b="2149" fs="10">Indooroopilly,</wd>
			<wd l="2718" t="2086" r="3031" b="2146" fs="10">Queensland</wd>
			<wd l="3051" t="2087" r="3198" b="2144" fs="10">4068,</wd>
			<wd l="3237" t="2086" r="3481" b="2134" fs="10">Australia</wd>
		</ln>
	</region>
	<region article-doi="10.2307/41729923" region-id="5">
		<rc l="622" t="2414" r="2183" b="4964"/>
		<ln lx="628" ly="2419" rx="1074" ry="2478">
			<wd l="628" t="2419" r="1074" b="2478" fs="10">Introduction</wd>
		</ln>
		<ln lx="628" ly="2580" rx="2163" ry="2642">
			<wd l="628" t="2582" r="922" b="2642" fs="10">Whether</wd>
			<wd l="998" t="2584" r="1440" b="2641" fs="10">Mezoneuron</wd>
			<wd l="1521" t="2580" r="1714" b="2640" fs="10">Desf.</wd>
			<wd l="1778" t="2580" r="2024" b="2640" fs="10">should</wd>
			<wd l="2082" t="2580" r="2163" b="2640" fs="10">be</wd>
		</ln>
		<ln lx="627" ly="2671" rx="2165" ry="2749">
			<wd l="627" t="2673" r="869" b="2733" fs="10">treated</wd>
			<wd l="910" t="2692" r="976" b="2733" fs="10">as</wd>
			<wd l="1019" t="2692" r="1053" b="2732" fs="10">a</wd>
			<wd l="1093" t="2672" r="1356" b="2732" fs="10">distinct</wd>
			<wd l="1396" t="2691" r="1599" b="2749" fs="10">genus</wd>
			<wd l="1642" t="2691" r="1713" b="2732" fs="10">or</wd>
			<wd l="1753" t="2671" r="2059" b="2731" fs="10">included</wd>
			<wd l="2100" t="2671" r="2165" b="2730" fs="10">in</wd>
		</ln>
		<ln lx="631" ly="2763" rx="2163" ry="2843">
			<wd l="631" t="2765" r="1017" b="2843" fs="10">Caesalpinia</wd>
			<wd l="1062" t="2767" r="1127" b="2824" fs="10">L.</wd>
			<wd l="1166" t="2765" r="1216" b="2825" fs="10">is</wd>
			<wd l="1252" t="2784" r="1412" b="2842" fs="10">open</wd>
			<wd l="1445" t="2773" r="1507" b="2824" fs="10">to</wd>
			<wd l="1544" t="2764" r="1841" b="2842" fs="10">question.</wd>
			<wd l="1880" t="2763" r="2006" b="2824" fs="10">The</wd>
			<wd l="2040" t="2772" r="2163" b="2824" fs="10">two</wd>
		</ln>
		<ln lx="629" ly="2857" rx="2164" ry="2936">
			<wd l="629" t="2879" r="725" b="2919" fs="10">are</wd>
			<wd l="753" t="2858" r="1194" b="2936" fs="10">distinguished</wd>
			<wd l="1217" t="2858" r="1447" b="2935" fs="10">mainly</wd>
			<wd l="1471" t="2858" r="1553" b="2935" fs="10">by</wd>
			<wd l="1579" t="2857" r="1946" b="2918" fs="10">differences</wd>
			<wd l="1974" t="2857" r="2050" b="2917" fs="10">of</wd>
			<wd l="2064" t="2857" r="2164" b="2917" fs="10">the</wd>
		</ln>
		<ln lx="627" ly="2949" rx="2166" ry="3029">
			<wd l="627" t="2951" r="765" b="3029" fs="10">pod.</wd>
			<wd l="833" t="2951" r="1076" b="3029" fs="10">Species</wd>
			<wd l="1110" t="2950" r="1186" b="3011" fs="10">of</wd>
			<wd l="1215" t="2952" r="1623" b="3011" fs="10">Mezoneuron</wd>
			<wd l="1664" t="2950" r="1819" b="3010" fs="10">have</wd>
			<wd l="1852" t="2949" r="2008" b="3027" fs="10">pods</wd>
			<wd l="2042" t="2949" r="2166" b="3010" fs="10">that</wd>
		</ln>
		<ln lx="629" ly="3042" rx="2167" ry="3119">
			<wd l="629" t="3064" r="731" b="3104" fs="10">are</wd>
			<wd l="773" t="3044" r="1196" b="3115" fs="10">indehiscent,</wd>
			<wd l="1241" t="3043" r="1529" b="3119" fs="10">strongly</wd>
			<wd l="1571" t="3042" r="1902" b="3114" fs="10">flattened,</wd>
			<wd l="1944" t="3051" r="2056" b="3102" fs="10">not</wd>
			<wd l="2096" t="3061" r="2167" b="3102" fs="10">or</wd>
		</ln>
		<ln lx="630" ly="3134" rx="2165" ry="3212">
			<wd l="630" t="3135" r="897" b="3212" fs="10">scarcely</wd>
			<wd l="918" t="3135" r="1242" b="3195" fs="10">thickened</wd>
			<wd l="1263" t="3134" r="1410" b="3194" fs="10">with</wd>
			<wd l="1434" t="3154" r="1468" b="3194" fs="10">a</wd>
			<wd l="1488" t="3134" r="1648" b="3194" fs="10">wide</wd>
			<wd l="1671" t="3134" r="1837" b="3211" fs="10">wing</wd>
			<wd l="1861" t="3134" r="2043" b="3211" fs="10">along</wd>
			<wd l="2065" t="3134" r="2165" b="3193" fs="10">the</wd>
		</ln>
		<ln lx="629" ly="3226" rx="2176" ry="3303">
			<wd l="629" t="3228" r="846" b="3288" fs="10">dorsal</wd>
			<wd l="891" t="3236" r="1107" b="3288" fs="10">suture</wd>
			<wd l="1151" t="3228" r="1439" b="3303" fs="10">(Brenan</wd>
			<wd l="1489" t="3228" r="1709" b="3302" fs="10">1963).</wd>
			<wd l="1755" t="3229" r="2052" b="3287" fs="10">Because</wd>
			<wd l="2096" t="3226" r="2176" b="3286" fs="10">of</wd>
		</ln>
		<ln lx="630" ly="3319" rx="2164" ry="3380">
			<wd l="630" t="3320" r="1024" b="3380" fs="10">similarities</wd>
			<wd l="1066" t="3320" r="1131" b="3379" fs="10">in</wd>
			<wd l="1172" t="3320" r="1365" b="3380" fs="10">foliar</wd>
			<wd l="1405" t="3320" r="1528" b="3379" fs="10">and</wd>
			<wd l="1570" t="3319" r="1761" b="3379" fs="10">floral</wd>
			<wd l="1804" t="3319" r="2164" b="3379" fs="10">characters</wd>
		</ln>
		<ln lx="629" ly="3411" rx="2166" ry="3488">
			<wd l="629" t="3412" r="902" b="3473" fs="10">Hattink</wd>
			<wd l="945" t="3413" r="1185" b="3488" fs="10">(1974)</wd>
			<wd l="1228" t="3412" r="1480" b="3472" fs="10">treated</wd>
			<wd l="1532" t="3414" r="1983" b="3472" fs="10">Mezoneuron</wd>
			<wd l="2039" t="3411" r="2166" b="3471" fs="10">and</wd>
		</ln>
		<ln lx="632" ly="3503" rx="2168" ry="3582">
			<wd l="632" t="3505" r="1029" b="3582" fs="10">Caesalpinia</wd>
			<wd l="1064" t="3524" r="1128" b="3564" fs="10">as</wd>
			<wd l="1165" t="3504" r="1527" b="3581" fs="10">congeneric</wd>
			<wd l="1562" t="3504" r="1811" b="3580" fs="10">making</wd>
			<wd l="1846" t="3523" r="1881" b="3563" fs="10">a</wd>
			<wd l="1912" t="3503" r="2168" b="3563" fs="10">number</wd>
		</ln>
		<ln lx="630" ly="3595" rx="2165" ry="3671">
			<wd l="630" t="3597" r="706" b="3657" fs="10">of</wd>
			<wd l="715" t="3616" r="852" b="3656" fs="10">new</wd>
			<wd l="872" t="3596" r="1334" b="3656" fs="10">combinations.</wd>
			<wd l="1340" t="3596" r="1522" b="3656" fs="10">Vidal</wd>
			<wd l="1544" t="3597" r="1604" b="3655" fs="10"><![CDATA[&]]></wd>
			<wd l="1626" t="3595" r="1748" b="3655" fs="10">Hul</wd>
			<wd l="1770" t="3595" r="1924" b="3655" fs="10">Thol</wd>
			<wd l="1946" t="3596" r="2165" b="3671" fs="10">(1976)</wd>
		</ln>
		<ln lx="630" ly="3687" rx="2177" ry="3765">
			<wd l="630" t="3688" r="980" b="3749" fs="10">considered</wd>
			<wd l="1022" t="3690" r="1430" b="3748" fs="10">Mezoneuron</wd>
			<wd l="1475" t="3697" r="1537" b="3748" fs="10">to</wd>
			<wd l="1572" t="3687" r="1648" b="3748" fs="10">be</wd>
			<wd l="1685" t="3707" r="1720" b="3748" fs="10">a</wd>
			<wd l="1755" t="3687" r="2063" b="3765" fs="10">subgenus</wd>
			<wd l="2100" t="3687" r="2177" b="3747" fs="10">of</wd>
		</ln>
		<ln lx="632" ly="3780" rx="2165" ry="3859">
			<wd l="632" t="3782" r="1023" b="3859" fs="10">Caesalpinia</wd>
			<wd l="1040" t="3781" r="1145" b="3841" fs="10">but</wd>
			<wd l="1162" t="3781" r="1265" b="3841" fs="10">did</wd>
			<wd l="1281" t="3789" r="1386" b="3841" fs="10">not</wd>
			<wd l="1403" t="3781" r="1588" b="3841" fs="10">effect</wd>
			<wd l="1603" t="3780" r="1701" b="3840" fs="10">the</wd>
			<wd l="1719" t="3780" r="1986" b="3841" fs="10">transfer.</wd>
			<wd l="2023" t="3780" r="2165" b="3840" fs="10">This</wd>
		</ln>
		<ln lx="629" ly="3873" rx="2165" ry="3949">
			<wd l="629" t="3894" r="754" b="3934" fs="10">was</wd>
			<wd l="781" t="3874" r="887" b="3934" fs="10">left</wd>
			<wd l="908" t="3883" r="970" b="3934" fs="10">to</wd>
			<wd l="994" t="3874" r="1354" b="3934" fs="10">Herendeen</wd>
			<wd l="1377" t="3875" r="1437" b="3934" fs="10"><![CDATA[&]]></wd>
			<wd l="1461" t="3873" r="1756" b="3933" fs="10">Zarucchi</wd>
			<wd l="1781" t="3874" r="2000" b="3949" fs="10">(1990)</wd>
			<wd l="2024" t="3873" r="2165" b="3932" fs="10">who</wd>
		</ln>
		<ln lx="631" ly="3965" rx="2163" ry="4043">
			<wd l="631" t="3966" r="939" b="4043" fs="10">formally</wd>
			<wd l="980" t="3966" r="1229" b="4025" fs="10">treated</wd>
			<wd l="1272" t="3966" r="1319" b="4025" fs="10">it</wd>
			<wd l="1362" t="3985" r="1429" b="4025" fs="10">as</wd>
			<wd l="1487" t="3965" r="1920" b="4042" fs="10">Caesalpinia</wd>
			<wd l="1975" t="3965" r="2163" b="4042" fs="10">subg.</wd>
		</ln>
		<ln lx="629" ly="4058" rx="2164" ry="4134">
			<wd l="629" t="4061" r="1072" b="4119" fs="10">Mezoneuron</wd>
			<wd l="1126" t="4058" r="1382" b="4134" fs="10">(Desf.)</wd>
			<wd l="1427" t="4058" r="1626" b="4118" fs="10">Vidal</wd>
			<wd l="1672" t="4077" r="1751" b="4118" fs="10">ex</wd>
			<wd l="1795" t="4058" r="2061" b="4118" fs="10">Herend</wd>
			<wd l="2105" t="4059" r="2164" b="4117" fs="10"><![CDATA[&]]></wd>
		</ln>
		<ln lx="629" ly="4150" rx="2166" ry="4227">
			<wd l="629" t="4151" r="934" b="4211" fs="10">Zarucchi.</wd>
			<wd l="971" t="4151" r="1138" b="4227" fs="10">They</wd>
			<wd l="1154" t="4150" r="1508" b="4210" fs="10">transferred</wd>
			<wd l="1525" t="4159" r="1646" b="4210" fs="10">two</wd>
			<wd l="1665" t="4150" r="1915" b="4210" fs="10">African</wd>
			<wd l="1934" t="4150" r="2166" b="4227" fs="10">species</wd>
		</ln>
		<ln lx="632" ly="4242" rx="2168" ry="4319">
			<wd l="632" t="4243" r="780" b="4303" fs="10">from</wd>
			<wd l="822" t="4245" r="1227" b="4303" fs="10">Mezoneuron</wd>
			<wd l="1271" t="4251" r="1328" b="4302" fs="10">to</wd>
			<wd l="1372" t="4243" r="1790" b="4319" fs="10">Caesalpinia.</wd>
			<wd l="1828" t="4242" r="2168" b="4302" fs="10">Verdcourt</wd>
		</ln>
		<ln lx="631" ly="4334" rx="2168" ry="4409">
			<wd l="631" t="4336" r="874" b="4409" fs="10">(1979)</wd>
			<wd l="923" t="4335" r="1050" b="4394" fs="10">and</wd>
			<wd l="1097" t="4335" r="1282" b="4393" fs="10">Lock</wd>
			<wd l="1329" t="4336" r="1598" b="4408" fs="10">(1989),</wd>
			<wd l="1648" t="4335" r="1989" b="4404" fs="10">however,</wd>
			<wd l="2038" t="4334" r="2168" b="4393" fs="10">had</wd>
		</ln>
		<ln lx="630" ly="4424" rx="2169" ry="4501">
			<wd l="630" t="4425" r="1006" b="4485" fs="10">maintained</wd>
			<wd l="1041" t="4425" r="1142" b="4484" fs="10">the</wd>
			<wd l="1180" t="4444" r="1375" b="4501" fs="10">genus</wd>
			<wd l="1423" t="4427" r="1873" b="4484" fs="10">Mezoneuron.</wd>
			<wd l="1914" t="4424" r="2097" b="4483" fs="10">After</wd>
			<wd l="2134" t="4443" r="2169" b="4483" fs="10">a</wd>
		</ln>
		<ln lx="630" ly="4515" rx="2164" ry="4593">
			<wd l="630" t="4516" r="1057" b="4593" fs="10">phylogenetic</wd>
			<wd l="1095" t="4516" r="1271" b="4592" fs="10">study</wd>
			<wd l="1307" t="4516" r="1384" b="4575" fs="10">of</wd>
			<wd l="1422" t="4516" r="1818" b="4592" fs="10">Caesalpinia</wd>
			<wd l="1865" t="4535" r="2024" b="4575" fs="10">sens.</wd>
			<wd l="2066" t="4515" r="2164" b="4575" fs="10">lat.</wd>
		</ln>
		<ln lx="631" ly="4607" rx="2169" ry="4683">
			<wd l="631" t="4608" r="850" b="4667" fs="10">Lewis</wd>
			<wd l="898" t="4609" r="957" b="4667" fs="10"><![CDATA[&]]></wd>
			<wd l="1007" t="4608" r="1273" b="4667" fs="10">Schrire</wd>
			<wd l="1321" t="4608" r="1566" b="4682" fs="10">(1995)</wd>
			<wd l="1615" t="4607" r="1984" b="4683" fs="10">suggested</wd>
			<wd l="2028" t="4607" r="2169" b="4666" fs="10">that</wd>
		</ln>
		<ln lx="629" ly="4698" rx="2178" ry="4775">
			<wd l="629" t="4702" r="1043" b="4759" fs="10">Mezoneuron</wd>
			<wd l="1069" t="4699" r="1186" b="4758" fs="10">and</wd>
			<wd l="1210" t="4698" r="1380" b="4758" fs="10">other</wd>
			<wd l="1401" t="4698" r="1708" b="4775" fs="10">proposed</wd>
			<wd l="1733" t="4707" r="2075" b="4775" fs="10">segregates</wd>
			<wd l="2102" t="4698" r="2178" b="4758" fs="10">of</wd>
		</ln>
		<ln lx="634" ly="4789" rx="2168" ry="4867">
			<wd l="634" t="4791" r="1023" b="4867" fs="10">Caesalpinia</wd>
			<wd l="1060" t="4790" r="1254" b="4866" fs="10">might</wd>
			<wd l="1284" t="4790" r="1425" b="4849" fs="10">well</wd>
			<wd l="1457" t="4790" r="1534" b="4849" fs="10">be</wd>
			<wd l="1566" t="4790" r="1792" b="4849" fs="10">treated</wd>
			<wd l="1826" t="4809" r="1890" b="4849" fs="10">as</wd>
			<wd l="1925" t="4789" r="2168" b="4849" fs="10">distinct</wd>
		</ln>
		<ln lx="631" ly="4901" rx="867" ry="4959">
			<wd l="631" t="4901" r="867" b="4959" fs="10">genera.</wd>
		</ln>
	</region>
	<region article-doi="10.2307/41729923" region-id="6">
		<rc l="2304" t="2563" r="3855" b="4567"/>
		<ln lx="2499" ly="2568" rx="3846" ry="2647">
			<wd l="2499" t="2570" r="2906" b="2647" fs="10">Recognition</wd>
			<wd l="2941" t="2569" r="3018" b="2629" fs="10">of</wd>
			<wd l="3041" t="2569" r="3342" b="2646" fs="10">narrowly</wd>
			<wd l="3378" t="2568" r="3846" b="2629" fs="10">circumscribed</wd>
		</ln>
		<ln lx="2310" ly="2660" rx="3845" ry="2739">
			<wd l="2310" t="2681" r="2532" b="2739" fs="10">genera</wd>
			<wd l="2552" t="2661" r="2760" b="2721" fs="10">would</wd>
			<wd l="2782" t="2661" r="2858" b="2721" fs="10">be</wd>
			<wd l="2883" t="2661" r="2945" b="2720" fs="10">in</wd>
			<wd l="2967" t="2661" r="3231" b="2738" fs="10">keeping</wd>
			<wd l="3252" t="2660" r="3399" b="2720" fs="10">with</wd>
			<wd l="3421" t="2669" r="3624" b="2720" fs="10">recent</wd>
			<wd l="3644" t="2660" r="3845" b="2720" fs="10">trends</wd>
		</ln>
		<ln lx="2310" ly="2752" rx="3845" ry="2832">
			<wd l="2310" t="2754" r="2376" b="2814" fs="10">in</wd>
			<wd l="2421" t="2754" r="2682" b="2832" fs="10">legume</wd>
			<wd l="2728" t="2753" r="3149" b="2832" fs="10">systematics</wd>
			<wd l="3194" t="2753" r="3385" b="2830" fs="10">(with</wd>
			<wd l="3426" t="2753" r="3535" b="2813" fs="10">the</wd>
			<wd l="3579" t="2752" r="3845" b="2813" fs="10">curious</wd>
		</ln>
		<ln lx="2311" ly="2846" rx="3844" ry="2925">
			<wd l="2311" t="2847" r="2654" b="2925" fs="10">exception</wd>
			<wd l="2695" t="2847" r="2774" b="2907" fs="10">of</wd>
			<wd l="2802" t="2847" r="2906" b="2907" fs="10">the</wd>
			<wd l="2947" t="2846" r="3465" b="2922" fs="10">Bauhiniineae).</wd>
			<wd l="3508" t="2848" r="3844" b="2917" fs="10">However,</wd>
		</ln>
		<ln lx="2309" ly="2937" rx="3847" ry="3017">
			<wd l="2309" t="2948" r="2653" b="3000" fs="10">treatments</wd>
			<wd l="2674" t="2939" r="2751" b="3000" fs="10">of</wd>
			<wd l="2760" t="2939" r="3175" b="3017" fs="10">caesalpinoid</wd>
			<wd l="3193" t="2958" r="3415" b="3017" fs="10">genera</wd>
			<wd l="3433" t="2958" r="3530" b="2999" fs="10">are</wd>
			<wd l="3550" t="2937" r="3847" b="3016" fs="10">currently</wd>
		</ln>
		<ln lx="2309" ly="3031" rx="3848" ry="3110">
			<wd l="2309" t="3033" r="2493" b="3110" fs="10">being</wd>
			<wd l="2519" t="3033" r="2809" b="3110" fs="10">prepared</wd>
			<wd l="2838" t="3033" r="2932" b="3092" fs="10">for</wd>
			<wd l="2957" t="3033" r="3056" b="3092" fs="10">the</wd>
			<wd l="3086" t="3033" r="3276" b="3092" fs="10">Flora</wd>
			<wd l="3304" t="3032" r="3384" b="3109" fs="10">of</wd>
			<wd l="3387" t="3032" r="3699" b="3091" fs="10">Australia</wd>
			<wd l="3731" t="3031" r="3848" b="3091" fs="10">and</wd>
		</ln>
		<ln lx="2312" ly="3122" rx="3848" ry="3200">
			<wd l="2312" t="3125" r="2479" b="3184" fs="10">since</wd>
			<wd l="2501" t="3124" r="2600" b="3184" fs="10">the</wd>
			<wd l="2623" t="3124" r="2838" b="3184" fs="10">results</wd>
			<wd l="2863" t="3124" r="2939" b="3184" fs="10">of</wd>
			<wd l="2952" t="3124" r="3152" b="3184" fs="10">Lewis</wd>
			<wd l="3176" t="3125" r="3236" b="3184" fs="10"><![CDATA[&]]></wd>
			<wd l="3263" t="3123" r="3554" b="3183" fs="10">Schrire's</wd>
			<wd l="3578" t="3122" r="3848" b="3200" fs="10">ongoing</wd>
		</ln>
		<ln lx="2312" ly="3215" rx="3847" ry="3293">
			<wd l="2312" t="3216" r="2540" b="3277" fs="10">studies</wd>
			<wd l="2569" t="3236" r="2665" b="3277" fs="10">are</wd>
			<wd l="2692" t="3225" r="2798" b="3276" fs="10">not</wd>
			<wd l="2826" t="3216" r="3011" b="3293" fs="10">likely</wd>
			<wd l="3036" t="3224" r="3098" b="3276" fs="10">to</wd>
			<wd l="3125" t="3216" r="3202" b="3276" fs="10">be</wd>
			<wd l="3230" t="3215" r="3527" b="3276" fs="10">available</wd>
			<wd l="3556" t="3215" r="3651" b="3275" fs="10">for</wd>
			<wd l="3678" t="3234" r="3847" b="3275" fs="10">some</wd>
		</ln>
		<ln lx="2310" ly="3308" rx="3847" ry="3385">
			<wd l="2310" t="3310" r="2478" b="3381" fs="10">time,</wd>
			<wd l="2494" t="3312" r="2914" b="3369" fs="10">Mezoneuron</wd>
			<wd l="2930" t="3309" r="2981" b="3369" fs="10">is</wd>
			<wd l="2999" t="3308" r="3225" b="3369" fs="10">treated</wd>
			<wd l="3242" t="3308" r="3384" b="3368" fs="10">here</wd>
			<wd l="3404" t="3328" r="3468" b="3368" fs="10">as</wd>
			<wd l="3489" t="3328" r="3524" b="3368" fs="10">a</wd>
			<wd l="3543" t="3308" r="3847" b="3385" fs="10">subgenus</wd>
		</ln>
		<ln lx="2312" ly="3401" rx="2831" ry="3479">
			<wd l="2312" t="3401" r="2383" b="3462" fs="10">of</wd>
			<wd l="2415" t="3402" r="2831" b="3479" fs="10">Caesalpinia.</wd>
		</ln>
		<ln lx="2502" ly="3563" rx="3849" ry="3642">
			<wd l="2502" t="3565" r="2628" b="3624" fs="10">The</wd>
			<wd l="2653" t="3565" r="2959" b="3642" fs="10">subgenus</wd>
			<wd l="2983" t="3564" r="3045" b="3623" fs="10">in</wd>
			<wd l="3066" t="3564" r="3372" b="3624" fs="10">Australia</wd>
			<wd l="3393" t="3563" r="3444" b="3624" fs="10">is</wd>
			<wd l="3466" t="3563" r="3849" b="3641" fs="10">represented</wd>
		</ln>
		<ln lx="2310" ly="3655" rx="3849" ry="3734">
			<wd l="2310" t="3657" r="2392" b="3734" fs="10">by</wd>
			<wd l="2416" t="3657" r="2508" b="3717" fs="10">six</wd>
			<wd l="2533" t="3657" r="2788" b="3734" fs="10">species,</wd>
			<wd l="2811" t="3656" r="3044" b="3734" fs="10">though</wd>
			<wd l="3066" t="3656" r="3396" b="3717" fs="10">additional</wd>
			<wd l="3418" t="3655" r="3687" b="3716" fs="10">material</wd>
			<wd l="3709" t="3675" r="3849" b="3733" fs="10">may</wd>
		</ln>
		<ln lx="2313" ly="3749" rx="3848" ry="3827">
			<wd l="2313" t="3750" r="2569" b="3810" fs="10">indicate</wd>
			<wd l="2586" t="3750" r="2709" b="3810" fs="10">that</wd>
			<wd l="2724" t="3749" r="2822" b="3810" fs="10">the</wd>
			<wd l="2841" t="3749" r="3215" b="3827" fs="10">recognition</wd>
			<wd l="3233" t="3749" r="3310" b="3809" fs="10">of</wd>
			<wd l="3318" t="3749" r="3442" b="3809" fs="10">five</wd>
			<wd l="3462" t="3749" r="3712" b="3826" fs="10">species,</wd>
			<wd l="3733" t="3768" r="3848" b="3809" fs="10">one</wd>
		</ln>
		<ln lx="2313" ly="3841" rx="3845" ry="3920">
			<wd l="2313" t="3842" r="2649" b="3920" fs="10">consisting</wd>
			<wd l="2672" t="3842" r="2749" b="3902" fs="10">of</wd>
			<wd l="2759" t="3851" r="2882" b="3902" fs="10">two</wd>
			<wd l="2907" t="3841" r="3279" b="3919" fs="10">subspecies,</wd>
			<wd l="3305" t="3841" r="3356" b="3902" fs="10">is</wd>
			<wd l="3377" t="3861" r="3546" b="3902" fs="10">more</wd>
			<wd l="3567" t="3841" r="3845" b="3902" fs="10">realistic.</wd>
		</ln>
		<ln lx="2311" ly="3933" rx="3850" ry="4012">
			<wd l="2311" t="3935" r="2413" b="3994" fs="10">All</wd>
			<wd l="2431" t="3954" r="2527" b="3994" fs="10">are</wd>
			<wd l="2547" t="3934" r="2865" b="4012" fs="10">sprawling</wd>
			<wd l="2883" t="3934" r="3092" b="3994" fs="10">shrubs</wd>
			<wd l="3111" t="3953" r="3178" b="3994" fs="10">or</wd>
			<wd l="3192" t="3934" r="3421" b="4011" fs="10">prickly</wd>
			<wd l="3439" t="3934" r="3713" b="3994" fs="10">climbers</wd>
			<wd l="3729" t="3933" r="3850" b="3993" fs="10">that</wd>
		</ln>
		<ln lx="2313" ly="4026" rx="3846" ry="4104">
			<wd l="2313" t="4027" r="2482" b="4088" fs="10">often</wd>
			<wd l="2510" t="4027" r="2727" b="4087" fs="10">flower</wd>
			<wd l="2754" t="4027" r="2815" b="4086" fs="10">in</wd>
			<wd l="2841" t="4027" r="2940" b="4087" fs="10">the</wd>
			<wd l="2970" t="4046" r="3208" b="4104" fs="10">canopy</wd>
			<wd l="3236" t="4026" r="3313" b="4087" fs="10">of</wd>
			<wd l="3329" t="4026" r="3648" b="4087" fs="10">rainforest</wd>
			<wd l="3674" t="4035" r="3846" b="4086" fs="10">trees.</wd>
		</ln>
		<ln lx="2312" ly="4118" rx="3850" ry="4197">
			<wd l="2312" t="4120" r="2517" b="4180" fs="10">Fertile</wd>
			<wd l="2535" t="4119" r="2864" b="4197" fs="10">specimens</wd>
			<wd l="2882" t="4139" r="2977" b="4180" fs="10">are</wd>
			<wd l="2992" t="4119" r="3279" b="4180" fs="10">therefore</wd>
			<wd l="3297" t="4119" r="3551" b="4179" fs="10">difficult</wd>
			<wd l="3564" t="4127" r="3624" b="4179" fs="10">to</wd>
			<wd l="3642" t="4118" r="3850" b="4179" fs="10">collect</wd>
		</ln>
		<ln lx="2313" ly="4211" rx="3850" ry="4289">
			<wd l="2313" t="4212" r="2433" b="4272" fs="10">and</wd>
			<wd l="2471" t="4231" r="2645" b="4272" fs="10">some</wd>
			<wd l="2684" t="4212" r="2925" b="4289" fs="10">species</wd>
			<wd l="2964" t="4231" r="3063" b="4272" fs="10">are</wd>
			<wd l="3100" t="4211" r="3322" b="4289" fs="10">poorly</wd>
			<wd l="3358" t="4211" r="3751" b="4288" fs="10">represented</wd>
			<wd l="3788" t="4211" r="3850" b="4270" fs="10">in</wd>
		</ln>
		<ln lx="2312" ly="4303" rx="3848" ry="4364">
			<wd l="2312" t="4304" r="2606" b="4364" fs="10">herbaria.</wd>
			<wd l="2676" t="4304" r="3113" b="4363" fs="10">Nevertheless</wd>
			<wd l="3149" t="4304" r="3423" b="4363" fs="10">material</wd>
			<wd l="3460" t="4303" r="3761" b="4362" fs="10">available</wd>
			<wd l="3798" t="4303" r="3848" b="4362" fs="10">is</wd>
		</ln>
		<ln lx="2315" ly="4393" rx="3850" ry="4470">
			<wd l="2315" t="4394" r="2674" b="4454" fs="10">sufficient</wd>
			<wd l="2720" t="4394" r="2825" b="4453" fs="10">for</wd>
			<wd l="2870" t="4394" r="3292" b="4470" fs="10">description</wd>
			<wd l="3338" t="4394" r="3419" b="4453" fs="10">of</wd>
			<wd l="3453" t="4393" r="3850" b="4470" fs="10">previously</wd>
		</ln>
		<ln lx="2312" ly="4485" rx="3574" ry="4562">
			<wd l="2312" t="4485" r="2757" b="4562" fs="10">unrecognised</wd>
			<wd l="2786" t="4485" r="3021" b="4562" fs="10">species</wd>
			<wd l="3048" t="4493" r="3110" b="4544" fs="10">to</wd>
			<wd l="3138" t="4485" r="3214" b="4544" fs="10">be</wd>
			<wd l="3243" t="4485" r="3449" b="4544" fs="10">drawn</wd>
			<wd l="3475" t="4504" r="3574" b="4561" fs="10">up.</wd>
		</ln>
	</region>
	<region article-doi="10.2307/41729923" region-id="7">
		<rc l="629" t="5499" r="1547" b="5571"/>
		<ln lx="634" ly="5504" rx="1542" ry="5566">
			<wd l="634" t="5505" r="880" b="5566" fs="10">Accepted</wd>
			<wd l="901" t="5505" r="976" b="5552" fs="10">for</wd>
			<wd l="994" t="5504" r="1291" b="5565" fs="10">publication</wd>
			<wd l="1310" t="5520" r="1542" b="5551" fs="10">xxx-xxx</wd>
		</ln>
	</region>
</ocr-page>
