<?xml version="1.0" encoding="UTF-8"?>
<ocr-page type="coords" ocr-vers="1.0" creation-date="20130321" res="600" height="6300" width="4500">
	<region article-doi="10.2307/41729926" region-id="0">
		<rc l="646" t="734" r="3846" b="806"/>
		<ln lx="651" ly="739" rx="3841" ry="801">
			<wd l="651" t="741" r="668" b="788" fs="10">1</wd>
			<wd l="685" t="741" r="742" b="788" fs="10">14</wd>
			<wd l="2872" t="739" r="3249" b="801" fs="10">Austrobaileya</wd>
			<wd l="3268" t="740" r="3391" b="801" fs="10">5(1):</wd>
			<wd l="3420" t="741" r="3437" b="788" fs="10">1</wd>
			<wd l="3454" t="741" r="3572" b="788" fs="10">13-1</wd>
			<wd l="3589" t="741" r="3646" b="788" fs="10">19</wd>
			<wd l="3667" t="740" r="3841" b="800" fs="10">(1997)</wd>
		</ln>
	</region>
	<region article-doi="10.2307/41729926" region-id="1">
		<rc l="630" t="873" r="2187" b="5463"/>
		<ln lx="645" ly="878" rx="1646" ry="939">
			<wd l="645" t="879" r="800" b="938" fs="10">New</wd>
			<wd l="822" t="878" r="1332" b="938" fs="10">Naturalisation</wd>
			<wd l="1357" t="879" r="1646" b="939" fs="10">Records</wd>
		</ln>
		<ln lx="646" ly="1041" rx="1294" ry="1101">
			<wd l="646" t="1041" r="1294" b="1101" fs="10">CRASSULACEAE</wd>
		</ln>
		<ln lx="646" ly="1205" rx="1378" ry="1282">
			<wd l="646" t="1205" r="1193" b="1282" fs="10">Graptopetalum</wd>
			<wd l="1214" t="1206" r="1378" b="1265" fs="10">Rose</wd>
		</ln>
		<ln lx="645" ly="1366" rx="2182" ry="1445">
			<wd l="645" t="1366" r="789" b="1427" fs="10">This</wd>
			<wd l="817" t="1366" r="868" b="1427" fs="10">is</wd>
			<wd l="893" t="1366" r="993" b="1427" fs="10">the</wd>
			<wd l="1021" t="1366" r="1153" b="1427" fs="10">first</wd>
			<wd l="1176" t="1367" r="1390" b="1428" fs="10">record</wd>
			<wd l="1416" t="1367" r="1494" b="1427" fs="10">of</wd>
			<wd l="1508" t="1367" r="1608" b="1428" fs="10">the</wd>
			<wd l="1635" t="1387" r="1827" b="1445" fs="10">genus</wd>
			<wd l="1853" t="1367" r="2182" b="1445" fs="10">becoming</wd>
		</ln>
		<ln lx="643" ly="1458" rx="1025" ry="1519">
			<wd l="643" t="1458" r="1025" b="1519" fs="10">naturalised.</wd>
		</ln>
		<ln lx="648" ly="1624" rx="2177" ry="1701">
			<wd l="648" t="1624" r="702" b="1683" fs="10">1.</wd>
			<wd l="741" t="1624" r="1295" b="1700" fs="10">Graptopetalum</wd>
			<wd l="1331" t="1641" r="1829" b="1701" fs="10">paraguayense</wd>
			<wd l="1862" t="1624" r="2177" b="1700" fs="10">(N.E.Br.)</wd>
		</ln>
		<ln lx="833" ly="1714" rx="2177" ry="1793">
			<wd l="833" t="1714" r="1116" b="1787" fs="10">Walther,</wd>
			<wd l="1144" t="1716" r="1310" b="1776" fs="10">Cact.</wd>
			<wd l="1341" t="1716" r="1516" b="1776" fs="10">Succ.</wd>
			<wd l="1544" t="1717" r="1591" b="1776" fs="10">J.</wd>
			<wd l="1620" t="1715" r="1769" b="1792" fs="10">(Los</wd>
			<wd l="1793" t="1715" r="2093" b="1793" fs="10">Angeles)</wd>
			<wd l="2120" t="1717" r="2177" b="1776" fs="10">9:</wd>
		</ln>
		<ln lx="841" ly="1807" rx="1218" ry="1883">
			<wd l="841" t="1808" r="951" b="1867" fs="10">108</wd>
			<wd l="982" t="1807" r="1218" b="1883" fs="10">(1938).</wd>
		</ln>
		<ln lx="744" ly="1970" rx="2181" ry="2049">
			<wd l="744" t="1972" r="903" b="2031" fs="10">Two</wd>
			<wd l="994" t="1970" r="1393" b="2049" fs="10">subspecies</wd>
			<wd l="1484" t="1990" r="1592" b="2032" fs="10">are</wd>
			<wd l="1681" t="1971" r="1930" b="2032" fs="10">known</wd>
			<wd l="2017" t="1971" r="2181" b="2033" fs="10">with</wd>
		</ln>
		<ln lx="836" ly="2064" rx="2178" ry="2142">
			<wd l="836" t="2064" r="902" b="2124" fs="10">G.</wd>
			<wd l="935" t="2084" r="1420" b="2141" fs="10">paraguayense</wd>
			<wd l="1454" t="2064" r="1654" b="2142" fs="10">subsp.</wd>
			<wd l="1690" t="2085" r="2178" b="2142" fs="10">paraguayense</wd>
		</ln>
		<ln lx="830" ly="2155" rx="1305" ry="2217">
			<wd l="830" t="2155" r="1122" b="2217" fs="10">recorded</wd>
			<wd l="1145" t="2156" r="1305" b="2217" fs="10">here.</wd>
		</ln>
		<ln lx="639" ly="2319" rx="2172" ry="2381">
			<wd l="639" t="2319" r="914" b="2381" fs="10">Specimen</wd>
			<wd l="946" t="2320" r="1225" b="2368" fs="10">examined</wd>
			<wd l="1225" t="2335" r="1242" b="2368" fs="10">:</wd>
			<wd l="1273" t="2320" r="1637" b="2379" fs="10">Queensland.</wd>
			<wd l="1668" t="2321" r="1893" b="2369" fs="10">Morton</wd>
			<wd l="1923" t="2321" r="2172" b="2369" fs="10">District:</wd>
		</ln>
		<ln lx="641" ly="2395" rx="2179" ry="2458">
			<wd l="641" t="2395" r="857" b="2457" fs="10">Boyce's</wd>
			<wd l="872" t="2395" r="1056" b="2457" fs="10">Quarry</wd>
			<wd l="1070" t="2395" r="1268" b="2457" fs="10">project,</wd>
			<wd l="1284" t="2395" r="1572" b="2445" fs="10">Bundamba</wd>
			<wd l="1585" t="2395" r="1704" b="2445" fs="10">Tafe</wd>
			<wd l="1720" t="2395" r="1939" b="2458" fs="10">College,</wd>
			<wd l="1956" t="2395" r="2179" b="2458" fs="10">Ipswich,</wd>
		</ln>
		<ln lx="642" ly="2471" rx="2080" ry="2533">
			<wd l="642" t="2471" r="737" b="2519" fs="10">Oct</wd>
			<wd l="761" t="2471" r="900" b="2528" fs="10">1995,</wd>
			<wd l="919" t="2472" r="1120" b="2519" fs="10">Forster</wd>
			<wd l="1137" t="2472" r="1229" b="2519" fs="10">PIF</wd>
			<wd l="1240" t="2471" r="1413" b="2529" fs="10">17876,</wd>
			<wd l="1431" t="2471" r="1556" b="2519" fs="10">Bird</wd>
			<wd l="1570" t="2472" r="1618" b="2520" fs="10"><![CDATA[&]]></wd>
			<wd l="1635" t="2473" r="1765" b="2533" fs="10">Figg</wd>
			<wd l="1781" t="2472" r="1913" b="2532" fs="10">(AD,</wd>
			<wd l="1934" t="2472" r="2080" b="2532" fs="10">BRI).</wd>
		</ln>
		<ln lx="637" ly="2617" rx="2173" ry="2695">
			<wd l="637" t="2619" r="834" b="2677" fs="10">Notes</wd>
			<wd l="841" t="2636" r="855" b="2677" fs="10">:</wd>
			<wd l="884" t="2618" r="950" b="2677" fs="10">G.</wd>
			<wd l="967" t="2638" r="1445" b="2694" fs="10">paraguayense</wd>
			<wd l="1463" t="2617" r="1670" b="2695" fs="10">subsp.</wd>
			<wd l="1677" t="2639" r="2173" b="2695" fs="10">paraguayense,</wd>
		</ln>
		<ln lx="642" ly="2708" rx="2180" ry="2787">
			<wd l="642" t="2708" r="876" b="2786" fs="10">despite</wd>
			<wd l="911" t="2708" r="1011" b="2769" fs="10">the</wd>
			<wd l="1049" t="2709" r="1306" b="2787" fs="10">specific</wd>
			<wd l="1342" t="2709" r="1588" b="2787" fs="10">epithet,</wd>
			<wd l="1626" t="2709" r="1678" b="2770" fs="10">is</wd>
			<wd l="1713" t="2709" r="1972" b="2787" fs="10">thought</wd>
			<wd l="2004" t="2718" r="2068" b="2770" fs="10">to</wd>
			<wd l="2102" t="2709" r="2180" b="2770" fs="10">be</wd>
		</ln>
		<ln lx="639" ly="2800" rx="2182" ry="2862">
			<wd l="639" t="2800" r="839" b="2861" fs="10">native</wd>
			<wd l="855" t="2808" r="917" b="2861" fs="10">to</wd>
			<wd l="936" t="2800" r="1185" b="2862" fs="10">Mexico</wd>
			<wd l="1202" t="2800" r="1308" b="2862" fs="10">but</wd>
			<wd l="1323" t="2801" r="1432" b="2862" fs="10">has</wd>
			<wd l="1449" t="2820" r="1634" b="2862" fs="10">never</wd>
			<wd l="1649" t="2801" r="1805" b="2862" fs="10">been</wd>
			<wd l="1820" t="2801" r="2182" b="2862" fs="10">recollected</wd>
		</ln>
		<ln lx="642" ly="2893" rx="2177" ry="2972">
			<wd l="642" t="2893" r="816" b="2954" fs="10">from</wd>
			<wd l="876" t="2913" r="912" b="2954" fs="10">a</wd>
			<wd l="969" t="2894" r="1217" b="2955" fs="10">known</wd>
			<wd l="1275" t="2894" r="1439" b="2955" fs="10">wild</wd>
			<wd l="1499" t="2894" r="1783" b="2972" fs="10">locality</wd>
			<wd l="1844" t="2894" r="2032" b="2956" fs="10">since</wd>
			<wd l="2093" t="2895" r="2177" b="2956" fs="10">its</wd>
		</ln>
		<ln lx="641" ly="2986" rx="2181" ry="3049">
			<wd l="641" t="2986" r="1057" b="3048" fs="10">introduction</wd>
			<wd l="1091" t="2994" r="1155" b="3048" fs="10">to</wd>
			<wd l="1191" t="2986" r="1589" b="3048" fs="10">horticulture</wd>
			<wd l="1626" t="2987" r="1691" b="3048" fs="10">in</wd>
			<wd l="1724" t="2986" r="1827" b="3048" fs="10">the</wd>
			<wd l="1871" t="2988" r="2083" b="3049" fs="10">1800s.</wd>
			<wd l="2122" t="2988" r="2181" b="3048" fs="10">A</wd>
		</ln>
		<ln lx="642" ly="3078" rx="2172" ry="3157">
			<wd l="642" t="3078" r="874" b="3139" fs="10">second</wd>
			<wd l="910" t="3078" r="1286" b="3156" fs="10">subspecies,</wd>
			<wd l="1335" t="3080" r="1402" b="3140" fs="10">G.</wd>
			<wd l="1437" t="3100" r="1927" b="3157" fs="10">paraguayense</wd>
			<wd l="1963" t="3079" r="2172" b="3157" fs="10">subsp.</wd>
		</ln>
		<ln lx="641" ly="3170" rx="2176" ry="3232">
			<wd l="641" t="3170" r="1045" b="3231" fs="10">bernalense</wd>
			<wd l="1086" t="3171" r="1308" b="3231" fs="10">Kimn.</wd>
			<wd l="1355" t="3172" r="1416" b="3232" fs="10"><![CDATA[&]]></wd>
			<wd l="1460" t="3173" r="1700" b="3232" fs="10">Moran</wd>
			<wd l="1743" t="3171" r="1799" b="3232" fs="10">is</wd>
			<wd l="1842" t="3171" r="2066" b="3232" fs="10">native</wd>
			<wd l="2108" t="3180" r="2176" b="3232" fs="10">to</wd>
		</ln>
		<ln lx="641" ly="3262" rx="2181" ry="3341">
			<wd l="641" t="3262" r="1082" b="3341" fs="10">Tamaulipas,</wd>
			<wd l="1126" t="3263" r="1396" b="3324" fs="10">Mexico</wd>
			<wd l="1440" t="3263" r="1799" b="3340" fs="10">(Kimnach</wd>
			<wd l="1840" t="3265" r="1900" b="3324" fs="10"><![CDATA[&]]></wd>
			<wd l="1943" t="3265" r="2181" b="3324" fs="10">Moran</wd>
		</ln>
		<ln lx="649" ly="3355" rx="2181" ry="3434">
			<wd l="649" t="3355" r="858" b="3432" fs="10">1986).</wd>
			<wd l="899" t="3355" r="1048" b="3415" fs="10">This</wd>
			<wd l="1088" t="3355" r="1333" b="3433" fs="10">species</wd>
			<wd l="1370" t="3364" r="1744" b="3434" fs="10">propagates</wd>
			<wd l="1784" t="3355" r="1948" b="3416" fs="10">from</wd>
			<wd l="1986" t="3355" r="2181" b="3417" fs="10">fallen</wd>
		</ln>
		<ln lx="642" ly="3448" rx="2180" ry="3509">
			<wd l="642" t="3448" r="858" b="3508" fs="10">leaves</wd>
			<wd l="899" t="3467" r="970" b="3508" fs="10">or</wd>
			<wd l="1009" t="3456" r="1169" b="3508" fs="10">stem</wd>
			<wd l="1210" t="3448" r="1492" b="3509" fs="10">sections</wd>
			<wd l="1533" t="3448" r="1657" b="3509" fs="10">and</wd>
			<wd l="1696" t="3448" r="1750" b="3509" fs="10">is</wd>
			<wd l="1792" t="3468" r="1827" b="3509" fs="10">a</wd>
			<wd l="1866" t="3448" r="2180" b="3509" fs="10">localised</wd>
		</ln>
		<ln lx="641" ly="3539" rx="1665" ry="3617">
			<wd l="641" t="3539" r="962" b="3600" fs="10">adventive</wd>
			<wd l="987" t="3547" r="1045" b="3600" fs="10">at</wd>
			<wd l="1066" t="3539" r="1167" b="3600" fs="10">the</wd>
			<wd l="1191" t="3540" r="1376" b="3617" fs="10">given</wd>
			<wd l="1400" t="3540" r="1665" b="3617" fs="10">locality.</wd>
		</ln>
		<ln lx="640" ly="3702" rx="1268" ry="3764">
			<wd l="640" t="3705" r="1018" b="3763" fs="10">Kalanchoe</wd>
			<wd l="1039" t="3702" r="1268" b="3764" fs="10">Adans.</wd>
		</ln>
		<ln lx="640" ly="3866" rx="2179" ry="3946">
			<wd l="640" t="3866" r="784" b="3928" fs="10">This</wd>
			<wd l="810" t="3866" r="861" b="3928" fs="10">is</wd>
			<wd l="884" t="3866" r="984" b="3928" fs="10">the</wd>
			<wd l="1010" t="3866" r="1142" b="3928" fs="10">first</wd>
			<wd l="1163" t="3866" r="1377" b="3928" fs="10">record</wd>
			<wd l="1401" t="3867" r="1479" b="3928" fs="10">of</wd>
			<wd l="1491" t="3866" r="1609" b="3928" fs="10">this</wd>
			<wd l="1634" t="3886" r="1827" b="3946" fs="10">genus</wd>
			<wd l="1850" t="3866" r="2179" b="3946" fs="10">becoming</wd>
		</ln>
		<ln lx="638" ly="3959" rx="1021" ry="4020">
			<wd l="638" t="3959" r="1021" b="4020" fs="10">naturalised.</wd>
		</ln>
		<ln lx="640" ly="4120" rx="2172" ry="4198">
			<wd l="640" t="4122" r="698" b="4181" fs="10">2.</wd>
			<wd l="742" t="4122" r="1143" b="4181" fs="10">Kalanchoe</wd>
			<wd l="1183" t="4122" r="1486" b="4181" fs="10">lateritia</wd>
			<wd l="1525" t="4121" r="1735" b="4198" fs="10">Engl.,</wd>
			<wd l="1777" t="4120" r="2172" b="4181" fs="10">Pflanzenw.</wd>
		</ln>
		<ln lx="829" ly="4212" rx="1614" ry="4288">
			<wd l="829" t="4213" r="967" b="4273" fs="10">Ost-</wd>
			<wd l="971" t="4212" r="1103" b="4272" fs="10">Air.</wd>
			<wd l="1131" t="4214" r="1200" b="4272" fs="10">C.</wd>
			<wd l="1237" t="4213" r="1614" b="4288" fs="10">189(1895).</wd>
		</ln>
		<ln lx="640" ly="4374" rx="2178" ry="4452">
			<wd l="640" t="4374" r="852" b="4434" fs="10">Three</wd>
			<wd l="913" t="4374" r="1235" b="4434" fs="10">varieties</wd>
			<wd l="1299" t="4393" r="1407" b="4434" fs="10">are</wd>
			<wd l="1468" t="4374" r="1879" b="4452" fs="10">recognised</wd>
			<wd l="1939" t="4374" r="2178" b="4434" fs="10">within</wd>
		</ln>
		<ln lx="636" ly="4465" rx="2178" ry="4541">
			<wd l="636" t="4467" r="705" b="4525" fs="10">K.</wd>
			<wd l="738" t="4465" r="1005" b="4525" fs="10">lateritia</wd>
			<wd l="1027" t="4465" r="1277" b="4541" fs="10">(Raadts</wd>
			<wd l="1310" t="4466" r="1487" b="4537" fs="10">1977;</wd>
			<wd l="1514" t="4465" r="1802" b="4526" fs="10">Wickens</wd>
			<wd l="1829" t="4465" r="2013" b="4541" fs="10">1987)</wd>
			<wd l="2031" t="4465" r="2178" b="4525" fs="10">with</wd>
		</ln>
		<ln lx="636" ly="4556" rx="1939" ry="4617">
			<wd l="636" t="4558" r="705" b="4616" fs="10">K.</wd>
			<wd l="739" t="4556" r="1005" b="4617" fs="10">lateritia</wd>
			<wd l="1025" t="4575" r="1147" b="4617" fs="10">var.</wd>
			<wd l="1175" t="4556" r="1443" b="4617" fs="10">lateritia</wd>
			<wd l="1463" t="4556" r="1757" b="4617" fs="10">recorded</wd>
			<wd l="1779" t="4556" r="1939" b="4617" fs="10">here.</wd>
		</ln>
		<ln lx="637" ly="4720" rx="2170" ry="4782">
			<wd l="637" t="4720" r="911" b="4782" fs="10">Specimen</wd>
			<wd l="942" t="4720" r="1220" b="4768" fs="10">examined</wd>
			<wd l="1220" t="4735" r="1232" b="4768" fs="10">:</wd>
			<wd l="1267" t="4720" r="1624" b="4779" fs="10">Queensland.</wd>
			<wd l="1659" t="4721" r="1894" b="4768" fs="10">Burnett</wd>
			<wd l="1922" t="4721" r="2170" b="4768" fs="10">District:</wd>
		</ln>
		<ln lx="636" ly="4794" rx="2177" ry="4853">
			<wd l="636" t="4796" r="855" b="4843" fs="10">Neurum</wd>
			<wd l="877" t="4794" r="1048" b="4852" fs="10">Creek,</wd>
			<wd l="1072" t="4810" r="1112" b="4843" fs="10">c.</wd>
			<wd l="1137" t="4795" r="1194" b="4842" fs="10">21</wd>
			<wd l="1222" t="4794" r="1305" b="4843" fs="10">km</wd>
			<wd l="1328" t="4795" r="1425" b="4843" fs="10">SW</wd>
			<wd l="1446" t="4794" r="1508" b="4843" fs="10">of</wd>
			<wd l="1521" t="4794" r="1619" b="4843" fs="10">Gin</wd>
			<wd l="1641" t="4794" r="1754" b="4853" fs="10">Gin,</wd>
			<wd l="1777" t="4795" r="1867" b="4843" fs="10">25°</wd>
			<wd l="1891" t="4795" r="1954" b="4842" fs="10">07</wd>
			<wd l="1962" t="4795" r="2030" b="4852" fs="10">'S,</wd>
			<wd l="2059" t="4795" r="2177" b="4842" fs="10">151°</wd>
		</ln>
		<ln lx="639" ly="4869" rx="2102" ry="4931">
			<wd l="639" t="4870" r="782" b="4927" fs="10">48'E,</wd>
			<wd l="802" t="4871" r="922" b="4931" fs="10">May</wd>
			<wd l="948" t="4870" r="1088" b="4927" fs="10">1995,</wd>
			<wd l="1105" t="4869" r="1363" b="4931" fs="10">Sparshott</wd>
			<wd l="1377" t="4870" r="1621" b="4918" fs="10">KMS556</wd>
			<wd l="1641" t="4870" r="1689" b="4918" fs="10"><![CDATA[&]]></wd>
			<wd l="1705" t="4869" r="1917" b="4918" fs="10">Höhnen</wd>
			<wd l="1935" t="4870" r="2102" b="4930" fs="10">(BRI).</wd>
		</ln>
		<ln lx="635" ly="5015" rx="2178" ry="5093">
			<wd l="635" t="5017" r="854" b="5076" fs="10">Notes:</wd>
			<wd l="877" t="5017" r="945" b="5076" fs="10">K.</wd>
			<wd l="975" t="5015" r="1241" b="5076" fs="10">lateritia</wd>
			<wd l="1261" t="5015" r="1312" b="5075" fs="10">is</wd>
			<wd l="1334" t="5015" r="1699" b="5093" fs="10">indigenous</wd>
			<wd l="1719" t="5023" r="1782" b="5076" fs="10">to</wd>
			<wd l="1803" t="5017" r="1946" b="5075" fs="10">East</wd>
			<wd l="1964" t="5015" r="2178" b="5075" fs="10">Africa</wd>
		</ln>
		<ln lx="638" ly="5106" rx="2181" ry="5184">
			<wd l="638" t="5107" r="852" b="5167" fs="10">where</wd>
			<wd l="893" t="5106" r="940" b="5167" fs="10">it</wd>
			<wd l="979" t="5106" r="1033" b="5167" fs="10">is</wd>
			<wd l="1074" t="5106" r="1279" b="5167" fs="10">found</wd>
			<wd l="1318" t="5106" r="1384" b="5166" fs="10">in</wd>
			<wd l="1422" t="5108" r="1653" b="5184" fs="10">Kenya</wd>
			<wd l="1691" t="5106" r="1816" b="5167" fs="10">and</wd>
			<wd l="1855" t="5106" r="2181" b="5167" fs="10">Tanzania</wd>
		</ln>
		<ln lx="639" ly="5198" rx="2174" ry="5275">
			<wd l="639" t="5198" r="900" b="5275" fs="10">(Raadts</wd>
			<wd l="947" t="5200" r="1130" b="5271" fs="10">1977;</wd>
			<wd l="1170" t="5198" r="1470" b="5259" fs="10">Wickens</wd>
			<wd l="1516" t="5199" r="1727" b="5275" fs="10">1987).</wd>
			<wd l="1772" t="5200" r="1843" b="5258" fs="10">K.</wd>
			<wd l="1891" t="5198" r="2174" b="5258" fs="10">lateritia</wd>
		</ln>
		<ln lx="637" ly="5289" rx="2178" ry="5367">
			<wd l="637" t="5310" r="760" b="5351" fs="10">var.</wd>
			<wd l="812" t="5290" r="1102" b="5350" fs="10">lateritia</wd>
			<wd l="1142" t="5289" r="1196" b="5350" fs="10">is</wd>
			<wd l="1238" t="5289" r="1678" b="5367" fs="10">infrequently</wd>
			<wd l="1718" t="5290" r="2073" b="5350" fs="10">cultivated</wd>
			<wd l="2112" t="5290" r="2178" b="5349" fs="10">in</wd>
		</ln>
		<ln lx="639" ly="5381" rx="2180" ry="5458">
			<wd l="639" t="5381" r="1063" b="5455" fs="10">Queensland</wd>
			<wd l="1103" t="5381" r="1380" b="5457" fs="10">gardens</wd>
			<wd l="1423" t="5381" r="1549" b="5441" fs="10">and</wd>
			<wd l="1588" t="5389" r="1980" b="5458" fs="10">propagates</wd>
			<wd l="2021" t="5381" r="2180" b="5441" fs="10">both</wd>
		</ln>
	</region>
	<region article-doi="10.2307/41729926" region-id="2">
		<rc l="2309" t="852" r="3865" b="5468"/>
		<ln lx="2320" ly="857" rx="3853" ry="936">
			<wd l="2320" t="857" r="2730" b="936" fs="10">vegetatively</wd>
			<wd l="2760" t="858" r="2879" b="919" fs="10">and</wd>
			<wd l="2910" t="858" r="3070" b="919" fs="10">from</wd>
			<wd l="3101" t="858" r="3296" b="919" fs="10">seeds.</wd>
			<wd l="3331" t="860" r="3380" b="919" fs="10">It</wd>
			<wd l="3410" t="858" r="3462" b="919" fs="10">is</wd>
			<wd l="3494" t="878" r="3529" b="919" fs="10">a</wd>
			<wd l="3559" t="858" r="3853" b="919" fs="10">localised</wd>
		</ln>
		<ln lx="2322" ly="950" rx="3350" ry="1028">
			<wd l="2322" t="950" r="2645" b="1011" fs="10">adventive</wd>
			<wd l="2671" t="959" r="2729" b="1011" fs="10">at</wd>
			<wd l="2750" t="950" r="2851" b="1011" fs="10">the</wd>
			<wd l="2875" t="950" r="3061" b="1028" fs="10">given</wd>
			<wd l="3085" t="950" r="3350" b="1028" fs="10">locality.</wd>
		</ln>
		<ln lx="2511" ly="1114" rx="3845" ry="1193">
			<wd l="2511" t="1114" r="2938" b="1175" fs="10">Delimitation</wd>
			<wd l="2961" t="1114" r="3039" b="1175" fs="10">of</wd>
			<wd l="3048" t="1114" r="3150" b="1175" fs="10">the</wd>
			<wd l="3173" t="1134" r="3399" b="1192" fs="10">genera</wd>
			<wd l="3410" t="1114" r="3845" b="1193" fs="10">Bryophyllum</wd>
		</ln>
		<ln lx="2322" ly="1206" rx="3849" ry="1284">
			<wd l="2322" t="1206" r="2436" b="1267" fs="10">and</wd>
			<wd l="2475" t="1207" r="2849" b="1267" fs="10">Kalanchoe</wd>
			<wd l="2882" t="1207" r="2994" b="1267" fs="10">has</wd>
			<wd l="3031" t="1207" r="3192" b="1267" fs="10">been</wd>
			<wd l="3229" t="1207" r="3494" b="1268" fs="10">debated</wd>
			<wd l="3530" t="1207" r="3628" b="1267" fs="10">for</wd>
			<wd l="3662" t="1226" r="3849" b="1284" fs="10">many</wd>
		</ln>
		<ln lx="2319" ly="1299" rx="3847" ry="1376">
			<wd l="2319" t="1318" r="2513" b="1376" fs="10">years</wd>
			<wd l="2558" t="1300" r="2854" b="1375" fs="10">(Forster</wd>
			<wd l="2905" t="1299" r="3108" b="1376" fs="10">1985)</wd>
			<wd l="3153" t="1299" r="3281" b="1360" fs="10">and</wd>
			<wd l="3325" t="1319" r="3510" b="1360" fs="10">some</wd>
			<wd l="3552" t="1299" r="3847" b="1360" fs="10">workers</wd>
		</ln>
		<ln lx="2319" ly="1390" rx="3847" ry="1469">
			<wd l="2319" t="1390" r="2523" b="1468" fs="10">prefer</wd>
			<wd l="2551" t="1410" r="2587" b="1451" fs="10">a</wd>
			<wd l="2616" t="1391" r="2832" b="1469" fs="10">single,</wd>
			<wd l="2863" t="1391" r="3121" b="1468" fs="10">broadly</wd>
			<wd l="3151" t="1391" r="3626" b="1452" fs="10">circumscribed</wd>
			<wd l="3654" t="1410" r="3847" b="1469" fs="10">genus</wd>
		</ln>
		<ln lx="2322" ly="1483" rx="3851" ry="1561">
			<wd l="2322" t="1483" r="2540" b="1559" fs="10">(Rauh</wd>
			<wd l="2590" t="1484" r="2783" b="1556" fs="10">1995;</wd>
			<wd l="2827" t="1483" r="3111" b="1544" fs="10">Boiteau</wd>
			<wd l="3151" t="1485" r="3211" b="1544" fs="10"><![CDATA[&]]></wd>
			<wd l="3253" t="1483" r="3851" b="1561" fs="10">Allorge-Boiteau</wd>
		</ln>
		<ln lx="2330" ly="1575" rx="3849" ry="1653">
			<wd l="2330" t="1575" r="2535" b="1652" fs="10">1996).</wd>
			<wd l="2569" t="1575" r="2697" b="1636" fs="10">The</wd>
			<wd l="2728" t="1595" r="2869" b="1636" fs="10">case</wd>
			<wd l="2901" t="1575" r="2998" b="1636" fs="10">for</wd>
			<wd l="3025" t="1575" r="3176" b="1636" fs="10">both</wd>
			<wd l="3203" t="1584" r="3266" b="1636" fs="10">to</wd>
			<wd l="3296" t="1575" r="3374" b="1636" fs="10">be</wd>
			<wd l="3402" t="1575" r="3769" b="1653" fs="10">recognised</wd>
			<wd l="3798" t="1575" r="3849" b="1636" fs="10">is</wd>
		</ln>
		<ln lx="2323" ly="1667" rx="3849" ry="1745">
			<wd l="2323" t="1675" r="2557" b="1745" fs="10">strong</wd>
			<wd l="2604" t="1667" r="3256" b="1744" fs="10">(Lauzac-Marchal</wd>
			<wd l="3311" t="1668" r="3518" b="1745" fs="10">1974)</wd>
			<wd l="3565" t="1667" r="3695" b="1728" fs="10">and</wd>
			<wd l="3738" t="1667" r="3849" b="1728" fs="10">the</wd>
		</ln>
		<ln lx="2321" ly="1760" rx="3850" ry="1837">
			<wd l="2321" t="1760" r="2578" b="1837" fs="10">generic</wd>
			<wd l="2616" t="1768" r="2982" b="1821" fs="10">treatments</wd>
			<wd l="3023" t="1760" r="3103" b="1821" fs="10">of</wd>
			<wd l="3131" t="1760" r="3417" b="1821" fs="10">Toelken</wd>
			<wd l="3455" t="1761" r="3686" b="1837" fs="10">(1985)</wd>
			<wd l="3727" t="1760" r="3850" b="1821" fs="10">and</wd>
		</ln>
		<ln lx="2321" ly="1852" rx="3860" ry="1931">
			<wd l="2321" t="1852" r="2613" b="1913" fs="10">Wickens</wd>
			<wd l="2645" t="1852" r="2867" b="1929" fs="10">(1987)</wd>
			<wd l="2898" t="1871" r="2998" b="1913" fs="10">are</wd>
			<wd l="3029" t="1852" r="3360" b="1931" fs="10">supported</wd>
			<wd l="3387" t="1852" r="3614" b="1914" fs="10">herein.</wd>
			<wd l="3646" t="1852" r="3751" b="1913" fs="10">All</wd>
			<wd l="3782" t="1852" r="3860" b="1914" fs="10">of</wd>
		</ln>
		<ln lx="2319" ly="1944" rx="3849" ry="2023">
			<wd l="2319" t="1944" r="2424" b="2005" fs="10">the</wd>
			<wd l="2462" t="1953" r="2610" b="2006" fs="10">taxa</wd>
			<wd l="2648" t="1944" r="2908" b="2023" fs="10">lumped</wd>
			<wd l="2944" t="1945" r="3146" b="2006" fs="10">under</wd>
			<wd l="3181" t="1945" r="3287" b="2006" fs="10">the</wd>
			<wd l="3325" t="1964" r="3628" b="2006" fs="10">common</wd>
			<wd l="3664" t="1964" r="3849" b="2006" fs="10">name</wd>
		</ln>
		<ln lx="2321" ly="2037" rx="3849" ry="2116">
			<wd l="2321" t="2037" r="2404" b="2098" fs="10">of</wd>
			<wd l="2447" t="2037" r="2750" b="2098" fs="10">'Mother</wd>
			<wd l="2798" t="2038" r="2881" b="2098" fs="10">of</wd>
			<wd l="2918" t="2038" r="3267" b="2099" fs="10">Millions'</wd>
			<wd l="3320" t="2038" r="3575" b="2116" fs="10">belong</wd>
			<wd l="3621" t="2047" r="3690" b="2099" fs="10">to</wd>
			<wd l="3738" t="2038" r="3849" b="2099" fs="10">the</wd>
		</ln>
		<ln lx="2321" ly="2130" rx="3847" ry="2209">
			<wd l="2321" t="2149" r="2490" b="2208" fs="10">genus</wd>
			<wd l="2623" t="2130" r="3112" b="2209" fs="10">Bryophyllum</wd>
			<wd l="3205" t="2130" r="3288" b="2191" fs="10">of</wd>
			<wd l="3367" t="2130" r="3594" b="2192" fs="10">which</wd>
			<wd l="3685" t="2130" r="3847" b="2209" fs="10">only</wd>
		</ln>
		<ln lx="2317" ly="2222" rx="3848" ry="2300">
			<wd l="2317" t="2224" r="2381" b="2282" fs="10">B.</wd>
			<wd l="2416" t="2222" r="3015" b="2299" fs="10">daigremontianum</wd>
			<wd l="3043" t="2223" r="3544" b="2300" fs="10">(Raym.-Hamet</wd>
			<wd l="3571" t="2224" r="3631" b="2283" fs="10"><![CDATA[&]]></wd>
			<wd l="3659" t="2223" r="3848" b="2299" fs="10">Perr.)</wd>
		</ln>
		<ln lx="2320" ly="2314" rx="3849" ry="2392">
			<wd l="2320" t="2316" r="2570" b="2391" fs="10">Berger,</wd>
			<wd l="2585" t="2316" r="2650" b="2374" fs="10">B.</wd>
			<wd l="2678" t="2314" r="3059" b="2392" fs="10">delagoense</wd>
			<wd l="3077" t="2314" r="3275" b="2391" fs="10">(Eckl.</wd>
			<wd l="3299" t="2316" r="3359" b="2375" fs="10"><![CDATA[&]]></wd>
			<wd l="3379" t="2315" r="3600" b="2392" fs="10">Zeyh.)</wd>
			<wd l="3623" t="2315" r="3849" b="2375" fs="10">Schinz</wd>
		</ln>
		<ln lx="2321" ly="2406" rx="3846" ry="2485">
			<wd l="2321" t="2406" r="2477" b="2484" fs="10">(syn.</wd>
			<wd l="2511" t="2408" r="2576" b="2467" fs="10">B.</wd>
			<wd l="2616" t="2406" r="2968" b="2485" fs="10">tubiflorum</wd>
			<wd l="2999" t="2407" r="3234" b="2484" fs="10">Harv.),</wd>
			<wd l="3268" t="2426" r="3303" b="2468" fs="10">a</wd>
			<wd l="3329" t="2407" r="3550" b="2485" fs="10">hybrid</wd>
			<wd l="3580" t="2407" r="3658" b="2468" fs="10">of</wd>
			<wd l="3675" t="2407" r="3846" b="2468" fs="10">these</wd>
		</ln>
		<ln lx="2321" ly="2498" rx="3847" ry="2576">
			<wd l="2321" t="2498" r="2453" b="2558" fs="10">first</wd>
			<wd l="2468" t="2506" r="2591" b="2559" fs="10">two</wd>
			<wd l="2612" t="2498" r="2867" b="2576" fs="10">species,</wd>
			<wd l="2888" t="2499" r="3076" b="2559" fs="10">and#</wd>
			<wd l="3091" t="2504" r="3410" b="2576" fs="10">pinnatum</wd>
			<wd l="3429" t="2500" r="3651" b="2575" fs="10">(Lam.)</wd>
			<wd l="3670" t="2499" r="3847" b="2559" fs="10">Oken</wd>
		</ln>
		<ln lx="2322" ly="2590" rx="3851" ry="2653">
			<wd l="2322" t="2590" r="2546" b="2652" fs="10">should</wd>
			<wd l="2579" t="2590" r="2657" b="2652" fs="10">be</wd>
			<wd l="2694" t="2591" r="3062" b="2652" fs="10">considered</wd>
			<wd l="3098" t="2611" r="3163" b="2652" fs="10">as</wd>
			<wd l="3202" t="2591" r="3438" b="2652" fs="10">serious</wd>
			<wd l="3476" t="2591" r="3851" b="2653" fs="10">established</wd>
		</ln>
		<ln lx="2319" ly="2683" rx="3845" ry="2761">
			<wd l="2319" t="2683" r="2556" b="2743" fs="10">weeds.</wd>
			<wd l="2599" t="2683" r="2797" b="2744" fs="10">Other</wd>
			<wd l="2836" t="2683" r="3087" b="2761" fs="10">species</wd>
			<wd l="3127" t="2683" r="3207" b="2744" fs="10">of</wd>
			<wd l="3241" t="2684" r="3700" b="2761" fs="10">Bryophyllum</wd>
			<wd l="3741" t="2703" r="3845" b="2744" fs="10">are</wd>
		</ln>
		<ln lx="2319" ly="2774" rx="3850" ry="2853">
			<wd l="2319" t="2774" r="2633" b="2852" fs="10">generally</wd>
			<wd l="2655" t="2774" r="3092" b="2836" fs="10">non-invasive</wd>
			<wd l="3117" t="2775" r="3347" b="2853" fs="10">garden</wd>
			<wd l="3371" t="2794" r="3440" b="2836" fs="10">or</wd>
			<wd l="3464" t="2775" r="3850" b="2836" fs="10">shadehouse</wd>
		</ln>
		<ln lx="2318" ly="2867" rx="3851" ry="2946">
			<wd l="2318" t="2867" r="2544" b="2946" fs="10">plants</wd>
			<wd l="2599" t="2867" r="2729" b="2929" fs="10">and</wd>
			<wd l="2779" t="2867" r="3247" b="2946" fs="10">undeserving</wd>
			<wd l="3300" t="2868" r="3383" b="2929" fs="10">of</wd>
			<wd l="3425" t="2868" r="3851" b="2930" fs="10">eradication</wd>
		</ln>
		<ln lx="2318" ly="2960" rx="3848" ry="3040">
			<wd l="2318" t="2979" r="2631" b="3039" fs="10">programs</wd>
			<wd l="2651" t="2960" r="2987" b="3022" fs="10">advocated</wd>
			<wd l="3003" t="2960" r="3086" b="3039" fs="10">by</wd>
			<wd l="3102" t="2961" r="3278" b="3022" fs="10">weed</wd>
			<wd l="3297" t="2961" r="3528" b="3022" fs="10">control</wd>
			<wd l="3548" t="2961" r="3848" b="3040" fs="10">agencies.</wd>
		</ln>
		<ln lx="2319" ly="3125" rx="2651" ry="3184">
			<wd l="2319" t="3125" r="2563" b="3184" fs="10">Sedum</wd>
			<wd l="2585" t="3126" r="2651" b="3184" fs="10">L.</wd>
		</ln>
		<ln lx="2320" ly="3287" rx="3849" ry="3366">
			<wd l="2320" t="3287" r="2464" b="3348" fs="10">This</wd>
			<wd l="2489" t="3287" r="2540" b="3348" fs="10">is</wd>
			<wd l="2562" t="3287" r="2663" b="3348" fs="10">the</wd>
			<wd l="2687" t="3287" r="2819" b="3348" fs="10">first</wd>
			<wd l="2839" t="3287" r="3054" b="3349" fs="10">record</wd>
			<wd l="3076" t="3287" r="3154" b="3348" fs="10">of</wd>
			<wd l="3164" t="3287" r="3282" b="3348" fs="10">this</wd>
			<wd l="3306" t="3307" r="3498" b="3366" fs="10">genus</wd>
			<wd l="3521" t="3288" r="3849" b="3366" fs="10">becoming</wd>
		</ln>
		<ln lx="2318" ly="3379" rx="2703" ry="3440">
			<wd l="2318" t="3379" r="2703" b="3440" fs="10">naturalised.</wd>
		</ln>
		<ln lx="2318" ly="3542" rx="3842" ry="3618">
			<wd l="2318" t="3542" r="2376" b="3601" fs="10">3.</wd>
			<wd l="2399" t="3542" r="2638" b="3601" fs="10">Sedum</wd>
			<wd l="2656" t="3543" r="3022" b="3618" fs="10">praealtum</wd>
			<wd l="3037" t="3543" r="3270" b="3613" fs="10">A.DC.,</wd>
			<wd l="3298" t="3543" r="3583" b="3602" fs="10">10meNot.</wd>
			<wd l="3604" t="3542" r="3687" b="3601" fs="10">PL</wd>
			<wd l="3708" t="3544" r="3842" b="3601" fs="10">Rar.</wd>
		</ln>
		<ln lx="2509" ly="3630" rx="3316" ry="3707">
			<wd l="2509" t="3630" r="2663" b="3691" fs="10">Jard.</wd>
			<wd l="2692" t="3631" r="2945" b="3691" fs="10">Genève</wd>
			<wd l="2971" t="3631" r="3043" b="3690" fs="10">21</wd>
			<wd l="3078" t="3630" r="3316" b="3707" fs="10">(1824).</wd>
		</ln>
		<ln lx="2319" ly="3791" rx="3849" ry="3869">
			<wd l="2319" t="3791" r="2530" b="3852" fs="10">Three</wd>
			<wd l="2575" t="3791" r="2970" b="3869" fs="10">subspecies</wd>
			<wd l="3016" t="3811" r="3123" b="3852" fs="10">are</wd>
			<wd l="3166" t="3791" r="3571" b="3869" fs="10">recognised</wd>
			<wd l="3612" t="3792" r="3849" b="3852" fs="10">within</wd>
		</ln>
		<ln lx="2318" ly="3881" rx="3848" ry="3960">
			<wd l="2318" t="3882" r="2375" b="3942" fs="10">S.</wd>
			<wd l="2426" t="3881" r="2819" b="3959" fs="10">praealtum</wd>
			<wd l="2874" t="3881" r="3340" b="3960" fs="10">(Stephenson</wd>
			<wd l="3400" t="3882" r="3630" b="3959" fs="10">1994),</wd>
			<wd l="3685" t="3881" r="3848" b="3942" fs="10">with</wd>
		</ln>
		<ln lx="2317" ly="3972" rx="3660" ry="4049">
			<wd l="2317" t="3973" r="2370" b="4032" fs="10">S.</wd>
			<wd l="2392" t="3972" r="2743" b="4049" fs="10">praealtum</wd>
			<wd l="2771" t="3972" r="2974" b="4049" fs="10">subsp.</wd>
			<wd l="2991" t="3972" r="3343" b="4049" fs="10">praealtum</wd>
			<wd l="3367" t="3972" r="3660" b="4032" fs="10">recorded</wd>
		</ln>
		<ln lx="2317" ly="4059" rx="2478" ry="4119">
			<wd l="2317" t="4059" r="2478" b="4119" fs="10">here.</wd>
		</ln>
		<ln lx="2316" ly="4221" rx="3841" ry="4282">
			<wd l="2316" t="4221" r="2586" b="4282" fs="10">Specimen</wd>
			<wd l="2616" t="4221" r="2890" b="4269" fs="10">examined</wd>
			<wd l="2890" t="4236" r="2902" b="4269" fs="10">:</wd>
			<wd l="2936" t="4222" r="3289" b="4280" fs="10">Queensland.</wd>
			<wd l="3321" t="4223" r="3570" b="4269" fs="10">Moreton</wd>
			<wd l="3598" t="4223" r="3841" b="4269" fs="10">District:</wd>
		</ln>
		<ln lx="2317" ly="4295" rx="3848" ry="4357">
			<wd l="2317" t="4296" r="2533" b="4356" fs="10">Boyce's</wd>
			<wd l="2548" t="4296" r="2732" b="4357" fs="10">Quarry</wd>
			<wd l="2746" t="4295" r="2943" b="4357" fs="10">project,</wd>
			<wd l="2958" t="4295" r="3246" b="4344" fs="10">Bundamba</wd>
			<wd l="3258" t="4295" r="3378" b="4344" fs="10">Tafe</wd>
			<wd l="3392" t="4295" r="3611" b="4357" fs="10">College,</wd>
			<wd l="3626" t="4295" r="3848" b="4357" fs="10">Ipswich,</wd>
		</ln>
		<ln lx="2319" ly="4370" rx="3629" ry="4432">
			<wd l="2319" t="4371" r="2413" b="4419" fs="10">Oct</wd>
			<wd l="2438" t="4371" r="2455" b="4418" fs="10">1</wd>
			<wd l="2466" t="4371" r="2578" b="4428" fs="10">995,</wd>
			<wd l="2597" t="4372" r="2799" b="4418" fs="10">Forster</wd>
			<wd l="2816" t="4371" r="2908" b="4418" fs="10">PIF</wd>
			<wd l="2919" t="4371" r="2936" b="4417" fs="10">1</wd>
			<wd l="2948" t="4371" r="3093" b="4428" fs="10">7878,</wd>
			<wd l="3111" t="4370" r="3236" b="4418" fs="10">Bird</wd>
			<wd l="3250" t="4371" r="3298" b="4419" fs="10"><![CDATA[&]]></wd>
			<wd l="3315" t="4372" r="3446" b="4432" fs="10">Figg</wd>
			<wd l="3462" t="4371" r="3629" b="4431" fs="10">(BRI).</wd>
		</ln>
		<ln lx="2314" ly="4511" rx="3842" ry="4589">
			<wd l="2314" t="4514" r="2525" b="4572" fs="10">Notes</wd>
			<wd l="2536" t="4530" r="2550" b="4572" fs="10">:</wd>
			<wd l="2596" t="4513" r="2652" b="4572" fs="10">S.</wd>
			<wd l="2691" t="4511" r="3069" b="4589" fs="10">praealtum</wd>
			<wd l="3110" t="4511" r="3324" b="4589" fs="10">subsp.</wd>
			<wd l="3366" t="4512" r="3745" b="4589" fs="10">praealtum</wd>
			<wd l="3788" t="4512" r="3842" b="4571" fs="10">is</wd>
		</ln>
		<ln lx="2317" ly="4599" rx="3846" ry="4677">
			<wd l="2317" t="4599" r="2579" b="4677" fs="10">thought</wd>
			<wd l="2613" t="4607" r="2677" b="4660" fs="10">to</wd>
			<wd l="2715" t="4599" r="3016" b="4676" fs="10">originate</wd>
			<wd l="3054" t="4599" r="3216" b="4659" fs="10">from</wd>
			<wd l="3252" t="4599" r="3500" b="4660" fs="10">Central</wd>
			<wd l="3535" t="4599" r="3846" b="4671" fs="10">America,</wd>
		</ln>
		<ln lx="2317" ly="4686" rx="3850" ry="4764">
			<wd l="2317" t="4686" r="2615" b="4764" fs="10">probably</wd>
			<wd l="2648" t="4686" r="2807" b="4747" fs="10">from</wd>
			<wd l="2837" t="4686" r="2938" b="4746" fs="10">the</wd>
			<wd l="2969" t="4686" r="3224" b="4764" fs="10">tropical</wd>
			<wd l="3258" t="4686" r="3555" b="4747" fs="10">lowlands</wd>
			<wd l="3589" t="4686" r="3667" b="4746" fs="10">of</wd>
			<wd l="3687" t="4688" r="3850" b="4746" fs="10">Vera</wd>
		</ln>
		<ln lx="2319" ly="4773" rx="3851" ry="4851">
			<wd l="2319" t="4775" r="2479" b="4834" fs="10">Cruz</wd>
			<wd l="2498" t="4774" r="2912" b="4851" fs="10">(Stephenson</wd>
			<wd l="2937" t="4774" r="3141" b="4850" fs="10">1994).</wd>
			<wd l="3163" t="4773" r="3290" b="4834" fs="10">The</wd>
			<wd l="3311" t="4774" r="3547" b="4851" fs="10">species</wd>
			<wd l="3565" t="4774" r="3674" b="4834" fs="10">has</wd>
			<wd l="3693" t="4774" r="3851" b="4834" fs="10">been</wd>
		</ln>
		<ln lx="2319" ly="4861" rx="3852" ry="4938">
			<wd l="2319" t="4861" r="2647" b="4922" fs="10">cultivated</wd>
			<wd l="2670" t="4861" r="2733" b="4921" fs="10">in</wd>
			<wd l="2754" t="4880" r="2938" b="4938" fs="10">many</wd>
			<wd l="2961" t="4861" r="3265" b="4921" fs="10">countries</wd>
			<wd l="3290" t="4861" r="3386" b="4921" fs="10">for</wd>
			<wd l="3409" t="4861" r="3708" b="4921" fs="10">centuries</wd>
			<wd l="3732" t="4861" r="3852" b="4921" fs="10">and</wd>
		</ln>
		<ln lx="2319" ly="4948" rx="3850" ry="5010">
			<wd l="2319" t="4948" r="2371" b="5009" fs="10">is</wd>
			<wd l="2409" t="4948" r="2643" b="5010" fs="10">known</wd>
			<wd l="2678" t="4957" r="2742" b="5009" fs="10">to</wd>
			<wd l="2779" t="4948" r="2858" b="5009" fs="10">be</wd>
			<wd l="2896" t="4968" r="2975" b="5009" fs="10">an</wd>
			<wd l="3012" t="4948" r="3374" b="5009" fs="10">occasional</wd>
			<wd l="3413" t="4948" r="3747" b="5009" fs="10">adventive</wd>
			<wd l="3785" t="4948" r="3850" b="5008" fs="10">in</wd>
		</ln>
		<ln lx="2319" ly="5036" rx="3852" ry="5113">
			<wd l="2319" t="5044" r="2549" b="5097" fs="10">eastern</wd>
			<wd l="2565" t="5038" r="2800" b="5113" fs="10">Europe</wd>
			<wd l="2819" t="5036" r="3224" b="5113" fs="10">(Stephenson</wd>
			<wd l="3247" t="5036" r="3447" b="5112" fs="10">1994).</wd>
			<wd l="3468" t="5038" r="3535" b="5096" fs="10">In</wd>
			<wd l="3550" t="5036" r="3852" b="5097" fs="10">Australia</wd>
		</ln>
		<ln lx="2317" ly="5123" rx="3850" ry="5201">
			<wd l="2317" t="5124" r="2803" b="5184" fs="10">naturalisations</wd>
			<wd l="2825" t="5123" r="2982" b="5184" fs="10">have</wd>
			<wd l="3003" t="5123" r="3161" b="5184" fs="10">been</wd>
			<wd l="3180" t="5123" r="3535" b="5201" fs="10">previously</wd>
			<wd l="3555" t="5123" r="3850" b="5184" fs="10">recorded</wd>
		</ln>
		<ln lx="2319" ly="5210" rx="3852" ry="5272">
			<wd l="2319" t="5211" r="2478" b="5271" fs="10">from</wd>
			<wd l="2508" t="5213" r="2668" b="5271" fs="10">New</wd>
			<wd l="2702" t="5210" r="2894" b="5271" fs="10">South</wd>
			<wd l="2927" t="5210" r="3132" b="5271" fs="10">Wales</wd>
			<wd l="3167" t="5210" r="3286" b="5271" fs="10">and</wd>
			<wd l="3321" t="5211" r="3513" b="5272" fs="10">South</wd>
			<wd l="3544" t="5211" r="3852" b="5272" fs="10">Australia</wd>
		</ln>
		<ln lx="2319" ly="5298" rx="3852" ry="5376">
			<wd l="2319" t="5299" r="2592" b="5375" fs="10">(Forster</wd>
			<wd l="2636" t="5298" r="2889" b="5375" fs="10">1996b).</wd>
			<wd l="2930" t="5298" r="3060" b="5360" fs="10">The</wd>
			<wd l="3100" t="5298" r="3344" b="5376" fs="10">species</wd>
			<wd l="3383" t="5298" r="3436" b="5360" fs="10">is</wd>
			<wd l="3474" t="5318" r="3510" b="5359" fs="10">a</wd>
			<wd l="3547" t="5299" r="3852" b="5360" fs="10">localised</wd>
		</ln>
		<ln lx="2318" ly="5386" rx="3346" ry="5463">
			<wd l="2318" t="5386" r="2642" b="5446" fs="10">adventive</wd>
			<wd l="2667" t="5394" r="2725" b="5446" fs="10">at</wd>
			<wd l="2746" t="5386" r="2847" b="5446" fs="10">the</wd>
			<wd l="2872" t="5386" r="3057" b="5463" fs="10">given</wd>
			<wd l="3081" t="5386" r="3346" b="5463" fs="10">locality.</wd>
		</ln>
	</region>
</ocr-page>
