<?xml version="1.0" encoding="UTF-8"?>
<ocr-page type="coords" ocr-vers="1.0" creation-date="20130321" res="600" height="6300" width="4500">
	<region article-doi="10.2307/41729912" region-id="1">
		<rc l="721" t="1796" r="3240" b="2074"/>
		<ln lx="726" ly="1801" rx="3235" ry="1867">
			<wd l="726" t="1801" r="1531" b="1864" fs="11">/';-=09</wd>
			<wd l="1574" t="1803" r="1687" b="1864" fs="11">)(8*</wd>
			<wd l="1727" t="1804" r="2226" b="1867" fs="11">=-0/']</wd>
		</ln>
	</region>
</ocr-page>
