<?xml version="1.0" encoding="UTF-8"?>
<ocr-page type="coords" ocr-vers="1.0" creation-date="20130321" res="600" height="6300" width="4500">
	<region article-doi="10.2307/41729916" region-id="0">
		<rc l="624" t="730" r="2179" b="2851"/>
		<ln lx="629" ly="735" rx="1516" ry="796">
			<wd l="629" t="737" r="777" b="792" fs="10">Bean,</wd>
			<wd l="795" t="735" r="961" b="783" fs="10">Rubus</wd>
			<wd l="980" t="735" r="1116" b="796" fs="10">subg.</wd>
			<wd l="1135" t="735" r="1516" b="783" fs="10">Malachobatus</wd>
		</ln>
		<ln lx="631" ly="851" rx="2164" ry="928">
			<wd l="631" t="853" r="803" b="912" fs="10">Erect</wd>
			<wd l="830" t="851" r="1062" b="924" fs="10">shrubs,</wd>
			<wd l="1093" t="851" r="1442" b="911" fs="10">sometimes</wd>
			<wd l="1472" t="851" r="1965" b="923" fs="10">semi-scandent,</wd>
			<wd l="1993" t="870" r="2075" b="928" fs="10">up</wd>
			<wd l="2101" t="859" r="2164" b="910" fs="10">to</wd>
		</ln>
		<ln lx="632" ly="942" rx="2162" ry="1020">
			<wd l="632" t="944" r="668" b="1003" fs="10">6</wd>
			<wd l="701" t="962" r="764" b="1002" fs="10">m</wd>
			<wd l="794" t="943" r="958" b="1020" fs="10">high.</wd>
			<wd l="997" t="944" r="1192" b="1004" fs="10">Stems</wd>
			<wd l="1225" t="943" r="1414" b="1020" fs="10">hairy,</wd>
			<wd l="1448" t="942" r="1596" b="1003" fs="10">with</wd>
			<wd l="1629" t="951" r="1806" b="1015" fs="10">stout,</wd>
			<wd l="1843" t="942" r="2069" b="1002" fs="10">curved</wd>
			<wd l="2099" t="950" r="2162" b="1002" fs="10">to</wd>
		</ln>
		<ln lx="632" ly="1034" rx="2165" ry="1112">
			<wd l="632" t="1035" r="850" b="1096" fs="10">almost</wd>
			<wd l="876" t="1035" r="1122" b="1112" fs="10">straight</wd>
			<wd l="1144" t="1035" r="1407" b="1112" fs="10">prickles</wd>
			<wd l="1431" t="1043" r="1495" b="1095" fs="10">to</wd>
			<wd l="1521" t="1036" r="1558" b="1094" fs="10">2</wd>
			<wd l="1584" t="1054" r="1712" b="1094" fs="10">mm</wd>
			<wd l="1738" t="1034" r="1902" b="1111" fs="10">long.</wd>
			<wd l="1931" t="1036" r="2165" b="1094" fs="10">Leaves</wd>
		</ln>
		<ln lx="634" ly="1125" rx="2165" ry="1204">
			<wd l="634" t="1126" r="884" b="1204" fs="10">simple.</wd>
			<wd l="926" t="1126" r="1207" b="1187" fs="10">Petioles</wd>
			<wd l="1248" t="1127" r="1465" b="1186" fs="10">22-52</wd>
			<wd l="1505" t="1145" r="1636" b="1186" fs="10">mm</wd>
			<wd l="1677" t="1126" r="1853" b="1203" fs="10">long,</wd>
			<wd l="1897" t="1125" r="2165" b="1203" fs="10">slightly</wd>
		</ln>
		<ln lx="632" ly="1217" rx="2166" ry="1296">
			<wd l="632" t="1218" r="904" b="1296" fs="10">grooved</wd>
			<wd l="937" t="1238" r="1018" b="1279" fs="10">on</wd>
			<wd l="1049" t="1238" r="1241" b="1296" fs="10">upper</wd>
			<wd l="1275" t="1218" r="1531" b="1290" fs="10">surface,</wd>
			<wd l="1566" t="1217" r="1756" b="1295" fs="10">hairy,</wd>
			<wd l="1792" t="1217" r="1940" b="1278" fs="10">with</wd>
			<wd l="1974" t="1237" r="2010" b="1278" fs="10">a</wd>
			<wd l="2043" t="1217" r="2166" b="1278" fs="10">few</wd>
		</ln>
		<ln lx="635" ly="1309" rx="2167" ry="1389">
			<wd l="635" t="1319" r="796" b="1372" fs="10">stout</wd>
			<wd l="828" t="1310" r="1113" b="1389" fs="10">prickles.</wd>
			<wd l="1155" t="1310" r="1423" b="1389" fs="10">Stipules</wd>
			<wd l="1461" t="1310" r="1794" b="1383" fs="10">caducous,</wd>
			<wd l="1833" t="1309" r="2066" b="1387" fs="10">elliptic</wd>
			<wd l="2104" t="1309" r="2167" b="1369" fs="10">in</wd>
		</ln>
		<ln lx="634" ly="1401" rx="2168" ry="1479">
			<wd l="634" t="1403" r="879" b="1475" fs="10">outline,</wd>
			<wd l="901" t="1411" r="963" b="1463" fs="10">to</wd>
			<wd l="994" t="1404" r="1064" b="1462" fs="10">12</wd>
			<wd l="1086" t="1422" r="1214" b="1462" fs="10">mm</wd>
			<wd l="1236" t="1402" r="1399" b="1479" fs="10">long,</wd>
			<wd l="1425" t="1404" r="1461" b="1462" fs="10">6</wd>
			<wd l="1482" t="1422" r="1610" b="1462" fs="10">mm</wd>
			<wd l="1630" t="1402" r="1809" b="1474" fs="10">wide,</wd>
			<wd l="1832" t="1401" r="2168" b="1462" fs="10">undivided</wd>
		</ln>
		<ln lx="635" ly="1493" rx="2167" ry="1566">
			<wd l="635" t="1503" r="692" b="1554" fs="10">at</wd>
			<wd l="718" t="1494" r="882" b="1566" fs="10">base,</wd>
			<wd l="912" t="1494" r="1060" b="1554" fs="10">with</wd>
			<wd l="1088" t="1494" r="1276" b="1554" fs="10">linear</wd>
			<wd l="1304" t="1494" r="1497" b="1566" fs="10">lobes;</wd>
			<wd l="1529" t="1493" r="1805" b="1554" fs="10">attached</wd>
			<wd l="1832" t="1502" r="1895" b="1553" fs="10">to</wd>
			<wd l="1927" t="1502" r="2080" b="1553" fs="10">stem</wd>
			<wd l="2110" t="1501" r="2167" b="1553" fs="10">at</wd>
		</ln>
		<ln lx="633" ly="1585" rx="2169" ry="1662">
			<wd l="633" t="1585" r="857" b="1662" fs="10">petiole</wd>
			<wd l="877" t="1585" r="1041" b="1645" fs="10">base.</wd>
			<wd l="1066" t="1585" r="1289" b="1645" fs="10">Blades</wd>
			<wd l="1313" t="1585" r="1389" b="1645" fs="10">of</wd>
			<wd l="1402" t="1585" r="1606" b="1645" fs="10">leaves</wd>
			<wd l="1630" t="1594" r="1807" b="1645" fs="10">ovate</wd>
			<wd l="1828" t="1593" r="1891" b="1644" fs="10">to</wd>
			<wd l="1913" t="1585" r="2169" b="1661" fs="10">broadly</wd>
		</ln>
		<ln lx="636" ly="1675" rx="2167" ry="1752">
			<wd l="636" t="1685" r="852" b="1747" fs="10">ovate,</wd>
			<wd l="896" t="1677" r="1165" b="1736" fs="10">45-150</wd>
			<wd l="1214" t="1690" r="1247" b="1723" fs="10">x</wd>
			<wd l="1295" t="1677" r="1562" b="1736" fs="10">40-125</wd>
			<wd l="1608" t="1695" r="1762" b="1747" fs="10">mm,</wd>
			<wd l="1810" t="1675" r="2167" b="1752" fs="10">shallowly</wd>
		</ln>
		<ln lx="637" ly="1766" rx="2168" ry="1843">
			<wd l="637" t="1767" r="1011" b="1827" fs="10">3-5-lobed</wd>
			<wd l="1072" t="1786" r="1145" b="1826" fs="10">or</wd>
			<wd l="1202" t="1767" r="1660" b="1843" fs="10">prominently</wd>
			<wd l="1723" t="1766" r="2030" b="1838" fs="10">3-lobed,</wd>
			<wd l="2095" t="1785" r="2168" b="1826" fs="10">or</wd>
		</ln>
		<ln lx="637" ly="1857" rx="2170" ry="1935">
			<wd l="637" t="1858" r="981" b="1918" fs="10">sometimes</wd>
			<wd l="1000" t="1858" r="1203" b="1930" fs="10">entire;</wd>
			<wd l="1221" t="1877" r="1411" b="1935" fs="10">upper</wd>
			<wd l="1428" t="1857" r="1662" b="1918" fs="10">surface</wd>
			<wd l="1681" t="1876" r="1881" b="1935" fs="10">green,</wd>
			<wd l="1903" t="1857" r="2170" b="1934" fs="10">sparsely</wd>
		</ln>
		<ln lx="634" ly="1948" rx="2170" ry="2026">
			<wd l="634" t="1949" r="816" b="2026" fs="10">hairy,</wd>
			<wd l="836" t="1948" r="1197" b="2026" fs="10">comprising</wd>
			<wd l="1214" t="1948" r="1356" b="2026" fs="10">long</wd>
			<wd l="1374" t="1948" r="1614" b="2026" fs="10">straight</wd>
			<wd l="1628" t="1948" r="1784" b="2009" fs="10">hairs</wd>
			<wd l="1803" t="1948" r="1965" b="2025" fs="10">only;</wd>
			<wd l="1986" t="1948" r="2170" b="2008" fs="10">lower</wd>
		</ln>
		<ln lx="638" ly="2039" rx="2170" ry="2119">
			<wd l="638" t="2041" r="869" b="2102" fs="10">surface</wd>
			<wd l="885" t="2041" r="1096" b="2102" fs="10">brown</wd>
			<wd l="1113" t="2060" r="1180" b="2102" fs="10">or</wd>
			<wd l="1194" t="2040" r="1532" b="2119" fs="10">yellowish,</wd>
			<wd l="1552" t="2040" r="1801" b="2118" fs="10">densely</wd>
			<wd l="1818" t="2040" r="2005" b="2118" fs="10">hairy,</wd>
			<wd l="2023" t="2039" r="2170" b="2100" fs="10">with</wd>
		</ln>
		<ln lx="639" ly="2133" rx="2172" ry="2212">
			<wd l="639" t="2134" r="800" b="2195" fs="10">short</wd>
			<wd l="818" t="2134" r="983" b="2212" fs="10">curly</wd>
			<wd l="999" t="2134" r="1157" b="2195" fs="10">hairs</wd>
			<wd l="1176" t="2134" r="1501" b="2212" fs="10">obscuring</wd>
			<wd l="1518" t="2133" r="1618" b="2194" fs="10">the</wd>
			<wd l="1638" t="2133" r="1769" b="2194" fs="10">leaf</wd>
			<wd l="1778" t="2133" r="2033" b="2206" fs="10">surface,</wd>
			<wd l="2054" t="2133" r="2172" b="2194" fs="10">and</wd>
		</ln>
		<ln lx="639" ly="2225" rx="2172" ry="2303">
			<wd l="639" t="2226" r="847" b="2303" fs="10">longer</wd>
			<wd l="865" t="2225" r="1124" b="2303" fs="10">straight,</wd>
			<wd l="1145" t="2225" r="1470" b="2303" fs="10">appressed</wd>
			<wd l="1488" t="2245" r="1556" b="2286" fs="10">or</wd>
			<wd l="1575" t="2226" r="1895" b="2303" fs="10">spreading</wd>
			<wd l="1911" t="2225" r="2071" b="2285" fs="10">hairs</wd>
			<wd l="2091" t="2244" r="2172" b="2285" fs="10">on</wd>
		</ln>
		<ln lx="636" ly="2317" rx="2169" ry="2395">
			<wd l="636" t="2318" r="742" b="2378" fs="10">the</wd>
			<wd l="781" t="2317" r="989" b="2390" fs="10">veins,</wd>
			<wd l="1032" t="2317" r="1263" b="2395" fs="10">glands</wd>
			<wd l="1306" t="2317" r="1557" b="2390" fs="10">absent;</wd>
			<wd l="1599" t="2317" r="1756" b="2377" fs="10">base</wd>
			<wd l="1799" t="2317" r="2062" b="2377" fs="10">cordate</wd>
			<wd l="2103" t="2325" r="2169" b="2377" fs="10">to</wd>
		</ln>
		<ln lx="639" ly="2409" rx="2171" ry="2486">
			<wd l="639" t="2409" r="1008" b="2482" fs="10">auriculate,</wd>
			<wd l="1049" t="2409" r="1162" b="2470" fs="10">but</wd>
			<wd l="1202" t="2409" r="1499" b="2486" fs="10">adjacent</wd>
			<wd l="1540" t="2409" r="1724" b="2469" fs="10">lobes</wd>
			<wd l="1767" t="2409" r="1922" b="2486" fs="10">only</wd>
			<wd l="1960" t="2409" r="2171" b="2486" fs="10">rarely</wd>
		</ln>
		<ln lx="637" ly="2500" rx="2173" ry="2577">
			<wd l="637" t="2501" r="922" b="2577" fs="10">touching</wd>
			<wd l="941" t="2501" r="1089" b="2560" fs="10">each</wd>
			<wd l="1106" t="2501" r="1293" b="2572" fs="10">other;</wd>
			<wd l="1314" t="2520" r="1468" b="2577" fs="10">apex</wd>
			<wd l="1486" t="2509" r="1657" b="2560" fs="10">acute</wd>
			<wd l="1677" t="2519" r="1745" b="2560" fs="10">or</wd>
			<wd l="1762" t="2500" r="2173" b="2577" fs="10">occasionally</wd>
		</ln>
		<ln lx="640" ly="2590" rx="2174" ry="2667">
			<wd l="640" t="2591" r="867" b="2662" fs="10">obtuse;</wd>
			<wd l="885" t="2590" r="1144" b="2667" fs="10">margins</wd>
			<wd l="1164" t="2599" r="1395" b="2662" fs="10">serrate,</wd>
			<wd l="1414" t="2590" r="1560" b="2650" fs="10">with</wd>
			<wd l="1578" t="2590" r="1891" b="2650" fs="10">serrations</wd>
			<wd l="1918" t="2591" r="2030" b="2649" fs="10">1-2</wd>
			<wd l="2047" t="2609" r="2174" b="2649" fs="10">mm</wd>
		</ln>
		<ln lx="640" ly="2679" rx="2173" ry="2756">
			<wd l="640" t="2679" r="828" b="2756" fs="10">deep.</wd>
			<wd l="874" t="2682" r="1128" b="2739" fs="10">Leaves</wd>
			<wd l="1171" t="2679" r="1637" b="2755" fs="10">palminerved</wd>
			<wd l="1680" t="2688" r="1743" b="2739" fs="10">at</wd>
			<wd l="1784" t="2679" r="1969" b="2750" fs="10">base,</wd>
			<wd l="2014" t="2679" r="2173" b="2739" fs="10">then</wd>
		</ln>
		<ln lx="638" ly="2768" rx="2171" ry="2846">
			<wd l="638" t="2769" r="1051" b="2846" fs="10">penninerved</wd>
			<wd l="1085" t="2768" r="1233" b="2829" fs="10">with</wd>
			<wd l="1271" t="2770" r="1390" b="2829" fs="10">5-7</wd>
			<wd l="1427" t="2768" r="1590" b="2845" fs="10">pairs</wd>
			<wd l="1628" t="2768" r="1706" b="2828" fs="10">of</wd>
			<wd l="1732" t="2768" r="1939" b="2828" fs="10">lateral</wd>
			<wd l="1973" t="2768" r="2171" b="2839" fs="10">veins,</wd>
		</ln>
	</region>
	<region article-doi="10.2307/41729916" region-id="1">
		<rc l="2297" t="728" r="3859" b="3002"/>
		<ln lx="3774" ly="733" rx="3835" ry="780">
			<wd l="3774" t="733" r="3835" b="780" fs="10">43</wd>
		</ln>
		<ln lx="2302" ly="847" rx="3841" ry="925">
			<wd l="2302" t="849" r="2676" b="925" fs="10">terminating</wd>
			<wd l="2694" t="857" r="2751" b="909" fs="10">at</wd>
			<wd l="2767" t="868" r="2803" b="908" fs="10">a</wd>
			<wd l="2816" t="848" r="3008" b="925" fs="10">major</wd>
			<wd l="3021" t="848" r="3209" b="920" fs="10">tooth;</wd>
			<wd l="3226" t="848" r="3508" b="908" fs="10">venation</wd>
			<wd l="3523" t="847" r="3841" b="919" fs="10">reticulate,</wd>
		</ln>
		<ln lx="2302" ly="937" rx="3843" ry="1014">
			<wd l="2302" t="938" r="2547" b="999" fs="10">midrib</wd>
			<wd l="2593" t="938" r="2721" b="999" fs="10">and</wd>
			<wd l="2766" t="937" r="2999" b="998" fs="10">lateral</wd>
			<wd l="3042" t="937" r="3237" b="998" fs="10">veins</wd>
			<wd l="3283" t="937" r="3406" b="998" fs="10">flat</wd>
			<wd l="3448" t="945" r="3516" b="997" fs="10">to</wd>
			<wd l="3562" t="937" r="3843" b="1014" fs="10">slightly</wd>
		</ln>
		<ln lx="2305" ly="1026" rx="3843" ry="1106">
			<wd l="2305" t="1028" r="2676" b="1106" fs="10">impressed</wd>
			<wd l="2719" t="1028" r="2956" b="1100" fs="10">above,</wd>
			<wd l="3000" t="1027" r="3221" b="1088" fs="10">raised</wd>
			<wd l="3261" t="1027" r="3506" b="1099" fs="10">below,</wd>
			<wd l="3550" t="1026" r="3843" b="1104" fs="10">prickles</wd>
		</ln>
		<ln lx="2305" ly="1116" rx="3847" ry="1196">
			<wd l="2305" t="1119" r="2720" b="1196" fs="10">occasionally</wd>
			<wd l="2736" t="1127" r="2995" b="1196" fs="10">present.</wd>
			<wd l="3017" t="1118" r="3465" b="1178" fs="10">Inflorescence</wd>
			<wd l="3483" t="1116" r="3759" b="1177" fs="10">terminal</wd>
			<wd l="3779" t="1136" r="3847" b="1177" fs="10">or</wd>
		</ln>
		<ln lx="2306" ly="1207" rx="3846" ry="1287">
			<wd l="2306" t="1209" r="2368" b="1269" fs="10">in</wd>
			<wd l="2386" t="1228" r="2578" b="1287" fs="10">upper</wd>
			<wd l="2598" t="1208" r="2729" b="1269" fs="10">leaf</wd>
			<wd l="2740" t="1208" r="2913" b="1280" fs="10">axils,</wd>
			<wd l="2934" t="1227" r="3017" b="1286" fs="10">up</wd>
			<wd l="3036" t="1216" r="3099" b="1268" fs="10">to</wd>
			<wd l="3129" t="1209" r="3243" b="1268" fs="10">120</wd>
			<wd l="3263" t="1227" r="3391" b="1267" fs="10">mm</wd>
			<wd l="3412" t="1207" r="3576" b="1285" fs="10">long,</wd>
			<wd l="3598" t="1207" r="3746" b="1267" fs="10">with</wd>
			<wd l="3764" t="1226" r="3846" b="1284" fs="10">up</wd>
		</ln>
		<ln lx="2304" ly="1297" rx="3847" ry="1375">
			<wd l="2304" t="1308" r="2367" b="1360" fs="10">to</wd>
			<wd l="2399" t="1301" r="2466" b="1360" fs="10">15</wd>
			<wd l="2495" t="1299" r="2760" b="1360" fs="10">flowers.</wd>
			<wd l="2786" t="1301" r="2996" b="1359" fs="10">Bracts</wd>
			<wd l="3021" t="1307" r="3198" b="1359" fs="10">ovate</wd>
			<wd l="3219" t="1307" r="3282" b="1359" fs="10">to</wd>
			<wd l="3305" t="1297" r="3560" b="1375" fs="10">broadly</wd>
			<wd l="3583" t="1305" r="3760" b="1358" fs="10">ovate</wd>
			<wd l="3784" t="1297" r="3847" b="1356" fs="10">in</wd>
		</ln>
		<ln lx="2307" ly="1388" rx="3844" ry="1467">
			<wd l="2307" t="1389" r="2569" b="1462" fs="10">outline,</wd>
			<wd l="2608" t="1398" r="2673" b="1451" fs="10">to</wd>
			<wd l="2714" t="1390" r="2751" b="1450" fs="10">9</wd>
			<wd l="2790" t="1408" r="2919" b="1449" fs="10">mm</wd>
			<wd l="2959" t="1389" r="3131" b="1467" fs="10">long,</wd>
			<wd l="3173" t="1388" r="3404" b="1466" fs="10">deeply</wd>
			<wd l="3441" t="1388" r="3844" b="1466" fs="10">pinnatisect,</wd>
		</ln>
		<ln lx="2308" ly="1478" rx="3847" ry="1557">
			<wd l="2308" t="1488" r="2614" b="1557" fs="10">segments</wd>
			<wd l="2638" t="1480" r="2844" b="1551" fs="10">linear,</wd>
			<wd l="2869" t="1488" r="3061" b="1551" fs="10">acute,</wd>
			<wd l="3085" t="1479" r="3256" b="1556" fs="10">hairy</wd>
			<wd l="3279" t="1479" r="3536" b="1550" fs="10">outside,</wd>
			<wd l="3561" t="1478" r="3847" b="1556" fs="10">glabrous</wd>
		</ln>
		<ln lx="2307" ly="1568" rx="3847" ry="1645">
			<wd l="2307" t="1569" r="2522" b="1629" fs="10">inside.</wd>
			<wd l="2552" t="1569" r="2829" b="1629" fs="10">Pedicels</wd>
			<wd l="2856" t="1577" r="3059" b="1641" fs="10">terete,</wd>
			<wd l="3091" t="1570" r="3246" b="1629" fs="10">6-11</wd>
			<wd l="3281" t="1587" r="3409" b="1628" fs="10">mm</wd>
			<wd l="3438" t="1568" r="3601" b="1645" fs="10">long,</wd>
			<wd l="3634" t="1568" r="3847" b="1628" fs="10">sessile</wd>
		</ln>
		<ln lx="2307" ly="1657" rx="3847" ry="1736">
			<wd l="2307" t="1659" r="2522" b="1736" fs="10">glands</wd>
			<wd l="2551" t="1658" r="2779" b="1719" fs="10">absent.</wd>
			<wd l="2810" t="1658" r="3077" b="1718" fs="10">Flowers</wd>
			<wd l="3104" t="1657" r="3399" b="1718" fs="10">bisexual.</wd>
			<wd l="3430" t="1657" r="3667" b="1717" fs="10">Flower</wd>
			<wd l="3691" t="1657" r="3847" b="1717" fs="10">buds</wd>
		</ln>
		<ln lx="2309" ly="1746" rx="3848" ry="1824">
			<wd l="2309" t="1748" r="2514" b="1819" fs="10">ovoid,</wd>
			<wd l="2547" t="1748" r="2879" b="1824" fs="10">hypanthia</wd>
			<wd l="2910" t="1747" r="3231" b="1824" fs="10">shallowly</wd>
			<wd l="3263" t="1766" r="3502" b="1807" fs="10">convex</wd>
			<wd l="3532" t="1755" r="3595" b="1806" fs="10">to</wd>
			<wd l="3629" t="1746" r="3848" b="1806" fs="10">almost</wd>
		</ln>
		<ln lx="2309" ly="1836" rx="3847" ry="1914">
			<wd l="2309" t="1837" r="2435" b="1909" fs="10">flat,</wd>
			<wd l="2459" t="1837" r="2711" b="1914" fs="10">densely</wd>
			<wd l="2730" t="1836" r="2919" b="1913" fs="10">hairy,</wd>
			<wd l="2940" t="1836" r="3250" b="1896" fs="10">unarmed.</wd>
			<wd l="3277" t="1836" r="3489" b="1912" fs="10">Sepals</wd>
			<wd l="3509" t="1836" r="3847" b="1912" fs="10">persistent,</wd>
		</ln>
		<ln lx="2309" ly="1925" rx="3846" ry="1998">
			<wd l="2309" t="1926" r="2549" b="1998" fs="10">deltate,</wd>
			<wd l="2588" t="1928" r="2709" b="1986" fs="10">6-9</wd>
			<wd l="2751" t="1940" r="2784" b="1973" fs="10">*</wd>
			<wd l="2825" t="1927" r="2944" b="1986" fs="10">4-5</wd>
			<wd l="2983" t="1945" r="3129" b="1997" fs="10">mm,</wd>
			<wd l="3166" t="1925" r="3424" b="1985" fs="10">without</wd>
			<wd l="3458" t="1945" r="3535" b="1985" fs="10">an</wd>
			<wd l="3570" t="1944" r="3846" b="1996" fs="10">acumen,</wd>
		</ln>
		<ln lx="2310" ly="2014" rx="3850" ry="2087">
			<wd l="2310" t="2016" r="2504" b="2077" fs="10">entire</wd>
			<wd l="2543" t="2035" r="2612" b="2076" fs="10">or</wd>
			<wd l="2647" t="2016" r="2800" b="2076" fs="10">with</wd>
			<wd l="2838" t="2017" r="2958" b="2076" fs="10">3-5</wd>
			<wd l="3003" t="2015" r="3174" b="2076" fs="10">short</wd>
			<wd l="3212" t="2014" r="3411" b="2087" fs="10">lobes,</wd>
			<wd l="3449" t="2014" r="3753" b="2074" fs="10">recurved</wd>
			<wd l="3791" t="2022" r="3850" b="2074" fs="10">at</wd>
		</ln>
		<ln lx="2310" ly="2104" rx="3847" ry="2185">
			<wd l="2310" t="2106" r="2558" b="2185" fs="10">fruiting</wd>
			<wd l="2580" t="2115" r="2766" b="2185" fs="10">stage,</wd>
			<wd l="2791" t="2105" r="2909" b="2167" fs="10">and</wd>
			<wd l="2927" t="2106" r="3257" b="2184" fs="10">becoming</wd>
			<wd l="3278" t="2105" r="3615" b="2166" fs="10">somewhat</wd>
			<wd l="3635" t="2104" r="3847" b="2183" fs="10">larger;</wd>
		</ln>
		<ln lx="2309" ly="2195" rx="3849" ry="2268">
			<wd l="2309" t="2198" r="2468" b="2259" fs="10">with</wd>
			<wd l="2508" t="2198" r="2709" b="2259" fs="10">dense</wd>
			<wd l="2750" t="2197" r="2948" b="2258" fs="10">white</wd>
			<wd l="2988" t="2197" r="3163" b="2258" fs="10">hairs</wd>
			<wd l="3206" t="2216" r="3291" b="2257" fs="10">on</wd>
			<wd l="3330" t="2196" r="3490" b="2257" fs="10">both</wd>
			<wd l="3532" t="2195" r="3849" b="2268" fs="10">surfaces,</wd>
		</ln>
		<ln lx="2308" ly="2286" rx="3852" ry="2366">
			<wd l="2308" t="2288" r="2572" b="2366" fs="10">prickles</wd>
			<wd l="2604" t="2288" r="2832" b="2348" fs="10">absent.</wd>
			<wd l="2865" t="2287" r="3062" b="2348" fs="10">Petals</wd>
			<wd l="3092" t="2296" r="3199" b="2348" fs="10">not</wd>
			<wd l="3226" t="2286" r="3566" b="2364" fs="10">persistent,</wd>
			<wd l="3597" t="2286" r="3852" b="2363" fs="10">broadly</wd>
		</ln>
		<ln lx="2311" ly="2377" rx="3850" ry="2455">
			<wd l="2311" t="2387" r="2508" b="2450" fs="10">ovate,</wd>
			<wd l="2532" t="2387" r="2639" b="2439" fs="10">not</wd>
			<wd l="2662" t="2397" r="2729" b="2438" fs="10">or</wd>
			<wd l="2752" t="2377" r="2981" b="2455" fs="10">shortly</wd>
			<wd l="3005" t="2377" r="3257" b="2450" fs="10">clawed,</wd>
			<wd l="3284" t="2378" r="3403" b="2437" fs="10">6-8</wd>
			<wd l="3434" t="2391" r="3467" b="2424" fs="10">x</wd>
			<wd l="3496" t="2378" r="3678" b="2436" fs="10">4-5.5</wd>
			<wd l="3704" t="2395" r="3850" b="2448" fs="10">mm,</wd>
		</ln>
		<ln lx="2311" ly="2467" rx="3853" ry="2545">
			<wd l="2311" t="2468" r="2597" b="2545" fs="10">glabrous</wd>
			<wd l="2620" t="2488" r="2688" b="2528" fs="10">or</wd>
			<wd l="2710" t="2467" r="2980" b="2545" fs="10">sparsely</wd>
			<wd l="3000" t="2467" r="3189" b="2544" fs="10">hairy,</wd>
			<wd l="3212" t="2467" r="3396" b="2527" fs="10">white</wd>
			<wd l="3420" t="2486" r="3488" b="2527" fs="10">or</wd>
			<wd l="3507" t="2467" r="3673" b="2544" fs="10">pink,</wd>
			<wd l="3698" t="2485" r="3853" b="2543" fs="10">apex</wd>
		</ln>
		<ln lx="2312" ly="2557" rx="3853" ry="2633">
			<wd l="2312" t="2558" r="2545" b="2618" fs="10">obtuse.</wd>
			<wd l="2571" t="2560" r="2847" b="2618" fs="10">Stamens</wd>
			<wd l="2869" t="2558" r="3025" b="2617" fs="10">60-1</wd>
			<wd l="3045" t="2558" r="3138" b="2629" fs="10">10;</wd>
			<wd l="3161" t="2557" r="3467" b="2617" fs="10">filaments</wd>
			<wd l="3485" t="2575" r="3567" b="2633" fs="10">up</wd>
			<wd l="3586" t="2565" r="3649" b="2616" fs="10">to</wd>
			<wd l="3669" t="2558" r="3707" b="2615" fs="10">4</wd>
			<wd l="3726" t="2575" r="3853" b="2615" fs="10">mm</wd>
		</ln>
		<ln lx="2313" ly="2647" rx="3849" ry="2725">
			<wd l="2313" t="2648" r="2490" b="2725" fs="10">long,</wd>
			<wd l="2533" t="2648" r="2865" b="2725" fs="10">glabrous;</wd>
			<wd l="2909" t="2648" r="3166" b="2707" fs="10">anthers</wd>
			<wd l="3208" t="2666" r="3263" b="2707" fs="10">c.</wd>
			<wd l="3308" t="2649" r="3456" b="2707" fs="10">0.75</wd>
			<wd l="3501" t="2666" r="3631" b="2706" fs="10">mm</wd>
			<wd l="3673" t="2647" r="3849" b="2723" fs="10">long,</wd>
		</ln>
		<ln lx="2311" ly="2737" rx="3851" ry="2815">
			<wd l="2311" t="2738" r="2612" b="2810" fs="10">versatile,</wd>
			<wd l="2644" t="2738" r="2999" b="2809" fs="10">dorsifixed,</wd>
			<wd l="3031" t="2738" r="3316" b="2815" fs="10">glabrous</wd>
			<wd l="3347" t="2757" r="3416" b="2797" fs="10">or</wd>
			<wd l="3442" t="2738" r="3590" b="2797" fs="10">with</wd>
			<wd l="3620" t="2737" r="3851" b="2797" fs="10">several</wd>
		</ln>
		<ln lx="2312" ly="2827" rx="3854" ry="2907">
			<wd l="2312" t="2830" r="2472" b="2890" fs="10">hairs</wd>
			<wd l="2498" t="2838" r="2555" b="2890" fs="10">at</wd>
			<wd l="2578" t="2849" r="2751" b="2907" fs="10">apex.</wd>
			<wd l="2779" t="2829" r="3030" b="2907" fs="10">Carpels</wd>
			<wd l="3056" t="2831" r="3281" b="2901" fs="10">35-70,</wd>
			<wd l="3307" t="2829" r="3613" b="2906" fs="10">glabrous,</wd>
			<wd l="3639" t="2827" r="3854" b="2905" fs="10">glands</wd>
		</ln>
		<ln lx="2314" ly="2919" rx="3852" ry="2997">
			<wd l="2314" t="2921" r="2576" b="2994" fs="10">absent;</wd>
			<wd l="2630" t="2921" r="2899" b="2982" fs="10">ovaries</wd>
			<wd l="2949" t="2940" r="3006" b="2981" fs="10">c.</wd>
			<wd l="3060" t="2922" r="3170" b="2981" fs="10">0.9</wd>
			<wd l="3219" t="2940" r="3353" b="2980" fs="10">mm</wd>
			<wd l="3403" t="2920" r="3588" b="2997" fs="10">long,</wd>
			<wd l="3642" t="2919" r="3852" b="2997" fs="10">styles</wd>
		</ln>
	</region>
	<region article-doi="10.2307/41729916" region-id="2">
		<rc l="653" t="5485" r="2532" b="5562"/>
		<ln lx="658" ly="5490" rx="2527" ry="5557">
			<wd l="658" t="5496" r="790" b="5557" fs="10">Map</wd>
			<wd l="813" t="5495" r="857" b="5544" fs="10">1.</wd>
			<wd l="878" t="5493" r="1205" b="5544" fs="10">Distribution</wd>
			<wd l="1223" t="5493" r="1287" b="5543" fs="10">of</wd>
			<wd l="1351" t="5493" r="1409" b="5543" fs="10">A</wd>
			<wd l="1429" t="5493" r="1599" b="5543" fs="10">Rubus</wd>
			<wd l="1616" t="5492" r="1901" b="5555" fs="10">alceifolius</wd>
			<wd l="1920" t="5492" r="2016" b="5542" fs="10">and</wd>
			<wd l="2084" t="5490" r="2137" b="5541" fs="10">•</wd>
			<wd l="2156" t="5493" r="2207" b="5542" fs="10">R.</wd>
			<wd l="2230" t="5496" r="2527" b="5555" fs="10">gunnianus.</wd>
		</ln>
	</region>
</ocr-page>
