<?xml version="1.0" encoding="UTF-8"?>
<ocr-page type="coords" ocr-vers="1.0" creation-date="20130321" res="600" height="6300" width="4500">
	<region article-doi="10.2307/41729927" region-id="0">
		<rc l="1041" t="829" r="3405" b="1049"/>
		<ln lx="1046" ly="834" rx="3400" ry="924">
			<wd l="1046" t="838" r="1114" b="908" fs="10">A</wd>
			<wd l="1138" t="858" r="1304" b="908" fs="10">new</wd>
			<wd l="1326" t="836" r="1850" b="908" fs="10">combination</wd>
			<wd l="1894" t="836" r="1970" b="906" fs="10">in</wd>
			<wd l="1984" t="834" r="2516" b="906" fs="10">Dendrocnide</wd>
			<wd l="2536" t="834" r="3046" b="924" fs="10">(Urticaceae)</wd>
			<wd l="3070" t="834" r="3144" b="904" fs="10">in</wd>
			<wd l="3170" t="834" r="3400" b="904" fs="10">north</wd>
		</ln>
		<ln lx="1980" ly="956" rx="2470" ry="1044">
			<wd l="1980" t="956" r="2470" b="1044" fs="10">Queensland</wd>
		</ln>
	</region>
	<region article-doi="10.2307/41729927" region-id="1">
		<rc l="1739" t="1185" r="2713" b="1277"/>
		<ln lx="1744" ly="1190" rx="2708" ry="1272">
			<wd l="1744" t="1198" r="1894" b="1256" fs="10">B.R.</wd>
			<wd l="1912" t="1194" r="2160" b="1256" fs="10">Jaekes1</wd>
			<wd l="2184" t="1198" r="2312" b="1256" fs="10">and</wd>
			<wd l="2328" t="1196" r="2424" b="1256" fs="10">M.</wd>
			<wd l="2442" t="1190" r="2708" b="1272" fs="10">Hurley2</wd>
		</ln>
	</region>
	<region article-doi="10.2307/41729927" region-id="2">
		<rc l="2063" t="1347" r="2407" b="1433"/>
		<ln lx="2068" ly="1352" rx="2402" ry="1428">
			<wd l="2068" t="1352" r="2402" b="1428" fs="10">Summary</wd>
		</ln>
	</region>
	<region article-doi="10.2307/41729927" region-id="3">
		<rc l="848" t="1502" r="3609" b="1959"/>
		<ln lx="855" ly="1507" rx="3602" ry="1574">
			<wd l="855" t="1514" r="1066" b="1571" fs="10">Jackes,</wd>
			<wd l="1104" t="1515" r="1234" b="1561" fs="10">B.R.</wd>
			<wd l="1273" t="1513" r="1320" b="1561" fs="10"><![CDATA[&]]></wd>
			<wd l="1358" t="1512" r="1577" b="1574" fs="10">Hurley,</wd>
			<wd l="1614" t="1513" r="1689" b="1560" fs="10">M.</wd>
			<wd l="1728" t="1512" r="1941" b="1572" fs="10">(1997).</wd>
			<wd l="1979" t="1512" r="2025" b="1558" fs="10">A</wd>
			<wd l="2060" t="1526" r="2178" b="1559" fs="10">new</wd>
			<wd l="2214" t="1510" r="2584" b="1559" fs="10">combination</wd>
			<wd l="2621" t="1509" r="2673" b="1557" fs="10">in</wd>
			<wd l="2715" t="1508" r="3104" b="1557" fs="10">Dendrocnide</wd>
			<wd l="3140" t="1507" r="3511" b="1569" fs="10">(Urticaceae)</wd>
			<wd l="3550" t="1507" r="3602" b="1554" fs="10">in</wd>
		</ln>
		<ln lx="854" ly="1583" rx="3601" ry="1649">
			<wd l="854" t="1589" r="1011" b="1638" fs="10">north</wd>
			<wd l="1048" t="1588" r="1417" b="1649" fs="10">Queensland.</wd>
			<wd l="1452" t="1587" r="1874" b="1649" fs="10">Austrobaileya</wd>
			<wd l="1920" t="1587" r="2059" b="1648" fs="10">5(1):</wd>
			<wd l="2106" t="1587" r="2376" b="1634" fs="10">121-123.</wd>
			<wd l="2412" t="1587" r="2689" b="1648" fs="10">Laportea</wd>
			<wd l="2724" t="1584" r="3025" b="1646" fs="10">cordifolia</wd>
			<wd l="3061" t="1584" r="3298" b="1632" fs="10">L.S.Sm,</wd>
			<wd l="3338" t="1583" r="3477" b="1632" fs="10">from</wd>
			<wd l="3513" t="1583" r="3601" b="1631" fs="10">the</wd>
		</ln>
		<ln lx="854" ly="1659" rx="3599" ry="1722">
			<wd l="854" t="1666" r="1118" b="1714" fs="10">Atherton</wd>
			<wd l="1154" t="1664" r="1445" b="1713" fs="10">Tableland</wd>
			<wd l="1481" t="1664" r="1525" b="1712" fs="10">is</wd>
			<wd l="1560" t="1663" r="1852" b="1712" fs="10">reinstated</wd>
			<wd l="1888" t="1678" r="1944" b="1711" fs="10">as</wd>
			<wd l="1986" t="1662" r="2375" b="1710" fs="10">Dendrocnide</wd>
			<wd l="2410" t="1661" r="2706" b="1722" fs="10">cordifolia</wd>
			<wd l="2741" t="1661" r="3031" b="1721" fs="10">(L.S.Sm.)</wd>
			<wd l="3068" t="1659" r="3261" b="1708" fs="10">Jackes</wd>
			<wd l="3298" t="1660" r="3345" b="1707" fs="10"><![CDATA[&]]></wd>
			<wd l="3382" t="1659" r="3599" b="1719" fs="10">Hurley.</wd>
		</ln>
		<ln lx="853" ly="1733" rx="3604" ry="1800">
			<wd l="853" t="1740" r="1219" b="1789" fs="10">Dendrocnide</wd>
			<wd l="1242" t="1740" r="1458" b="1788" fs="10">cordata</wd>
			<wd l="1483" t="1739" r="1669" b="1800" fs="10">(Warb,</wd>
			<wd l="1697" t="1754" r="1760" b="1787" fs="10">ex</wd>
			<wd l="1785" t="1738" r="2114" b="1798" fs="10">H.J.Winkl.)</wd>
			<wd l="2139" t="1737" r="2298" b="1786" fs="10">Chew</wd>
			<wd l="2325" t="1737" r="2367" b="1786" fs="10">is</wd>
			<wd l="2391" t="1736" r="2697" b="1798" fs="10">recognised</wd>
			<wd l="2722" t="1751" r="2776" b="1784" fs="10">as</wd>
			<wd l="2802" t="1751" r="2830" b="1784" fs="10">a</wd>
			<wd l="2853" t="1742" r="3082" b="1797" fs="10">separate</wd>
			<wd l="3109" t="1734" r="3309" b="1797" fs="10">species</wd>
			<wd l="3334" t="1733" r="3604" b="1795" fs="10">occurring</wd>
		</ln>
		<ln lx="857" ly="1809" rx="3603" ry="1877">
			<wd l="857" t="1832" r="925" b="1865" fs="10">on</wd>
			<wd l="960" t="1816" r="1216" b="1865" fs="10">northern</wd>
			<wd l="1252" t="1817" r="1399" b="1877" fs="10">Cape</wd>
			<wd l="1436" t="1815" r="1579" b="1863" fs="10">York</wd>
			<wd l="1614" t="1814" r="1924" b="1863" fs="10">Peninsula.</wd>
			<wd l="1963" t="1815" r="2009" b="1861" fs="10">A</wd>
			<wd l="2044" t="1813" r="2147" b="1874" fs="10">key</wd>
			<wd l="2183" t="1820" r="2236" b="1861" fs="10">to</wd>
			<wd l="2273" t="1813" r="2361" b="1861" fs="10">the</wd>
			<wd l="2397" t="1812" r="2712" b="1860" fs="10">Australian</wd>
			<wd l="2750" t="1811" r="2964" b="1873" fs="10">species</wd>
			<wd l="3001" t="1811" r="3066" b="1859" fs="10">of</wd>
			<wd l="3130" t="1810" r="3520" b="1858" fs="10">Dendrocnide</wd>
			<wd l="3559" t="1809" r="3603" b="1857" fs="10">is</wd>
		</ln>
		<ln lx="855" ly="1891" rx="1138" ry="1954">
			<wd l="855" t="1891" r="1138" b="1954" fs="10">provided.</wd>
		</ln>
	</region>
	<region article-doi="10.2307/41729927" region-id="4">
		<rc l="851" t="2027" r="3612" b="2690"/>
		<ln lx="856" ly="2032" rx="3604" ry="2100">
			<wd l="856" t="2038" r="1150" b="2100" fs="10">Keywords:</wd>
			<wd l="1199" t="2039" r="1513" b="2092" fs="10">Urticaceae,</wd>
			<wd l="1550" t="2036" r="1928" b="2091" fs="10">Dendrocnide,</wd>
			<wd l="1964" t="2035" r="2331" b="2083" fs="10">Dendrocnide</wd>
			<wd l="2362" t="2034" r="2589" b="2089" fs="10">cordata,</wd>
			<wd l="2625" t="2033" r="2992" b="2081" fs="10">Dendrocnide</wd>
			<wd l="3022" t="2032" r="3312" b="2094" fs="10">cordifolia,</wd>
			<wd l="3347" t="2033" r="3604" b="2093" fs="10">Laportea</wd>
		</ln>
		<ln lx="857" ly="2114" rx="1148" ry="2175">
			<wd l="857" t="2114" r="1148" b="2175" fs="10">cordifolia.</wd>
		</ln>
		<ln lx="857" ly="2256" rx="3606" ry="2322">
			<wd l="857" t="2263" r="964" b="2310" fs="10">B.R</wd>
			<wd l="992" t="2259" r="1204" b="2318" fs="10">Jackes1,</wd>
			<wd l="1262" t="2260" r="1618" b="2322" fs="10">Co-operative</wd>
			<wd l="1647" t="2259" r="1897" b="2308" fs="10">Research</wd>
			<wd l="1927" t="2259" r="2107" b="2307" fs="10">Centre</wd>
			<wd l="2138" t="2258" r="2216" b="2306" fs="10">for</wd>
			<wd l="2244" t="2257" r="2474" b="2319" fs="10">Tropical</wd>
			<wd l="2504" t="2257" r="2729" b="2318" fs="10">Ecology</wd>
			<wd l="2760" t="2256" r="2856" b="2304" fs="10">and</wd>
			<wd l="2885" t="2257" r="3255" b="2316" fs="10">Management,</wd>
			<wd l="3285" t="2256" r="3606" b="2315" fs="10">Department</wd>
		</ln>
		<ln lx="859" ly="2329" rx="3606" ry="2399">
			<wd l="859" t="2337" r="920" b="2386" fs="10">of</wd>
			<wd l="941" t="2336" r="1165" b="2399" fs="10">Tropical</wd>
			<wd l="1194" t="2336" r="1333" b="2385" fs="10">Plant</wd>
			<wd l="1363" t="2335" r="1613" b="2393" fs="10">Sciences,</wd>
			<wd l="1644" t="2336" r="1806" b="2384" fs="10">James</wd>
			<wd l="1836" t="2334" r="1981" b="2383" fs="10">Cook</wd>
			<wd l="2009" t="2333" r="2295" b="2395" fs="10">University</wd>
			<wd l="2325" t="2332" r="2387" b="2381" fs="10">of</wd>
			<wd l="2405" t="2332" r="2564" b="2381" fs="10">North</wd>
			<wd l="2594" t="2331" r="2928" b="2392" fs="10">Queensland,</wd>
			<wd l="2959" t="2330" r="3258" b="2380" fs="10">Townsville</wd>
			<wd l="3288" t="2329" r="3606" b="2390" fs="10">Queensland</wd>
		</ln>
		<ln lx="858" ly="2412" rx="1297" ry="2461">
			<wd l="858" t="2414" r="987" b="2461" fs="10">4811</wd>
			<wd l="1025" t="2412" r="1297" b="2461" fs="10">Australia.</wd>
		</ln>
		<ln lx="858" ly="2552" rx="3607" ry="2622">
			<wd l="858" t="2563" r="930" b="2610" fs="10">M.</wd>
			<wd l="962" t="2559" r="1187" b="2622" fs="10">Hurley2,</wd>
			<wd l="1218" t="2560" r="1421" b="2621" fs="10">Faculty</wd>
			<wd l="1453" t="2559" r="1515" b="2608" fs="10">of</wd>
			<wd l="1537" t="2558" r="1943" b="2607" fs="10">Environmental</wd>
			<wd l="1975" t="2557" r="2190" b="2615" fs="10">Studies,</wd>
			<wd l="2222" t="2556" r="2430" b="2605" fs="10">Griffith</wd>
			<wd l="2459" t="2555" r="2759" b="2617" fs="10">University,</wd>
			<wd l="2789" t="2555" r="2987" b="2603" fs="10">Nathan</wd>
			<wd l="3017" t="2555" r="3253" b="2615" fs="10">Campus,</wd>
			<wd l="3285" t="2552" r="3607" b="2613" fs="10">Queensland</wd>
		</ln>
		<ln lx="860" ly="2636" rx="1298" ry="2685">
			<wd l="860" t="2638" r="988" b="2685" fs="10">4111</wd>
			<wd l="1026" t="2636" r="1298" b="2685" fs="10">Australia.</wd>
		</ln>
	</region>
	<region article-doi="10.2307/41729927" region-id="5">
		<rc l="620" t="2758" r="2184" b="5269"/>
		<ln lx="625" ly="2763" rx="1038" ry="2822">
			<wd l="625" t="2763" r="1038" b="2822" fs="10">Introduction</wd>
		</ln>
		<ln lx="625" ly="2922" rx="2162" ry="3003">
			<wd l="625" t="2928" r="682" b="2986" fs="10">A</wd>
			<wd l="719" t="2926" r="896" b="3003" fs="10">study</wd>
			<wd l="932" t="2925" r="1008" b="2985" fs="10">of</wd>
			<wd l="1031" t="2924" r="1357" b="3001" fs="10">herbivory</wd>
			<wd l="1393" t="2923" r="1774" b="3000" fs="10">(M.Hurley)</wd>
			<wd l="1811" t="2942" r="1893" b="2983" fs="10">on</wd>
			<wd l="1929" t="2922" r="2162" b="2982" fs="10">several</wd>
		</ln>
		<ln lx="625" ly="3014" rx="2163" ry="3096">
			<wd l="625" t="3018" r="1011" b="3096" fs="10">populations</wd>
			<wd l="1036" t="3017" r="1112" b="3077" fs="10">of</wd>
			<wd l="1120" t="3016" r="1559" b="3076" fs="10">Dendrocnide</wd>
			<wd l="1583" t="3015" r="1819" b="3093" fs="10">species</wd>
			<wd l="1844" t="3014" r="2163" b="3091" fs="10">occurring</wd>
		</ln>
		<ln lx="628" ly="3106" rx="2161" ry="3181">
			<wd l="628" t="3130" r="708" b="3171" fs="10">on</wd>
			<wd l="730" t="3111" r="829" b="3170" fs="10">the</wd>
			<wd l="853" t="3110" r="1149" b="3170" fs="10">Atherton</wd>
			<wd l="1173" t="3108" r="1522" b="3180" fs="10">Tableland,</wd>
			<wd l="1549" t="3107" r="1725" b="3168" fs="10">north</wd>
			<wd l="1750" t="3106" r="2161" b="3181" fs="10">Queensland,</wd>
		</ln>
		<ln lx="628" ly="3198" rx="2163" ry="3276">
			<wd l="628" t="3202" r="929" b="3263" fs="10">indicated</wd>
			<wd l="946" t="3202" r="1070" b="3262" fs="10">that</wd>
			<wd l="1086" t="3209" r="1193" b="3261" fs="10">not</wd>
			<wd l="1211" t="3201" r="1289" b="3261" fs="10">all</wd>
			<wd l="1307" t="3200" r="1407" b="3260" fs="10">the</wd>
			<wd l="1426" t="3219" r="1635" b="3260" fs="10">names</wd>
			<wd l="1657" t="3199" r="1956" b="3276" fs="10">currently</wd>
			<wd l="1975" t="3198" r="2037" b="3257" fs="10">in</wd>
			<wd l="2053" t="3217" r="2163" b="3258" fs="10">use</wd>
		</ln>
		<ln lx="629" ly="3291" rx="2161" ry="3372">
			<wd l="629" t="3295" r="722" b="3356" fs="10">for</wd>
			<wd l="736" t="3295" r="852" b="3355" fs="10">this</wd>
			<wd l="870" t="3314" r="1058" b="3372" fs="10">genus</wd>
			<wd l="1078" t="3293" r="1257" b="3354" fs="10">could</wd>
			<wd l="1273" t="3293" r="1348" b="3354" fs="10">be</wd>
			<wd l="1368" t="3292" r="1607" b="3371" fs="10">applied</wd>
			<wd l="1623" t="3292" r="1768" b="3352" fs="10">with</wd>
			<wd l="1786" t="3291" r="2161" b="3352" fs="10">confidence.</wd>
		</ln>
		<ln lx="627" ly="3385" rx="2166" ry="3465">
			<wd l="627" t="3388" r="976" b="3465" fs="10">According</wd>
			<wd l="1000" t="3396" r="1062" b="3448" fs="10">to</wd>
			<wd l="1087" t="3387" r="1186" b="3447" fs="10">the</wd>
			<wd l="1211" t="3386" r="1402" b="3447" fs="10">Flora</wd>
			<wd l="1428" t="3385" r="1508" b="3463" fs="10">of</wd>
			<wd l="1510" t="3385" r="1825" b="3446" fs="10">Australia</wd>
			<wd l="1850" t="3392" r="2166" b="3445" fs="10">treatment</wd>
		</ln>
		<ln lx="627" ly="3477" rx="2167" ry="3559">
			<wd l="627" t="3481" r="708" b="3559" fs="10">by</wd>
			<wd l="739" t="3480" r="930" b="3541" fs="10">Chew</wd>
			<wd l="960" t="3480" r="1198" b="3557" fs="10">(1989),</wd>
			<wd l="1229" t="3479" r="1329" b="3540" fs="10">the</wd>
			<wd l="1361" t="3478" r="1683" b="3555" fs="10">following</wd>
			<wd l="1715" t="3477" r="1951" b="3555" fs="10">species</wd>
			<wd l="1983" t="3496" r="2167" b="3537" fs="10">occur</wd>
		</ln>
		<ln lx="629" ly="3570" rx="2165" ry="3646">
			<wd l="629" t="3575" r="691" b="3633" fs="10">in</wd>
			<wd l="722" t="3574" r="840" b="3633" fs="10">this</wd>
			<wd l="876" t="3592" r="1031" b="3644" fs="10">area;</wd>
			<wd l="1063" t="3572" r="1501" b="3632" fs="10">Dendrocnide</wd>
			<wd l="1534" t="3571" r="1792" b="3631" fs="10">cordata</wd>
			<wd l="1826" t="3570" r="2053" b="3646" fs="10">(Warb,</wd>
			<wd l="2091" t="3589" r="2165" b="3629" fs="10">ex</wd>
		</ln>
		<ln lx="629" ly="3661" rx="2167" ry="3740">
			<wd l="629" t="3665" r="1016" b="3740" fs="10">H.J.Winkl.)</wd>
			<wd l="1037" t="3664" r="1246" b="3736" fs="10">Chew,</wd>
			<wd l="1259" t="3666" r="1332" b="3723" fs="10">Z),</wd>
			<wd l="1359" t="3663" r="1664" b="3723" fs="10">moroides</wd>
			<wd l="1685" t="3662" r="1956" b="3738" fs="10">(Wedd.)</wd>
			<wd l="1976" t="3661" r="2167" b="3721" fs="10">Chew</wd>
		</ln>
		<ln lx="631" ly="3753" rx="2167" ry="3834">
			<wd l="631" t="3757" r="742" b="3818" fs="10">and</wd>
			<wd l="781" t="3760" r="856" b="3817" fs="10">D.</wd>
			<wd l="890" t="3756" r="1374" b="3834" fs="10">photinophylla</wd>
			<wd l="1412" t="3754" r="1678" b="3831" fs="10">(Kunth)</wd>
			<wd l="1717" t="3754" r="1930" b="3815" fs="10">Chew.</wd>
			<wd l="1972" t="3753" r="2167" b="3814" fs="10">Chew</wd>
		</ln>
		<ln lx="631" ly="3846" rx="2166" ry="3927">
			<wd l="631" t="3851" r="852" b="3927" fs="10">(1969,</wd>
			<wd l="893" t="3850" r="1051" b="3927" fs="10">p58)</wd>
			<wd l="1092" t="3848" r="1394" b="3909" fs="10">included</wd>
			<wd l="1440" t="3850" r="1770" b="3925" fs="10">Laportea</wd>
			<wd l="1812" t="3846" r="2166" b="3924" fs="10">cordifolia</wd>
		</ln>
		<ln lx="630" ly="3939" rx="2168" ry="4018">
			<wd l="630" t="3944" r="892" b="4003" fs="10">L.S.Sm.</wd>
			<wd l="916" t="3943" r="1077" b="4018" fs="10">(asL.</wd>
			<wd l="1104" t="3940" r="1516" b="4018" fs="10">cordatifolia)</wd>
			<wd l="1536" t="3940" r="1726" b="4000" fs="10">under</wd>
			<wd l="1736" t="3939" r="2168" b="3999" fs="10">Dendrocnide</wd>
		</ln>
		<ln lx="631" ly="4031" rx="2169" ry="4095">
			<wd l="631" t="4035" r="897" b="4095" fs="10">cordata.</wd>
			<wd l="921" t="4034" r="1104" b="4094" fs="10">Seeds</wd>
			<wd l="1121" t="4053" r="1278" b="4093" fs="10">were</wd>
			<wd l="1296" t="4032" r="1587" b="4093" fs="10">collected</wd>
			<wd l="1604" t="4032" r="1759" b="4091" fs="10">from</wd>
			<wd l="1775" t="4032" r="1872" b="4091" fs="10">the</wd>
			<wd l="1891" t="4031" r="2169" b="4091" fs="10">different</wd>
		</ln>
		<ln lx="630" ly="4123" rx="2167" ry="4201">
			<wd l="630" t="4136" r="768" b="4187" fs="10">taxa</wd>
			<wd l="786" t="4127" r="861" b="4187" fs="10">of</wd>
			<wd l="861" t="4126" r="1291" b="4186" fs="10">Dendrocnide</wd>
			<wd l="1309" t="4125" r="1620" b="4201" fs="10">occurring</wd>
			<wd l="1638" t="4124" r="1699" b="4183" fs="10">in</wd>
			<wd l="1714" t="4124" r="1812" b="4184" fs="10">the</wd>
			<wd l="1831" t="4123" r="2167" b="4200" fs="10">Wongabel</wd>
		</ln>
		<ln lx="634" ly="4215" rx="2179" ry="4295">
			<wd l="634" t="4221" r="807" b="4280" fs="10">State</wd>
			<wd l="848" t="4221" r="1094" b="4290" fs="10">Forest,</wd>
			<wd l="1139" t="4216" r="1658" b="4295" fs="10">approximately</wd>
			<wd l="1702" t="4218" r="1738" b="4276" fs="10">6</wd>
			<wd l="1781" t="4216" r="1888" b="4275" fs="10">km</wd>
			<wd l="1932" t="4217" r="2057" b="4276" fs="10">SW</wd>
			<wd l="2099" t="4215" r="2179" b="4275" fs="10">of</wd>
		</ln>
		<ln lx="631" ly="4309" rx="2168" ry="4387">
			<wd l="631" t="4312" r="925" b="4372" fs="10">Atherton</wd>
			<wd l="959" t="4312" r="1093" b="4387" fs="10">(17°</wd>
			<wd l="1134" t="4312" r="1286" b="4382" fs="10">ITS,</wd>
			<wd l="1330" t="4311" r="1471" b="4370" fs="10">145°</wd>
			<wd l="1503" t="4310" r="1677" b="4385" fs="10">28'E)</wd>
			<wd l="1712" t="4309" r="1830" b="4369" fs="10">and</wd>
			<wd l="1863" t="4328" r="2075" b="4386" fs="10">grown</wd>
			<wd l="2106" t="4317" r="2168" b="4368" fs="10">to</wd>
		</ln>
		<ln lx="631" ly="4400" rx="2171" ry="4479">
			<wd l="631" t="4404" r="910" b="4479" fs="10">maturity</wd>
			<wd l="945" t="4404" r="1007" b="4461" fs="10">in</wd>
			<wd l="1042" t="4422" r="1077" b="4461" fs="10">a</wd>
			<wd l="1111" t="4403" r="1493" b="4461" fs="10">shadehouse</wd>
			<wd l="1529" t="4410" r="1586" b="4460" fs="10">at</wd>
			<wd l="1619" t="4402" r="1719" b="4460" fs="10">the</wd>
			<wd l="1754" t="4403" r="1954" b="4459" fs="10">James</wd>
			<wd l="1991" t="4400" r="2171" b="4459" fs="10">Cook</wd>
		</ln>
		<ln lx="632" ly="4491" rx="2166" ry="4569">
			<wd l="632" t="4494" r="1011" b="4569" fs="10">University</wd>
			<wd l="1053" t="4493" r="1133" b="4552" fs="10">of</wd>
			<wd l="1161" t="4492" r="1370" b="4552" fs="10">North</wd>
			<wd l="1412" t="4491" r="1835" b="4565" fs="10">Queensland</wd>
			<wd l="1877" t="4510" r="2166" b="4567" fs="10">campus.</wd>
		</ln>
		<ln lx="632" ly="4582" rx="2171" ry="4661">
			<wd l="632" t="4585" r="997" b="4661" fs="10">Flowering</wd>
			<wd l="1039" t="4584" r="1162" b="4644" fs="10">and</wd>
			<wd l="1203" t="4583" r="1473" b="4660" fs="10">fruiting</wd>
			<wd l="1512" t="4582" r="1804" b="4642" fs="10">material</wd>
			<wd l="1844" t="4601" r="1978" b="4642" fs="10">was</wd>
			<wd l="2018" t="4582" r="2171" b="4641" fs="10">then</wd>
		</ln>
		<ln lx="634" ly="4675" rx="1883" ry="4753">
			<wd l="634" t="4677" r="959" b="4753" fs="10">compared</wd>
			<wd l="983" t="4676" r="1129" b="4736" fs="10">with</wd>
			<wd l="1153" t="4676" r="1495" b="4735" fs="10">herbarium</wd>
			<wd l="1522" t="4675" r="1883" b="4751" fs="10">specimens.</wd>
		</ln>
		<ln lx="634" ly="4835" rx="2170" ry="4915">
			<wd l="634" t="4839" r="758" b="4898" fs="10">The</wd>
			<wd l="791" t="4847" r="930" b="4915" fs="10">type</wd>
			<wd l="965" t="4838" r="1040" b="4898" fs="10">of</wd>
			<wd l="1070" t="4840" r="1130" b="4897" fs="10">L.</wd>
			<wd l="1174" t="4838" r="1434" b="4897" fs="10">cordata</wd>
			<wd l="1469" t="4856" r="1597" b="4896" fs="10">was</wd>
			<wd l="1635" t="4836" r="1938" b="4896" fs="10">collected</wd>
			<wd l="1974" t="4836" r="2036" b="4894" fs="10">in</wd>
			<wd l="2069" t="4835" r="2170" b="4895" fs="10">the</wd>
		</ln>
		<ln lx="636" ly="4927" rx="2173" ry="5004">
			<wd l="636" t="4930" r="931" b="4989" fs="10">lowland</wd>
			<wd l="1004" t="4948" r="1156" b="4989" fs="10">area</wd>
			<wd l="1227" t="4929" r="1309" b="4988" fs="10">of</wd>
			<wd l="1369" t="4929" r="1479" b="4987" fs="10">the</wd>
			<wd l="1554" t="4928" r="1762" b="5004" fs="10">Sepik</wd>
			<wd l="1833" t="4927" r="2039" b="4986" fs="10">River</wd>
			<wd l="2110" t="4935" r="2173" b="4986" fs="10">at</wd>
		</ln>
		<ln lx="635" ly="5018" rx="2169" ry="5096">
			<wd l="635" t="5020" r="1174" b="5081" fs="10">Constantinhafen</wd>
			<wd l="1193" t="5020" r="1215" b="5095" fs="10">(</wd>
			<wd l="1221" t="5020" r="1528" b="5096" fs="10">Hollrung</wd>
			<wd l="1542" t="5021" r="1573" b="5079" fs="10">5</wd>
			<wd l="1590" t="5020" r="1610" b="5078" fs="10">1</wd>
			<wd l="1624" t="5020" r="1656" b="5078" fs="10">3</wd>
			<wd l="1668" t="5038" r="1681" b="5090" fs="10">;</wd>
			<wd l="1701" t="5020" r="1833" b="5090" fs="10">BO,</wd>
			<wd l="1853" t="5021" r="1930" b="5089" fs="10">K,</wd>
			<wd l="1950" t="5018" r="2169" b="5093" fs="10">MEL),</wd>
		</ln>
		<ln lx="635" ly="5110" rx="2172" ry="5189">
			<wd l="635" t="5113" r="836" b="5172" fs="10">whilst</wd>
			<wd l="857" t="5113" r="957" b="5172" fs="10">the</wd>
			<wd l="980" t="5121" r="1121" b="5189" fs="10">type</wd>
			<wd l="1147" t="5112" r="1224" b="5172" fs="10">of</wd>
			<wd l="1233" t="5114" r="1293" b="5171" fs="10">L.</wd>
			<wd l="1348" t="5111" r="1674" b="5188" fs="10">cordifolia</wd>
			<wd l="1719" t="5130" r="1846" b="5170" fs="10">was</wd>
			<wd l="1873" t="5110" r="2172" b="5170" fs="10">collected</wd>
		</ln>
		<ln lx="635" ly="5202" rx="2172" ry="5264">
			<wd l="635" t="5223" r="792" b="5264" fs="10">near</wd>
			<wd l="834" t="5204" r="1165" b="5263" fs="10">Atherton</wd>
			<wd l="1209" t="5211" r="1271" b="5262" fs="10">at</wd>
			<wd l="1316" t="5222" r="1397" b="5262" fs="10">an</wd>
			<wd l="1442" t="5202" r="1723" b="5261" fs="10">altitude</wd>
			<wd l="1769" t="5202" r="1852" b="5261" fs="10">of</wd>
			<wd l="1895" t="5203" r="2065" b="5261" fs="10">1000</wd>
			<wd l="2110" t="5220" r="2172" b="5259" fs="10">m</wd>
		</ln>
	</region>
	<region article-doi="10.2307/41729927" region-id="6">
		<rc l="2303" t="2908" r="3860" b="5576"/>
		<ln lx="2309" ly="2913" rx="3855" ry="2995">
			<wd l="2309" t="2919" r="2492" b="2995" fs="10">(3600</wd>
			<wd l="2510" t="2918" r="2598" b="2994" fs="10">ft.)</wd>
			<wd l="2615" t="2917" r="2820" b="2994" fs="10">{Smith</wd>
			<wd l="2844" t="2918" r="3054" b="2988" fs="10">10132;</wd>
			<wd l="3071" t="2917" r="3245" b="2992" fs="10">BRI).</wd>
			<wd l="3263" t="2917" r="3363" b="2975" fs="10">An</wd>
			<wd l="3377" t="2914" r="3766" b="2975" fs="10">examination</wd>
			<wd l="3781" t="2913" r="3855" b="2973" fs="10">of</wd>
		</ln>
		<ln lx="2310" ly="3006" rx="3845" ry="3089">
			<wd l="2310" t="3011" r="2652" b="3089" fs="10">specimens</wd>
			<wd l="2675" t="3010" r="2819" b="3070" fs="10">held</wd>
			<wd l="2843" t="3010" r="2905" b="3069" fs="10">in</wd>
			<wd l="2926" t="3009" r="3026" b="3069" fs="10">the</wd>
			<wd l="3051" t="3007" r="3444" b="3084" fs="10">Queensland</wd>
			<wd l="3487" t="3006" r="3845" b="3067" fs="10">Herbarium</wd>
		</ln>
		<ln lx="2310" ly="3099" rx="3845" ry="3179">
			<wd l="2310" t="3104" r="2500" b="3179" fs="10">(BRI)</wd>
			<wd l="2534" t="3103" r="2653" b="3163" fs="10">and</wd>
			<wd l="2683" t="3102" r="2980" b="3162" fs="10">Atherton</wd>
			<wd l="3012" t="3101" r="3225" b="3177" fs="10">(QRS)</wd>
			<wd l="3259" t="3099" r="3563" b="3160" fs="10">indicated</wd>
			<wd l="3592" t="3099" r="3717" b="3159" fs="10">that</wd>
			<wd l="3745" t="3099" r="3845" b="3158" fs="10">the</wd>
		</ln>
		<ln lx="2308" ly="3190" rx="3846" ry="3272">
			<wd l="2308" t="3204" r="2494" b="3256" fs="10">taxon</wd>
			<wd l="2510" t="3194" r="2896" b="3272" fs="10">represented</wd>
			<wd l="2912" t="3193" r="2995" b="3271" fs="10">by</wd>
			<wd l="3006" t="3193" r="3314" b="3269" fs="10">Hollrung</wd>
			<wd l="3332" t="3193" r="3446" b="3252" fs="10">513</wd>
			<wd l="3471" t="3210" r="3683" b="3252" fs="10">occurs</wd>
			<wd l="3703" t="3190" r="3846" b="3267" fs="10">only</wd>
		</ln>
		<ln lx="2310" ly="3283" rx="3847" ry="3363">
			<wd l="2310" t="3288" r="2371" b="3347" fs="10">in</wd>
			<wd l="2388" t="3287" r="2646" b="3348" fs="10">lowland</wd>
			<wd l="2662" t="3286" r="2980" b="3347" fs="10">situations.</wd>
			<wd l="2999" t="3287" r="3058" b="3345" fs="10">A</wd>
			<wd l="3075" t="3285" r="3376" b="3363" fs="10">specimen</wd>
			<wd l="3392" t="3283" r="3678" b="3344" fs="10">collected</wd>
			<wd l="3694" t="3283" r="3847" b="3343" fs="10">from</wd>
		</ln>
		<ln lx="2309" ly="3376" rx="3844" ry="3448">
			<wd l="2309" t="3381" r="2418" b="3442" fs="10">the</wd>
			<wd l="2664" t="3382" r="2844" b="3440" fs="10">West</wd>
			<wd l="3088" t="3378" r="3376" b="3439" fs="10">Claudie</wd>
			<wd l="3620" t="3376" r="3844" b="3448" fs="10">River,</wd>
		</ln>
		<ln lx="2319" ly="3470" rx="3849" ry="3534">
			<wd l="2319" t="3475" r="2457" b="3534" fs="10">10.3</wd>
			<wd l="2501" t="3473" r="2607" b="3533" fs="10">km</wd>
			<wd l="2647" t="3474" r="2869" b="3533" fs="10">WNW</wd>
			<wd l="2909" t="3471" r="2987" b="3532" fs="10">of</wd>
			<wd l="3016" t="3471" r="3334" b="3532" fs="10">Lockhart</wd>
			<wd l="3371" t="3470" r="3566" b="3530" fs="10">River</wd>
			<wd l="3602" t="3471" r="3849" b="3530" fs="10">Vacant</wd>
		</ln>
		<ln lx="2312" ly="3561" rx="3848" ry="3640">
			<wd l="2312" t="3568" r="2558" b="3626" fs="10">Crown</wd>
			<wd l="2610" t="3565" r="2796" b="3625" fs="10">Land</wd>
			<wd l="2848" t="3565" r="3002" b="3640" fs="10">(AQ</wd>
			<wd l="3057" t="3564" r="3363" b="3639" fs="10">631774)</wd>
			<wd l="3417" t="3563" r="3473" b="3623" fs="10">is</wd>
			<wd l="3525" t="3562" r="3635" b="3622" fs="10">the</wd>
			<wd l="3689" t="3561" r="3848" b="3638" fs="10">only</wd>
		</ln>
		<ln lx="2311" ly="3654" rx="3850" ry="3735">
			<wd l="2311" t="3658" r="2650" b="3719" fs="10">Australian</wd>
			<wd l="2668" t="3657" r="2973" b="3735" fs="10">specimen</wd>
			<wd l="2990" t="3676" r="3132" b="3717" fs="10">seen</wd>
			<wd l="3148" t="3655" r="3348" b="3716" fs="10">which</wd>
			<wd l="3365" t="3674" r="3609" b="3733" fs="10">appears</wd>
			<wd l="3629" t="3654" r="3850" b="3715" fs="10">similar</wd>
		</ln>
		<ln lx="2310" ly="3747" rx="3848" ry="3828">
			<wd l="2310" t="3760" r="2373" b="3811" fs="10">to</wd>
			<wd l="2395" t="3751" r="2495" b="3811" fs="10">the</wd>
			<wd l="2517" t="3759" r="2659" b="3828" fs="10">type</wd>
			<wd l="2683" t="3749" r="2760" b="3810" fs="10">of</wd>
			<wd l="2769" t="3752" r="2828" b="3810" fs="10">L.</wd>
			<wd l="2860" t="3749" r="3134" b="3810" fs="10">cordata.</wd>
			<wd l="3157" t="3750" r="3217" b="3808" fs="10">L.</wd>
			<wd l="3248" t="3747" r="3575" b="3825" fs="10">cordifolia</wd>
			<wd l="3599" t="3765" r="3848" b="3824" fs="10">appears</wd>
		</ln>
		<ln lx="2311" ly="3838" rx="3850" ry="3919">
			<wd l="2311" t="3852" r="2373" b="3903" fs="10">to</wd>
			<wd l="2394" t="3862" r="2577" b="3903" fs="10">occur</wd>
			<wd l="2595" t="3842" r="2739" b="3919" fs="10">only</wd>
			<wd l="2759" t="3861" r="2839" b="3902" fs="10">on</wd>
			<wd l="2856" t="3842" r="2955" b="3902" fs="10">the</wd>
			<wd l="2974" t="3841" r="3269" b="3901" fs="10">Atherton</wd>
			<wd l="3287" t="3839" r="3633" b="3900" fs="10">Tableland.</wd>
			<wd l="3658" t="3838" r="3850" b="3899" fs="10">Smith</wd>
		</ln>
		<ln lx="2314" ly="3932" rx="3850" ry="4012">
			<wd l="2314" t="3936" r="2533" b="4012" fs="10">(1959)</wd>
			<wd l="2557" t="3935" r="2747" b="3996" fs="10">stated</wd>
			<wd l="2765" t="3935" r="2889" b="3995" fs="10">that</wd>
			<wd l="2909" t="3936" r="2995" b="3994" fs="10">"It</wd>
			<wd l="3019" t="3935" r="3098" b="4010" fs="10">[L.</wd>
			<wd l="3126" t="3934" r="3384" b="3994" fs="10">cordata</wd>
			<wd l="3387" t="3934" r="3406" b="4009" fs="10">]</wd>
			<wd l="3431" t="3932" r="3644" b="3993" fs="10">differs</wd>
			<wd l="3670" t="3932" r="3850" b="4007" fs="10">[from</wd>
		</ln>
		<ln lx="2309" ly="4024" rx="3849" ry="4104">
			<wd l="2309" t="4031" r="2369" b="4088" fs="10">L.</wd>
			<wd l="2414" t="4028" r="2742" b="4104" fs="10">cordifolia</wd>
			<wd l="2746" t="4028" r="2765" b="4102" fs="10">]</wd>
			<wd l="2805" t="4027" r="2868" b="4086" fs="10">in</wd>
			<wd l="2901" t="4026" r="3087" b="4103" fs="10">being</wd>
			<wd l="3122" t="4045" r="3158" b="4086" fs="10">a</wd>
			<wd l="3192" t="4026" r="3354" b="4102" fs="10">large</wd>
			<wd l="3389" t="4033" r="3512" b="4085" fs="10">tree</wd>
			<wd l="3547" t="4024" r="3694" b="4084" fs="10">with</wd>
			<wd l="3729" t="4024" r="3849" b="4083" fs="10">less</wd>
		</ln>
		<ln lx="2315" ly="4115" rx="3851" ry="4197">
			<wd l="2315" t="4119" r="2706" b="4197" fs="10">compressed</wd>
			<wd l="2737" t="4119" r="2908" b="4179" fs="10">fruits</wd>
			<wd l="2941" t="4118" r="3059" b="4178" fs="10">and</wd>
			<wd l="3091" t="4120" r="3123" b="4178" fs="10">5</wd>
			<wd l="3132" t="4117" r="3385" b="4177" fs="10">-nerved</wd>
			<wd l="3416" t="4117" r="3618" b="4177" fs="10">leaves</wd>
			<wd l="3649" t="4115" r="3851" b="4175" fs="10">which</wd>
		</ln>
		<ln lx="2315" ly="4209" rx="3852" ry="4289">
			<wd l="2315" t="4232" r="2423" b="4273" fs="10">are</wd>
			<wd l="2477" t="4231" r="2661" b="4272" fs="10">more</wd>
			<wd l="2715" t="4211" r="2906" b="4289" fs="10">hairy</wd>
			<wd l="2959" t="4210" r="3317" b="4282" fs="10">beneath";</wd>
			<wd l="3372" t="4209" r="3714" b="4281" fs="10">however,</wd>
			<wd l="3771" t="4227" r="3852" b="4268" fs="10">an</wd>
		</ln>
		<ln lx="2316" ly="4301" rx="3850" ry="4366">
			<wd l="2316" t="4305" r="2719" b="4366" fs="10">examination</wd>
			<wd l="2738" t="4304" r="2814" b="4364" fs="10">of</wd>
			<wd l="2820" t="4304" r="2966" b="4364" fs="10">both</wd>
			<wd l="2982" t="4303" r="3320" b="4363" fs="10">herbarium</wd>
			<wd l="3336" t="4302" r="3602" b="4362" fs="10">material</wd>
			<wd l="3621" t="4301" r="3737" b="4361" fs="10">and</wd>
			<wd l="3753" t="4301" r="3850" b="4361" fs="10">the</wd>
		</ln>
		<ln lx="2313" ly="4393" rx="3851" ry="4473">
			<wd l="2313" t="4406" r="2487" b="4473" fs="10">types</wd>
			<wd l="2524" t="4397" r="2600" b="4455" fs="10">of</wd>
			<wd l="2622" t="4396" r="2771" b="4455" fs="10">both</wd>
			<wd l="2803" t="4414" r="3013" b="4454" fs="10">names</wd>
			<wd l="3047" t="4395" r="3156" b="4454" fs="10">has</wd>
			<wd l="3193" t="4395" r="3408" b="4453" fs="10">shown</wd>
			<wd l="3440" t="4394" r="3564" b="4452" fs="10">that</wd>
			<wd l="3596" t="4393" r="3695" b="4452" fs="10">the</wd>
			<wd l="3728" t="4400" r="3851" b="4451" fs="10">two</wd>
		</ln>
		<ln lx="2314" ly="4483" rx="3852" ry="4564">
			<wd l="2314" t="4497" r="2454" b="4547" fs="10">taxa</wd>
			<wd l="2476" t="4507" r="2618" b="4564" fs="10">may</wd>
			<wd l="2643" t="4487" r="2719" b="4547" fs="10">be</wd>
			<wd l="2747" t="4485" r="3191" b="4563" fs="10">distinguished</wd>
			<wd l="3217" t="4485" r="3376" b="4545" fs="10">from</wd>
			<wd l="3402" t="4484" r="3552" b="4544" fs="10">each</wd>
			<wd l="3579" t="4484" r="3747" b="4544" fs="10">other</wd>
			<wd l="3771" t="4483" r="3852" b="4560" fs="10">by</wd>
		</ln>
		<ln lx="2317" ly="4575" rx="3852" ry="4652">
			<wd l="2317" t="4599" r="2352" b="4639" fs="10">a</wd>
			<wd l="2385" t="4579" r="2647" b="4639" fs="10">number</wd>
			<wd l="2683" t="4578" r="2761" b="4638" fs="10">of</wd>
			<wd l="2788" t="4578" r="3154" b="4649" fs="10">characters,</wd>
			<wd l="3192" t="4585" r="3301" b="4636" fs="10">not</wd>
			<wd l="3338" t="4576" r="3492" b="4636" fs="10">least</wd>
			<wd l="3526" t="4575" r="3715" b="4652" fs="10">being</wd>
			<wd l="3750" t="4575" r="3852" b="4635" fs="10">the</wd>
		</ln>
		<ln lx="2318" ly="4668" rx="3852" ry="4743">
			<wd l="2318" t="4679" r="2605" b="4730" fs="10">structure</wd>
			<wd l="2628" t="4670" r="2705" b="4730" fs="10">of</wd>
			<wd l="2713" t="4670" r="2813" b="4729" fs="10">the</wd>
			<wd l="2836" t="4669" r="3277" b="4729" fs="10">inflorescence</wd>
			<wd l="3300" t="4668" r="3514" b="4743" fs="10">(Table</wd>
			<wd l="3544" t="4668" r="3619" b="4742" fs="10">1).</wd>
			<wd l="3643" t="4669" r="3852" b="4727" fs="10">Hence</wd>
		</ln>
		<ln lx="2315" ly="4758" rx="3853" ry="4839">
			<wd l="2315" t="4782" r="2414" b="4822" fs="10">we</wd>
			<wd l="2455" t="4781" r="2740" b="4839" fs="10">propose</wd>
			<wd l="2781" t="4761" r="2916" b="4821" fs="10">that</wd>
			<wd l="2964" t="4763" r="3029" b="4820" fs="10">L.</wd>
			<wd l="3081" t="4760" r="3446" b="4836" fs="10">cordifolia</wd>
			<wd l="3492" t="4759" r="3731" b="4819" fs="10">should</wd>
			<wd l="3772" t="4758" r="3853" b="4818" fs="10">be</wd>
		</ln>
		<ln lx="2315" ly="4850" rx="3853" ry="4913">
			<wd l="2315" t="4853" r="2640" b="4913" fs="10">reinstated</wd>
			<wd l="2671" t="4853" r="2819" b="4912" fs="10">with</wd>
			<wd l="2852" t="4872" r="2887" b="4912" fs="10">a</wd>
			<wd l="2916" t="4872" r="3055" b="4912" fs="10">new</wd>
			<wd l="3088" t="4851" r="3503" b="4912" fs="10">combination</wd>
			<wd l="3533" t="4850" r="3724" b="4910" fs="10">under</wd>
			<wd l="3754" t="4850" r="3853" b="4910" fs="10">the</wd>
		</ln>
		<ln lx="2317" ly="4941" rx="3851" ry="5021">
			<wd l="2317" t="4964" r="2512" b="5021" fs="10">genus</wd>
			<wd l="2524" t="4944" r="2978" b="5004" fs="10">Dendrocnide.</wd>
			<wd l="3001" t="4946" r="3068" b="5002" fs="10">In</wd>
			<wd l="3085" t="4943" r="3184" b="5002" fs="10">the</wd>
			<wd l="3204" t="4961" r="3417" b="5002" fs="10">course</wd>
			<wd l="3437" t="4942" r="3514" b="5001" fs="10">of</wd>
			<wd l="3520" t="4942" r="3637" b="5001" fs="10">this</wd>
			<wd l="3659" t="4941" r="3851" b="5017" fs="10">study,</wd>
		</ln>
		<ln lx="2318" ly="5033" rx="3853" ry="5112">
			<wd l="2318" t="5056" r="2353" b="5096" fs="10">a</wd>
			<wd l="2368" t="5036" r="2623" b="5096" fs="10">number</wd>
			<wd l="2640" t="5036" r="2717" b="5096" fs="10">of</wd>
			<wd l="2723" t="5035" r="2954" b="5095" fs="10">variant</wd>
			<wd l="2970" t="5034" r="3355" b="5112" fs="10">populations</wd>
			<wd l="3376" t="5053" r="3413" b="5094" fs="10">o</wd>
			<wd l="3418" t="5034" r="3524" b="5093" fs="10">ÏD.</wd>
			<wd l="3550" t="5033" r="3853" b="5093" fs="10">moroides</wd>
		</ln>
		<ln lx="2317" ly="5125" rx="3853" ry="5204">
			<wd l="2317" t="5147" r="2478" b="5187" fs="10">were</wd>
			<wd l="2516" t="5128" r="2647" b="5187" fs="10">also</wd>
			<wd l="2683" t="5127" r="3049" b="5204" fs="10">recognised</wd>
			<wd l="3086" t="5126" r="3204" b="5186" fs="10">and</wd>
			<wd l="3238" t="5126" r="3357" b="5185" fs="10">this</wd>
			<wd l="3392" t="5125" r="3693" b="5185" fs="10">variation</wd>
			<wd l="3726" t="5144" r="3853" b="5184" fs="10">was</wd>
		</ln>
		<ln lx="2319" ly="5216" rx="3852" ry="5295">
			<wd l="2319" t="5219" r="2659" b="5279" fs="10">confirmed</wd>
			<wd l="2679" t="5218" r="2761" b="5295" fs="10">by</wd>
			<wd l="2784" t="5238" r="2819" b="5278" fs="10">a</wd>
			<wd l="2840" t="5218" r="3016" b="5295" fs="10">study</wd>
			<wd l="3039" t="5218" r="3116" b="5277" fs="10">of</wd>
			<wd l="3126" t="5217" r="3468" b="5277" fs="10">herbarium</wd>
			<wd l="3491" t="5216" r="3852" b="5293" fs="10">specimens;</wd>
		</ln>
		<ln lx="2317" ly="5307" rx="3854" ry="5382">
			<wd l="2317" t="5311" r="2623" b="5382" fs="10">however,</wd>
			<wd l="2656" t="5310" r="2882" b="5370" fs="10">further</wd>
			<wd l="2911" t="5309" r="3267" b="5370" fs="10">collections</wd>
			<wd l="3297" t="5309" r="3454" b="5369" fs="10">need</wd>
			<wd l="3481" t="5317" r="3544" b="5368" fs="10">to</wd>
			<wd l="3573" t="5308" r="3649" b="5368" fs="10">be</wd>
			<wd l="3678" t="5307" r="3854" b="5368" fs="10">made</wd>
		</ln>
		<ln lx="2319" ly="5399" rx="3854" ry="5478">
			<wd l="2319" t="5403" r="2437" b="5462" fs="10">and</wd>
			<wd l="2458" t="5402" r="2713" b="5473" fs="10">studied,</wd>
			<wd l="2736" t="5401" r="3049" b="5478" fs="10">including</wd>
			<wd l="3067" t="5401" r="3358" b="5477" fs="10">breeding</wd>
			<wd l="3379" t="5400" r="3624" b="5471" fs="10">studies,</wd>
			<wd l="3644" t="5399" r="3854" b="5459" fs="10">before</wd>
		</ln>
		<ln lx="2320" ly="5492" rx="3630" ry="5571">
			<wd l="2320" t="5514" r="2437" b="5571" fs="10">any</wd>
			<wd l="2460" t="5513" r="2685" b="5571" fs="10">groups</wd>
			<wd l="2711" t="5513" r="2823" b="5554" fs="10">can</wd>
			<wd l="2845" t="5494" r="2921" b="5553" fs="10">be</wd>
			<wd l="2947" t="5493" r="3229" b="5569" fs="10">formally</wd>
			<wd l="3252" t="5492" r="3630" b="5569" fs="10">recognised.</wd>
		</ln>
	</region>
	<region article-doi="10.2307/41729927" region-id="7">
		<rc l="631" t="5415" r="1663" b="5487"/>
		<ln lx="636" ly="5420" rx="1658" ry="5482">
			<wd l="636" t="5421" r="884" b="5482" fs="10">Accepted</wd>
			<wd l="904" t="5421" r="980" b="5469" fs="10">for</wd>
			<wd l="997" t="5420" r="1296" b="5481" fs="10">publication</wd>
			<wd l="1322" t="5421" r="1338" b="5467" fs="10">1</wd>
			<wd l="1350" t="5421" r="1378" b="5467" fs="10">6</wd>
			<wd l="1399" t="5420" r="1507" b="5480" fs="10">July</wd>
			<wd l="1535" t="5421" r="1550" b="5467" fs="10">1</wd>
			<wd l="1562" t="5421" r="1658" b="5467" fs="10">997</wd>
		</ln>
	</region>
</ocr-page>
