<?xml version="1.0" encoding="UTF-8"?>
<ocr-page type="coords" ocr-vers="1.0" creation-date="20130321" res="600" height="6300" width="4500">
	<region article-doi="10.2307/41729914" region-id="0">
		<rc l="635" t="730" r="3758" b="802"/>
		<ln lx="640" ly="735" rx="3753" ry="797">
			<wd l="640" t="740" r="702" b="788" fs="10">24</wd>
			<wd l="2884" t="736" r="3261" b="797" fs="10">Austrobaileya</wd>
			<wd l="3281" t="736" r="3403" b="797" fs="10">5(1):</wd>
			<wd l="3426" t="736" r="3557" b="783" fs="10">9-27</wd>
			<wd l="3578" t="735" r="3753" b="796" fs="10">(1997)</wd>
		</ln>
	</region>
	<region article-doi="10.2307/41729914" region-id="1">
		<rc l="634" t="850" r="2190" b="2441"/>
		<ln lx="639" ly="855" rx="2179" ry="935">
			<wd l="639" t="857" r="932" b="935" fs="10">marginal</wd>
			<wd l="962" t="856" r="1123" b="929" fs="10">cilia;</wd>
			<wd l="1154" t="856" r="1293" b="917" fs="10">disk</wd>
			<wd l="1320" t="875" r="1372" b="917" fs="10">c.</wd>
			<wd l="1412" t="857" r="1506" b="916" fs="10">1.6</wd>
			<wd l="1534" t="875" r="1663" b="915" fs="10">mm</wd>
			<wd l="1692" t="855" r="2000" b="927" fs="10">diameter,</wd>
			<wd l="2030" t="855" r="2179" b="916" fs="10">with</wd>
		</ln>
		<ln lx="641" ly="947" rx="2178" ry="1021">
			<wd l="641" t="949" r="847" b="1010" fs="10">dense</wd>
			<wd l="889" t="948" r="1283" b="1021" fs="10">trichomes;</wd>
			<wd l="1331" t="956" r="1626" b="1009" fs="10">stamens</wd>
			<wd l="1679" t="949" r="1783" b="1020" fs="10">16;</wd>
			<wd l="1831" t="947" r="2178" b="1008" fs="10">filaments</wd>
		</ln>
		<ln lx="641" ly="1036" rx="2179" ry="1115">
			<wd l="641" t="1038" r="919" b="1111" fs="10">filiform,</wd>
			<wd l="965" t="1039" r="1144" b="1099" fs="10">1-1.4</wd>
			<wd l="1178" t="1057" r="1307" b="1098" fs="10">mm</wd>
			<wd l="1343" t="1037" r="1511" b="1115" fs="10">long;</wd>
			<wd l="1550" t="1036" r="1791" b="1098" fs="10">anthers</wd>
			<wd l="1829" t="1037" r="2008" b="1097" fs="10">0.8-1</wd>
			<wd l="2051" t="1055" r="2179" b="1096" fs="10">mm</wd>
		</ln>
		<ln lx="642" ly="1124" rx="2179" ry="1204">
			<wd l="642" t="1126" r="805" b="1204" fs="10">long,</wd>
			<wd l="828" t="1127" r="1070" b="1186" fs="10">0.3-0.5</wd>
			<wd l="1093" t="1145" r="1221" b="1185" fs="10">mm</wd>
			<wd l="1238" t="1125" r="1418" b="1186" fs="10">wide.</wd>
			<wd l="1440" t="1124" r="1683" b="1186" fs="10">Female</wd>
			<wd l="1703" t="1124" r="2179" b="1185" fs="10">inflorescences</wd>
		</ln>
		<ln lx="643" ly="1212" rx="2180" ry="1290">
			<wd l="643" t="1214" r="759" b="1274" fs="10">and</wd>
			<wd l="775" t="1213" r="1017" b="1274" fs="10">flowers</wd>
			<wd l="1033" t="1221" r="1138" b="1274" fs="10">not</wd>
			<wd l="1155" t="1232" r="1314" b="1274" fs="10">seen.</wd>
			<wd l="1333" t="1212" r="1493" b="1273" fs="10">Fruit</wd>
			<wd l="1509" t="1212" r="1894" b="1290" fs="10">subglobose,</wd>
			<wd l="1915" t="1212" r="2180" b="1289" fs="10">strongly</wd>
		</ln>
		<ln lx="641" ly="1299" rx="2178" ry="1377">
			<wd l="641" t="1301" r="936" b="1372" fs="10">trilobate,</wd>
			<wd l="962" t="1302" r="1125" b="1361" fs="10">9-10</wd>
			<wd l="1148" t="1319" r="1275" b="1360" fs="10">mm</wd>
			<wd l="1299" t="1300" r="1463" b="1377" fs="10">long,</wd>
			<wd l="1497" t="1301" r="1520" b="1359" fs="10">1</wd>
			<wd l="1539" t="1301" r="1695" b="1359" fs="10">1-12</wd>
			<wd l="1719" t="1319" r="1847" b="1358" fs="10">mm</wd>
			<wd l="1871" t="1299" r="2178" b="1371" fs="10">diameter,</wd>
		</ln>
		<ln lx="641" ly="1389" rx="1753" ry="1467">
			<wd l="641" t="1399" r="689" b="1461" fs="10">±</wd>
			<wd l="711" t="1390" r="1013" b="1467" fs="10">glabrous.</wd>
			<wd l="1043" t="1390" r="1201" b="1450" fs="10">Seed</wd>
			<wd l="1222" t="1397" r="1329" b="1450" fs="10">not</wd>
			<wd l="1353" t="1408" r="1514" b="1450" fs="10">seen.</wd>
			<wd l="1541" t="1389" r="1668" b="1466" fs="10">Fig.</wd>
			<wd l="1697" t="1390" r="1753" b="1449" fs="10">6.</wd>
		</ln>
		<ln lx="640" ly="1551" rx="2177" ry="1613">
			<wd l="640" t="1552" r="873" b="1600" fs="10">Selected</wd>
			<wd l="895" t="1552" r="1177" b="1600" fs="10">additional</wd>
			<wd l="1199" t="1552" r="1483" b="1613" fs="10">specimens</wd>
			<wd l="1510" t="1551" r="1778" b="1599" fs="10">examined</wd>
			<wd l="1778" t="1551" r="1791" b="1598" fs="10">i</wd>
			<wd l="1824" t="1551" r="2177" b="1609" fs="10">Queensland.</wd>
		</ln>
		<ln lx="644" ly="1624" rx="2181" ry="1687">
			<wd l="644" t="1627" r="787" b="1675" fs="10">Cook</wd>
			<wd l="808" t="1627" r="1045" b="1674" fs="10">District:</wd>
			<wd l="1070" t="1625" r="1270" b="1687" fs="10">Temple</wd>
			<wd l="1293" t="1625" r="1452" b="1674" fs="10">Creek</wd>
			<wd l="1473" t="1625" r="1775" b="1682" fs="10">Catchment,</wd>
			<wd l="1800" t="1625" r="1934" b="1686" fs="10">Cape</wd>
			<wd l="1955" t="1624" r="2181" b="1673" fs="10">Melville</wd>
		</ln>
		<ln lx="641" ly="1698" rx="2184" ry="1759">
			<wd l="641" t="1702" r="775" b="1759" fs="10">N.P.,</wd>
			<wd l="802" t="1700" r="961" b="1749" fs="10">15km</wd>
			<wd l="977" t="1702" r="1089" b="1749" fs="10">NW</wd>
			<wd l="1108" t="1700" r="1169" b="1749" fs="10">of</wd>
			<wd l="1178" t="1701" r="1378" b="1749" fs="10">Barrow</wd>
			<wd l="1396" t="1699" r="1552" b="1758" fs="10">Point,</wd>
			<wd l="1579" t="1699" r="1801" b="1758" fs="10">14°17'S,</wd>
			<wd l="1828" t="1699" r="2087" b="1757" fs="10">144°31'E,</wd>
			<wd l="2108" t="1698" r="2184" b="1748" fs="10">Jul</wd>
		</ln>
		<ln lx="651" ly="1775" rx="2179" ry="1837">
			<wd l="651" t="1777" r="787" b="1835" fs="10">1993,</wd>
			<wd l="813" t="1776" r="918" b="1824" fs="10">Fell</wd>
			<wd l="944" t="1776" r="1066" b="1824" fs="10">3331</wd>
			<wd l="1098" t="1782" r="1144" b="1825" fs="10">et</wd>
			<wd l="1167" t="1775" r="1221" b="1825" fs="10">al.</wd>
			<wd l="1252" t="1776" r="1399" b="1837" fs="10">(BRI,</wd>
			<wd l="1425" t="1775" r="1624" b="1833" fs="10">CANB,</wd>
			<wd l="1649" t="1776" r="1808" b="1833" fs="10">DNA,</wd>
			<wd l="1833" t="1776" r="1999" b="1833" fs="10">MBA,</wd>
			<wd l="2024" t="1776" r="2179" b="1833" fs="10">MEL,</wd>
		</ln>
		<ln lx="646" ly="1850" rx="2181" ry="1914">
			<wd l="646" t="1852" r="810" b="1914" fs="10">QRS);</wd>
			<wd l="830" t="1851" r="1001" b="1914" fs="10">Rocky</wd>
			<wd l="1019" t="1851" r="1167" b="1901" fs="10">River</wd>
			<wd l="1186" t="1851" r="1353" b="1910" fs="10">Scrub,</wd>
			<wd l="1375" t="1851" r="1533" b="1900" fs="10">Silver</wd>
			<wd l="1549" t="1850" r="1712" b="1900" fs="10">Plains</wd>
			<wd l="1733" t="1850" r="1933" b="1909" fs="10">Station,</wd>
			<wd l="1960" t="1850" r="2181" b="1908" fs="10">13°48'S,</wd>
		</ln>
		<ln lx="651" ly="1926" rx="2178" ry="1987">
			<wd l="651" t="1928" r="904" b="1986" fs="10">143°28'E,</wd>
			<wd l="932" t="1929" r="1022" b="1976" fs="10">Jun</wd>
			<wd l="1055" t="1928" r="1193" b="1985" fs="10">1992,</wd>
			<wd l="1250" t="1929" r="1446" b="1975" fs="10">Forster</wd>
			<wd l="1485" t="1927" r="1644" b="1975" fs="10">10606</wd>
			<wd l="1673" t="1933" r="1719" b="1975" fs="10">et</wd>
			<wd l="1746" t="1926" r="1800" b="1975" fs="10">al.</wd>
			<wd l="1835" t="1926" r="1981" b="1987" fs="10">(BRI,</wd>
			<wd l="2011" t="1926" r="2178" b="1987" fs="10">QRS);</wd>
		</ln>
		<ln lx="646" ly="2001" rx="2182" ry="2063">
			<wd l="646" t="2002" r="777" b="2061" fs="10">ditto,</wd>
			<wd l="803" t="2003" r="877" b="2051" fs="10">Jul</wd>
			<wd l="908" t="2003" r="1047" b="2061" fs="10">1993,</wd>
			<wd l="1074" t="2004" r="1271" b="2051" fs="10">Forster</wd>
			<wd l="1305" t="2003" r="1464" b="2050" fs="10">13620</wd>
			<wd l="1491" t="2009" r="1537" b="2051" fs="10">et</wd>
			<wd l="1562" t="2001" r="1615" b="2050" fs="10">al.</wd>
			<wd l="1648" t="2002" r="1794" b="2062" fs="10">(BRI,</wd>
			<wd l="1822" t="2002" r="1988" b="2062" fs="10">QRS);</wd>
			<wd l="2014" t="2003" r="2182" b="2063" fs="10">Upper</wd>
		</ln>
		<ln lx="644" ly="2076" rx="2184" ry="2139">
			<wd l="644" t="2079" r="843" b="2139" fs="10">Massey</wd>
			<wd l="858" t="2077" r="1027" b="2136" fs="10">Creek,</wd>
			<wd l="1044" t="2093" r="1084" b="2126" fs="10">c.</wd>
			<wd l="1107" t="2078" r="1124" b="2125" fs="10">1</wd>
			<wd l="1136" t="2079" r="1161" b="2125" fs="10">5</wd>
			<wd l="1178" t="2077" r="1319" b="2126" fs="10">miles</wd>
			<wd l="1337" t="2078" r="1417" b="2138" fs="10">[25</wd>
			<wd l="1433" t="2077" r="1535" b="2138" fs="10">km]</wd>
			<wd l="1551" t="2078" r="1679" b="2125" fs="10">ENE</wd>
			<wd l="1694" t="2076" r="1756" b="2125" fs="10">of</wd>
			<wd l="1762" t="2077" r="1915" b="2134" fs="10">Coen,</wd>
			<wd l="1931" t="2077" r="2025" b="2125" fs="10">Oct</wd>
			<wd l="2044" t="2076" r="2184" b="2134" fs="10">1962,</wd>
		</ln>
		<ln lx="644" ly="2151" rx="2185" ry="2213">
			<wd l="644" t="2152" r="798" b="2201" fs="10">Smith</wd>
			<wd l="843" t="2153" r="1012" b="2201" fs="10">11730</wd>
			<wd l="1046" t="2152" r="1229" b="2213" fs="10">(BRI);</wd>
			<wd l="1263" t="2151" r="1587" b="2201" fs="10">Mcllwraith</wd>
			<wd l="1619" t="2153" r="1818" b="2213" fs="10">Range,</wd>
			<wd l="1853" t="2166" r="1896" b="2200" fs="10">c.</wd>
			<wd l="1938" t="2152" r="1992" b="2198" fs="10">11</wd>
			<wd l="2032" t="2151" r="2185" b="2200" fs="10">miles</wd>
		</ln>
		<ln lx="649" ly="2226" rx="2179" ry="2288">
			<wd l="649" t="2228" r="778" b="2288" fs="10">[18.3</wd>
			<wd l="804" t="2227" r="905" b="2288" fs="10">km]</wd>
			<wd l="930" t="2229" r="1058" b="2275" fs="10">ENE</wd>
			<wd l="1081" t="2227" r="1143" b="2276" fs="10">of</wd>
			<wd l="1158" t="2228" r="1312" b="2285" fs="10">Coen,</wd>
			<wd l="1337" t="2227" r="1432" b="2276" fs="10">Oct</wd>
			<wd l="1460" t="2227" r="1601" b="2285" fs="10">1962,</wd>
			<wd l="1646" t="2226" r="1794" b="2275" fs="10">Smith</wd>
			<wd l="1826" t="2227" r="1985" b="2274" fs="10">11792</wd>
			<wd l="2010" t="2226" r="2179" b="2287" fs="10">(BRI);</wd>
		</ln>
		<ln lx="644" ly="2301" rx="2183" ry="2363">
			<wd l="644" t="2302" r="824" b="2363" fs="10">Rocky</wd>
			<wd l="854" t="2301" r="1026" b="2359" fs="10">River,</wd>
			<wd l="1059" t="2308" r="1257" b="2350" fs="10">eastern</wd>
			<wd l="1288" t="2301" r="1524" b="2350" fs="10">foothills</wd>
			<wd l="1556" t="2301" r="1620" b="2349" fs="10">of</wd>
			<wd l="1642" t="2301" r="1959" b="2349" fs="10">Mcllwraith</wd>
			<wd l="1989" t="2302" r="2183" b="2361" fs="10">Range,</wd>
		</ln>
		<ln lx="652" ly="2375" rx="2180" ry="2436">
			<wd l="652" t="2377" r="873" b="2434" fs="10">13°47'S,</wd>
			<wd l="895" t="2377" r="1154" b="2433" fs="10">143°25'E,</wd>
			<wd l="1172" t="2376" r="1267" b="2424" fs="10">Oct</wd>
			<wd l="1287" t="2376" r="1428" b="2433" fs="10">1969,</wd>
			<wd l="1445" t="2375" r="1651" b="2423" fs="10"><![CDATA[Webb&]]></wd>
			<wd l="1671" t="2375" r="1994" b="2436" fs="10">Tracey9435</wd>
			<wd l="2013" t="2375" r="2180" b="2435" fs="10">(BRI).</wd>
		</ln>
	</region>
	<region article-doi="10.2307/41729914" region-id="2">
		<rc l="2308" t="847" r="3880" b="2675"/>
		<ln lx="2313" ly="852" rx="3852" ry="915">
			<wd l="2313" t="855" r="2761" b="915" fs="10">Distribution</wd>
			<wd l="2801" t="855" r="2941" b="914" fs="10">and</wd>
			<wd l="2974" t="855" r="3234" b="914" fs="10">habitat</wd>
			<wd l="3236" t="872" r="3252" b="913" fs="10">:</wd>
			<wd l="3292" t="855" r="3369" b="913" fs="10">D.</wd>
			<wd l="3415" t="852" r="3759" b="913" fs="10">surculosa</wd>
			<wd l="3798" t="852" r="3852" b="912" fs="10">is</wd>
		</ln>
		<ln lx="2318" ly="943" rx="3857" ry="1023">
			<wd l="2318" t="946" r="2597" b="1007" fs="10">endemic</wd>
			<wd l="2632" t="946" r="2695" b="1006" fs="10">in</wd>
			<wd l="2729" t="947" r="2897" b="1023" fs="10">Cape</wd>
			<wd l="2931" t="944" r="3104" b="1006" fs="10">York</wd>
			<wd l="3135" t="944" r="3462" b="1005" fs="10">Peninsula</wd>
			<wd l="3492" t="943" r="3694" b="1004" fs="10">where</wd>
			<wd l="3729" t="943" r="3773" b="1004" fs="10">it</wd>
			<wd l="3805" t="943" r="3857" b="1004" fs="10">is</wd>
		</ln>
		<ln lx="2317" ly="1035" rx="3860" ry="1099">
			<wd l="2317" t="1038" r="2546" b="1099" fs="10">known</wd>
			<wd l="2570" t="1038" r="2730" b="1099" fs="10">from</wd>
			<wd l="2752" t="1038" r="2853" b="1099" fs="10">the</wd>
			<wd l="2879" t="1046" r="3114" b="1099" fs="10">eastern</wd>
			<wd l="3138" t="1037" r="3246" b="1098" fs="10">fall</wd>
			<wd l="3271" t="1037" r="3349" b="1098" fs="10">of</wd>
			<wd l="3361" t="1037" r="3461" b="1098" fs="10">the</wd>
			<wd l="3485" t="1035" r="3860" b="1097" fs="10">Mcllwraith</wd>
		</ln>
		<ln lx="2318" ly="1127" rx="3858" ry="1208">
			<wd l="2318" t="1132" r="2538" b="1208" fs="10">Range</wd>
			<wd l="2577" t="1130" r="2700" b="1191" fs="10">and</wd>
			<wd l="2738" t="1131" r="2912" b="1207" fs="10">Cape</wd>
			<wd l="2949" t="1128" r="3244" b="1190" fs="10">Melville</wd>
			<wd l="3283" t="1129" r="3466" b="1207" fs="10">(Map</wd>
			<wd l="3505" t="1128" r="3594" b="1205" fs="10">2).</wd>
			<wd l="3634" t="1129" r="3719" b="1189" fs="10">At</wd>
			<wd l="3754" t="1127" r="3858" b="1189" fs="10">the</wd>
		</ln>
		<ln lx="2318" ly="1221" rx="3862" ry="1298">
			<wd l="2318" t="1222" r="2743" b="1282" fs="10">Mcllwraith</wd>
			<wd l="2814" t="1224" r="3071" b="1298" fs="10">Range,</wd>
			<wd l="3146" t="1221" r="3370" b="1298" fs="10">plants</wd>
			<wd l="3445" t="1239" r="3631" b="1297" fs="10">grow</wd>
			<wd l="3701" t="1238" r="3862" b="1280" fs="10">near</wd>
		</ln>
		<ln lx="2318" ly="1311" rx="3860" ry="1389">
			<wd l="2318" t="1322" r="2763" b="1374" fs="10">watercourses</wd>
			<wd l="2800" t="1313" r="2864" b="1372" fs="10">in</wd>
			<wd l="2900" t="1312" r="3402" b="1373" fs="10">semideciduous</wd>
			<wd l="3437" t="1311" r="3762" b="1389" fs="10">notophyll</wd>
			<wd l="3796" t="1319" r="3860" b="1371" fs="10">to</wd>
		</ln>
		<ln lx="2319" ly="1402" rx="3861" ry="1481">
			<wd l="2319" t="1404" r="2666" b="1481" fs="10">mesophyll</wd>
			<wd l="2695" t="1403" r="3031" b="1464" fs="10">vineforest</wd>
			<wd l="3060" t="1422" r="3142" b="1463" fs="10">on</wd>
			<wd l="3172" t="1403" r="3327" b="1480" fs="10">deep</wd>
			<wd l="3358" t="1402" r="3584" b="1463" fs="10">alluvia</wd>
			<wd l="3613" t="1402" r="3861" b="1462" fs="10">derived</wd>
		</ln>
		<ln lx="2322" ly="1493" rx="3863" ry="1572">
			<wd l="2322" t="1495" r="2482" b="1555" fs="10">from</wd>
			<wd l="2499" t="1494" r="2939" b="1572" fs="10">metamorphic</wd>
			<wd l="2961" t="1494" r="3080" b="1554" fs="10">and</wd>
			<wd l="3099" t="1494" r="3329" b="1571" fs="10">granite</wd>
			<wd l="3351" t="1493" r="3695" b="1554" fs="10">substrates.</wd>
			<wd l="3718" t="1493" r="3863" b="1553" fs="10">This</wd>
		</ln>
		<ln lx="2322" ly="1584" rx="3864" ry="1663">
			<wd l="2322" t="1586" r="2577" b="1663" fs="10">gallery-</wd>
			<wd l="2583" t="1586" r="2772" b="1646" fs="10">forest</wd>
			<wd l="2789" t="1586" r="2841" b="1646" fs="10">is</wd>
			<wd l="2859" t="1585" r="3101" b="1661" fs="10">usually</wd>
			<wd l="3120" t="1585" r="3374" b="1645" fs="10">flooded</wd>
			<wd l="3392" t="1584" r="3609" b="1661" fs="10">during</wd>
			<wd l="3625" t="1584" r="3725" b="1644" fs="10">the</wd>
			<wd l="3743" t="1592" r="3864" b="1644" fs="10">wet</wd>
		</ln>
		<ln lx="2324" ly="1673" rx="3875" ry="1754">
			<wd l="2324" t="1696" r="2544" b="1737" fs="10">season</wd>
			<wd l="2564" t="1676" r="2683" b="1737" fs="10">and</wd>
			<wd l="2703" t="1676" r="2766" b="1736" fs="10">in</wd>
			<wd l="2785" t="1676" r="2922" b="1754" fs="10">July</wd>
			<wd l="2951" t="1677" r="3127" b="1748" fs="10">1993,</wd>
			<wd l="3148" t="1675" r="3314" b="1736" fs="10">there</wd>
			<wd l="3334" t="1694" r="3462" b="1735" fs="10">was</wd>
			<wd l="3484" t="1674" r="3776" b="1735" fs="10">evidence</wd>
			<wd l="3798" t="1673" r="3875" b="1734" fs="10">of</wd>
		</ln>
		<ln lx="2323" ly="1766" rx="3863" ry="1845">
			<wd l="2323" t="1768" r="2498" b="1830" fs="10">flood</wd>
			<wd l="2529" t="1768" r="2730" b="1830" fs="10">debris</wd>
			<wd l="2764" t="1787" r="2935" b="1829" fs="10">some</wd>
			<wd l="2976" t="1769" r="3047" b="1828" fs="10">12</wd>
			<wd l="3079" t="1787" r="3143" b="1827" fs="10">m</wd>
			<wd l="3175" t="1767" r="3371" b="1828" fs="10">above</wd>
			<wd l="3401" t="1767" r="3502" b="1828" fs="10">the</wd>
			<wd l="3534" t="1766" r="3770" b="1845" fs="10">ground</wd>
			<wd l="3800" t="1766" r="3863" b="1826" fs="10">in</wd>
		</ln>
		<ln lx="2321" ly="1858" rx="3862" ry="1937">
			<wd l="2321" t="1862" r="2427" b="1923" fs="10">the</wd>
			<wd l="2467" t="1880" r="2716" b="1923" fs="10">crowns</wd>
			<wd l="2756" t="1861" r="2836" b="1922" fs="10">of</wd>
			<wd l="2862" t="1861" r="2967" b="1922" fs="10">the</wd>
			<wd l="3005" t="1869" r="3190" b="1922" fs="10">trees.</wd>
			<wd l="3231" t="1859" r="3618" b="1920" fs="10">Associated</wd>
			<wd l="3653" t="1858" r="3862" b="1937" fs="10">plants</wd>
		</ln>
		<ln lx="2324" ly="1952" rx="3860" ry="2031">
			<wd l="2324" t="1953" r="2567" b="2014" fs="10">include</wd>
			<wd l="2594" t="1955" r="3174" b="2031" fs="10">Castanospermum</wd>
			<wd l="3200" t="1952" r="3473" b="2013" fs="10">australe</wd>
			<wd l="3493" t="1953" r="3772" b="2012" fs="10">A.Cunn.</wd>
			<wd l="3800" t="1952" r="3860" b="2012" fs="10"><![CDATA[&]]></wd>
		</ln>
		<ln lx="2323" ly="2043" rx="3859" ry="2122">
			<wd l="2323" t="2048" r="2530" b="2106" fs="10">Fraser</wd>
			<wd l="2560" t="2065" r="2635" b="2106" fs="10">ex</wd>
			<wd l="2665" t="2045" r="2887" b="2117" fs="10">Hook.,</wd>
			<wd l="2923" t="2047" r="3109" b="2105" fs="10">Ficus</wd>
			<wd l="3142" t="2044" r="3401" b="2122" fs="10">albipila</wd>
			<wd l="3432" t="2043" r="3643" b="2121" fs="10">(Miq.)</wd>
			<wd l="3675" t="2043" r="3859" b="2121" fs="10">King,</wd>
		</ln>
		<ln lx="2321" ly="2135" rx="3863" ry="2215">
			<wd l="2321" t="2137" r="2944" b="2215" fs="10">Haplostichanthus</wd>
			<wd l="2993" t="2156" r="3087" b="2214" fs="10">sp.</wd>
			<wd l="3131" t="2135" r="3388" b="2213" fs="10">(Rocky</wd>
			<wd l="3427" t="2136" r="3623" b="2195" fs="10">River</wd>
			<wd l="3663" t="2135" r="3863" b="2195" fs="10">Scrub</wd>
		</ln>
		<ln lx="2324" ly="2226" rx="3863" ry="2304">
			<wd l="2324" t="2231" r="2686" b="2289" fs="10">P.I.Forster</wd>
			<wd l="2720" t="2228" r="3104" b="2304" fs="10">PIF10617),</wd>
			<wd l="3137" t="2227" r="3533" b="2288" fs="10">Rhodamnia</wd>
			<wd l="3568" t="2226" r="3863" b="2287" fs="10">australis</wd>
		</ln>
		<ln lx="2324" ly="2318" rx="3862" ry="2396">
			<wd l="2324" t="2322" r="2455" b="2379" fs="10">A.J.</wd>
			<wd l="2465" t="2321" r="2503" b="2379" fs="10">S</wd>
			<wd l="2509" t="2328" r="2651" b="2391" fs="10">cott,</wd>
			<wd l="2662" t="2320" r="2763" b="2379" fs="10">Pil</wd>
			<wd l="2765" t="2319" r="2888" b="2379" fs="10">idio</wd>
			<wd l="2890" t="2324" r="3111" b="2396" fs="10">stigma</wd>
			<wd l="3129" t="2339" r="3444" b="2378" fs="10">recurvum</wd>
			<wd l="3463" t="2318" r="3862" b="2393" fs="10">(C.T.White)</wd>
		</ln>
		<ln lx="2325" ly="2410" rx="3859" ry="2486">
			<wd l="2325" t="2412" r="2669" b="2482" fs="10">A.J.Scott,</wd>
			<wd l="2712" t="2410" r="2835" b="2470" fs="10">and</wd>
			<wd l="2885" t="2410" r="3245" b="2470" fs="10">Codiaeum</wd>
			<wd l="3286" t="2414" r="3690" b="2486" fs="10">variegatum</wd>
			<wd l="3727" t="2428" r="3859" b="2469" fs="10">var.</wd>
		</ln>
		<ln lx="2327" ly="2499" rx="3867" ry="2576">
			<wd l="2327" t="2501" r="2758" b="2561" fs="10">moluccanum</wd>
			<wd l="2807" t="2501" r="3108" b="2576" fs="10">(Decne.)</wd>
			<wd l="3146" t="2499" r="3531" b="2576" fs="10">Muell.Arg.</wd>
			<wd l="3571" t="2501" r="3656" b="2559" fs="10">At</wd>
			<wd l="3694" t="2500" r="3867" b="2576" fs="10">Cape</wd>
		</ln>
		<ln lx="2326" ly="2590" rx="3870" ry="2670">
			<wd l="2326" t="2592" r="2629" b="2665" fs="10">Melville,</wd>
			<wd l="2666" t="2592" r="2767" b="2653" fs="10">the</wd>
			<wd l="2801" t="2592" r="3001" b="2670" fs="10">plants</wd>
			<wd l="3038" t="2611" r="3210" b="2669" fs="10">grow</wd>
			<wd l="3245" t="2591" r="3309" b="2651" fs="10">in</wd>
			<wd l="3344" t="2590" r="3870" b="2651" fs="10">semi-deciduous</wd>
		</ln>
	</region>
	<region article-doi="10.2307/41729914" region-id="3">
		<rc l="655" t="5207" r="2980" b="5281"/>
		<ln lx="660" ly="5212" rx="2975" ry="5276">
			<wd l="660" t="5217" r="790" b="5276" fs="10">Map</wd>
			<wd l="810" t="5216" r="854" b="5262" fs="10">2.</wd>
			<wd l="877" t="5215" r="1197" b="5262" fs="10">Distribution</wd>
			<wd l="1217" t="5215" r="1279" b="5262" fs="10">of</wd>
			<wd l="1304" t="5222" r="1351" b="5268" fs="10">•</wd>
			<wd l="1370" t="5215" r="1655" b="5261" fs="10">Dissiliaria</wd>
			<wd l="1676" t="5215" r="1922" b="5261" fs="10">indistinct</wd>
			<wd l="1922" t="5231" r="1968" b="5270" fs="10">a,</wd>
			<wd l="2003" t="5223" r="2050" b="5263" fs="10">▲</wd>
			<wd l="2083" t="5215" r="2140" b="5260" fs="10">D.</wd>
			<wd l="2165" t="5214" r="2425" b="5260" fs="10">surculosa</wd>
			<wd l="2445" t="5213" r="2538" b="5260" fs="10">and</wd>
			<wd l="2578" t="5213" r="2630" b="5263" fs="10">★</wd>
			<wd l="2669" t="5214" r="2725" b="5259" fs="10">D.</wd>
			<wd l="2753" t="5212" r="2975" b="5259" fs="10">muelleri</wd>
		</ln>
	</region>
</ocr-page>
