<?xml version="1.0" encoding="UTF-8"?>
<ocr-page type="coords" ocr-vers="1.0" creation-date="20130321" res="600" height="6300" width="4500">
	<region article-doi="10.2307/41729913" region-id="0">
		<rc l="623" t="728" r="3830" b="800"/>
		<ln lx="628" ly="733" rx="3825" ry="795">
			<wd l="628" t="734" r="657" b="781" fs="10">2</wd>
			<wd l="2993" t="733" r="3369" b="795" fs="10">Austrobaileya</wd>
			<wd l="3388" t="734" r="3510" b="795" fs="10">5(1):</wd>
			<wd l="3539" t="734" r="3629" b="782" fs="10">1-8</wd>
			<wd l="3650" t="734" r="3825" b="795" fs="10">(1997)</wd>
		</ln>
	</region>
	<region article-doi="10.2307/41729913" region-id="1">
		<rc l="620" t="846" r="2178" b="5613"/>
		<ln lx="630" ly="851" rx="2173" ry="930">
			<wd l="630" t="851" r="950" b="913" fs="10">tabulates</wd>
			<wd l="991" t="851" r="1412" b="930" fs="10">populations</wd>
			<wd l="1456" t="852" r="1559" b="913" fs="10">for</wd>
			<wd l="1597" t="851" r="1704" b="913" fs="10">the</wd>
			<wd l="1744" t="871" r="2058" b="930" fs="10">presence</wd>
			<wd l="2101" t="871" r="2173" b="913" fs="10">or</wd>
		</ln>
		<ln lx="632" ly="945" rx="2170" ry="1023">
			<wd l="632" t="945" r="908" b="1005" fs="10">absence</wd>
			<wd l="949" t="945" r="1028" b="1005" fs="10">of</wd>
			<wd l="1058" t="945" r="1415" b="1005" fs="10">characters</wd>
			<wd l="1457" t="945" r="1580" b="1006" fs="10">and</wd>
			<wd l="1618" t="945" r="1769" b="1006" fs="10">then</wd>
			<wd l="1809" t="945" r="2170" b="1023" fs="10">iteratively</wd>
		</ln>
		<ln lx="632" ly="1037" rx="2172" ry="1116">
			<wd l="632" t="1046" r="984" b="1115" fs="10">aggregates</wd>
			<wd l="1002" t="1037" r="1171" b="1099" fs="10">these</wd>
			<wd l="1189" t="1037" r="1577" b="1116" fs="10">populations</wd>
			<wd l="1595" t="1037" r="1786" b="1099" fs="10">based</wd>
			<wd l="1804" t="1057" r="1886" b="1099" fs="10">on</wd>
			<wd l="1902" t="1038" r="2172" b="1099" fs="10">whether</wd>
		</ln>
		<ln lx="633" ly="1129" rx="2167" ry="1207">
			<wd l="633" t="1129" r="983" b="1190" fs="10">characters</wd>
			<wd l="1021" t="1130" r="1182" b="1190" fs="10">have</wd>
			<wd l="1221" t="1149" r="1387" b="1207" fs="10">gone</wd>
			<wd l="1424" t="1138" r="1489" b="1190" fs="10">to</wd>
			<wd l="1529" t="1130" r="1800" b="1190" fs="10">fixation</wd>
			<wd l="1839" t="1130" r="2067" b="1206" fs="10">(Davis</wd>
			<wd l="2107" t="1131" r="2167" b="1190" fs="10"><![CDATA[&]]></wd>
		</ln>
		<ln lx="629" ly="1221" rx="1922" ry="1298">
			<wd l="629" t="1221" r="839" b="1282" fs="10">Nixon</wd>
			<wd l="872" t="1222" r="1048" b="1294" fs="10">1992;</wd>
			<wd l="1074" t="1221" r="1266" b="1282" fs="10">Davis</wd>
			<wd l="1292" t="1223" r="1352" b="1282" fs="10"><![CDATA[&]]></wd>
			<wd l="1379" t="1221" r="1688" b="1282" fs="10">Goldman</wd>
			<wd l="1720" t="1222" r="1922" b="1298" fs="10">1993).</wd>
		</ln>
		<ln lx="820" ly="1385" rx="2173" ry="1463">
			<wd l="820" t="1385" r="1121" b="1445" fs="10">McDade</wd>
			<wd l="1164" t="1386" r="1400" b="1462" fs="10">(1995)</wd>
			<wd l="1441" t="1385" r="1734" b="1463" fs="10">recently</wd>
			<wd l="1773" t="1386" r="2095" b="1463" fs="10">provided</wd>
			<wd l="2137" t="1406" r="2173" b="1446" fs="10">a</wd>
		</ln>
		<ln lx="632" ly="1477" rx="2171" ry="1555">
			<wd l="632" t="1477" r="896" b="1538" fs="10">detailed</wd>
			<wd l="921" t="1477" r="1150" b="1538" fs="10">review</wd>
			<wd l="1177" t="1477" r="1254" b="1538" fs="10">of</wd>
			<wd l="1268" t="1478" r="1369" b="1538" fs="10">the</wd>
			<wd l="1395" t="1478" r="1841" b="1555" fs="10">monographic</wd>
			<wd l="1870" t="1477" r="2171" b="1539" fs="10">literature</wd>
		</ln>
		<ln lx="630" ly="1569" rx="2171" ry="1647">
			<wd l="630" t="1569" r="995" b="1646" fs="10">regarding</wd>
			<wd l="1063" t="1569" r="1332" b="1646" fs="10">species</wd>
			<wd l="1402" t="1578" r="1730" b="1647" fs="10">concepts</wd>
			<wd l="1800" t="1570" r="1930" b="1630" fs="10">and</wd>
			<wd l="1995" t="1570" r="2171" b="1630" fs="10">their</wd>
		</ln>
		<ln lx="632" ly="1660" rx="2171" ry="1738">
			<wd l="632" t="1660" r="1024" b="1738" fs="10">application</wd>
			<wd l="1063" t="1660" r="1127" b="1720" fs="10">in</wd>
			<wd l="1164" t="1661" r="1443" b="1738" fs="10">practice</wd>
			<wd l="1484" t="1662" r="1622" b="1737" fs="10">(see</wd>
			<wd l="1663" t="1661" r="1800" b="1722" fs="10">also</wd>
			<wd l="1840" t="1661" r="2171" b="1722" fs="10">Hamilton</wd>
		</ln>
		<ln lx="632" ly="1753" rx="2170" ry="1832">
			<wd l="632" t="1754" r="692" b="1814" fs="10"><![CDATA[&]]></wd>
			<wd l="727" t="1753" r="1030" b="1814" fs="10">Reichard</wd>
			<wd l="1072" t="1754" r="1276" b="1830" fs="10">1992).</wd>
			<wd l="1313" t="1753" r="1633" b="1832" fs="10">Although</wd>
			<wd l="1667" t="1753" r="1839" b="1815" fs="10">other</wd>
			<wd l="1871" t="1754" r="2170" b="1815" fs="10">botanists</wd>
		</ln>
		<ln lx="630" ly="1846" rx="2169" ry="1925">
			<wd l="630" t="1846" r="787" b="1906" fs="10">have</wd>
			<wd l="811" t="1846" r="1174" b="1907" fs="10">considered</wd>
			<wd l="1195" t="1846" r="1295" b="1907" fs="10">the</wd>
			<wd l="1321" t="1847" r="1559" b="1925" fs="10">species</wd>
			<wd l="1582" t="1846" r="1863" b="1925" fs="10">problem</wd>
			<wd l="1887" t="1847" r="2047" b="1908" fs="10">from</wd>
			<wd l="2068" t="1847" r="2169" b="1908" fs="10">the</wd>
		</ln>
		<ln lx="629" ly="1938" rx="2171" ry="2017">
			<wd l="629" t="1938" r="1078" b="2016" fs="10">phylogenetic</wd>
			<wd l="1115" t="1939" r="1513" b="2016" fs="10">perspective</wd>
			<wd l="1553" t="1939" r="1767" b="2017" fs="10">(Crisp</wd>
			<wd l="1807" t="1941" r="1867" b="2000" fs="10"><![CDATA[&]]></wd>
			<wd l="1907" t="1942" r="2171" b="2000" fs="10">Weston</wd>
		</ln>
		<ln lx="639" ly="2031" rx="2170" ry="2109">
			<wd l="639" t="2032" r="829" b="2103" fs="10">1993;</wd>
			<wd l="872" t="2031" r="1061" b="2108" fs="10">Crisp</wd>
			<wd l="1104" t="2032" r="1163" b="2091" fs="10"><![CDATA[&]]></wd>
			<wd l="1207" t="2031" r="1534" b="2092" fs="10">Chandler</wd>
			<wd l="1582" t="2032" r="1801" b="2108" fs="10">1996),</wd>
			<wd l="1846" t="2032" r="2001" b="2109" fs="10">only</wd>
			<wd l="2040" t="2040" r="2170" b="2092" fs="10">two</wd>
		</ln>
		<ln lx="629" ly="2123" rx="2169" ry="2202">
			<wd l="629" t="2123" r="1043" b="2201" fs="10">monographs</wd>
			<wd l="1066" t="2123" r="1226" b="2184" fs="10">cited</wd>
			<wd l="1245" t="2123" r="1328" b="2202" fs="10">by</wd>
			<wd l="1348" t="2124" r="1636" b="2185" fs="10">McDade</wd>
			<wd l="1659" t="2124" r="1880" b="2201" fs="10">(1995)</wd>
			<wd l="1904" t="2124" r="2169" b="2202" fs="10">(Soreng</wd>
		</ln>
		<ln lx="639" ly="2215" rx="2172" ry="2294">
			<wd l="639" t="2217" r="816" b="2275" fs="10">1991:</wd>
			<wd l="849" t="2216" r="991" b="2288" fs="10">508;</wd>
			<wd l="1020" t="2215" r="1295" b="2276" fs="10">Luckow</wd>
			<wd l="1330" t="2217" r="1507" b="2276" fs="10">1993:</wd>
			<wd l="1539" t="2217" r="1647" b="2292" fs="10">38)</wd>
			<wd l="1676" t="2216" r="1992" b="2294" fs="10">explicitly</wd>
			<wd l="2017" t="2217" r="2172" b="2277" fs="10">used</wd>
		</ln>
		<ln lx="631" ly="2307" rx="2170" ry="2387">
			<wd l="631" t="2327" r="667" b="2368" fs="10">a</wd>
			<wd l="719" t="2307" r="1152" b="2386" fs="10">phylogenetic</wd>
			<wd l="1185" t="2308" r="1423" b="2386" fs="10">species</wd>
			<wd l="1455" t="2317" r="1716" b="2387" fs="10">concept</wd>
			<wd l="1746" t="2328" r="1932" b="2369" fs="10">sensu</wd>
			<wd l="1957" t="2309" r="2170" b="2370" fs="10">Nixon</wd>
		</ln>
		<ln lx="631" ly="2400" rx="2170" ry="2478">
			<wd l="631" t="2400" r="758" b="2460" fs="10">and</wd>
			<wd l="801" t="2400" r="1110" b="2460" fs="10">Wheeler</wd>
			<wd l="1153" t="2401" r="1418" b="2476" fs="10">(1990).</wd>
			<wd l="1466" t="2403" r="1559" b="2461" fs="10">To</wd>
			<wd l="1603" t="2401" r="1713" b="2461" fs="10">the</wd>
			<wd l="1756" t="2401" r="1904" b="2461" fs="10">best</wd>
			<wd l="1947" t="2401" r="2029" b="2461" fs="10">of</wd>
			<wd l="2060" t="2421" r="2170" b="2478" fs="10">my</wd>
		</ln>
		<ln lx="629" ly="2491" rx="2168" ry="2569">
			<wd l="629" t="2491" r="1038" b="2569" fs="10">knowledge,</wd>
			<wd l="1080" t="2511" r="1163" b="2551" fs="10">no</wd>
			<wd l="1203" t="2511" r="1434" b="2569" fs="10">papers</wd>
			<wd l="1474" t="2491" r="1823" b="2569" fs="10">published</wd>
			<wd l="1863" t="2492" r="2025" b="2553" fs="10">after</wd>
			<wd l="2063" t="2492" r="2168" b="2553" fs="10">the</wd>
		</ln>
		<ln lx="627" ly="2583" rx="2171" ry="2662">
			<wd l="627" t="2583" r="843" b="2661" fs="10">period</wd>
			<wd l="871" t="2584" r="1135" b="2645" fs="10">covered</wd>
			<wd l="1161" t="2584" r="1244" b="2662" fs="10">by</wd>
			<wd l="1271" t="2584" r="1558" b="2645" fs="10">McDade</wd>
			<wd l="1588" t="2585" r="1810" b="2661" fs="10">(1995)</wd>
			<wd l="1840" t="2584" r="2171" b="2646" fs="10">addressed</wd>
		</ln>
		<ln lx="630" ly="2676" rx="2172" ry="2754">
			<wd l="630" t="2676" r="815" b="2736" fs="10">either</wd>
			<wd l="830" t="2676" r="928" b="2736" fs="10">the</wd>
			<wd l="948" t="2676" r="1312" b="2753" fs="10">application</wd>
			<wd l="1329" t="2676" r="1406" b="2737" fs="10">of</wd>
			<wd l="1411" t="2676" r="1766" b="2754" fs="10">population</wd>
			<wd l="1784" t="2677" r="2172" b="2754" fs="10">aggregation</wd>
		</ln>
		<ln lx="629" ly="2767" rx="2168" ry="2847">
			<wd l="629" t="2767" r="932" b="2846" fs="10">analysis</wd>
			<wd l="989" t="2768" r="1236" b="2845" fs="10">(Davis</wd>
			<wd l="1292" t="2769" r="1352" b="2829" fs="10"><![CDATA[&]]></wd>
			<wd l="1407" t="2768" r="1640" b="2829" fs="10">Nixon</wd>
			<wd l="1703" t="2769" r="1910" b="2846" fs="10">1992)</wd>
			<wd l="1964" t="2769" r="2168" b="2847" fs="10">using</wd>
		</ln>
		<ln lx="627" ly="2861" rx="2168" ry="2939">
			<wd l="627" t="2861" r="1117" b="2938" fs="10">morphological</wd>
			<wd l="1153" t="2861" r="1511" b="2934" fs="10">characters,</wd>
			<wd l="1549" t="2881" r="1617" b="2922" fs="10">or</wd>
			<wd l="1648" t="2861" r="1749" b="2922" fs="10">the</wd>
			<wd l="1782" t="2862" r="2168" b="2939" fs="10">recognition</wd>
		</ln>
		<ln lx="629" ly="2953" rx="2169" ry="3031">
			<wd l="629" t="2953" r="707" b="3014" fs="10">of</wd>
			<wd l="724" t="2953" r="1158" b="3031" fs="10">phylogenetic</wd>
			<wd l="1189" t="2953" r="1428" b="3031" fs="10">species</wd>
			<wd l="1458" t="2954" r="1521" b="3014" fs="10">in</wd>
			<wd l="1548" t="2953" r="1649" b="3015" fs="10">the</wd>
			<wd l="1678" t="2954" r="2042" b="3015" fs="10">herbarium.</wd>
			<wd l="2101" t="2956" r="2169" b="3014" fs="10">In</wd>
		</ln>
		<ln lx="629" ly="3045" rx="2167" ry="3124">
			<wd l="629" t="3045" r="915" b="3118" fs="10">addition,</wd>
			<wd l="934" t="3045" r="1080" b="3106" fs="10">with</wd>
			<wd l="1096" t="3046" r="1195" b="3106" fs="10">the</wd>
			<wd l="1214" t="3046" r="1535" b="3124" fs="10">exception</wd>
			<wd l="1553" t="3046" r="1630" b="3107" fs="10">of</wd>
			<wd l="1640" t="3047" r="1929" b="3124" fs="10">Soreng's</wd>
			<wd l="1949" t="3047" r="2167" b="3123" fs="10">(1991)</wd>
		</ln>
		<ln lx="629" ly="3138" rx="2169" ry="3216">
			<wd l="629" t="3138" r="901" b="3198" fs="10">detailed</wd>
			<wd l="937" t="3138" r="1261" b="3210" fs="10">rationale,</wd>
			<wd l="1300" t="3138" r="1404" b="3198" fs="10">the</wd>
			<wd l="1443" t="3139" r="1613" b="3199" fs="10">issue</wd>
			<wd l="1653" t="3139" r="1732" b="3199" fs="10">of</wd>
			<wd l="1757" t="3139" r="2169" b="3216" fs="10">recognizing</wd>
		</ln>
		<ln lx="629" ly="3230" rx="2168" ry="3309">
			<wd l="629" t="3230" r="1043" b="3308" fs="10">infraspecific</wd>
			<wd l="1061" t="3239" r="1201" b="3291" fs="10">taxa</wd>
			<wd l="1216" t="3231" r="1409" b="3291" fs="10">under</wd>
			<wd l="1427" t="3250" r="1462" b="3291" fs="10">a</wd>
			<wd l="1478" t="3231" r="1910" b="3309" fs="10">phylogenetic</wd>
			<wd l="1931" t="3231" r="2168" b="3309" fs="10">species</wd>
		</ln>
		<ln lx="629" ly="3322" rx="2171" ry="3400">
			<wd l="629" t="3330" r="889" b="3399" fs="10">concept</wd>
			<wd l="909" t="3322" r="1140" b="3400" fs="10">largely</wd>
			<wd l="1158" t="3322" r="1268" b="3383" fs="10">has</wd>
			<wd l="1288" t="3322" r="1447" b="3383" fs="10">been</wd>
			<wd l="1467" t="3322" r="1847" b="3383" fs="10">overlooked</wd>
			<wd l="1867" t="3323" r="2171" b="3399" fs="10">(Luckow</wd>
		</ln>
		<ln lx="637" ly="3414" rx="841" ry="3491">
			<wd l="637" t="3414" r="841" b="3491" fs="10">1995).</wd>
		</ln>
		<ln lx="816" ly="3577" rx="2168" ry="3655">
			<wd l="816" t="3577" r="1087" b="3654" fs="10">Having</wd>
			<wd l="1203" t="3577" r="1508" b="3654" fs="10">recently</wd>
			<wd l="1627" t="3577" r="2014" b="3655" fs="10">completed</wd>
			<wd l="2132" t="3597" r="2168" b="3637" fs="10">a</wd>
		</ln>
		<ln lx="625" ly="3667" rx="2168" ry="3745">
			<wd l="625" t="3667" r="1390" b="3745" fs="10">phylogenetically-based</wd>
			<wd l="1406" t="3667" r="1784" b="3745" fs="10">monograph</wd>
			<wd l="1802" t="3667" r="1879" b="3728" fs="10">of</wd>
			<wd l="1884" t="3667" r="1983" b="3728" fs="10">the</wd>
			<wd l="2002" t="3687" r="2168" b="3745" fs="10">grass</wd>
		</ln>
		<ln lx="627" ly="3758" rx="2168" ry="3836">
			<wd l="627" t="3777" r="822" b="3835" fs="10">genus</wd>
			<wd l="832" t="3758" r="1209" b="3835" fs="10">Leptochloa</wd>
			<wd l="1226" t="3760" r="1287" b="3818" fs="10">J*.</wd>
			<wd l="1293" t="3760" r="1521" b="3818" fs="10">Beauv.</wd>
			<wd l="1544" t="3758" r="1761" b="3834" fs="10">(Snow</wd>
			<wd l="1786" t="3758" r="1970" b="3834" fs="10">1997)</wd>
			<wd l="1987" t="3758" r="2168" b="3836" fs="10">using</wd>
		</ln>
		<ln lx="628" ly="3848" rx="2166" ry="3927">
			<wd l="628" t="3848" r="945" b="3909" fs="10">standard</wd>
			<wd l="999" t="3848" r="1419" b="3927" fs="10">approaches</wd>
			<wd l="1475" t="3848" r="1914" b="3925" fs="10">(herbarium,</wd>
			<wd l="1972" t="3848" r="2166" b="3922" fs="10">field,</wd>
		</ln>
		<ln lx="626" ly="3940" rx="2166" ry="4016">
			<wd l="626" t="3940" r="1079" b="4016" fs="10">greenhouse),</wd>
			<wd l="1121" t="3942" r="1145" b="3998" fs="10">I</wd>
			<wd l="1184" t="3940" r="1309" b="3999" fs="10">had</wd>
			<wd l="1346" t="3948" r="1411" b="3999" fs="10">to</wd>
			<wd l="1453" t="3940" r="1752" b="4000" fs="10">consider</wd>
			<wd l="1789" t="3948" r="1917" b="4000" fs="10">two</wd>
			<wd l="1958" t="3940" r="2166" b="4000" fs="10">issues</wd>
		</ln>
		<ln lx="625" ly="4029" rx="2169" ry="4106">
			<wd l="625" t="4029" r="895" b="4088" fs="10">relevant</wd>
			<wd l="913" t="4037" r="976" b="4089" fs="10">to</wd>
			<wd l="998" t="4029" r="1098" b="4088" fs="10">the</wd>
			<wd l="1119" t="4029" r="1424" b="4088" fs="10">botanical</wd>
			<wd l="1445" t="4029" r="1910" b="4106" fs="10">monographer:</wd>
			<wd l="1945" t="4030" r="2002" b="4104" fs="10">1)</wd>
			<wd l="2024" t="4030" r="2169" b="4088" fs="10">how</wd>
		</ln>
		<ln lx="625" ly="4118" rx="2168" ry="4195">
			<wd l="625" t="4127" r="687" b="4178" fs="10">to</wd>
			<wd l="706" t="4118" r="994" b="4195" fs="10">diagnose</wd>
			<wd l="1010" t="4118" r="1431" b="4195" fs="10">phylogenetic</wd>
			<wd l="1451" t="4118" r="1682" b="4195" fs="10">species</wd>
			<wd l="1699" t="4118" r="1930" b="4195" fs="10">relying</wd>
			<wd l="1946" t="4118" r="2168" b="4195" fs="10">mostly</wd>
		</ln>
		<ln lx="628" ly="4208" rx="2167" ry="4285">
			<wd l="628" t="4228" r="710" b="4268" fs="10">on</wd>
			<wd l="734" t="4208" r="1076" b="4268" fs="10">herbarium</wd>
			<wd l="1105" t="4208" r="1447" b="4285" fs="10">specimens</wd>
			<wd l="1474" t="4208" r="1655" b="4285" fs="10">using</wd>
			<wd l="1680" t="4208" r="2167" b="4285" fs="10">morphological</wd>
		</ln>
		<ln lx="628" ly="4297" rx="2169" ry="4374">
			<wd l="628" t="4298" r="979" b="4369" fs="10">characters,</wd>
			<wd l="1001" t="4297" r="1118" b="4357" fs="10">and</wd>
			<wd l="1136" t="4298" r="1202" b="4373" fs="10">2)</wd>
			<wd l="1219" t="4297" r="1319" b="4357" fs="10">the</wd>
			<wd l="1337" t="4297" r="1685" b="4357" fs="10">theoretical</wd>
			<wd l="1705" t="4297" r="1823" b="4357" fs="10">and</wd>
			<wd l="1839" t="4297" r="2169" b="4374" fs="10">pragmatic</wd>
		</ln>
		<ln lx="628" ly="4387" rx="2168" ry="4464">
			<wd l="628" t="4387" r="1175" b="4448" fs="10">considerations</wd>
			<wd l="1224" t="4387" r="1306" b="4447" fs="10">of</wd>
			<wd l="1341" t="4387" r="1643" b="4448" fs="10">whether</wd>
			<wd l="1687" t="4396" r="1755" b="4447" fs="10">to</wd>
			<wd l="1801" t="4387" r="2168" b="4464" fs="10">recognize</wd>
		</ln>
		<ln lx="628" ly="4477" rx="2169" ry="4554">
			<wd l="628" t="4477" r="1042" b="4554" fs="10">infraspecific</wd>
			<wd l="1062" t="4485" r="1217" b="4537" fs="10">taxa.</wd>
			<wd l="1258" t="4480" r="1282" b="4536" fs="10">I</wd>
			<wd l="1300" t="4477" r="1443" b="4537" fs="10">here</wd>
			<wd l="1465" t="4477" r="1694" b="4537" fs="10">outline</wd>
			<wd l="1712" t="4477" r="1813" b="4537" fs="10">the</wd>
			<wd l="1832" t="4477" r="2123" b="4537" fs="10">rationale</wd>
			<wd l="2145" t="4479" r="2169" b="4536" fs="10">I</wd>
		</ln>
		<ln lx="628" ly="4566" rx="2164" ry="4644">
			<wd l="628" t="4567" r="936" b="4639" fs="10">followed,</wd>
			<wd l="957" t="4567" r="1074" b="4627" fs="10">and</wd>
			<wd l="1090" t="4567" r="1291" b="4627" fs="10">which</wd>
			<wd l="1309" t="4567" r="1506" b="4627" fs="10">others</wd>
			<wd l="1524" t="4586" r="1665" b="4644" fs="10">may</wd>
			<wd l="1681" t="4566" r="1837" b="4627" fs="10">wish</wd>
			<wd l="1852" t="4575" r="1914" b="4627" fs="10">to</wd>
			<wd l="1934" t="4567" r="2164" b="4638" fs="10">follow,</wd>
		</ln>
		<ln lx="628" ly="4656" rx="2168" ry="4734">
			<wd l="628" t="4657" r="690" b="4716" fs="10">in</wd>
			<wd l="722" t="4657" r="822" b="4717" fs="10">the</wd>
			<wd l="856" t="4657" r="1017" b="4734" fs="10">hope</wd>
			<wd l="1053" t="4657" r="1130" b="4716" fs="10">of</wd>
			<wd l="1155" t="4656" r="1526" b="4733" fs="10">stimulating</wd>
			<wd l="1561" t="4656" r="1788" b="4716" fs="10">further</wd>
			<wd l="1822" t="4656" r="2168" b="4716" fs="10">discussion</wd>
		</ln>
		<ln lx="628" ly="4747" rx="1139" ry="4825">
			<wd l="628" t="4767" r="710" b="4807" fs="10">on</wd>
			<wd l="731" t="4747" r="901" b="4808" fs="10">these</wd>
			<wd l="924" t="4747" r="1139" b="4825" fs="10">topics.</wd>
		</ln>
		<ln lx="627" ly="4911" rx="2165" ry="4988">
			<wd l="627" t="4912" r="1074" b="4988" fs="10">Phylogenetic</wd>
			<wd l="1093" t="4912" r="1331" b="4988" fs="10">species</wd>
			<wd l="1352" t="4912" r="1481" b="4970" fs="10">and</wd>
			<wd l="1500" t="4911" r="1668" b="4970" fs="10">their</wd>
			<wd l="1687" t="4911" r="2081" b="4987" fs="10">recognition</wd>
			<wd l="2101" t="4911" r="2165" b="4969" fs="10">in</wd>
		</ln>
		<ln lx="627" ly="5004" rx="1420" ry="5080">
			<wd l="627" t="5004" r="955" b="5063" fs="10">botanical</wd>
			<wd l="979" t="5005" r="1420" b="5080" fs="10">monographs</wd>
		</ln>
		<ln lx="626" ly="5164" rx="2169" ry="5242">
			<wd l="626" t="5165" r="857" b="5225" fs="10">Under</wd>
			<wd l="937" t="5184" r="972" b="5225" fs="10">a</wd>
			<wd l="1050" t="5165" r="1538" b="5242" fs="10">phylogenetic</wd>
			<wd l="1619" t="5164" r="2051" b="5242" fs="10">perspective</wd>
			<wd l="2134" t="5183" r="2169" b="5224" fs="10">a</wd>
		</ln>
		<ln lx="626" ly="5255" rx="2167" ry="5333">
			<wd l="626" t="5256" r="1073" b="5333" fs="10">monographer</wd>
			<wd l="1097" t="5276" r="1239" b="5333" fs="10">may</wd>
			<wd l="1265" t="5256" r="1423" b="5316" fs="10">wish</wd>
			<wd l="1448" t="5264" r="1511" b="5316" fs="10">to</wd>
			<wd l="1538" t="5275" r="1648" b="5316" fs="10">use</wd>
			<wd l="1677" t="5275" r="1713" b="5316" fs="10">a</wd>
			<wd l="1736" t="5255" r="2167" b="5333" fs="10">phylogenetic</wd>
		</ln>
		<ln lx="629" ly="5347" rx="2168" ry="5424">
			<wd l="629" t="5348" r="872" b="5424" fs="10">species</wd>
			<wd l="911" t="5355" r="1177" b="5424" fs="10">concept</wd>
			<wd l="1213" t="5347" r="1548" b="5423" fs="10">(hereafter</wd>
			<wd l="1589" t="5347" r="1819" b="5423" fs="10">TSC')</wd>
			<wd l="1858" t="5347" r="2168" b="5422" fs="10">(Cracraft</wd>
		</ln>
		<ln lx="636" ly="5438" rx="2171" ry="5516">
			<wd l="636" t="5441" r="808" b="5511" fs="10">1983,</wd>
			<wd l="836" t="5439" r="1371" b="5516" fs="10">1989;Donoghue</wd>
			<wd l="1397" t="5440" r="1572" b="5510" fs="10">1985;</wd>
			<wd l="1589" t="5438" r="1797" b="5498" fs="10">Nixon</wd>
			<wd l="1813" t="5440" r="1873" b="5498" fs="10"><![CDATA[&]]></wd>
			<wd l="1893" t="5438" r="2171" b="5498" fs="10">Wheeler</wd>
		</ln>
		<ln lx="637" ly="5529" rx="2173" ry="5608">
			<wd l="637" t="5533" r="658" b="5590" fs="10">1</wd>
			<wd l="670" t="5531" r="834" b="5607" fs="10">990).</wd>
			<wd l="869" t="5532" r="928" b="5590" fs="10">A</wd>
			<wd l="943" t="5530" r="1364" b="5608" fs="10">phylogenetic</wd>
			<wd l="1384" t="5530" r="1615" b="5608" fs="10">species</wd>
			<wd l="1632" t="5530" r="1740" b="5590" fs="10">has</wd>
			<wd l="1757" t="5530" r="1912" b="5590" fs="10">been</wd>
			<wd l="1929" t="5529" r="2173" b="5590" fs="10">defined</wd>
		</ln>
	</region>
	<region article-doi="10.2307/41729913" region-id="2">
		<rc l="2301" t="848" r="3861" b="5618"/>
		<ln lx="2311" ly="853" rx="3852" ry="932">
			<wd l="2311" t="873" r="2377" b="915" fs="10">as</wd>
			<wd l="2421" t="853" r="2547" b="915" fs="10">'the</wd>
			<wd l="2586" t="853" r="2866" b="915" fs="10">smallest</wd>
			<wd l="2903" t="854" r="3310" b="932" fs="10">aggregation</wd>
			<wd l="3347" t="854" r="3425" b="915" fs="10">of</wd>
			<wd l="3450" t="854" r="3852" b="932" fs="10">populations</wd>
		</ln>
		<ln lx="2311" ly="949" rx="3853" ry="1027">
			<wd l="2311" t="950" r="2577" b="1026" fs="10">(sexual)</wd>
			<wd l="2599" t="969" r="2667" b="1010" fs="10">or</wd>
			<wd l="2686" t="950" r="2956" b="1027" fs="10">lineages</wd>
			<wd l="2977" t="950" r="3279" b="1026" fs="10">(asexual)</wd>
			<wd l="3301" t="949" r="3696" b="1027" fs="10">diagnosable</wd>
			<wd l="3715" t="949" r="3798" b="1027" fs="10">by</wd>
			<wd l="3818" t="969" r="3853" b="1010" fs="10">a</wd>
		</ln>
		<ln lx="2309" ly="1044" rx="3852" ry="1122">
			<wd l="2309" t="1044" r="2550" b="1122" fs="10">unique</wd>
			<wd l="2592" t="1044" r="3035" b="1105" fs="10">combination</wd>
			<wd l="3075" t="1044" r="3155" b="1105" fs="10">of</wd>
			<wd l="3185" t="1044" r="3512" b="1106" fs="10">character</wd>
			<wd l="3552" t="1053" r="3745" b="1106" fs="10">states</wd>
			<wd l="3786" t="1044" r="3852" b="1105" fs="10">in</wd>
		</ln>
		<ln lx="2311" ly="1139" rx="3845" ry="1217">
			<wd l="2311" t="1139" r="2739" b="1216" fs="10">comparable</wd>
			<wd l="2783" t="1139" r="3197" b="1200" fs="10">individuals</wd>
			<wd l="3243" t="1139" r="3845" b="1217" fs="10">(semaphoronts)'</wd>
		</ln>
		<ln lx="2311" ly="1234" rx="3851" ry="1312">
			<wd l="2311" t="1234" r="2548" b="1311" fs="10">(Nixon</wd>
			<wd l="2583" t="1235" r="2643" b="1295" fs="10"><![CDATA[&]]></wd>
			<wd l="2680" t="1234" r="2965" b="1295" fs="10">Wheeler</wd>
			<wd l="3007" t="1234" r="3211" b="1311" fs="10">1990).</wd>
			<wd l="3250" t="1235" r="3546" b="1312" fs="10">Contrary</wd>
			<wd l="3579" t="1242" r="3642" b="1295" fs="10">to</wd>
			<wd l="3680" t="1253" r="3851" b="1295" fs="10">some</wd>
		</ln>
		<ln lx="2309" ly="1329" rx="3854" ry="1407">
			<wd l="2309" t="1329" r="2502" b="1390" fs="10">views</wd>
			<wd l="2533" t="1329" r="2636" b="1406" fs="10">(de</wd>
			<wd l="2668" t="1329" r="2935" b="1404" fs="10">Queiroz</wd>
			<wd l="2965" t="1330" r="3025" b="1390" fs="10"><![CDATA[&]]></wd>
			<wd l="3055" t="1329" r="3403" b="1407" fs="10">Donoghue</wd>
			<wd l="3441" t="1330" r="3618" b="1402" fs="10">1988;</wd>
			<wd l="3650" t="1331" r="3854" b="1390" fs="10">Vrana</wd>
		</ln>
		<ln lx="2311" ly="1424" rx="3853" ry="1502">
			<wd l="2311" t="1425" r="2371" b="1484" fs="10"><![CDATA[&]]></wd>
			<wd l="2402" t="1424" r="2685" b="1484" fs="10">Wheeler</wd>
			<wd l="2721" t="1424" r="2925" b="1500" fs="10">1992),</wd>
			<wd l="2957" t="1424" r="3000" b="1484" fs="10">it</wd>
			<wd l="3026" t="1424" r="3136" b="1484" fs="10">has</wd>
			<wd l="3164" t="1424" r="3321" b="1484" fs="10">been</wd>
			<wd l="3350" t="1424" r="3575" b="1502" fs="10">argued</wd>
			<wd l="3601" t="1424" r="3727" b="1485" fs="10">that</wd>
			<wd l="3752" t="1424" r="3853" b="1484" fs="10">the</wd>
		</ln>
		<ln lx="2309" ly="1519" rx="3854" ry="1597">
			<wd l="2309" t="1527" r="2509" b="1579" fs="10">terms</wd>
			<wd l="2551" t="1519" r="2967" b="1596" fs="10">monophyly</wd>
			<wd l="3010" t="1519" r="3137" b="1579" fs="10">and</wd>
			<wd l="3178" t="1519" r="3546" b="1597" fs="10">paraphyly</wd>
			<wd l="3590" t="1539" r="3696" b="1579" fs="10">are</wd>
			<wd l="3738" t="1528" r="3854" b="1580" fs="10">not</wd>
		</ln>
		<ln lx="2311" ly="1612" rx="3853" ry="1690">
			<wd l="2311" t="1612" r="2643" b="1690" fs="10">applicable</wd>
			<wd l="2662" t="1621" r="2718" b="1673" fs="10">at</wd>
			<wd l="2735" t="1613" r="2852" b="1673" fs="10">and</wd>
			<wd l="2867" t="1613" r="3068" b="1673" fs="10">below</wd>
			<wd l="3082" t="1613" r="3181" b="1673" fs="10">the</wd>
			<wd l="3200" t="1613" r="3431" b="1690" fs="10">species</wd>
			<wd l="3450" t="1613" r="3604" b="1674" fs="10">level</wd>
			<wd l="3623" t="1613" r="3853" b="1689" fs="10">(Nixon</wd>
		</ln>
		<ln lx="2310" ly="1707" rx="3852" ry="1785">
			<wd l="2310" t="1708" r="2370" b="1768" fs="10"><![CDATA[&]]></wd>
			<wd l="2397" t="1707" r="2680" b="1768" fs="10">Wheeler</wd>
			<wd l="2710" t="1708" r="2888" b="1780" fs="10">1990;</wd>
			<wd l="2914" t="1707" r="3106" b="1768" fs="10">Davis</wd>
			<wd l="3132" t="1709" r="3192" b="1768" fs="10"><![CDATA[&]]></wd>
			<wd l="3215" t="1707" r="3425" b="1768" fs="10">Nixon</wd>
			<wd l="3457" t="1708" r="3658" b="1785" fs="10">1992).</wd>
			<wd l="3708" t="1708" r="3852" b="1769" fs="10">This</wd>
		</ln>
		<ln lx="2311" ly="1803" rx="3855" ry="1881">
			<wd l="2311" t="1803" r="2559" b="1864" fs="10">follows</wd>
			<wd l="2594" t="1803" r="2694" b="1864" fs="10">the</wd>
			<wd l="2728" t="1803" r="3056" b="1881" fs="10">reasoning</wd>
			<wd l="3091" t="1803" r="3169" b="1864" fs="10">of</wd>
			<wd l="3192" t="1804" r="3438" b="1881" fs="10">Hennig</wd>
			<wd l="3473" t="1804" r="3695" b="1881" fs="10">(1966)</wd>
			<wd l="3729" t="1804" r="3855" b="1865" fs="10">that</wd>
		</ln>
		<ln lx="2311" ly="1898" rx="3855" ry="1976">
			<wd l="2311" t="1898" r="2462" b="1976" fs="10">only</wd>
			<wd l="2501" t="1898" r="2751" b="1959" fs="10">entities</wd>
			<wd l="2792" t="1898" r="3101" b="1976" fs="10">expected</wd>
			<wd l="3136" t="1907" r="3201" b="1960" fs="10">to</wd>
			<wd l="3239" t="1898" r="3402" b="1960" fs="10">have</wd>
			<wd l="3439" t="1898" r="3855" b="1960" fs="10">hierarchical</wd>
		</ln>
		<ln lx="2308" ly="1993" rx="3854" ry="2071">
			<wd l="2308" t="1993" r="2745" b="2071" fs="10">relationships,</wd>
			<wd l="2766" t="1993" r="2883" b="2054" fs="10">and</wd>
			<wd l="2898" t="2002" r="3004" b="2054" fs="10">not</wd>
			<wd l="3018" t="1993" r="3400" b="2071" fs="10">tokogenetic</wd>
			<wd l="3416" t="1994" r="3854" b="2071" fs="10">relationships,</wd>
		</ln>
		<ln lx="2311" ly="2087" rx="3656" ry="2166">
			<wd l="2311" t="2087" r="2532" b="2148" fs="10">should</wd>
			<wd l="2554" t="2087" r="2632" b="2148" fs="10">be</wd>
			<wd l="2657" t="2087" r="2945" b="2149" fs="10">included</wd>
			<wd l="2969" t="2088" r="3031" b="2148" fs="10">in</wd>
			<wd l="3056" t="2088" r="3331" b="2149" fs="10">cladistic</wd>
			<wd l="3357" t="2088" r="3656" b="2166" fs="10">analyses.</wd>
		</ln>
		<ln lx="2499" ly="2252" rx="3852" ry="2330">
			<wd l="2499" t="2254" r="2601" b="2312" fs="10">An</wd>
			<wd l="2629" t="2252" r="2970" b="2313" fs="10">influential</wd>
			<wd l="2997" t="2272" r="3184" b="2330" fs="10">paper</wd>
			<wd l="3212" t="2252" r="3289" b="2313" fs="10">of</wd>
			<wd l="3306" t="2255" r="3409" b="2313" fs="10">Du</wd>
			<wd l="3435" t="2253" r="3610" b="2313" fs="10">Rietz</wd>
			<wd l="3639" t="2254" r="3852" b="2329" fs="10">(1930:</wd>
		</ln>
		<ln lx="2310" ly="2344" rx="3852" ry="2423">
			<wd l="2310" t="2344" r="2461" b="2421" fs="10">347)</wd>
			<wd l="2499" t="2344" r="2972" b="2405" fs="10">foreshadowed</wd>
			<wd l="3005" t="2345" r="3106" b="2406" fs="10">the</wd>
			<wd l="3140" t="2345" r="3300" b="2406" fs="10">need</wd>
			<wd l="3335" t="2345" r="3432" b="2406" fs="10">for</wd>
			<wd l="3463" t="2346" r="3852" b="2423" fs="10">population-</wd>
		</ln>
		<ln lx="2308" ly="2436" rx="3851" ry="2515">
			<wd l="2308" t="2436" r="2513" b="2496" fs="10">based</wd>
			<wd l="2556" t="2437" r="2885" b="2514" fs="10">sampling</wd>
			<wd l="2927" t="2456" r="2996" b="2497" fs="10">as</wd>
			<wd l="3040" t="2456" r="3076" b="2497" fs="10">a</wd>
			<wd l="3114" t="2456" r="3468" b="2514" fs="10">necessary</wd>
			<wd l="3511" t="2438" r="3851" b="2515" fs="10">empirical</wd>
		</ln>
		<ln lx="2310" ly="2527" rx="3848" ry="2606">
			<wd l="2310" t="2527" r="2686" b="2588" fs="10">antecedent</wd>
			<wd l="2724" t="2527" r="2804" b="2588" fs="10">of</wd>
			<wd l="2833" t="2528" r="3113" b="2606" fs="10">forming</wd>
			<wd l="3154" t="2528" r="3403" b="2606" fs="10">species</wd>
			<wd l="3441" t="2528" r="3848" b="2589" fs="10">boundaries.</wd>
		</ln>
		<ln lx="2308" ly="2620" rx="3853" ry="2699">
			<wd l="2308" t="2620" r="2695" b="2698" fs="10">Population</wd>
			<wd l="2735" t="2621" r="3155" b="2699" fs="10">aggregation</wd>
			<wd l="3195" t="2621" r="3477" b="2699" fs="10">analysis</wd>
			<wd l="3520" t="2621" r="3751" b="2698" fs="10">(Davis</wd>
			<wd l="3793" t="2623" r="3853" b="2682" fs="10"><![CDATA[&]]></wd>
		</ln>
		<ln lx="2306" ly="2712" rx="3854" ry="2789">
			<wd l="2306" t="2712" r="2518" b="2773" fs="10">Nixon</wd>
			<wd l="2554" t="2713" r="2738" b="2789" fs="10">1992)</wd>
			<wd l="2768" t="2713" r="2819" b="2773" fs="10">is</wd>
			<wd l="2847" t="2721" r="2955" b="2773" fs="10">not</wd>
			<wd l="2980" t="2713" r="3081" b="2773" fs="10">the</wd>
			<wd l="3111" t="2713" r="3243" b="2774" fs="10">first</wd>
			<wd l="3269" t="2713" r="3414" b="2774" fs="10">time</wd>
			<wd l="3441" t="2714" r="3567" b="2774" fs="10">that</wd>
			<wd l="3596" t="2714" r="3854" b="2774" fs="10">fixation</wd>
		</ln>
		<ln lx="2310" ly="2804" rx="3855" ry="2884">
			<wd l="2310" t="2804" r="2387" b="2865" fs="10">of</wd>
			<wd l="2410" t="2804" r="2745" b="2866" fs="10">characters</wd>
			<wd l="2778" t="2804" r="2888" b="2866" fs="10">has</wd>
			<wd l="2921" t="2805" r="3079" b="2866" fs="10">been</wd>
			<wd l="3112" t="2805" r="3369" b="2866" fs="10">deemed</wd>
			<wd l="3400" t="2825" r="3726" b="2884" fs="10">necessary</wd>
			<wd l="3760" t="2806" r="3855" b="2866" fs="10">for</wd>
		</ln>
		<ln lx="2307" ly="2897" rx="3855" ry="2976">
			<wd l="2307" t="2897" r="2410" b="2958" fs="10">the</wd>
			<wd l="2446" t="2897" r="2840" b="2975" fs="10">recognition</wd>
			<wd l="2877" t="2898" r="2956" b="2958" fs="10">of</wd>
			<wd l="2980" t="2906" r="3124" b="2958" fs="10">taxa</wd>
			<wd l="3160" t="2899" r="3385" b="2975" fs="10">(Davis</wd>
			<wd l="3424" t="2900" r="3483" b="2959" fs="10"><![CDATA[&]]></wd>
			<wd l="3522" t="2899" r="3855" b="2976" fs="10">Heywood</wd>
		</ln>
		<ln lx="2317" ly="2990" rx="3852" ry="3069">
			<wd l="2317" t="2991" r="2496" b="3050" fs="10">1973:</wd>
			<wd l="2538" t="2990" r="2666" b="3067" fs="10">78),</wd>
			<wd l="2703" t="3009" r="2816" b="3051" fs="10">nor</wd>
			<wd l="2851" t="2990" r="2903" b="3051" fs="10">is</wd>
			<wd l="2940" t="2990" r="2985" b="3051" fs="10">it</wd>
			<wd l="3018" t="2990" r="3119" b="3051" fs="10">the</wd>
			<wd l="3157" t="2990" r="3292" b="3051" fs="10">first</wd>
			<wd l="3324" t="2990" r="3852" b="3069" fs="10">methodological</wd>
		</ln>
		<ln lx="2307" ly="3082" rx="3853" ry="3161">
			<wd l="2307" t="3082" r="2639" b="3160" fs="10">procedure</wd>
			<wd l="2659" t="3082" r="2865" b="3143" fs="10">linked</wd>
			<wd l="2883" t="3082" r="3133" b="3160" fs="10">directly</wd>
			<wd l="3149" t="3091" r="3211" b="3143" fs="10">to</wd>
			<wd l="3232" t="3102" r="3267" b="3143" fs="10">a</wd>
			<wd l="3281" t="3083" r="3601" b="3161" fs="10">particular</wd>
			<wd l="3619" t="3083" r="3853" b="3161" fs="10">species</wd>
		</ln>
		<ln lx="2309" ly="3174" rx="3855" ry="3253">
			<wd l="2309" t="3182" r="2578" b="3252" fs="10">concept.</wd>
			<wd l="2612" t="3176" r="2702" b="3235" fs="10">As</wd>
			<wd l="2718" t="3174" r="2817" b="3235" fs="10">the</wd>
			<wd l="2834" t="3174" r="2966" b="3235" fs="10">best</wd>
			<wd l="2981" t="3174" r="3206" b="3235" fs="10">known</wd>
			<wd l="3222" t="3175" r="3515" b="3252" fs="10">example,</wd>
			<wd l="3535" t="3195" r="3687" b="3253" fs="10">gene</wd>
			<wd l="3707" t="3176" r="3855" b="3236" fs="10">flow</wd>
		</ln>
		<ln lx="2309" ly="3266" rx="3855" ry="3344">
			<wd l="2309" t="3266" r="2430" b="3327" fs="10">and</wd>
			<wd l="2464" t="3267" r="2899" b="3344" fs="10">reproductive</wd>
			<wd l="2936" t="3267" r="3231" b="3327" fs="10">isolation</wd>
			<wd l="3268" t="3287" r="3367" b="3328" fs="10">are</wd>
			<wd l="3406" t="3267" r="3618" b="3328" fs="10">linked</wd>
			<wd l="3653" t="3276" r="3716" b="3328" fs="10">to</wd>
			<wd l="3753" t="3268" r="3855" b="3328" fs="10">the</wd>
		</ln>
		<ln lx="2307" ly="3358" rx="3855" ry="3436">
			<wd l="2307" t="3358" r="2643" b="3436" fs="10">biological</wd>
			<wd l="2680" t="3358" r="2918" b="3436" fs="10">species</wd>
			<wd l="2955" t="3367" r="3233" b="3436" fs="10">concept,</wd>
			<wd l="3270" t="3359" r="3377" b="3419" fs="10">but</wd>
			<wd l="3409" t="3359" r="3581" b="3420" fs="10">these</wd>
			<wd l="3618" t="3360" r="3855" b="3420" fs="10">criteria</wd>
		</ln>
		<ln lx="2309" ly="3450" rx="3855" ry="3529">
			<wd l="2309" t="3469" r="2409" b="3511" fs="10">are</wd>
			<wd l="2444" t="3469" r="2591" b="3511" fs="10">now</wd>
			<wd l="2624" t="3450" r="2823" b="3528" fs="10">rarely</wd>
			<wd l="2857" t="3450" r="3014" b="3511" fs="10">used</wd>
			<wd l="3050" t="3450" r="3114" b="3510" fs="10">in</wd>
			<wd l="3147" t="3451" r="3416" b="3528" fs="10">practice</wd>
			<wd l="3452" t="3459" r="3516" b="3511" fs="10">to</wd>
			<wd l="3554" t="3451" r="3855" b="3529" fs="10">diagnose</wd>
		</ln>
		<ln lx="2310" ly="3543" rx="3854" ry="3621">
			<wd l="2310" t="3543" r="2555" b="3620" fs="10">species</wd>
			<wd l="2592" t="3543" r="2972" b="3603" fs="10">boundaries</wd>
			<wd l="3012" t="3543" r="3133" b="3603" fs="10">and</wd>
			<wd l="3170" t="3563" r="3271" b="3604" fs="10">are</wd>
			<wd l="3308" t="3543" r="3450" b="3604" fs="10">thus</wd>
			<wd l="3489" t="3544" r="3854" b="3621" fs="10">essentially</wd>
		</ln>
		<ln lx="2307" ly="3634" rx="3853" ry="3712">
			<wd l="2307" t="3634" r="2844" b="3712" fs="10">non-operational</wd>
			<wd l="2882" t="3634" r="3311" b="3711" fs="10">(Whittemore</wd>
			<wd l="3356" t="3636" r="3536" b="3708" fs="10">1993;</wd>
			<wd l="3573" t="3635" r="3853" b="3696" fs="10">Brookes</wd>
		</ln>
		<ln lx="2317" ly="3727" rx="3851" ry="3805">
			<wd l="2317" t="3727" r="2535" b="3803" fs="10">1996).</wd>
			<wd l="2579" t="3729" r="2650" b="3786" fs="10">In</wd>
			<wd l="2691" t="3735" r="2995" b="3799" fs="10">contrast,</wd>
			<wd l="3038" t="3729" r="3210" b="3786" fs="10">PAA</wd>
			<wd l="3249" t="3727" r="3558" b="3804" fs="10">provides</wd>
			<wd l="3598" t="3728" r="3851" b="3805" fs="10">precise</wd>
		</ln>
		<ln lx="2306" ly="3818" rx="3853" ry="3897">
			<wd l="2306" t="3818" r="2827" b="3897" fs="10">methodological</wd>
			<wd l="2848" t="3819" r="3084" b="3880" fs="10">criteria</wd>
			<wd l="3099" t="3819" r="3183" b="3897" fs="10">by</wd>
			<wd l="3200" t="3819" r="3405" b="3880" fs="10">which</wd>
			<wd l="3421" t="3819" r="3853" b="3897" fs="10">phylogenetic</wd>
		</ln>
		<ln lx="2310" ly="3911" rx="3852" ry="3990">
			<wd l="2310" t="3911" r="2546" b="3989" fs="10">species</wd>
			<wd l="2570" t="3931" r="2684" b="3973" fs="10">can</wd>
			<wd l="2703" t="3911" r="2780" b="3972" fs="10">be</wd>
			<wd l="2804" t="3911" r="3160" b="3989" fs="10">diagnosed,</wd>
			<wd l="3185" t="3912" r="3303" b="3973" fs="10">and</wd>
			<wd l="3325" t="3912" r="3387" b="3972" fs="10">in</wd>
			<wd l="3407" t="3931" r="3591" b="3990" fs="10">many</wd>
			<wd l="3613" t="3932" r="3785" b="3973" fs="10">cases</wd>
			<wd l="3808" t="3912" r="3852" b="3973" fs="10">it</wd>
		</ln>
		<ln lx="2307" ly="4003" rx="3849" ry="4079">
			<wd l="2307" t="4003" r="2439" b="4062" fs="10">will</wd>
			<wd l="2475" t="4003" r="2553" b="4062" fs="10">be</wd>
			<wd l="2590" t="4003" r="2811" b="4079" fs="10">highly</wd>
			<wd l="2849" t="4004" r="3237" b="4079" fs="10">operational</wd>
			<wd l="3275" t="4004" r="3413" b="4078" fs="10">(but</wd>
			<wd l="3450" t="4023" r="3554" b="4063" fs="10">see</wd>
			<wd l="3591" t="4004" r="3849" b="4079" fs="10">below).</wd>
		</ln>
		<ln lx="2308" ly="4094" rx="3849" ry="4171">
			<wd l="2308" t="4094" r="2543" b="4154" fs="10">Within</wd>
			<wd l="2577" t="4094" r="2679" b="4154" fs="10">the</wd>
			<wd l="2716" t="4094" r="3134" b="4171" fs="10">assumptions</wd>
			<wd l="3172" t="4094" r="3250" b="4154" fs="10">of</wd>
			<wd l="3273" t="4094" r="3375" b="4154" fs="10">the</wd>
			<wd l="3410" t="4094" r="3849" b="4171" fs="10">phylogenetic</wd>
		</ln>
		<ln lx="2306" ly="4185" rx="3852" ry="4262">
			<wd l="2306" t="4185" r="2622" b="4262" fs="10">paradigm</wd>
			<wd l="2649" t="4185" r="2750" b="4245" fs="10">the</wd>
			<wd l="2781" t="4185" r="2944" b="4262" fs="10">logic</wd>
			<wd l="2975" t="4185" r="3093" b="4245" fs="10">and</wd>
			<wd l="3120" t="4185" r="3561" b="4262" fs="10">methodology</wd>
			<wd l="3591" t="4185" r="3668" b="4245" fs="10">of</wd>
			<wd l="3685" t="4187" r="3852" b="4244" fs="10">PAA</wd>
		</ln>
		<ln lx="2308" ly="4276" rx="3850" ry="4353">
			<wd l="2308" t="4276" r="2358" b="4336" fs="10">is</wd>
			<wd l="2377" t="4276" r="2687" b="4353" fs="10">internally</wd>
			<wd l="2704" t="4276" r="3044" b="4336" fs="10">consistent.</wd>
			<wd l="3065" t="4278" r="3132" b="4335" fs="10">In</wd>
			<wd l="3147" t="4295" r="3328" b="4353" fs="10">many</wd>
			<wd l="3346" t="4295" r="3533" b="4348" fs="10">cases,</wd>
			<wd l="3550" t="4276" r="3850" b="4348" fs="10">however,</wd>
		</ln>
		<ln lx="2306" ly="4367" rx="3851" ry="4445">
			<wd l="2306" t="4368" r="2407" b="4428" fs="10">the</wd>
			<wd l="2427" t="4367" r="2771" b="4428" fs="10">herbarium</wd>
			<wd l="2793" t="4368" r="3162" b="4445" fs="10">systematist</wd>
			<wd l="3180" t="4367" r="3308" b="4428" fs="10">will</wd>
			<wd l="3328" t="4368" r="3405" b="4428" fs="10">be</wd>
			<wd l="3427" t="4368" r="3562" b="4428" fs="10">able</wd>
			<wd l="3582" t="4376" r="3645" b="4428" fs="10">to</wd>
			<wd l="3668" t="4368" r="3851" b="4445" fs="10">apply</wd>
		</ln>
		<ln lx="2307" ly="4459" rx="3508" ry="4536">
			<wd l="2307" t="4461" r="2473" b="4518" fs="10">PAA</wd>
			<wd l="2499" t="4459" r="2644" b="4536" fs="10">only</wd>
			<wd l="2666" t="4459" r="2859" b="4519" fs="10">under</wd>
			<wd l="2882" t="4459" r="3107" b="4519" fs="10">certain</wd>
			<wd l="3131" t="4459" r="3508" b="4519" fs="10">constraints.</wd>
		</ln>
		<ln lx="2499" ly="4621" rx="3850" ry="4697">
			<wd l="2499" t="4622" r="2636" b="4681" fs="10">One</wd>
			<wd l="2675" t="4621" r="3011" b="4681" fs="10">constraint</wd>
			<wd l="3048" t="4621" r="3126" b="4680" fs="10">of</wd>
			<wd l="3152" t="4621" r="3449" b="4697" fs="10">applying</wd>
			<wd l="3483" t="4621" r="3850" b="4697" fs="10">population</wd>
		</ln>
		<ln lx="2309" ly="4711" rx="3854" ry="4789">
			<wd l="2309" t="4712" r="2704" b="4789" fs="10">aggregation</wd>
			<wd l="2723" t="4711" r="2988" b="4788" fs="10">analysis</wd>
			<wd l="3009" t="4711" r="3061" b="4771" fs="10">is</wd>
			<wd l="3079" t="4711" r="3222" b="4783" fs="10">that,</wd>
			<wd l="3242" t="4711" r="3391" b="4771" fs="10">with</wd>
			<wd l="3408" t="4711" r="3508" b="4771" fs="10">the</wd>
			<wd l="3529" t="4711" r="3854" b="4788" fs="10">exception</wd>
		</ln>
		<ln lx="2309" ly="4803" rx="3852" ry="4881">
			<wd l="2309" t="4803" r="2386" b="4864" fs="10">of</wd>
			<wd l="2409" t="4803" r="2584" b="4864" fs="10">small</wd>
			<wd l="2617" t="4822" r="2841" b="4881" fs="10">genera</wd>
			<wd l="2869" t="4803" r="2995" b="4863" fs="10">that</wd>
			<wd l="3027" t="4822" r="3212" b="4863" fs="10">occur</wd>
			<wd l="3242" t="4803" r="3305" b="4862" fs="10">in</wd>
			<wd l="3335" t="4803" r="3651" b="4880" fs="10">relatively</wd>
			<wd l="3684" t="4803" r="3852" b="4863" fs="10">close</wd>
		</ln>
		<ln lx="2306" ly="4895" rx="3855" ry="4973">
			<wd l="2306" t="4895" r="2636" b="4973" fs="10">proximity</wd>
			<wd l="2655" t="4904" r="2717" b="4955" fs="10">to</wd>
			<wd l="2738" t="4895" r="2838" b="4955" fs="10">the</wd>
			<wd l="2859" t="4895" r="3324" b="4972" fs="10">monographer,</wd>
			<wd l="3347" t="4896" r="3514" b="4954" fs="10">PAA</wd>
			<wd l="3534" t="4895" r="3662" b="4954" fs="10">will</wd>
			<wd l="3684" t="4895" r="3855" b="4954" fs="10">often</wd>
		</ln>
		<ln lx="2307" ly="4986" rx="3856" ry="5064">
			<wd l="2307" t="4987" r="2384" b="5047" fs="10">be</wd>
			<wd l="2420" t="4986" r="2789" b="5064" fs="10">logistically</wd>
			<wd l="2823" t="4986" r="3165" b="5046" fs="10">infeasible.</wd>
			<wd l="3202" t="4986" r="3347" b="5046" fs="10">This</wd>
			<wd l="3382" t="4986" r="3434" b="5046" fs="10">is</wd>
			<wd l="3467" t="4986" r="3856" b="5063" fs="10">particularly</wd>
		</ln>
		<ln lx="2307" ly="5077" rx="3856" ry="5156">
			<wd l="2307" t="5087" r="2439" b="5139" fs="10">true</wd>
			<wd l="2478" t="5078" r="2577" b="5139" fs="10">for</wd>
			<wd l="2614" t="5078" r="3026" b="5156" fs="10">species-rich</wd>
			<wd l="3062" t="5097" r="3292" b="5155" fs="10">genera</wd>
			<wd l="3328" t="5078" r="3450" b="5139" fs="10">and</wd>
			<wd l="3485" t="5077" r="3666" b="5138" fs="10">those</wd>
			<wd l="3703" t="5077" r="3856" b="5138" fs="10">with</wd>
		</ln>
		<ln lx="2309" ly="5170" rx="3852" ry="5231">
			<wd l="2309" t="5170" r="2829" b="5231" fs="10">intercontinental</wd>
			<wd l="2848" t="5170" r="3280" b="5230" fs="10">distributions.</wd>
			<wd l="3318" t="5172" r="3461" b="5230" fs="10">Few</wd>
			<wd l="3477" t="5170" r="3852" b="5230" fs="10">researchers</wd>
		</ln>
		<ln lx="2307" ly="5261" rx="3856" ry="5338">
			<wd l="2307" t="5262" r="2461" b="5322" fs="10">have</wd>
			<wd l="2481" t="5261" r="2771" b="5338" fs="10">adequate</wd>
			<wd l="2787" t="5261" r="2932" b="5321" fs="10">time</wd>
			<wd l="2951" t="5280" r="3018" b="5321" fs="10">or</wd>
			<wd l="3035" t="5261" r="3291" b="5338" fs="10">funding</wd>
			<wd l="3309" t="5261" r="3404" b="5321" fs="10">for</wd>
			<wd l="3419" t="5261" r="3518" b="5321" fs="10">the</wd>
			<wd l="3535" t="5280" r="3856" b="5338" fs="10">necessary</wd>
		</ln>
		<ln lx="2306" ly="5353" rx="3852" ry="5430">
			<wd l="2306" t="5353" r="2513" b="5413" fs="10">travel</wd>
			<wd l="2556" t="5353" r="2682" b="5413" fs="10">and</wd>
			<wd l="2723" t="5353" r="3050" b="5413" fs="10">intensive</wd>
			<wd l="3091" t="5353" r="3482" b="5430" fs="10">population</wd>
			<wd l="3525" t="5353" r="3852" b="5430" fs="10">sampling</wd>
		</ln>
		<ln lx="2307" ly="5444" rx="3853" ry="5521">
			<wd l="2307" t="5444" r="2665" b="5504" fs="10">mandated</wd>
			<wd l="2706" t="5444" r="2794" b="5521" fs="10">by</wd>
			<wd l="2839" t="5463" r="2874" b="5504" fs="10">a</wd>
			<wd l="2917" t="5444" r="3105" b="5504" fs="10">strict</wd>
			<wd l="3148" t="5444" r="3522" b="5504" fs="10">adherence</wd>
			<wd l="3565" t="5452" r="3633" b="5503" fs="10">to</wd>
			<wd l="3677" t="5445" r="3853" b="5502" fs="10">PAA</wd>
		</ln>
		<ln lx="2307" ly="5535" rx="3849" ry="5613">
			<wd l="2307" t="5535" r="2765" b="5613" fs="10">methodology.</wd>
			<wd l="2828" t="5535" r="3024" b="5596" fs="10">These</wd>
			<wd l="3054" t="5535" r="3316" b="5595" fs="10">realities</wd>
			<wd l="3348" t="5535" r="3849" b="5612" fs="10">acknowledged,</wd>
		</ln>
	</region>
</ocr-page>
