<?xml version="1.0" encoding="UTF-8"?>
<ocr-page type="coords" ocr-vers="1.0" creation-date="20130321" res="600" height="6300" width="4500">
	<region article-doi="10.2307/41729921" region-id="0">
		<rc l="633" t="717" r="3854" b="797"/>
		<ln lx="638" ly="722" rx="3849" ry="792">
			<wd l="638" t="735" r="816" b="792" fs="10">Dixon,</wd>
			<wd l="836" t="736" r="1248" b="782" fs="10">Austrosteenisia</wd>
			<wd l="3790" t="722" r="3849" b="769" fs="10">83</wd>
		</ln>
	</region>
	<region article-doi="10.2307/41729921" region-id="1">
		<rc l="624" t="848" r="2199" b="5074"/>
		<ln lx="629" ly="853" rx="2166" ry="931">
			<wd l="629" t="858" r="1077" b="920" fs="10">observations</wd>
			<wd l="1118" t="856" r="1399" b="918" fs="10">indicate</wd>
			<wd l="1437" t="856" r="1572" b="916" fs="10">that</wd>
			<wd l="1611" t="855" r="1658" b="916" fs="10">it</wd>
			<wd l="1697" t="855" r="1751" b="915" fs="10">is</wd>
			<wd l="1793" t="853" r="2166" b="931" fs="10">commonly</wd>
		</ln>
		<ln lx="630" ly="946" rx="2164" ry="1026">
			<wd l="630" t="950" r="1028" b="1011" fs="10">encountered</wd>
			<wd l="1043" t="949" r="1405" b="1026" fs="10">throughout</wd>
			<wd l="1421" t="948" r="1494" b="1008" fs="10">its</wd>
			<wd l="1514" t="946" r="1948" b="1008" fs="10">distributional</wd>
			<wd l="1964" t="965" r="2164" b="1023" fs="10">range.</wd>
		</ln>
		<ln lx="631" ly="1037" rx="2167" ry="1120">
			<wd l="631" t="1042" r="932" b="1120" fs="10">Complex</wd>
			<wd l="963" t="1041" r="1309" b="1119" fs="10">mesophyll</wd>
			<wd l="1341" t="1040" r="1707" b="1100" fs="10">vineforests</wd>
			<wd l="1743" t="1058" r="1841" b="1099" fs="10">are</wd>
			<wd l="1874" t="1037" r="2167" b="1099" fs="10">recorded</wd>
		</ln>
		<ln lx="632" ly="1129" rx="2165" ry="1212">
			<wd l="632" t="1154" r="695" b="1195" fs="10">as</wd>
			<wd l="713" t="1134" r="785" b="1194" fs="10">its</wd>
			<wd l="801" t="1133" r="1098" b="1212" fs="10">preferred</wd>
			<wd l="1113" t="1132" r="1334" b="1193" fs="10">habitat</wd>
			<wd l="1350" t="1133" r="1622" b="1208" fs="10">(Hansen</wd>
			<wd l="1638" t="1130" r="1754" b="1192" fs="10">and</wd>
			<wd l="1773" t="1129" r="2165" b="1206" fs="10">Sankowsky,</wd>
		</ln>
		<ln lx="640" ly="1220" rx="2169" ry="1302">
			<wd l="640" t="1226" r="840" b="1302" fs="10">1992).</wd>
			<wd l="868" t="1228" r="917" b="1286" fs="10">It</wd>
			<wd l="939" t="1225" r="1048" b="1286" fs="10">has</wd>
			<wd l="1072" t="1225" r="1230" b="1285" fs="10">been</wd>
			<wd l="1254" t="1224" r="1448" b="1284" fs="10">found</wd>
			<wd l="1472" t="1223" r="1750" b="1301" fs="10">growing</wd>
			<wd l="1775" t="1241" r="1857" b="1283" fs="10">on</wd>
			<wd l="1881" t="1241" r="1917" b="1282" fs="10">a</wd>
			<wd l="1938" t="1220" r="2169" b="1298" fs="10">variety</wd>
		</ln>
		<ln lx="633" ly="1313" rx="2169" ry="1396">
			<wd l="633" t="1318" r="709" b="1380" fs="10">of</wd>
			<wd l="724" t="1318" r="839" b="1379" fs="10">soil</wd>
			<wd l="861" t="1327" r="1035" b="1396" fs="10">types</wd>
			<wd l="1061" t="1317" r="1211" b="1378" fs="10">such</wd>
			<wd l="1235" t="1336" r="1300" b="1378" fs="10">as</wd>
			<wd l="1326" t="1316" r="1592" b="1389" fs="10">alluvial,</wd>
			<wd l="1617" t="1315" r="1890" b="1387" fs="10">basaltic,</wd>
			<wd l="1916" t="1313" r="2169" b="1392" fs="10">granitic</wd>
		</ln>
		<ln lx="633" ly="1405" rx="2172" ry="1483">
			<wd l="633" t="1410" r="756" b="1471" fs="10">and</wd>
			<wd l="797" t="1410" r="955" b="1470" fs="10">soils</wd>
			<wd l="996" t="1408" r="1262" b="1469" fs="10">derived</wd>
			<wd l="1302" t="1408" r="1470" b="1468" fs="10">from</wd>
			<wd l="1508" t="1405" r="1975" b="1483" fs="10">metamorphic</wd>
			<wd l="2014" t="1405" r="2172" b="1465" fs="10">rock</wd>
		</ln>
		<ln lx="634" ly="1498" rx="1715" ry="1577">
			<wd l="634" t="1503" r="908" b="1577" fs="10">(Hansen</wd>
			<wd l="933" t="1500" r="1051" b="1561" fs="10">and</wd>
			<wd l="1077" t="1499" r="1477" b="1575" fs="10">Sankowsky,</wd>
			<wd l="1513" t="1498" r="1715" b="1573" fs="10">1992).</wd>
		</ln>
		<ln lx="630" ly="1657" rx="2166" ry="1738">
			<wd l="630" t="1664" r="992" b="1738" fs="10">Phenology</wd>
			<wd l="996" t="1681" r="1011" b="1721" fs="10">:</wd>
			<wd l="1028" t="1663" r="1093" b="1721" fs="10">A.</wd>
			<wd l="1118" t="1661" r="1427" b="1737" fs="10">stipularis</wd>
			<wd l="1443" t="1660" r="1494" b="1719" fs="10">is</wd>
			<wd l="1513" t="1678" r="1549" b="1719" fs="10">a</wd>
			<wd l="1565" t="1659" r="1896" b="1719" fs="10">deciduous</wd>
			<wd l="1916" t="1657" r="2166" b="1734" fs="10">species.</wd>
		</ln>
		<ln lx="633" ly="1748" rx="2175" ry="1829">
			<wd l="633" t="1753" r="974" b="1829" fs="10">Flowering</wd>
			<wd l="993" t="1771" r="1208" b="1812" fs="10">occurs</wd>
			<wd l="1229" t="1751" r="1417" b="1811" fs="10">either</wd>
			<wd l="1433" t="1750" r="1646" b="1810" fs="10">before</wd>
			<wd l="1666" t="1769" r="1735" b="1809" fs="10">or</wd>
			<wd l="1751" t="1749" r="1900" b="1808" fs="10">with</wd>
			<wd l="1916" t="1748" r="2017" b="1808" fs="10">the</wd>
			<wd l="2035" t="1767" r="2175" b="1807" fs="10">new</wd>
		</ln>
		<ln lx="635" ly="1839" rx="2173" ry="1918">
			<wd l="635" t="1844" r="799" b="1904" fs="10">flush</wd>
			<wd l="827" t="1844" r="904" b="1904" fs="10">of</wd>
			<wd l="924" t="1844" r="1127" b="1903" fs="10">leaves</wd>
			<wd l="1157" t="1842" r="1486" b="1918" fs="10">(Williams</wd>
			<wd l="1524" t="1841" r="1728" b="1917" fs="10">1984).</wd>
			<wd l="1760" t="1840" r="1905" b="1900" fs="10">This</wd>
			<wd l="1936" t="1839" r="2173" b="1916" fs="10">species</wd>
		</ln>
		<ln lx="636" ly="1930" rx="2176" ry="2009">
			<wd l="636" t="1935" r="881" b="1995" fs="10">flowers</wd>
			<wd l="903" t="1934" r="1181" b="1994" fs="10">between</wd>
			<wd l="1200" t="1933" r="1301" b="1994" fs="10">the</wd>
			<wd l="1322" t="1932" r="1566" b="1993" fs="10">months</wd>
			<wd l="1590" t="1932" r="1667" b="1992" fs="10">of</wd>
			<wd l="1682" t="1931" r="2036" b="2009" fs="10">September</wd>
			<wd l="2057" t="1930" r="2176" b="1991" fs="10">and</wd>
		</ln>
		<ln lx="632" ly="2022" rx="2175" ry="2089">
			<wd l="632" t="2027" r="1032" b="2089" fs="10">November.</wd>
			<wd l="1077" t="2026" r="1287" b="2087" fs="10">Fruits</wd>
			<wd l="1329" t="2025" r="1496" b="2086" fs="10">have</wd>
			<wd l="1538" t="2025" r="1707" b="2086" fs="10">been</wd>
			<wd l="1747" t="2022" r="2067" b="2085" fs="10">recorded</wd>
			<wd l="2108" t="2022" r="2175" b="2083" fs="10">in</wd>
		</ln>
		<ln lx="636" ly="2123" rx="911" ry="2198">
			<wd l="636" t="2123" r="911" b="2198" fs="10">January.</wd>
		</ln>
		<ln lx="798" ly="2379" rx="1939" ry="2466">
			<wd l="798" t="2405" r="808" b="2434" fs="10">»</wd>
			<wd l="808" t="2390" r="1031" b="2414" fs="10">
			</wd>
			<wd l="1050" t="2383" r="1309" b="2466" fs="10">P~?T~¡</wd>
			<wd l="1545" t="2389" r="1554" b="2419" fs="10">
			</wd>
			<wd l="1554" t="2389" r="1782" b="2411" fs="10">
			</wd>
			<wd l="1800" t="2407" r="1809" b="2434" fs="10">'</wd>
			<wd l="1827" t="2379" r="1939" b="2429" fs="10">10°S</wd>
		</ln>
		<ln lx="822" ly="2628" rx="1925" ry="2740">
			<wd l="822" t="2645" r="852" b="2677" fs="10">r</wd>
			<wd l="872" t="2633" r="1046" b="2652" fs="10">
			</wd>
			<wd l="1064" t="2630" r="1094" b="2664" fs="10">
			</wd>
			<wd l="1111" t="2639" r="1147" b="2740" fs="10">J</wd>
			<wd l="1537" t="2631" r="1550" b="2711" fs="10">i</wd>
			<wd l="1550" t="2631" r="1768" b="2654" fs="10">
			</wd>
			<wd l="1783" t="2628" r="1925" b="2675" fs="10">,15°s</wd>
		</ln>
		<ln lx="839" ly="2822" rx="1912" ry="2952">
			<wd l="839" t="2844" r="854" b="2920" fs="10">'</wd>
			<wd l="852" t="2882" r="966" b="2899" fs="10">
			</wd>
			<wd l="998" t="2878" r="1011" b="2889" fs="10">
			</wd>
			<wd l="1084" t="2869" r="1290" b="2886" fs="10">
			</wd>
			<wd l="1305" t="2822" r="1541" b="2952" fs="10">r-V¡</wd>
			<wd l="1541" t="2874" r="1750" b="2894" fs="10">
			</wd>
			<wd l="1767" t="2841" r="1780" b="2918" fs="10">Í</wd>
			<wd l="1799" t="2869" r="1874" b="2916" fs="10">20°</wd>
			<wd l="1882" t="2876" r="1912" b="2916" fs="10">S</wd>
		</ln>
		<ln lx="858" ly="3088" rx="1890" ry="3169">
			<wd l="858" t="3093" r="874" b="3169" fs="10">'i</wd>
			<wd l="872" t="3132" r="982" b="3151" fs="10">
			</wd>
			<wd l="1010" t="3128" r="1026" b="3139" fs="10">*</wd>
			<wd l="1045" t="3125" r="1116" b="3156" fs="10">-r</wd>
			<wd l="1134" t="3122" r="1160" b="3133" fs="10">
			</wd>
			<wd l="1179" t="3120" r="1294" b="3133" fs="10">
			</wd>
			<wd l="1307" t="3120" r="1335" b="3151" fs="10">r</wd>
			<wd l="1353" t="3119" r="1508" b="3133" fs="10">
			</wd>
			<wd l="1522" t="3126" r="1553" b="3156" fs="10">r</wd>
			<wd l="1571" t="3128" r="1598" b="3138" fs="10">-</wd>
			<wd l="1706" t="3134" r="1732" b="3145" fs="10">-</wd>
			<wd l="1746" t="3088" r="1761" b="3168" fs="10">¡</wd>
			<wd l="1777" t="3117" r="1853" b="3165" fs="10">25°</wd>
			<wd l="1859" t="3126" r="1890" b="3165" fs="10">S</wd>
		</ln>
		<ln lx="877" ly="3285" rx="1747" ry="3349">
			<wd l="877" t="3287" r="889" b="3349" fs="10">!</wd>
			<wd l="1094" t="3321" r="1104" b="3349" fs="10">«</wd>
			<wd l="1309" t="3326" r="1318" b="3345" fs="10">»</wd>
			<wd l="1733" t="3285" r="1747" b="3347" fs="10">!</wd>
		</ln>
		<ln lx="888" ly="3354" rx="1868" ry="3434">
			<wd l="888" t="3364" r="1252" b="3390" fs="10">
			</wd>
			<wd l="1262" t="3362" r="1418" b="3434" fs="10">i~«°Y</wd>
			<wd l="1436" t="3364" r="1714" b="3386" fs="10">
			</wd>
			<wd l="1754" t="3354" r="1868" b="3400" fs="10">M°s</wd>
		</ln>
		<ln lx="648" ly="3525" rx="1967" ry="3591">
			<wd l="648" t="3532" r="776" b="3591" fs="10">Map</wd>
			<wd l="801" t="3530" r="842" b="3578" fs="10">1.</wd>
			<wd l="865" t="3528" r="1184" b="3577" fs="10">Distribution</wd>
			<wd l="1205" t="3527" r="1266" b="3576" fs="10">of</wd>
			<wd l="1275" t="3529" r="1687" b="3575" fs="10">Austrosteenisia</wd>
			<wd l="1706" t="3525" r="1967" b="3587" fs="10">stipularis.</wd>
		</ln>
		<ln lx="650" ly="3776" rx="2182" ry="3853">
			<wd l="650" t="3782" r="711" b="3841" fs="10">2.</wd>
			<wd l="776" t="3780" r="1395" b="3841" fs="10">Austrosteenisia</wd>
			<wd l="1460" t="3779" r="1732" b="3838" fs="10">blackii</wd>
			<wd l="1795" t="3776" r="2182" b="3853" fs="10">(F.Muell.)</wd>
		</ln>
		<ln lx="837" ly="3864" rx="2185" ry="3941">
			<wd l="837" t="3868" r="1204" b="3941" fs="10">R.Geesink,</wd>
			<wd l="1242" t="3867" r="1421" b="3928" fs="10">Scala</wd>
			<wd l="1451" t="3866" r="1909" b="3927" fs="10">Millettiearum</wd>
			<wd l="1943" t="3864" r="2185" b="3941" fs="10">(1984);</wd>
		</ln>
		<ln lx="836" ly="3953" rx="2189" ry="4030">
			<wd l="836" t="3956" r="1139" b="4017" fs="10">Millettia</wd>
			<wd l="1178" t="3955" r="1417" b="4016" fs="10">blackii</wd>
			<wd l="1452" t="3953" r="1774" b="4025" fs="10">F.Muell.,</wd>
			<wd l="1814" t="3955" r="2189" b="4030" fs="10">Fragmenta</wd>
		</ln>
		<ln lx="838" ly="4039" rx="2186" ry="4121">
			<wd l="838" t="4043" r="1318" b="4121" fs="10">Phytographiae</wd>
			<wd l="1342" t="4042" r="1704" b="4114" fs="10">Australiae,</wd>
			<wd l="1731" t="4042" r="1914" b="4101" fs="10">2:123</wd>
			<wd l="1945" t="4039" r="2186" b="4116" fs="10">(1861);</wd>
		</ln>
		<ln lx="835" ly="4127" rx="2185" ry="4208">
			<wd l="835" t="4131" r="1315" b="4208" fs="10">Lonchocarpus</wd>
			<wd l="1340" t="4130" r="1566" b="4190" fs="10">blackii</wd>
			<wd l="1584" t="4128" r="1924" b="4205" fs="10">(F.Muell.)</wd>
			<wd l="1947" t="4127" r="2185" b="4199" fs="10">Benth.,</wd>
		</ln>
		<ln lx="839" ly="4215" rx="2189" ry="4291">
			<wd l="839" t="4219" r="1018" b="4279" fs="10">Flora</wd>
			<wd l="1051" t="4217" r="1516" b="4290" fs="10">Australiensis,</wd>
			<wd l="1555" t="4217" r="1903" b="4277" fs="10">2:271-272</wd>
			<wd l="1942" t="4215" r="2189" b="4291" fs="10">(1864);</wd>
		</ln>
		<ln lx="837" ly="4302" rx="2190" ry="4381">
			<wd l="837" t="4306" r="1182" b="4367" fs="10">Kunstleria</wd>
			<wd l="1200" t="4305" r="1421" b="4366" fs="10">blackii</wd>
			<wd l="1434" t="4303" r="1765" b="4381" fs="10">(F.Muell.)</wd>
			<wd l="1783" t="4302" r="2016" b="4375" fs="10">Polhill,</wd>
			<wd l="2034" t="4304" r="2190" b="4362" fs="10">Kew</wd>
		</ln>
		<ln lx="841" ly="4391" rx="2183" ry="4469">
			<wd l="841" t="4394" r="1017" b="4454" fs="10">Bull.</wd>
			<wd l="1064" t="4393" r="1596" b="4469" fs="10">25(2):259-273</wd>
			<wd l="1646" t="4391" r="1912" b="4467" fs="10">(1971).</wd>
			<wd l="1966" t="4392" r="2183" b="4467" fs="10">Type:</wd>
		</ln>
		<ln lx="841" ly="4476" rx="2189" ry="4557">
			<wd l="841" t="4484" r="1126" b="4541" fs="10">Moreton</wd>
			<wd l="1143" t="4482" r="1293" b="4557" fs="10">Bay,</wd>
			<wd l="1314" t="4479" r="1528" b="4539" fs="10">W.Hill</wd>
			<wd l="1538" t="4479" r="1695" b="4555" fs="10">(syn:</wd>
			<wd l="1714" t="4478" r="1885" b="4553" fs="10">n.v.);</wd>
			<wd l="1904" t="4476" r="2189" b="4553" fs="10">Hastings</wd>
		</ln>
		<ln lx="842" ly="4564" rx="2191" ry="4643">
			<wd l="842" t="4568" r="1043" b="4640" fs="10">River,</wd>
			<wd l="1073" t="4567" r="1405" b="4627" fs="10">H.Beckler</wd>
			<wd l="1442" t="4567" r="1602" b="4643" fs="10">(syn:</wd>
			<wd l="1637" t="4565" r="1861" b="4641" fs="10">MEL);</wd>
			<wd l="1897" t="4564" r="2191" b="4624" fs="10">Clarence</wd>
		</ln>
		<ln lx="842" ly="4653" rx="1785" ry="4729">
			<wd l="842" t="4655" r="1043" b="4726" fs="10">River,</wd>
			<wd l="1066" t="4654" r="1406" b="4714" fs="10">H.Beckler</wd>
			<wd l="1428" t="4654" r="1587" b="4729" fs="10">(syn:</wd>
			<wd l="1614" t="4653" r="1785" b="4727" fs="10">n.v.).</wd>
		</ln>
		<ln lx="760" ly="4808" rx="2189" ry="4890">
			<wd l="760" t="4813" r="1256" b="4890" fs="10">[Lonchocarpus</wd>
			<wd l="1284" t="4816" r="1547" b="4872" fs="10">nesiotes</wd>
			<wd l="1581" t="4829" r="1764" b="4871" fs="10">sensu</wd>
			<wd l="1790" t="4808" r="2189" b="4886" fs="10">F.M.Bailey,</wd>
		</ln>
		<ln lx="845" ly="4897" rx="2194" ry="4976">
			<wd l="845" t="4900" r="1237" b="4975" fs="10">Queensland</wd>
			<wd l="1254" t="4899" r="1460" b="4976" fs="10">Agrie.</wd>
			<wd l="1483" t="4901" r="1552" b="4970" fs="10">J.,</wd>
			<wd l="1583" t="4900" r="1604" b="4957" fs="10">1</wd>
			<wd l="1618" t="4899" r="1652" b="4958" fs="10">7</wd>
			<wd l="1663" t="4917" r="1674" b="4958" fs="10">:</wd>
			<wd l="1690" t="4900" r="1711" b="4957" fs="10">1</wd>
			<wd l="1725" t="4899" r="1803" b="4958" fs="10">62</wd>
			<wd l="1825" t="4898" r="1848" b="4973" fs="10">(</wd>
			<wd l="1861" t="4899" r="1882" b="4956" fs="10">1</wd>
			<wd l="1895" t="4897" r="2064" b="4972" fs="10">906),</wd>
			<wd l="2085" t="4915" r="2194" b="4973" fs="10">pro</wd>
		</ln>
		<ln lx="844" ly="4984" rx="1719" ry="5069">
			<wd l="844" t="4999" r="1028" b="5069" fs="10">parte,</wd>
			<wd l="1055" t="4984" r="1181" b="5051" fs="10">fide</wd>
			<wd l="1205" t="4989" r="1425" b="5051" fs="10">Polhill</wd>
			<wd l="1451" t="4989" r="1567" b="5050" fs="10">loc.</wd>
			<wd l="1595" t="4988" r="1719" b="5065" fs="10">cit.]</wd>
		</ln>
	</region>
	<region article-doi="10.2307/41729921" region-id="2">
		<rc l="2308" t="842" r="3887" b="4824"/>
		<ln lx="2315" ly="847" rx="3844" ry="929">
			<wd l="2315" t="852" r="2575" b="929" fs="10">Woody</wd>
			<wd l="2618" t="851" r="2812" b="911" fs="10">liana.</wd>
			<wd l="2861" t="851" r="3073" b="910" fs="10">Stems</wd>
			<wd l="3116" t="848" r="3402" b="909" fs="10">covered</wd>
			<wd l="3442" t="847" r="3601" b="907" fs="10">with</wd>
			<wd l="3643" t="847" r="3844" b="907" fs="10">dense</wd>
		</ln>
		<ln lx="2313" ly="937" rx="3846" ry="1021">
			<wd l="2313" t="943" r="2564" b="1021" fs="10">hyaline</wd>
			<wd l="2600" t="951" r="2664" b="1003" fs="10">to</wd>
			<wd l="2700" t="942" r="3121" b="1020" fs="10">rusty-brown</wd>
			<wd l="3158" t="948" r="3322" b="1001" fs="10">erect</wd>
			<wd l="3356" t="948" r="3419" b="1000" fs="10">to</wd>
			<wd l="3458" t="938" r="3689" b="999" fs="10">curved</wd>
			<wd l="3726" t="937" r="3846" b="998" fs="10">and</wd>
		</ln>
		<ln lx="2317" ly="1030" rx="3845" ry="1114">
			<wd l="2317" t="1035" r="2645" b="1114" fs="10">appressed</wd>
			<wd l="2671" t="1035" r="2852" b="1107" fs="10">hairs,</wd>
			<wd l="2882" t="1033" r="3282" b="1111" fs="10">glabrescent;</wd>
			<wd l="3314" t="1030" r="3588" b="1092" fs="10">lenticels</wd>
			<wd l="3617" t="1030" r="3845" b="1107" fs="10">elliptic</wd>
		</ln>
		<ln lx="2315" ly="1122" rx="3847" ry="1203">
			<wd l="2315" t="1136" r="2378" b="1188" fs="10">to</wd>
			<wd l="2413" t="1126" r="2709" b="1199" fs="10">rounded,</wd>
			<wd l="2748" t="1124" r="3171" b="1203" fs="10">longitudinal.</wd>
			<wd l="3210" t="1126" r="3445" b="1184" fs="10">Leaves</wd>
			<wd l="3485" t="1122" r="3711" b="1183" fs="10">5.5-26</wd>
			<wd l="3748" t="1141" r="3847" b="1182" fs="10">cm</wd>
		</ln>
		<ln lx="2319" ly="1214" rx="3846" ry="1297">
			<wd l="2319" t="1219" r="2501" b="1297" fs="10">long;</wd>
			<wd l="2548" t="1218" r="2828" b="1296" fs="10">stipules</wd>
			<wd l="2870" t="1217" r="3140" b="1295" fs="10">peltate,</wd>
			<wd l="3187" t="1214" r="3583" b="1287" fs="10">lanceolate,</wd>
			<wd l="3629" t="1222" r="3846" b="1285" fs="10">ovate,</wd>
		</ln>
		<ln lx="2321" ly="1306" rx="3846" ry="1388">
			<wd l="2321" t="1312" r="2544" b="1373" fs="10">8.0-12</wd>
			<wd l="2565" t="1330" r="2693" b="1371" fs="10">mm</wd>
			<wd l="2714" t="1310" r="2877" b="1388" fs="10">long,</wd>
			<wd l="2901" t="1310" r="3148" b="1371" fs="10">3.5-5.0</wd>
			<wd l="3168" t="1327" r="3296" b="1368" fs="10">mm</wd>
			<wd l="3315" t="1307" r="3495" b="1379" fs="10">wide,</wd>
			<wd l="3518" t="1306" r="3846" b="1378" fs="10">caducous;</wd>
		</ln>
		<ln lx="2317" ly="1397" rx="3848" ry="1478">
			<wd l="2317" t="1404" r="2464" b="1464" fs="10">base</wd>
			<wd l="2485" t="1402" r="2781" b="1474" fs="10">rounded;</wd>
			<wd l="2806" t="1421" r="2962" b="1478" fs="10">apex</wd>
			<wd l="2984" t="1400" r="3345" b="1471" fs="10">acuminate;</wd>
			<wd l="3369" t="1398" r="3605" b="1475" fs="10">margin</wd>
			<wd l="3627" t="1397" r="3848" b="1469" fs="10">ciliate;</wd>
		</ln>
		<ln lx="2321" ly="1489" rx="3847" ry="1572">
			<wd l="2321" t="1494" r="2594" b="1572" fs="10">stipellae</wd>
			<wd l="2618" t="1501" r="2878" b="1571" fs="10">present,</wd>
			<wd l="2907" t="1492" r="3150" b="1552" fs="10">0.8-3.3</wd>
			<wd l="3179" t="1510" r="3307" b="1550" fs="10">mm</wd>
			<wd l="3334" t="1490" r="3498" b="1566" fs="10">long,</wd>
			<wd l="3526" t="1508" r="3594" b="1549" fs="10">or</wd>
			<wd l="3619" t="1489" r="3847" b="1549" fs="10">absent.</wd>
		</ln>
		<ln lx="2320" ly="1579" rx="3847" ry="1660">
			<wd l="2320" t="1585" r="2616" b="1646" fs="10">Leaflets</wd>
			<wd l="2664" t="1586" r="2863" b="1656" fs="10">5-11,</wd>
			<wd l="2910" t="1582" r="3222" b="1660" fs="10">opposite</wd>
			<wd l="3266" t="1601" r="3340" b="1641" fs="10">or</wd>
			<wd l="3383" t="1579" r="3847" b="1657" fs="10">subopposite,</wd>
		</ln>
		<ln lx="2321" ly="1672" rx="3851" ry="1753">
			<wd l="2321" t="1676" r="2871" b="1753" fs="10">imparipinnate;</wd>
			<wd l="2937" t="1673" r="3307" b="1751" fs="10">petiolules</wd>
			<wd l="3382" t="1672" r="3652" b="1731" fs="10">1.6-6.7</wd>
			<wd l="3718" t="1688" r="3851" b="1729" fs="10">mm</wd>
		</ln>
		<ln lx="2322" ly="1761" rx="3852" ry="1844">
			<wd l="2322" t="1767" r="2496" b="1844" fs="10">long;</wd>
			<wd l="2538" t="1765" r="2810" b="1826" fs="10">laminae</wd>
			<wd l="2848" t="1764" r="3164" b="1840" fs="10">narrowly</wd>
			<wd l="3203" t="1762" r="3467" b="1839" fs="10">elliptic,</wd>
			<wd l="3509" t="1761" r="3750" b="1838" fs="10">elliptic</wd>
			<wd l="3788" t="1768" r="3852" b="1820" fs="10">to</wd>
		</ln>
		<ln lx="2323" ly="1852" rx="3851" ry="1935">
			<wd l="2323" t="1858" r="2571" b="1935" fs="10">oblong,</wd>
			<wd l="2606" t="1865" r="2783" b="1918" fs="10">ovate</wd>
			<wd l="2817" t="1876" r="2885" b="1917" fs="10">or</wd>
			<wd l="2916" t="1856" r="3197" b="1927" fs="10">obovate,</wd>
			<wd l="3240" t="1855" r="3520" b="1914" fs="10">1.4-11.8</wd>
			<wd l="3556" t="1872" r="3655" b="1913" fs="10">cm</wd>
			<wd l="3687" t="1852" r="3851" b="1928" fs="10">long,</wd>
		</ln>
		<ln lx="2324" ly="1943" rx="3853" ry="2023">
			<wd l="2324" t="1950" r="2571" b="2010" fs="10">0.7-5.9</wd>
			<wd l="2607" t="1968" r="2706" b="2009" fs="10">cm</wd>
			<wd l="2738" t="1947" r="2918" b="2020" fs="10">wide,</wd>
			<wd l="2955" t="1945" r="3298" b="2023" fs="10">increasing</wd>
			<wd l="3332" t="1944" r="3395" b="2005" fs="10">in</wd>
			<wd l="3429" t="1944" r="3554" b="2005" fs="10">size</wd>
			<wd l="3590" t="1943" r="3853" b="2021" fs="10">distally;</wd>
		</ln>
		<ln lx="2322" ly="2040" rx="3856" ry="2119">
			<wd l="2322" t="2042" r="2466" b="2103" fs="10">base</wd>
			<wd l="2485" t="2041" r="2746" b="2119" fs="10">oblique,</wd>
			<wd l="2767" t="2040" r="2996" b="2113" fs="10">obtuse,</wd>
			<wd l="3015" t="2047" r="3296" b="2111" fs="10">truncate,</wd>
			<wd l="3317" t="2057" r="3384" b="2099" fs="10">or</wd>
			<wd l="3400" t="2045" r="3668" b="2109" fs="10">cuneate;</wd>
			<wd l="3703" t="2055" r="3856" b="2114" fs="10">apex</wd>
		</ln>
		<ln lx="2325" ly="2129" rx="3854" ry="2207">
			<wd l="2325" t="2144" r="2527" b="2207" fs="10">acute,</wd>
			<wd l="2569" t="2134" r="2948" b="2205" fs="10">acuminate,</wd>
			<wd l="2990" t="2152" r="3061" b="2193" fs="10">or</wd>
			<wd l="3098" t="2131" r="3364" b="2193" fs="10">caudate</wd>
			<wd l="3402" t="2130" r="3557" b="2191" fs="10">with</wd>
			<wd l="3596" t="2149" r="3631" b="2190" fs="10">a</wd>
			<wd l="3670" t="2129" r="3854" b="2190" fs="10">small</wd>
		</ln>
		<ln lx="2323" ly="2220" rx="3858" ry="2302">
			<wd l="2323" t="2245" r="2556" b="2298" fs="10">muero;</wd>
			<wd l="2608" t="2224" r="2944" b="2302" fs="10">secondary</wd>
			<wd l="2966" t="2224" r="3142" b="2284" fs="10">veins</wd>
			<wd l="3168" t="2224" r="3283" b="2283" fs="10">4-1</wd>
			<wd l="3303" t="2224" r="3325" b="2282" fs="10">1</wd>
			<wd l="3358" t="2221" r="3518" b="2300" fs="10">pairs</wd>
			<wd l="3543" t="2221" r="3692" b="2281" fs="10">with</wd>
			<wd l="3714" t="2220" r="3858" b="2281" fs="10">vein</wd>
		</ln>
		<ln lx="2326" ly="2313" rx="3858" ry="2396">
			<wd l="2326" t="2318" r="2502" b="2396" fs="10">angle</wd>
			<wd l="2523" t="2318" r="2816" b="2389" fs="10">38°-73°;</wd>
			<wd l="2838" t="2315" r="3075" b="2377" fs="10">adaxial</wd>
			<wd l="3095" t="2314" r="3300" b="2375" fs="10">leaflet</wd>
			<wd l="3319" t="2314" r="3555" b="2375" fs="10">surface</wd>
			<wd l="3574" t="2313" r="3858" b="2390" fs="10">glabrous</wd>
		</ln>
		<ln lx="2327" ly="2405" rx="3857" ry="2487">
			<wd l="2327" t="2430" r="2395" b="2470" fs="10">or</wd>
			<wd l="2415" t="2409" r="2815" b="2487" fs="10">glabrescent;</wd>
			<wd l="2855" t="2407" r="3130" b="2468" fs="10">midvein</wd>
			<wd l="3148" t="2406" r="3297" b="2466" fs="10">with</wd>
			<wd l="3316" t="2405" r="3561" b="2483" fs="10">hyaline</wd>
			<wd l="3581" t="2413" r="3644" b="2465" fs="10">to</wd>
			<wd l="3665" t="2412" r="3857" b="2480" fs="10">rusty-</wd>
		</ln>
		<ln lx="2325" ly="2495" rx="3859" ry="2571">
			<wd l="2325" t="2501" r="2558" b="2571" fs="10">brown,</wd>
			<wd l="2591" t="2507" r="2751" b="2560" fs="10">erect</wd>
			<wd l="2782" t="2518" r="2850" b="2558" fs="10">or</wd>
			<wd l="2880" t="2498" r="3106" b="2558" fs="10">curved</wd>
			<wd l="3134" t="2497" r="3295" b="2557" fs="10">hairs</wd>
			<wd l="3328" t="2495" r="3656" b="2571" fs="10">extending</wd>
			<wd l="3686" t="2514" r="3768" b="2555" fs="10">on</wd>
			<wd l="3796" t="2503" r="3859" b="2554" fs="10">to</wd>
		</ln>
		<ln lx="2325" ly="2585" rx="3860" ry="2662">
			<wd l="2325" t="2592" r="2428" b="2651" fs="10">the</wd>
			<wd l="2467" t="2590" r="2733" b="2662" fs="10">laterals;</wd>
			<wd l="2773" t="2589" r="3017" b="2649" fs="10">abaxial</wd>
			<wd l="3055" t="2588" r="3300" b="2648" fs="10">surface</wd>
			<wd l="3336" t="2586" r="3487" b="2646" fs="10">with</wd>
			<wd l="3524" t="2585" r="3860" b="2662" fs="10">appressed</wd>
		</ln>
		<ln lx="2329" ly="2677" rx="3861" ry="2757">
			<wd l="2329" t="2691" r="2611" b="2753" fs="10">antrorse,</wd>
			<wd l="2632" t="2689" r="2808" b="2752" fs="10">erect,</wd>
			<wd l="2827" t="2680" r="3069" b="2757" fs="10">hyaline</wd>
			<wd l="3102" t="2678" r="3281" b="2750" fs="10">hairs,</wd>
			<wd l="3302" t="2677" r="3695" b="2755" fs="10">glabrescent,</wd>
			<wd l="3714" t="2695" r="3861" b="2753" fs="10">very</wd>
		</ln>
		<ln lx="2327" ly="2767" rx="3858" ry="2850">
			<wd l="2327" t="2773" r="2541" b="2850" fs="10">rarely</wd>
			<wd l="2582" t="2772" r="2823" b="2850" fs="10">pilose.</wd>
			<wd l="2869" t="2771" r="3367" b="2831" fs="10">Inflorescence</wd>
			<wd l="3411" t="2787" r="3447" b="2829" fs="10">a</wd>
			<wd l="3486" t="2767" r="3750" b="2846" fs="10">panicle</wd>
			<wd l="3791" t="2775" r="3858" b="2827" fs="10">to</wd>
		</ln>
		<ln lx="2331" ly="2859" rx="3862" ry="2942">
			<wd l="2331" t="2866" r="2409" b="2926" fs="10">34</wd>
			<wd l="2438" t="2884" r="2536" b="2925" fs="10">cm</wd>
			<wd l="2563" t="2864" r="2726" b="2942" fs="10">long.</wd>
			<wd l="2755" t="2862" r="3031" b="2924" fs="10">Pedicels</wd>
			<wd l="3067" t="2863" r="3303" b="2923" fs="10">1.0-4.5</wd>
			<wd l="3333" t="2880" r="3462" b="2920" fs="10">mm</wd>
			<wd l="3489" t="2860" r="3655" b="2938" fs="10">long;</wd>
			<wd l="3684" t="2859" r="3862" b="2937" fs="10">calyx</wd>
		</ln>
		<ln lx="2330" ly="2951" rx="3863" ry="3033">
			<wd l="2330" t="2958" r="2578" b="3018" fs="10">4.0-7.0</wd>
			<wd l="2598" t="2976" r="2726" b="3017" fs="10">mm</wd>
			<wd l="2747" t="2956" r="2913" b="3033" fs="10">long;</wd>
			<wd l="2935" t="2955" r="3127" b="3033" fs="10">petals</wd>
			<wd l="3147" t="2952" r="3558" b="3025" fs="10">maroon-red;</wd>
			<wd l="3583" t="2951" r="3863" b="3013" fs="10">standard</wd>
		</ln>
		<ln lx="2332" ly="3044" rx="3865" ry="3125">
			<wd l="2332" t="3049" r="2615" b="3121" fs="10">circular,</wd>
			<wd l="2654" t="3047" r="2919" b="3125" fs="10">broadly</wd>
			<wd l="2955" t="3056" r="3019" b="3107" fs="10">to</wd>
			<wd l="3057" t="3065" r="3210" b="3123" fs="10">very</wd>
			<wd l="3246" t="3044" r="3511" b="3122" fs="10">broadly</wd>
			<wd l="3550" t="3052" r="3755" b="3116" fs="10">ovate,</wd>
			<wd l="3795" t="3062" r="3865" b="3103" fs="10">or</wd>
		</ln>
		<ln lx="2332" ly="3135" rx="3864" ry="3218">
			<wd l="2332" t="3140" r="2702" b="3218" fs="10">depressed</wd>
			<wd l="2762" t="3147" r="2960" b="3200" fs="10">ovate</wd>
			<wd l="3019" t="3148" r="3087" b="3198" fs="10">to</wd>
			<wd l="3146" t="3137" r="3434" b="3214" fs="10">broadly</wd>
			<wd l="3494" t="3135" r="3864" b="3213" fs="10">depressed</wd>
		</ln>
		<ln lx="2333" ly="3226" rx="3861" ry="3306">
			<wd l="2333" t="3240" r="2543" b="3305" fs="10">ovate,</wd>
			<wd l="2587" t="3232" r="2892" b="3292" fs="10">7.5-10.5</wd>
			<wd l="2935" t="3249" r="3066" b="3290" fs="10">mm</wd>
			<wd l="3107" t="3229" r="3261" b="3306" fs="10">long</wd>
			<wd l="3301" t="3227" r="3637" b="3304" fs="10">including</wd>
			<wd l="3677" t="3226" r="3861" b="3298" fs="10">claw,</wd>
		</ln>
		<ln lx="2336" ly="3318" rx="3866" ry="3399">
			<wd l="2336" t="3326" r="2572" b="3385" fs="10">5.2-9.5</wd>
			<wd l="2593" t="3342" r="2720" b="3383" fs="10">mm</wd>
			<wd l="2735" t="3323" r="2914" b="3394" fs="10">wide;</wd>
			<wd l="2932" t="3322" r="3127" b="3399" fs="10">wings</wd>
			<wd l="3146" t="3322" r="3389" b="3381" fs="10">3.5-6.0</wd>
			<wd l="3406" t="3339" r="3533" b="3379" fs="10">mm</wd>
			<wd l="3551" t="3319" r="3713" b="3395" fs="10">long;</wd>
			<wd l="3732" t="3318" r="3866" b="3378" fs="10">keel</wd>
		</ln>
		<ln lx="2335" ly="3410" rx="3864" ry="3490">
			<wd l="2335" t="3416" r="2592" b="3476" fs="10">7.0-9.8</wd>
			<wd l="2631" t="3434" r="2761" b="3473" fs="10">mm</wd>
			<wd l="2800" t="3414" r="2971" b="3490" fs="10">long.</wd>
			<wd l="3016" t="3412" r="3319" b="3473" fs="10">Staminal</wd>
			<wd l="3357" t="3411" r="3505" b="3471" fs="10">tube</wd>
			<wd l="3545" t="3410" r="3864" b="3487" fs="10">glabrous,</wd>
		</ln>
		<ln lx="2333" ly="3499" rx="3866" ry="3583">
			<wd l="2333" t="3506" r="2524" b="3583" fs="10">rarely</wd>
			<wd l="2540" t="3505" r="2686" b="3565" fs="10">with</wd>
			<wd l="2701" t="3504" r="2942" b="3582" fs="10">hyaline</wd>
			<wd l="2959" t="3503" r="3135" b="3563" fs="10">hairs.</wd>
			<wd l="3157" t="3504" r="3361" b="3579" fs="10">Ovary</wd>
			<wd l="3379" t="3500" r="3628" b="3577" fs="10">densely</wd>
			<wd l="3644" t="3499" r="3866" b="3560" fs="10">villous</wd>
		</ln>
		<ln lx="2334" ly="3591" rx="3867" ry="3674">
			<wd l="2334" t="3598" r="2494" b="3657" fs="10">with</wd>
			<wd l="2536" t="3597" r="2783" b="3674" fs="10">golden</wd>
			<wd l="2823" t="3596" r="3055" b="3655" fs="10">brown</wd>
			<wd l="3095" t="3594" r="3298" b="3665" fs="10">hairs;</wd>
			<wd l="3343" t="3592" r="3579" b="3653" fs="10">ovules</wd>
			<wd l="3621" t="3591" r="3867" b="3668" fs="10">mostly</wd>
		</ln>
		<ln lx="2344" ly="3682" rx="3869" ry="3765">
			<wd l="2344" t="3689" r="2562" b="3760" fs="10">10-20,</wd>
			<wd l="2589" t="3707" r="2738" b="3765" fs="10">very</wd>
			<wd l="2763" t="3686" r="2957" b="3764" fs="10">rarely</wd>
			<wd l="2985" t="3705" r="3050" b="3746" fs="10">as</wd>
			<wd l="3079" t="3686" r="3202" b="3746" fs="10">few</wd>
			<wd l="3229" t="3704" r="3294" b="3745" fs="10">as</wd>
			<wd l="3324" t="3686" r="3379" b="3745" fs="10">7.</wd>
			<wd l="3412" t="3683" r="3577" b="3761" fs="10">Style</wd>
			<wd l="3604" t="3682" r="3869" b="3744" fs="10">bearded</wd>
		</ln>
		<ln lx="2335" ly="3773" rx="3864" ry="3857">
			<wd l="2335" t="3780" r="2483" b="3840" fs="10">with</wd>
			<wd l="2509" t="3779" r="2736" b="3857" fs="10">golden</wd>
			<wd l="2759" t="3778" r="2975" b="3839" fs="10">brown</wd>
			<wd l="2999" t="3777" r="3159" b="3837" fs="10">hairs</wd>
			<wd l="3188" t="3776" r="3371" b="3853" fs="10">along</wd>
			<wd l="3396" t="3794" r="3588" b="3853" fs="10">upper</wd>
			<wd l="3611" t="3773" r="3864" b="3851" fs="10">margin.</wd>
		</ln>
		<ln lx="2336" ly="3866" rx="3865" ry="3949">
			<wd l="2336" t="3872" r="2473" b="3933" fs="10">Pod</wd>
			<wd l="2514" t="3871" r="2766" b="3949" fs="10">elliptic</wd>
			<wd l="2806" t="3879" r="2873" b="3931" fs="10">to</wd>
			<wd l="2916" t="3870" r="3186" b="3946" fs="10">oblong,</wd>
			<wd l="3231" t="3869" r="3499" b="3929" fs="10">3.8-9.6</wd>
			<wd l="3543" t="3886" r="3645" b="3927" fs="10">cm</wd>
			<wd l="3688" t="3866" r="3865" b="3943" fs="10">long,</wd>
		</ln>
		<ln lx="2339" ly="3957" rx="3870" ry="4038">
			<wd l="2339" t="3965" r="2595" b="4025" fs="10">0.9-2.0</wd>
			<wd l="2634" t="3982" r="2734" b="4023" fs="10">cm</wd>
			<wd l="2770" t="3962" r="2935" b="4022" fs="10">wide</wd>
			<wd l="2972" t="3961" r="3125" b="4021" fs="10">with</wd>
			<wd l="3162" t="3959" r="3503" b="4038" fs="10">appressed</wd>
			<wd l="3541" t="3958" r="3712" b="4019" fs="10">short</wd>
			<wd l="3749" t="3957" r="3870" b="4018" fs="10">and</wd>
		</ln>
		<ln lx="2339" ly="4049" rx="3871" ry="4132">
			<wd l="2339" t="4064" r="2495" b="4116" fs="10">erect</wd>
			<wd l="2512" t="4055" r="2656" b="4132" fs="10">long</wd>
			<wd l="2670" t="4054" r="2909" b="4131" fs="10">hyaline</wd>
			<wd l="2927" t="4053" r="3044" b="4114" fs="10">and</wd>
			<wd l="3060" t="4052" r="3283" b="4130" fs="10">golden</wd>
			<wd l="3297" t="4052" r="3508" b="4111" fs="10">brown</wd>
			<wd l="3523" t="4050" r="3701" b="4121" fs="10">hairs;</wd>
			<wd l="3722" t="4049" r="3871" b="4126" fs="10">stipe</wd>
		</ln>
		<ln lx="2340" ly="4142" rx="3694" ry="4223">
			<wd l="2340" t="4148" r="2629" b="4208" fs="10">3.0-10.0</wd>
			<wd l="2654" t="4165" r="2782" b="4206" fs="10">mm</wd>
			<wd l="2808" t="4146" r="2970" b="4223" fs="10">long.</wd>
			<wd l="3002" t="4144" r="3191" b="4205" fs="10">Seeds</wd>
			<wd l="3225" t="4145" r="3359" b="4216" fs="10">1-8,</wd>
			<wd l="3385" t="4142" r="3694" b="4203" fs="10">reniform.</wd>
		</ln>
		<ln lx="2337" ly="4303" rx="3869" ry="4387">
			<wd l="2337" t="4311" r="2707" b="4387" fs="10">Etymology</wd>
			<wd l="2712" t="4328" r="2727" b="4369" fs="10">:</wd>
			<wd l="2758" t="4308" r="2903" b="4368" fs="10">This</wd>
			<wd l="2932" t="4307" r="3168" b="4385" fs="10">species</wd>
			<wd l="3193" t="4325" r="3321" b="4366" fs="10">was</wd>
			<wd l="3347" t="4305" r="3570" b="4365" fs="10">named</wd>
			<wd l="3596" t="4304" r="3747" b="4365" fs="10">after</wd>
			<wd l="3769" t="4303" r="3869" b="4364" fs="10">the</wd>
		</ln>
		<ln lx="2340" ly="4394" rx="3882" ry="4468">
			<wd l="2340" t="4410" r="2510" b="4461" fs="10">most</wd>
			<wd l="2548" t="4399" r="2900" b="4460" fs="10">renowned</wd>
			<wd l="2938" t="4399" r="3110" b="4458" fs="10">Alan</wd>
			<wd l="3148" t="4397" r="3376" b="4468" fs="10">Black,</wd>
			<wd l="3419" t="4395" r="3762" b="4456" fs="10">custodian</wd>
			<wd l="3802" t="4394" r="3882" b="4454" fs="10">of</wd>
		</ln>
		<ln lx="2341" ly="4486" rx="3873" ry="4564">
			<wd l="2341" t="4492" r="2651" b="4552" fs="10">Hooker's</wd>
			<wd l="2674" t="4490" r="3035" b="4551" fs="10">Herbarium</wd>
			<wd l="3058" t="4489" r="3177" b="4550" fs="10">and</wd>
			<wd l="3197" t="4488" r="3340" b="4548" fs="10">who</wd>
			<wd l="3365" t="4488" r="3498" b="4547" fs="10">first</wd>
			<wd l="3518" t="4486" r="3735" b="4564" fs="10">placed</wd>
			<wd l="3755" t="4486" r="3873" b="4546" fs="10">this</wd>
		</ln>
		<ln lx="2344" ly="4578" rx="3864" ry="4661">
			<wd l="2344" t="4584" r="2580" b="4661" fs="10">species</wd>
			<wd l="2605" t="4583" r="2668" b="4642" fs="10">in</wd>
			<wd l="2689" t="4582" r="2789" b="4643" fs="10">the</wd>
			<wd l="2814" t="4600" r="3006" b="4659" fs="10">genus</wd>
			<wd l="3027" t="4580" r="3317" b="4641" fs="10">Millettia</wd>
			<wd l="3341" t="4579" r="3632" b="4655" fs="10">(Mueller</wd>
			<wd l="3662" t="4578" r="3864" b="4653" fs="10">1861).</wd>
		</ln>
		<ln lx="2344" ly="4739" rx="3771" ry="4819">
			<wd l="2344" t="4747" r="2493" b="4805" fs="10">Two</wd>
			<wd l="2517" t="4744" r="2797" b="4805" fs="10">varieties</wd>
			<wd l="2823" t="4762" r="2921" b="4804" fs="10">are</wd>
			<wd l="2946" t="4740" r="3392" b="4819" fs="10">distinguished</wd>
			<wd l="3416" t="4759" r="3480" b="4801" fs="10">as</wd>
			<wd l="3506" t="4739" r="3771" b="4800" fs="10">follows.</wd>
		</ln>
	</region>
	<region article-doi="10.2307/41729921" region-id="3">
		<rc l="663" t="5300" r="3859" b="5488"/>
		<ln lx="668" ly="5305" rx="3854" ry="5393">
			<wd l="668" t="5319" r="716" b="5378" fs="10">1.</wd>
			<wd l="777" t="5320" r="1009" b="5377" fs="10">Leaves</wd>
			<wd l="1032" t="5316" r="1181" b="5376" fs="10">with</wd>
			<wd l="1204" t="5315" r="1477" b="5393" fs="10">stipellae</wd>
			<wd l="1500" t="5322" r="1742" b="5392" fs="10">present</wd>
			<wd l="1790" t="5356" r="3439" b="5374" fs="10">
			</wd>
			<wd l="3474" t="5324" r="3598" b="5366" fs="10">var.</wd>
			<wd l="3613" t="5305" r="3854" b="5365" fs="10">blackii</wd>
		</ln>
		<ln lx="777" ly="5397" rx="3852" ry="5483">
			<wd l="777" t="5411" r="1010" b="5468" fs="10">Leaves</wd>
			<wd l="1033" t="5407" r="1181" b="5467" fs="10">with</wd>
			<wd l="1205" t="5406" r="1478" b="5483" fs="10">stipellae</wd>
			<wd l="1503" t="5406" r="1715" b="5465" fs="10">absent</wd>
			<wd l="1749" t="5446" r="3356" b="5464" fs="10">
			</wd>
			<wd l="3418" t="5415" r="3542" b="5456" fs="10">var.</wd>
			<wd l="3559" t="5397" r="3852" b="5471" fs="10">astipella</wd>
		</ln>
	</region>
</ocr-page>
