<?xml version="1.0" encoding="UTF-8"?>
<ocr-page type="coords" ocr-vers="1.0" creation-date="20130321" res="600" height="6300" width="4500">
	<region article-doi="10.2307/41729921" region-id="0">
		<rc l="636" t="733" r="3773" b="804"/>
		<ln lx="641" ly="738" rx="3768" ry="799">
			<wd l="641" t="739" r="701" b="786" fs="10">82</wd>
			<wd l="2867" t="738" r="3243" b="799" fs="10">Austrobaileya</wd>
			<wd l="3262" t="738" r="3385" b="798" fs="10">5(1):</wd>
			<wd l="3408" t="739" r="3538" b="786" fs="10">79-9</wd>
			<wd l="3549" t="739" r="3566" b="785" fs="10">1</wd>
			<wd l="3593" t="738" r="3611" b="798" fs="10">(</wd>
			<wd l="3621" t="739" r="3638" b="785" fs="10">1</wd>
			<wd l="3649" t="738" r="3768" b="798" fs="10">997)</wd>
		</ln>
	</region>
	<region article-doi="10.2307/41729921" region-id="1">
		<rc l="645" t="5274" r="3847" b="5494"/>
		<ln lx="651" ly="5279" rx="3842" ry="5341">
			<wd l="651" t="5280" r="755" b="5341" fs="10">Fig.</wd>
			<wd l="781" t="5280" r="823" b="5328" fs="10">1.</wd>
			<wd l="840" t="5280" r="1254" b="5328" fs="10">Austrosteenisia</wd>
			<wd l="1272" t="5280" r="1536" b="5341" fs="10">stipularis.</wd>
			<wd l="1576" t="5281" r="1636" b="5328" fs="10">A.</wd>
			<wd l="1661" t="5280" r="1766" b="5329" fs="10">leaf</wd>
			<wd l="1782" t="5291" r="1809" b="5318" fs="10">x</wd>
			<wd l="1834" t="5281" r="1929" b="5328" fs="10">0.4.</wd>
			<wd l="1951" t="5281" r="2008" b="5328" fs="10">B.</wd>
			<wd l="2032" t="5280" r="2256" b="5329" fs="10">standard</wd>
			<wd l="2280" t="5291" r="2307" b="5317" fs="10">x</wd>
			<wd l="2331" t="5281" r="2376" b="5328" fs="10">4.</wd>
			<wd l="2400" t="5281" r="2456" b="5329" fs="10">C.</wd>
			<wd l="2481" t="5280" r="2655" b="5341" fs="10">stipule</wd>
			<wd l="2681" t="5292" r="2707" b="5317" fs="10">x</wd>
			<wd l="2731" t="5280" r="2776" b="5328" fs="10">4.</wd>
			<wd l="2799" t="5281" r="2859" b="5328" fs="10">D.</wd>
			<wd l="2881" t="5279" r="2981" b="5341" fs="10">pod</wd>
			<wd l="3005" t="5291" r="3032" b="5317" fs="10">*</wd>
			<wd l="3058" t="5280" r="3152" b="5328" fs="10">0.4.</wd>
			<wd l="3192" t="5281" r="3245" b="5327" fs="10">E.</wd>
			<wd l="3267" t="5279" r="3401" b="5341" fs="10">wing</wd>
			<wd l="3424" t="5291" r="3450" b="5317" fs="10">x</wd>
			<wd l="3475" t="5280" r="3520" b="5327" fs="10">4.</wd>
			<wd l="3542" t="5281" r="3591" b="5327" fs="10">F.</wd>
			<wd l="3614" t="5279" r="3722" b="5327" fs="10">keel</wd>
			<wd l="3747" t="5291" r="3774" b="5317" fs="10">x</wd>
			<wd l="3798" t="5280" r="3842" b="5327" fs="10">4.</wd>
		</ln>
		<ln lx="651" ly="5354" rx="3762" ry="5417">
			<wd l="651" t="5355" r="712" b="5403" fs="10">G.</wd>
			<wd l="741" t="5354" r="975" b="5403" fs="10">staminal</wd>
			<wd l="998" t="5354" r="1119" b="5403" fs="10">tube</wd>
			<wd l="1147" t="5366" r="1173" b="5392" fs="10">x</wd>
			<wd l="1202" t="5355" r="1249" b="5403" fs="10">4.</wd>
			<wd l="1294" t="5356" r="1357" b="5403" fs="10">H.</wd>
			<wd l="1384" t="5354" r="1534" b="5416" fs="10">calyx</wd>
			<wd l="1563" t="5366" r="1589" b="5393" fs="10">x</wd>
			<wd l="1617" t="5355" r="1664" b="5403" fs="10">4.</wd>
			<wd l="1691" t="5356" r="1726" b="5403" fs="10">I.</wd>
			<wd l="1753" t="5355" r="2064" b="5417" fs="10">gynoecium</wd>
			<wd l="2092" t="5366" r="2118" b="5393" fs="10">x</wd>
			<wd l="2147" t="5355" r="2195" b="5403" fs="10">4.</wd>
			<wd l="2238" t="5356" r="2285" b="5402" fs="10">A</wd>
			<wd l="2311" t="5354" r="2443" b="5403" fs="10">from</wd>
			<wd l="2466" t="5355" r="2672" b="5416" fs="10">Hyland</wd>
			<wd l="2698" t="5355" r="2832" b="5403" fs="10">5637</wd>
			<wd l="2859" t="5355" r="3057" b="5415" fs="10">(QRS);</wd>
			<wd l="3083" t="5356" r="3221" b="5412" fs="10">B-E,</wd>
			<wd l="3246" t="5356" r="3292" b="5402" fs="10">H</wd>
			<wd l="3317" t="5355" r="3364" b="5403" fs="10"><![CDATA[&]]></wd>
			<wd l="3390" t="5356" r="3408" b="5402" fs="10">I</wd>
			<wd l="3434" t="5354" r="3566" b="5403" fs="10">from</wd>
			<wd l="3588" t="5354" r="3762" b="5403" fs="10">Dixon</wd>
		</ln>
		<ln lx="650" ly="5429" rx="2387" ry="5489">
			<wd l="650" t="5430" r="750" b="5476" fs="10">MB</wd>
			<wd l="761" t="5429" r="864" b="5477" fs="10">10/1</wd>
			<wd l="875" t="5430" r="971" b="5476" fs="10">994</wd>
			<wd l="993" t="5430" r="1169" b="5489" fs="10">(JCU);</wd>
			<wd l="1191" t="5431" r="1224" b="5476" fs="10">F</wd>
			<wd l="1247" t="5429" r="1373" b="5477" fs="10">from</wd>
			<wd l="1391" t="5429" r="1592" b="5477" fs="10">Flecker</wd>
			<wd l="1611" t="5430" r="1741" b="5477" fs="10">6536</wd>
			<wd l="1763" t="5430" r="1947" b="5489" fs="10">(QRS).</wd>
			<wd l="1969" t="5430" r="2077" b="5478" fs="10">Del.</wd>
			<wd l="2100" t="5429" r="2387" b="5478" fs="10">D.J.Dixon.</wd>
		</ln>
	</region>
</ocr-page>
