<?xml version="1.0" encoding="UTF-8"?>
<ocr-page type="coords" ocr-vers="1.0" creation-date="20130321" res="600" height="6300" width="4500">
	<region article-doi="10.2307/41729916" region-id="0">
		<rc l="640" t="733" r="3782" b="806"/>
		<ln lx="645" ly="738" rx="3777" ry="801">
			<wd l="645" t="748" r="708" b="795" fs="10">42</wd>
			<wd l="2874" t="739" r="3251" b="801" fs="10">Austrobaileya</wd>
			<wd l="3270" t="739" r="3393" b="799" fs="10">5(1):</wd>
			<wd l="3417" t="739" r="3544" b="786" fs="10">39-5</wd>
			<wd l="3558" t="739" r="3574" b="786" fs="10">1</wd>
			<wd l="3602" t="739" r="3620" b="799" fs="10">(</wd>
			<wd l="3630" t="739" r="3647" b="785" fs="10">1</wd>
			<wd l="3658" t="738" r="3777" b="798" fs="10">997)</wd>
		</ln>
	</region>
	<region article-doi="10.2307/41729916" region-id="1">
		<rc l="640" t="855" r="2211" b="5640"/>
		<ln lx="645" ly="860" rx="2180" ry="941">
			<wd l="645" t="864" r="955" b="926" fs="10">bisexual.</wd>
			<wd l="997" t="864" r="1243" b="925" fs="10">Flower</wd>
			<wd l="1278" t="863" r="1441" b="924" fs="10">buds</wd>
			<wd l="1480" t="862" r="1793" b="941" fs="10">globular,</wd>
			<wd l="1832" t="860" r="2180" b="939" fs="10">hypanthia</wd>
		</ln>
		<ln lx="648" ly="953" rx="2176" ry="1035">
			<wd l="648" t="957" r="969" b="1035" fs="10">shallowly</wd>
			<wd l="988" t="976" r="1226" b="1018" fs="10">convex</wd>
			<wd l="1244" t="964" r="1307" b="1017" fs="10">to</wd>
			<wd l="1328" t="955" r="1548" b="1017" fs="10">almost</wd>
			<wd l="1567" t="954" r="1693" b="1027" fs="10">flat,</wd>
			<wd l="1716" t="953" r="1969" b="1032" fs="10">densely</wd>
			<wd l="1986" t="953" r="2176" b="1031" fs="10">hairy,</wd>
		</ln>
		<ln lx="645" ly="1046" rx="2177" ry="1126">
			<wd l="645" t="1050" r="936" b="1112" fs="10">unarmed</wd>
			<wd l="966" t="1070" r="1034" b="1111" fs="10">or</wd>
			<wd l="1061" t="1049" r="1208" b="1111" fs="10">with</wd>
			<wd l="1238" t="1069" r="1273" b="1110" fs="10">a</wd>
			<wd l="1302" t="1049" r="1424" b="1110" fs="10">few</wd>
			<wd l="1455" t="1048" r="1620" b="1110" fs="10">short</wd>
			<wd l="1647" t="1047" r="1928" b="1126" fs="10">prickles.</wd>
			<wd l="1965" t="1046" r="2177" b="1125" fs="10">Sepals</wd>
		</ln>
		<ln lx="645" ly="1140" rx="2178" ry="1219">
			<wd l="645" t="1140" r="982" b="1219" fs="10">persistent,</wd>
			<wd l="1004" t="1148" r="1199" b="1212" fs="10">ovate,</wd>
			<wd l="1221" t="1140" r="1384" b="1200" fs="10">9-10</wd>
			<wd l="1410" t="1153" r="1443" b="1187" fs="10">x</wd>
			<wd l="1470" t="1140" r="1652" b="1199" fs="10">5.5-7</wd>
			<wd l="1672" t="1157" r="1818" b="1210" fs="10">mm,</wd>
			<wd l="1840" t="1145" r="2011" b="1198" fs="10">outer</wd>
			<wd l="2028" t="1155" r="2178" b="1197" fs="10">ones</wd>
		</ln>
		<ln lx="646" ly="1226" rx="2181" ry="1306">
			<wd l="646" t="1229" r="793" b="1290" fs="10">with</wd>
			<wd l="812" t="1231" r="930" b="1289" fs="10">5-7</wd>
			<wd l="948" t="1228" r="1289" b="1306" fs="10">prominent</wd>
			<wd l="1307" t="1227" r="1493" b="1287" fs="10">linear</wd>
			<wd l="1510" t="1226" r="1700" b="1298" fs="10">lobes,</wd>
			<wd l="1722" t="1226" r="1891" b="1286" fs="10">inner</wd>
			<wd l="1908" t="1244" r="2057" b="1285" fs="10">ones</wd>
			<wd l="2075" t="1232" r="2181" b="1284" fs="10">not</wd>
		</ln>
		<ln lx="648" ly="1312" rx="2180" ry="1394">
			<wd l="648" t="1337" r="716" b="1378" fs="10">or</wd>
			<wd l="748" t="1316" r="1016" b="1394" fs="10">scarcely</wd>
			<wd l="1049" t="1315" r="1251" b="1388" fs="10">lobed;</wd>
			<wd l="1287" t="1314" r="1486" b="1393" fs="10">sepals</wd>
			<wd l="1517" t="1313" r="1811" b="1375" fs="10">recurved</wd>
			<wd l="1843" t="1321" r="1900" b="1374" fs="10">at</wd>
			<wd l="1932" t="1312" r="2180" b="1389" fs="10">fruiting</wd>
		</ln>
		<ln lx="650" ly="1400" rx="2179" ry="1483">
			<wd l="650" t="1414" r="838" b="1483" fs="10">stage,</wd>
			<wd l="877" t="1405" r="996" b="1466" fs="10">and</wd>
			<wd l="1029" t="1404" r="1362" b="1481" fs="10">becoming</wd>
			<wd l="1399" t="1402" r="1740" b="1464" fs="10">somewhat</wd>
			<wd l="1775" t="1401" r="1992" b="1479" fs="10">larger;</wd>
			<wd l="2029" t="1400" r="2179" b="1461" fs="10">with</wd>
		</ln>
		<ln lx="649" ly="1488" rx="2180" ry="1567">
			<wd l="649" t="1494" r="836" b="1555" fs="10">dense</wd>
			<wd l="870" t="1493" r="1055" b="1554" fs="10">white</wd>
			<wd l="1089" t="1492" r="1250" b="1553" fs="10">hairs</wd>
			<wd l="1287" t="1511" r="1369" b="1552" fs="10">on</wd>
			<wd l="1401" t="1491" r="1551" b="1552" fs="10">both</wd>
			<wd l="1587" t="1490" r="1879" b="1562" fs="10">surfaces,</wd>
			<wd l="1915" t="1488" r="2180" b="1567" fs="10">prickles</wd>
		</ln>
		<ln lx="649" ly="1577" rx="2181" ry="1659">
			<wd l="649" t="1583" r="876" b="1644" fs="10">absent.</wd>
			<wd l="901" t="1581" r="1097" b="1642" fs="10">Petals</wd>
			<wd l="1118" t="1589" r="1225" b="1642" fs="10">not</wd>
			<wd l="1244" t="1580" r="1583" b="1659" fs="10">persistent,</wd>
			<wd l="1608" t="1578" r="1927" b="1651" fs="10">orbicular,</wd>
			<wd l="1953" t="1577" r="2181" b="1654" fs="10">shortly</wd>
		</ln>
		<ln lx="650" ly="1666" rx="2182" ry="1745">
			<wd l="650" t="1670" r="900" b="1742" fs="10">clawed,</wd>
			<wd l="923" t="1671" r="1042" b="1730" fs="10">7-9</wd>
			<wd l="1068" t="1670" r="1290" b="1729" fs="10">*7-8.5</wd>
			<wd l="1312" t="1687" r="1457" b="1740" fs="10">mm,</wd>
			<wd l="1479" t="1667" r="1783" b="1745" fs="10">glabrous,</wd>
			<wd l="1803" t="1666" r="2006" b="1738" fs="10">white,</wd>
			<wd l="2028" t="1684" r="2182" b="1742" fs="10">apex</wd>
		</ln>
		<ln lx="650" ly="1754" rx="2180" ry="1831">
			<wd l="650" t="1758" r="894" b="1820" fs="10">obtuse.</wd>
			<wd l="939" t="1759" r="1226" b="1818" fs="10">Stamens</wd>
			<wd l="1265" t="1756" r="1591" b="1828" fs="10">200-280;</wd>
			<wd l="1634" t="1754" r="1955" b="1815" fs="10">filaments</wd>
			<wd l="1993" t="1772" r="2077" b="1831" fs="10">up</wd>
			<wd l="2115" t="1761" r="2180" b="1813" fs="10">to</wd>
		</ln>
		<ln lx="652" ly="1843" rx="2182" ry="1924">
			<wd l="652" t="1849" r="747" b="1908" fs="10">5.5</wd>
			<wd l="787" t="1866" r="914" b="1906" fs="10">mm</wd>
			<wd l="950" t="1846" r="1116" b="1924" fs="10">long,</wd>
			<wd l="1154" t="1844" r="1465" b="1923" fs="10">glabrous;</wd>
			<wd l="1504" t="1843" r="1745" b="1905" fs="10">anthers</wd>
			<wd l="1783" t="1862" r="1834" b="1903" fs="10">c.</wd>
			<wd l="1875" t="1843" r="2015" b="1903" fs="10">0.75</wd>
			<wd l="2054" t="1860" r="2182" b="1901" fs="10">mm</wd>
		</ln>
		<ln lx="651" ly="1930" rx="2182" ry="2013">
			<wd l="651" t="1936" r="815" b="2013" fs="10">long,</wd>
			<wd l="848" t="1934" r="1148" b="2007" fs="10">versatile,</wd>
			<wd l="1184" t="1932" r="1540" b="2005" fs="10">dorsifixed,</wd>
			<wd l="1574" t="1931" r="1723" b="1992" fs="10">with</wd>
			<wd l="1757" t="1930" r="1989" b="1992" fs="10">several</wd>
			<wd l="2021" t="1930" r="2182" b="1990" fs="10">hairs</wd>
		</ln>
		<ln lx="651" ly="2018" rx="2181" ry="2102">
			<wd l="651" t="2032" r="709" b="2085" fs="10">at</wd>
			<wd l="745" t="2043" r="920" b="2102" fs="10">apex.</wd>
			<wd l="961" t="2022" r="1216" b="2101" fs="10">Carpels</wd>
			<wd l="1262" t="2022" r="1571" b="2093" fs="10">110-180,</wd>
			<wd l="1609" t="2019" r="1922" b="2098" fs="10">glabrous,</wd>
			<wd l="1961" t="2018" r="2181" b="2096" fs="10">glands</wd>
		</ln>
		<ln lx="651" ly="2106" rx="2180" ry="2185">
			<wd l="651" t="2112" r="913" b="2184" fs="10">absent;</wd>
			<wd l="965" t="2111" r="1232" b="2172" fs="10">ovaries</wd>
			<wd l="1282" t="2129" r="1338" b="2170" fs="10">c.</wd>
			<wd l="1399" t="2110" r="1501" b="2170" fs="10">1.0</wd>
			<wd l="1550" t="2127" r="1683" b="2168" fs="10">mm</wd>
			<wd l="1732" t="2108" r="1917" b="2185" fs="10">long,</wd>
			<wd l="1970" t="2106" r="2180" b="2184" fs="10">styles</wd>
		</ln>
		<ln lx="651" ly="2194" rx="2194" ry="2277">
			<wd l="651" t="2220" r="702" b="2261" fs="10">c.</wd>
			<wd l="736" t="2201" r="834" b="2261" fs="10">0.9</wd>
			<wd l="863" t="2219" r="990" b="2259" fs="10">mm</wd>
			<wd l="1019" t="2199" r="1181" b="2277" fs="10">long.</wd>
			<wd l="1214" t="2197" r="1465" b="2276" fs="10">Carpels</wd>
			<wd l="1495" t="2196" r="1823" b="2274" fs="10">extending</wd>
			<wd l="1849" t="2204" r="1912" b="2256" fs="10">to</wd>
			<wd l="1940" t="2195" r="2087" b="2256" fs="10">base</wd>
			<wd l="2117" t="2194" r="2194" b="2255" fs="10">of</wd>
		</ln>
		<ln lx="649" ly="2283" rx="2181" ry="2364">
			<wd l="649" t="2298" r="834" b="2362" fs="10">torus,</wd>
			<wd l="858" t="2287" r="1114" b="2350" fs="10">annulus</wd>
			<wd l="1137" t="2287" r="1213" b="2348" fs="10">of</wd>
			<wd l="1222" t="2286" r="1382" b="2348" fs="10">hairs</wd>
			<wd l="1403" t="2294" r="1645" b="2364" fs="10">present</wd>
			<wd l="1666" t="2293" r="1723" b="2346" fs="10">at</wd>
			<wd l="1741" t="2284" r="1888" b="2346" fs="10">base</wd>
			<wd l="1911" t="2283" r="1988" b="2345" fs="10">of</wd>
			<wd l="1997" t="2292" r="2181" b="2345" fs="10">torus.</wd>
		</ln>
		<ln lx="652" ly="2371" rx="2185" ry="2453">
			<wd l="652" t="2377" r="991" b="2438" fs="10">Collective</wd>
			<wd l="1018" t="2376" r="1160" b="2437" fs="10">fruit</wd>
			<wd l="1184" t="2374" r="1536" b="2453" fs="10">globulare.</wd>
			<wd l="1575" t="2374" r="1824" b="2434" fs="10">16x16</wd>
			<wd l="1851" t="2391" r="1979" b="2432" fs="10">mm</wd>
			<wd l="2003" t="2371" r="2185" b="2432" fs="10">when</wd>
		</ln>
		<ln lx="652" ly="2459" rx="2184" ry="2538">
			<wd l="652" t="2465" r="839" b="2538" fs="10">dried,</wd>
			<wd l="867" t="2485" r="918" b="2526" fs="10">c.</wd>
			<wd l="947" t="2466" r="1022" b="2525" fs="10">25</wd>
			<wd l="1058" t="2479" r="1091" b="2512" fs="10">*</wd>
			<wd l="1121" t="2465" r="1197" b="2524" fs="10">25</wd>
			<wd l="1225" t="2483" r="1353" b="2523" fs="10">mm</wd>
			<wd l="1376" t="2463" r="1557" b="2523" fs="10">when</wd>
			<wd l="1582" t="2462" r="1765" b="2534" fs="10">fresh,</wd>
			<wd l="1793" t="2479" r="2053" b="2538" fs="10">exocarp</wd>
			<wd l="2078" t="2459" r="2184" b="2520" fs="10">red</wd>
		</ln>
		<ln lx="653" ly="2547" rx="2182" ry="2630">
			<wd l="653" t="2562" r="711" b="2614" fs="10">at</wd>
			<wd l="744" t="2553" r="1046" b="2630" fs="10">maturity.</wd>
			<wd l="1085" t="2550" r="1506" b="2628" fs="10">Endocarpids</wd>
			<wd l="1542" t="2549" r="1838" b="2610" fs="10">reniform</wd>
			<wd l="1871" t="2557" r="1935" b="2609" fs="10">to</wd>
			<wd l="1972" t="2547" r="2182" b="2620" fs="10">ovoid,</wd>
		</ln>
		<ln lx="651" ly="2643" rx="1653" ry="2723">
			<wd l="651" t="2664" r="891" b="2723" fs="10">rugose,</wd>
			<wd l="919" t="2663" r="970" b="2705" fs="10">c.</wd>
			<wd l="998" t="2645" r="1095" b="2704" fs="10">2.5</wd>
			<wd l="1123" t="2664" r="1163" b="2703" fs="10">x</wd>
			<wd l="1197" t="2644" r="1287" b="2703" fs="10">1.7</wd>
			<wd l="1320" t="2656" r="1353" b="2690" fs="10">x</wd>
			<wd l="1391" t="2643" r="1480" b="2702" fs="10">1.3</wd>
			<wd l="1509" t="2660" r="1653" b="2701" fs="10">mm.</wd>
		</ln>
		<ln lx="650" ly="2791" rx="2182" ry="2859">
			<wd l="650" t="2798" r="881" b="2847" fs="10">Selected</wd>
			<wd l="892" t="2797" r="1189" b="2859" fs="10">specimens:</wd>
			<wd l="1211" t="2796" r="1561" b="2855" fs="10">Queensland.</wd>
			<wd l="1579" t="2794" r="1722" b="2842" fs="10">Cook</wd>
			<wd l="1738" t="2794" r="1976" b="2841" fs="10">District:</wd>
			<wd l="1997" t="2792" r="2027" b="2840" fs="10">6</wd>
			<wd l="2044" t="2791" r="2127" b="2840" fs="10">km</wd>
			<wd l="2143" t="2792" r="2182" b="2839" fs="10">E</wd>
		</ln>
		<ln lx="654" ly="2866" rx="2193" ry="2931">
			<wd l="654" t="2873" r="715" b="2923" fs="10">of</wd>
			<wd l="727" t="2872" r="962" b="2931" fs="10">Babinda,</wd>
			<wd l="985" t="2874" r="1090" b="2921" fs="10">Dec</wd>
			<wd l="1118" t="2872" r="1258" b="2930" fs="10">1992,</wd>
			<wd l="1279" t="2873" r="1417" b="2919" fs="10">Bean</wd>
			<wd l="1440" t="2870" r="1570" b="2919" fs="10">5332</wd>
			<wd l="1594" t="2869" r="1763" b="2931" fs="10">(BRI);</wd>
			<wd l="1788" t="2884" r="1829" b="2917" fs="10">c.</wd>
			<wd l="1854" t="2869" r="1883" b="2916" fs="10">2</wd>
			<wd l="1906" t="2868" r="1990" b="2916" fs="10">km</wd>
			<wd l="2013" t="2868" r="2109" b="2917" fs="10">SW</wd>
			<wd l="2131" t="2866" r="2193" b="2916" fs="10">of</wd>
		</ln>
		<ln lx="652" ly="2943" rx="2186" ry="3005">
			<wd l="652" t="2951" r="913" b="2997" fs="10">Bramston</wd>
			<wd l="940" t="2947" r="1108" b="2996" fs="10">Beach</wd>
			<wd l="1137" t="2962" r="1201" b="2996" fs="10">on</wd>
			<wd l="1229" t="2946" r="1348" b="2995" fs="10">road</wd>
			<wd l="1377" t="2946" r="1505" b="2994" fs="10">from</wd>
			<wd l="1532" t="2947" r="1692" b="2993" fs="10">Bruce</wd>
			<wd l="1720" t="2945" r="1864" b="3005" fs="10">Hwy,</wd>
			<wd l="1893" t="2945" r="2009" b="3005" fs="10">Aug</wd>
			<wd l="2043" t="2943" r="2186" b="3000" fs="10">1989,</wd>
		</ln>
		<ln lx="651" ly="3017" rx="2186" ry="3083">
			<wd l="651" t="3023" r="860" b="3072" fs="10">Blaxell</wd>
			<wd l="893" t="3023" r="1089" b="3072" fs="10">89/160</wd>
			<wd l="1124" t="3029" r="1174" b="3071" fs="10">et</wd>
			<wd l="1207" t="3021" r="1271" b="3071" fs="10">al.</wd>
			<wd l="1309" t="3021" r="1530" b="3083" fs="10">(NSW);</wd>
			<wd l="1565" t="3019" r="1892" b="3069" fs="10">Palmerston</wd>
			<wd l="1924" t="3017" r="2186" b="3080" fs="10">Highway</wd>
		</ln>
		<ln lx="655" ly="3094" rx="2176" ry="3156">
			<wd l="655" t="3116" r="695" b="3149" fs="10">c.</wd>
			<wd l="728" t="3101" r="785" b="3148" fs="10">10</wd>
			<wd l="809" t="3100" r="893" b="3148" fs="10">km</wd>
			<wd l="917" t="3099" r="1043" b="3148" fs="10">from</wd>
			<wd l="1066" t="3098" r="1240" b="3147" fs="10">Millaa</wd>
			<wd l="1261" t="3097" r="1448" b="3156" fs="10">Millaa,</wd>
			<wd l="1471" t="3098" r="1586" b="3145" fs="10">Nov</wd>
			<wd l="1617" t="3096" r="1758" b="3154" fs="10">1979,</wd>
			<wd l="1786" t="3094" r="2027" b="3144" fs="10">Clarkson</wd>
			<wd l="2052" t="3094" r="2176" b="3142" fs="10">2731</wd>
		</ln>
		<ln lx="655" ly="3170" rx="2188" ry="3238">
			<wd l="655" t="3177" r="824" b="3238" fs="10">(BRI);</wd>
			<wd l="851" t="3191" r="891" b="3225" fs="10">c.</wd>
			<wd l="917" t="3176" r="981" b="3224" fs="10">40</wd>
			<wd l="1006" t="3175" r="1089" b="3223" fs="10">km</wd>
			<wd l="1115" t="3175" r="1187" b="3224" fs="10">SE</wd>
			<wd l="1212" t="3174" r="1274" b="3223" fs="10">of</wd>
			<wd l="1288" t="3173" r="1525" b="3222" fs="10">Atherton</wd>
			<wd l="1550" t="3179" r="1596" b="3221" fs="10">at</wd>
			<wd l="1619" t="3171" r="1882" b="3234" fs="10">Josephine</wd>
			<wd l="1905" t="3170" r="2049" b="3229" fs="10">Falls,</wd>
			<wd l="2073" t="3171" r="2188" b="3231" fs="10">Aug</wd>
		</ln>
		<ln lx="661" ly="3245" rx="2186" ry="3311">
			<wd l="661" t="3253" r="678" b="3300" fs="10">1</wd>
			<wd l="689" t="3253" r="751" b="3300" fs="10">98</wd>
			<wd l="762" t="3253" r="779" b="3300" fs="10">1</wd>
			<wd l="791" t="3292" r="802" b="3310" fs="10">,</wd>
			<wd l="816" t="3252" r="968" b="3300" fs="10">Croat</wd>
			<wd l="980" t="3251" r="1140" b="3299" fs="10">52636</wd>
			<wd l="1156" t="3250" r="1359" b="3311" fs="10">(NSW);</wd>
			<wd l="1375" t="3264" r="1414" b="3298" fs="10">c.</wd>
			<wd l="1438" t="3250" r="1455" b="3297" fs="10">1</wd>
			<wd l="1471" t="3249" r="1488" b="3297" fs="10">1</wd>
			<wd l="1509" t="3248" r="1601" b="3297" fs="10">mis</wd>
			<wd l="1619" t="3248" r="1661" b="3309" fs="10">[1</wd>
			<wd l="1672" t="3248" r="1699" b="3296" fs="10">8</wd>
			<wd l="1714" t="3247" r="1815" b="3308" fs="10">km]</wd>
			<wd l="1833" t="3246" r="1958" b="3296" fs="10">from</wd>
			<wd l="1970" t="3245" r="2186" b="3294" fs="10">Innisfail</wd>
		</ln>
		<ln lx="654" ly="3322" rx="2183" ry="3390">
			<wd l="654" t="3344" r="770" b="3377" fs="10">near</wd>
			<wd l="784" t="3327" r="1023" b="3390" fs="10">Waugh's</wd>
			<wd l="1038" t="3326" r="1235" b="3384" fs="10">Pocket,</wd>
			<wd l="1251" t="3327" r="1371" b="3387" fs="10">May</wd>
			<wd l="1393" t="3326" r="1410" b="3373" fs="10">1</wd>
			<wd l="1422" t="3325" r="1518" b="3373" fs="10">952</wd>
			<wd l="1524" t="3325" r="1734" b="3383" fs="10">,Everist</wd>
			<wd l="1747" t="3323" r="1876" b="3372" fs="10">5087</wd>
			<wd l="1894" t="3322" r="2063" b="3384" fs="10">(BRI);</wd>
			<wd l="2082" t="3322" r="2183" b="3370" fs="10">S.F.</wd>
		</ln>
		<ln lx="657" ly="3396" rx="2189" ry="3465">
			<wd l="657" t="3405" r="753" b="3452" fs="10">310</wd>
			<wd l="774" t="3403" r="1034" b="3465" fs="10">Gadgarra,</wd>
			<wd l="1053" t="3402" r="1186" b="3451" fs="10">track</wd>
			<wd l="1203" t="3409" r="1253" b="3450" fs="10">to</wd>
			<wd l="1273" t="3400" r="1385" b="3449" fs="10">Yeti</wd>
			<wd l="1404" t="3400" r="1577" b="3462" fs="10">Ridge,</wd>
			<wd l="1599" t="3399" r="1694" b="3448" fs="10">end</wd>
			<wd l="1713" t="3398" r="1774" b="3447" fs="10">of</wd>
			<wd l="1784" t="3398" r="1944" b="3447" fs="10">Fuller</wd>
			<wd l="1961" t="3397" r="2093" b="3455" fs="10">road,</wd>
			<wd l="2114" t="3396" r="2189" b="3445" fs="10">Jul</wd>
		</ln>
		<ln lx="662" ly="3473" rx="2185" ry="3537">
			<wd l="662" t="3480" r="796" b="3537" fs="10">1995,</wd>
			<wd l="828" t="3480" r="1031" b="3527" fs="10">Forster</wd>
			<wd l="1054" t="3477" r="1309" b="3526" fs="10">PIF17129</wd>
			<wd l="1337" t="3476" r="1385" b="3525" fs="10"><![CDATA[&]]></wd>
			<wd l="1417" t="3477" r="1548" b="3537" fs="10">Figg</wd>
			<wd l="1573" t="3475" r="1720" b="3536" fs="10">(BRI,</wd>
			<wd l="1748" t="3475" r="1810" b="3532" fs="10">K,</wd>
			<wd l="1839" t="3474" r="1994" b="3531" fs="10">MEL,</wd>
			<wd l="2021" t="3473" r="2185" b="3530" fs="10">NSW,</wd>
		</ln>
		<ln lx="657" ly="3549" rx="2188" ry="3616">
			<wd l="657" t="3555" r="821" b="3616" fs="10">QRS);</wd>
			<wd l="840" t="3554" r="1050" b="3616" fs="10">Swipers</wd>
			<wd l="1066" t="3553" r="1166" b="3612" fs="10">flat,</wd>
			<wd l="1184" t="3554" r="1585" b="3601" fs="10">Wooroonooran</wd>
			<wd l="1597" t="3551" r="1730" b="3609" fs="10">N.P.,</wd>
			<wd l="1747" t="3549" r="1822" b="3599" fs="10">Jul</wd>
			<wd l="1843" t="3549" r="1965" b="3597" fs="10">1995</wd>
			<wd l="1973" t="3589" r="1984" b="3607" fs="10">,</wd>
			<wd l="1987" t="3549" r="2188" b="3597" fs="10">Forster</wd>
		</ln>
		<ln lx="656" ly="3624" rx="2190" ry="3691">
			<wd l="656" t="3631" r="928" b="3679" fs="10">PIF17148</wd>
			<wd l="961" t="3631" r="1009" b="3679" fs="10"><![CDATA[&]]></wd>
			<wd l="1041" t="3629" r="1168" b="3691" fs="10">Figg</wd>
			<wd l="1199" t="3629" r="1351" b="3689" fs="10">(BRI,</wd>
			<wd l="1383" t="3628" r="1542" b="3685" fs="10">MEL,</wd>
			<wd l="1572" t="3626" r="1767" b="3687" fs="10">NSW);</wd>
			<wd l="1801" t="3624" r="2064" b="3674" fs="10">Churchill</wd>
			<wd l="2097" t="3624" r="2190" b="3682" fs="10">Ck,</wd>
		</ln>
		<ln lx="657" ly="3700" rx="2190" ry="3763">
			<wd l="657" t="3705" r="906" b="3756" fs="10">Churchill</wd>
			<wd l="920" t="3707" r="1022" b="3763" fs="10">LA,</wd>
			<wd l="1041" t="3705" r="1109" b="3754" fs="10">SF</wd>
			<wd l="1132" t="3705" r="1239" b="3762" fs="10">143,</wd>
			<wd l="1255" t="3703" r="1330" b="3752" fs="10">Jul</wd>
			<wd l="1352" t="3703" r="1493" b="3761" fs="10">1995,</wd>
			<wd l="1512" t="3702" r="1818" b="3750" fs="10">Forster?l¥</wd>
			<wd l="1829" t="3701" r="1886" b="3749" fs="10">'1</wd>
			<wd l="1897" t="3700" r="1988" b="3748" fs="10">199</wd>
			<wd l="2004" t="3700" r="2052" b="3748" fs="10"><![CDATA[&]]></wd>
			<wd l="2061" t="3701" r="2190" b="3761" fs="10">Figg</wd>
		</ln>
		<ln lx="658" ly="3775" rx="2190" ry="3843">
			<wd l="658" t="3783" r="801" b="3843" fs="10">(BRI,</wd>
			<wd l="815" t="3783" r="967" b="3839" fs="10">MEL,</wd>
			<wd l="980" t="3781" r="1141" b="3838" fs="10">NSW,</wd>
			<wd l="1157" t="3780" r="1320" b="3840" fs="10">QRS);</wd>
			<wd l="1337" t="3779" r="1470" b="3840" fs="10">Cape</wd>
			<wd l="1483" t="3777" r="1761" b="3838" fs="10">Kimberley</wd>
			<wd l="1774" t="3775" r="1904" b="3834" fs="10">road,</wd>
			<wd l="1917" t="3777" r="2032" b="3824" fs="10">Nov</wd>
			<wd l="2052" t="3776" r="2069" b="3823" fs="10">1</wd>
			<wd l="2080" t="3775" r="2190" b="3832" fs="10">995,</wd>
		</ln>
		<ln lx="655" ly="3850" rx="2189" ry="3916">
			<wd l="655" t="3859" r="858" b="3905" fs="10">Forster</wd>
			<wd l="883" t="3856" r="1147" b="3904" fs="10">PIF18178</wd>
			<wd l="1178" t="3855" r="1324" b="3916" fs="10">(BRI,</wd>
			<wd l="1355" t="3854" r="1522" b="3914" fs="10">QRS);</wd>
			<wd l="1555" t="3853" r="1672" b="3901" fs="10">SFR</wd>
			<wd l="1699" t="3853" r="1813" b="3910" fs="10">755,</wd>
			<wd l="1842" t="3850" r="2005" b="3900" fs="10">Bartle</wd>
			<wd l="2033" t="3852" r="2189" b="3908" fs="10">Frere,</wd>
		</ln>
		<ln lx="657" ly="3926" rx="2189" ry="3994">
			<wd l="657" t="3932" r="875" b="3994" fs="10">Boonjee</wd>
			<wd l="888" t="3933" r="1022" b="3990" fs="10">L.A.,</wd>
			<wd l="1037" t="3932" r="1146" b="3980" fs="10">Mar</wd>
			<wd l="1166" t="3931" r="1182" b="3979" fs="10">1</wd>
			<wd l="1193" t="3931" r="1304" b="3988" fs="10">993,</wd>
			<wd l="1315" t="3930" r="1448" b="3991" fs="10">Gray</wd>
			<wd l="1461" t="3929" r="1588" b="3977" fs="10">5642</wd>
			<wd l="1604" t="3928" r="1788" b="3989" fs="10">(QRS);</wd>
			<wd l="1803" t="3926" r="2056" b="3984" fs="10">Danbulla,</wd>
			<wd l="2071" t="3927" r="2189" b="3987" fs="10">May</wd>
		</ln>
		<ln lx="665" ly="4000" rx="2191" ry="4070">
			<wd l="665" t="4010" r="682" b="4057" fs="10">1</wd>
			<wd l="693" t="4009" r="756" b="4057" fs="10">96</wd>
			<wd l="766" t="4009" r="783" b="4056" fs="10">1</wd>
			<wd l="795" t="4007" r="1013" b="4070" fs="10">,Hyland</wd>
			<wd l="1027" t="4008" r="1043" b="4055" fs="10">1</wd>
			<wd l="1055" t="4007" r="1149" b="4055" fs="10">859</wd>
			<wd l="1164" t="4006" r="1329" b="4067" fs="10">(BRI);</wd>
			<wd l="1345" t="4004" r="1571" b="4062" fs="10">Cucania,</wd>
			<wd l="1585" t="4019" r="1698" b="4053" fs="10">near</wd>
			<wd l="1703" t="4002" r="1923" b="4065" fs="10">junction</wd>
			<wd l="1936" t="4001" r="1997" b="4051" fs="10">of</wd>
			<wd l="2001" t="4000" r="2191" b="4050" fs="10">Russell</wd>
		</ln>
		<ln lx="660" ly="4076" rx="2188" ry="4143">
			<wd l="660" t="4083" r="759" b="4131" fs="10">and</wd>
			<wd l="790" t="4082" r="1065" b="4143" fs="10">Mulgrave</wd>
			<wd l="1096" t="4081" r="1299" b="4137" fs="10">Rivers,</wd>
			<wd l="1343" t="4079" r="1545" b="4127" fs="10">Thorne</wd>
			<wd l="1577" t="4078" r="1789" b="4126" fs="10">23132a</wd>
			<wd l="1822" t="4083" r="1870" b="4125" fs="10">et</wd>
			<wd l="1904" t="4076" r="1968" b="4125" fs="10">al.</wd>
			<wd l="2005" t="4076" r="2188" b="4136" fs="10">(BRI);</wd>
		</ln>
		<ln lx="659" ly="4149" rx="2190" ry="4214">
			<wd l="659" t="4157" r="928" b="4206" fs="10">Bellenden</wd>
			<wd l="954" t="4158" r="1066" b="4214" fs="10">Ker,</wd>
			<wd l="1094" t="4157" r="1204" b="4204" fs="10">Mar</wd>
			<wd l="1237" t="4155" r="1376" b="4212" fs="10">1922,</wd>
			<wd l="1417" t="4154" r="1565" b="4202" fs="10">White</wd>
			<wd l="1598" t="4153" r="1717" b="4201" fs="10">1261</wd>
			<wd l="1753" t="4151" r="1923" b="4213" fs="10">(BRI);</wd>
			<wd l="1951" t="4149" r="2190" b="4208" fs="10">Babinda,</wd>
		</ln>
		<ln lx="661" ly="4227" rx="2186" ry="4290">
			<wd l="661" t="4235" r="747" b="4282" fs="10">Jan</wd>
			<wd l="780" t="4233" r="920" b="4289" fs="10">1923,</wd>
			<wd l="964" t="4231" r="1114" b="4279" fs="10">White</wd>
			<wd l="1143" t="4245" r="1231" b="4279" fs="10">s.n.</wd>
			<wd l="1264" t="4229" r="1434" b="4290" fs="10">(BRI).</wd>
			<wd l="1464" t="4230" r="1641" b="4276" fs="10">North</wd>
			<wd l="1670" t="4229" r="1913" b="4275" fs="10">Kennedy</wd>
			<wd l="1942" t="4227" r="2186" b="4273" fs="10">District:</wd>
		</ln>
		<ln lx="668" ly="4301" rx="2190" ry="4363">
			<wd l="668" t="4309" r="684" b="4355" fs="10">1</wd>
			<wd l="713" t="4308" r="796" b="4355" fs="10">km</wd>
			<wd l="817" t="4308" r="877" b="4355" fs="10">W</wd>
			<wd l="898" t="4306" r="959" b="4355" fs="10">of</wd>
			<wd l="971" t="4305" r="1184" b="4363" fs="10">Paluma,</wd>
			<wd l="1203" t="4306" r="1315" b="4353" fs="10">NW</wd>
			<wd l="1336" t="4303" r="1398" b="4353" fs="10">of</wd>
			<wd l="1410" t="4302" r="1725" b="4360" fs="10">Townsville,</wd>
			<wd l="1747" t="4303" r="1866" b="4363" fs="10">May</wd>
			<wd l="1894" t="4301" r="2035" b="4358" fs="10">1992,</wd>
			<wd l="2052" t="4301" r="2190" b="4348" fs="10">Bean</wd>
		</ln>
		<ln lx="662" ly="4375" rx="2195" ry="4442">
			<wd l="662" t="4383" r="793" b="4430" fs="10">4412</wd>
			<wd l="820" t="4382" r="966" b="4442" fs="10">(BRI,</wd>
			<wd l="992" t="4382" r="1054" b="4439" fs="10">K,</wd>
			<wd l="1080" t="4381" r="1233" b="4437" fs="10">MEL,</wd>
			<wd l="1257" t="4379" r="1445" b="4439" fs="10">NSW);</wd>
			<wd l="1473" t="4379" r="1592" b="4427" fs="10">Tam</wd>
			<wd l="1617" t="4376" r="1892" b="4426" fs="10">O'Shanter</wd>
			<wd l="1918" t="4376" r="2019" b="4424" fs="10">S.F.</wd>
			<wd l="2054" t="4375" r="2195" b="4432" fs="10">1137,</wd>
		</ln>
		<ln lx="661" ly="4450" rx="2190" ry="4516">
			<wd l="661" t="4457" r="875" b="4506" fs="10">Mission</wd>
			<wd l="901" t="4454" r="1231" b="4516" fs="10">Beach-Tully</wd>
			<wd l="1258" t="4453" r="1389" b="4512" fs="10">road,</wd>
			<wd l="1419" t="4453" r="1493" b="4502" fs="10">Jul</wd>
			<wd l="1528" t="4453" r="1668" b="4510" fs="10">1995,</wd>
			<wd l="1700" t="4453" r="1903" b="4499" fs="10">Forster</wd>
			<wd l="1927" t="4451" r="2020" b="4498" fs="10">PIF</wd>
			<wd l="2031" t="4450" r="2190" b="4497" fs="10">17356</wd>
		</ln>
		<ln lx="663" ly="4525" rx="2194" ry="4593">
			<wd l="663" t="4534" r="809" b="4593" fs="10">(BRI,</wd>
			<wd l="826" t="4533" r="981" b="4589" fs="10">MEL,</wd>
			<wd l="996" t="4531" r="1160" b="4588" fs="10">NSW,</wd>
			<wd l="1179" t="4529" r="1344" b="4590" fs="10">QRS);</wd>
			<wd l="1370" t="4529" r="1427" b="4576" fs="10">14</wd>
			<wd l="1444" t="4528" r="1528" b="4576" fs="10">km</wd>
			<wd l="1541" t="4528" r="1653" b="4575" fs="10">NW</wd>
			<wd l="1670" t="4526" r="1732" b="4575" fs="10">of</wd>
			<wd l="1742" t="4526" r="1896" b="4575" fs="10">South</wd>
			<wd l="1912" t="4525" r="2194" b="4581" fs="10">Johnstone,</wd>
		</ln>
		<ln lx="663" ly="4599" rx="2195" ry="4667">
			<wd l="663" t="4609" r="759" b="4657" fs="10">Oct</wd>
			<wd l="781" t="4607" r="923" b="4665" fs="10">1988,</wd>
			<wd l="933" t="4608" r="1114" b="4667" fs="10">Jessup</wd>
			<wd l="1129" t="4604" r="1393" b="4654" fs="10">GJM2514</wd>
			<wd l="1412" t="4610" r="1458" b="4652" fs="10">et</wd>
			<wd l="1474" t="4602" r="1533" b="4652" fs="10">al.</wd>
			<wd l="1552" t="4602" r="1722" b="4664" fs="10">(BRI);</wd>
			<wd l="1747" t="4602" r="1764" b="4649" fs="10">1</wd>
			<wd l="1781" t="4602" r="1798" b="4649" fs="10">1</wd>
			<wd l="1821" t="4601" r="1966" b="4649" fs="10">kmN</wd>
			<wd l="1983" t="4599" r="2045" b="4649" fs="10">of</wd>
			<wd l="2053" t="4599" r="2195" b="4661" fs="10">Tully</wd>
		</ln>
		<ln lx="664" ly="4675" rx="2191" ry="4742">
			<wd l="664" t="4698" r="730" b="4731" fs="10">on</wd>
			<wd l="759" t="4684" r="922" b="4730" fs="10">Bruce</wd>
			<wd l="952" t="4681" r="1220" b="4742" fs="10">Highway,</wd>
			<wd l="1251" t="4681" r="1358" b="4740" fs="10">Apr</wd>
			<wd l="1392" t="4679" r="1539" b="4735" fs="10">1975,</wd>
			<wd l="1578" t="4676" r="1820" b="4726" fs="10">Orchard</wd>
			<wd l="1844" t="4676" r="1981" b="4723" fs="10">4657</wd>
			<wd l="2014" t="4675" r="2191" b="4735" fs="10">(BRI);</wd>
		</ln>
		<ln lx="663" ly="4750" rx="2193" ry="4813">
			<wd l="663" t="4757" r="881" b="4806" fs="10">Mission</wd>
			<wd l="908" t="4755" r="1091" b="4813" fs="10">Beach,</wd>
			<wd l="1120" t="4754" r="1219" b="4803" fs="10">Feb</wd>
			<wd l="1254" t="4754" r="1397" b="4811" fs="10">1980,</wd>
			<wd l="1431" t="4752" r="1634" b="4813" fs="10">Stanley</wd>
			<wd l="1663" t="4751" r="1827" b="4799" fs="10">80255</wd>
			<wd l="1860" t="4750" r="2031" b="4810" fs="10">(BRI).</wd>
			<wd l="2063" t="4750" r="2193" b="4796" fs="10">Port</wd>
		</ln>
		<ln lx="664" ly="4822" rx="2206" ry="4889">
			<wd l="664" t="4833" r="844" b="4881" fs="10">Curtis</wd>
			<wd l="872" t="4833" r="1114" b="4879" fs="10">District:</wd>
			<wd l="1147" t="4829" r="1340" b="4889" fs="10">Quinns</wd>
			<wd l="1370" t="4829" r="1479" b="4889" fs="10">Gap</wd>
			<wd l="1508" t="4826" r="1643" b="4884" fs="10">road,</wd>
			<wd l="1674" t="4841" r="1715" b="4874" fs="10">c.</wd>
			<wd l="1753" t="4826" r="1860" b="4874" fs="10">12.5</wd>
			<wd l="1892" t="4825" r="1976" b="4872" fs="10">km</wd>
			<wd l="2002" t="4825" r="2115" b="4872" fs="10">NW</wd>
			<wd l="2143" t="4822" r="2206" b="4871" fs="10">of</wd>
		</ln>
		<ln lx="665" ly="4900" rx="1947" ry="4964">
			<wd l="665" t="4906" r="891" b="4964" fs="10">Carmila,</wd>
			<wd l="913" t="4905" r="988" b="4954" fs="10">Jul</wd>
			<wd l="1015" t="4905" r="1156" b="4962" fs="10">1994,</wd>
			<wd l="1175" t="4902" r="1465" b="4952" fs="10">McDonald</wd>
			<wd l="1479" t="4902" r="1610" b="4950" fs="10">6056</wd>
			<wd l="1632" t="4908" r="1678" b="4950" fs="10">et</wd>
			<wd l="1698" t="4901" r="1757" b="4949" fs="10">al.</wd>
			<wd l="1780" t="4900" r="1947" b="4961" fs="10">(BRI).</wd>
		</ln>
		<ln lx="661" ly="5028" rx="2193" ry="5108">
			<wd l="661" t="5037" r="1102" b="5099" fs="10">Distribution</wd>
			<wd l="1141" t="5035" r="1278" b="5096" fs="10">and</wd>
			<wd l="1310" t="5034" r="1565" b="5095" fs="10">habitat</wd>
			<wd l="1568" t="5051" r="1583" b="5093" fs="10">:</wd>
			<wd l="1623" t="5034" r="1689" b="5092" fs="10">R.</wd>
			<wd l="1736" t="5029" r="2101" b="5108" fs="10">alceifolius</wd>
			<wd l="2140" t="5028" r="2193" b="5089" fs="10">is</wd>
		</ln>
		<ln lx="666" ly="5117" rx="2201" ry="5203">
			<wd l="666" t="5126" r="1032" b="5203" fs="10">indigenous</wd>
			<wd l="1061" t="5132" r="1124" b="5184" fs="10">to</wd>
			<wd l="1157" t="5122" r="1493" b="5183" fs="10">south-east</wd>
			<wd l="1521" t="5120" r="1691" b="5192" fs="10">Asia,</wd>
			<wd l="1725" t="5119" r="1884" b="5179" fs="10">from</wd>
			<wd l="1916" t="5117" r="2201" b="5178" fs="10">southern</wd>
		</ln>
		<ln lx="667" ly="5204" rx="2200" ry="5283">
			<wd l="667" t="5214" r="869" b="5275" fs="10">China</wd>
			<wd l="901" t="5222" r="965" b="5274" fs="10">to</wd>
			<wd l="1003" t="5210" r="1353" b="5283" fs="10">Indonesia,</wd>
			<wd l="1393" t="5229" r="1459" b="5270" fs="10">as</wd>
			<wd l="1497" t="5209" r="1590" b="5269" fs="10">far</wd>
			<wd l="1625" t="5216" r="1756" b="5268" fs="10">east</wd>
			<wd l="1792" t="5226" r="1857" b="5267" fs="10">as</wd>
			<wd l="1897" t="5204" r="2200" b="5267" fs="10">Sulawesi</wd>
		</ln>
		<ln lx="668" ly="5292" rx="2203" ry="5378">
			<wd l="668" t="5301" r="999" b="5378" fs="10">(Celebes).</wd>
			<wd l="1017" t="5297" r="1401" b="5360" fs="10">Naturalised</wd>
			<wd l="1416" t="5295" r="1801" b="5374" fs="10">populations</wd>
			<wd l="1821" t="5294" r="1883" b="5354" fs="10">in</wd>
			<wd l="1899" t="5292" r="2203" b="5353" fs="10">Australia</wd>
		</ln>
		<ln lx="668" ly="5379" rx="2202" ry="5463">
			<wd l="668" t="5388" r="889" b="5450" fs="10">extend</wd>
			<wd l="923" t="5387" r="1082" b="5448" fs="10">from</wd>
			<wd l="1116" t="5388" r="1283" b="5463" fs="10">Cape</wd>
			<wd l="1318" t="5383" r="1693" b="5445" fs="10">Tribulation</wd>
			<wd l="1724" t="5391" r="1787" b="5443" fs="10">to</wd>
			<wd l="1822" t="5380" r="2019" b="5458" fs="10">Tully,</wd>
			<wd l="2053" t="5379" r="2202" b="5440" fs="10">with</wd>
		</ln>
		<ln lx="667" ly="5468" rx="2203" ry="5552">
			<wd l="667" t="5486" r="796" b="5537" fs="10">two</wd>
			<wd l="839" t="5476" r="1123" b="5552" fs="10">disjunct</wd>
			<wd l="1161" t="5472" r="1581" b="5551" fs="10">populations</wd>
			<wd l="1624" t="5470" r="1870" b="5530" fs="10">further</wd>
			<wd l="1910" t="5468" r="2101" b="5529" fs="10">south</wd>
			<wd l="2141" t="5475" r="2203" b="5527" fs="10">at</wd>
		</ln>
		<ln lx="669" ly="5554" rx="2205" ry="5635">
			<wd l="669" t="5564" r="930" b="5624" fs="10">Paluma</wd>
			<wd l="967" t="5561" r="1089" b="5622" fs="10">and</wd>
			<wd l="1128" t="5559" r="1408" b="5621" fs="10">Carmila</wd>
			<wd l="1445" t="5559" r="1628" b="5635" fs="10">(Map</wd>
			<wd l="1677" t="5558" r="1758" b="5633" fs="10">1).</wd>
			<wd l="1800" t="5559" r="1852" b="5617" fs="10">It</wd>
			<wd l="1889" t="5574" r="2100" b="5633" fs="10">grows</wd>
			<wd l="2140" t="5554" r="2205" b="5614" fs="10">in</wd>
		</ln>
	</region>
	<region article-doi="10.2307/41729916" region-id="2">
		<rc l="2316" t="847" r="3899" b="5634"/>
		<ln lx="2322" ly="852" rx="3866" ry="932">
			<wd l="2322" t="856" r="2578" b="917" fs="10">thickets</wd>
			<wd l="2598" t="875" r="2679" b="917" fs="10">on</wd>
			<wd l="2695" t="855" r="2795" b="916" fs="10">the</wd>
			<wd l="2815" t="855" r="3000" b="932" fs="10">edges</wd>
			<wd l="3020" t="854" r="3097" b="915" fs="10">of</wd>
			<wd l="3103" t="853" r="3447" b="931" fs="10">mesophyll</wd>
			<wd l="3467" t="872" r="3534" b="914" fs="10">or</wd>
			<wd l="3549" t="852" r="3866" b="930" fs="10">notophyll</wd>
		</ln>
		<ln lx="2322" ly="940" rx="3866" ry="1017">
			<wd l="2322" t="944" r="2662" b="1017" fs="10">rainforest,</wd>
			<wd l="2694" t="943" r="2813" b="1004" fs="10">and</wd>
			<wd l="2842" t="963" r="2924" b="1004" fs="10">on</wd>
			<wd l="2953" t="943" r="3123" b="1004" fs="10">other</wd>
			<wd l="3152" t="941" r="3462" b="1003" fs="10">disturbed</wd>
			<wd l="3492" t="941" r="3634" b="1002" fs="10">sites</wd>
			<wd l="3663" t="940" r="3866" b="1001" fs="10">where</wd>
		</ln>
		<ln lx="2323" ly="1036" rx="3031" ry="1113">
			<wd l="2323" t="1036" r="2645" b="1097" fs="10">rainforest</wd>
			<wd l="2669" t="1054" r="2823" b="1096" fs="10">once</wd>
			<wd l="2849" t="1054" r="3031" b="1113" fs="10">grew.</wd>
		</ln>
		<ln lx="2321" ly="1184" rx="3867" ry="1266">
			<wd l="2321" t="1190" r="2723" b="1266" fs="10">Phenology</wd>
			<wd l="2732" t="1207" r="2747" b="1248" fs="10">:</wd>
			<wd l="2794" t="1187" r="3085" b="1248" fs="10">Flowers</wd>
			<wd l="3127" t="1187" r="3295" b="1247" fs="10">have</wd>
			<wd l="3336" t="1186" r="3506" b="1246" fs="10">been</wd>
			<wd l="3546" t="1184" r="3867" b="1245" fs="10">recorded</wd>
		</ln>
		<ln lx="2323" ly="1275" rx="3868" ry="1358">
			<wd l="2323" t="1280" r="2693" b="1358" fs="10">throughout</wd>
			<wd l="2713" t="1279" r="2813" b="1340" fs="10">the</wd>
			<wd l="2834" t="1298" r="2998" b="1357" fs="10">year;</wd>
			<wd l="3024" t="1278" r="3197" b="1339" fs="10">fruits</wd>
			<wd l="3218" t="1278" r="3375" b="1338" fs="10">have</wd>
			<wd l="3397" t="1277" r="3555" b="1338" fs="10">been</wd>
			<wd l="3575" t="1275" r="3868" b="1337" fs="10">recorded</wd>
		</ln>
		<ln lx="2324" ly="1371" rx="3203" ry="1450">
			<wd l="2324" t="1373" r="2604" b="1434" fs="10">between</wd>
			<wd l="2626" t="1374" r="2778" b="1450" fs="10">May</wd>
			<wd l="2803" t="1371" r="2922" b="1432" fs="10">and</wd>
			<wd l="2945" t="1373" r="3203" b="1449" fs="10">August.</wd>
		</ln>
		<ln lx="2322" ly="1532" rx="3865" ry="1613">
			<wd l="2322" t="1539" r="2531" b="1598" fs="10">Notes</wd>
			<wd l="2541" t="1556" r="2556" b="1598" fs="10">:</wd>
			<wd l="2598" t="1539" r="2665" b="1597" fs="10">R.</wd>
			<wd l="2714" t="1535" r="3089" b="1613" fs="10">alceifolius</wd>
			<wd l="3129" t="1534" r="3184" b="1595" fs="10">is</wd>
			<wd l="3226" t="1533" r="3477" b="1611" fs="10">closely</wd>
			<wd l="3516" t="1532" r="3761" b="1593" fs="10">related</wd>
			<wd l="3799" t="1540" r="3865" b="1592" fs="10">to</wd>
		</ln>
		<ln lx="2324" ly="1624" rx="3869" ry="1703">
			<wd l="2324" t="1632" r="2387" b="1690" fs="10">R.</wd>
			<wd l="2413" t="1630" r="2806" b="1690" fs="10">moluccanus</wd>
			<wd l="2809" t="1678" r="2822" b="1701" fs="10">,</wd>
			<wd l="2841" t="1628" r="2948" b="1688" fs="10">but</wd>
			<wd l="2965" t="1647" r="3077" b="1688" fs="10">can</wd>
			<wd l="3092" t="1627" r="3169" b="1687" fs="10">be</wd>
			<wd l="3186" t="1626" r="3413" b="1703" fs="10">readily</wd>
			<wd l="3431" t="1624" r="3869" b="1702" fs="10">distinguished</wd>
		</ln>
		<ln lx="2326" ly="1715" rx="3872" ry="1800">
			<wd l="2326" t="1722" r="2409" b="1800" fs="10">by</wd>
			<wd l="2432" t="1721" r="2533" b="1782" fs="10">the</wd>
			<wd l="2559" t="1720" r="2780" b="1798" fs="10">deeply</wd>
			<wd l="2806" t="1719" r="3056" b="1781" fs="10">divided</wd>
			<wd l="3078" t="1719" r="3276" b="1779" fs="10">bracts</wd>
			<wd l="3304" t="1717" r="3422" b="1778" fs="10">and</wd>
			<wd l="3448" t="1717" r="3699" b="1795" fs="10">stipules</wd>
			<wd l="3724" t="1715" r="3872" b="1776" fs="10">with</wd>
		</ln>
		<ln lx="2329" ly="1809" rx="3869" ry="1891">
			<wd l="2329" t="1814" r="2618" b="1875" fs="10">filiform</wd>
			<wd l="2663" t="1820" r="3025" b="1891" fs="10">segments,</wd>
			<wd l="3070" t="1811" r="3180" b="1872" fs="10">the</wd>
			<wd l="3225" t="1810" r="3452" b="1871" fs="10">leaves</wd>
			<wd l="3495" t="1809" r="3718" b="1870" fs="10">which</wd>
			<wd l="3762" t="1827" r="3869" b="1869" fs="10">are</wd>
		</ln>
		<ln lx="2331" ly="1901" rx="3870" ry="1974">
			<wd l="2331" t="1906" r="2668" b="1968" fs="10">5-7-lobed</wd>
			<wd l="2702" t="1905" r="2820" b="1966" fs="10">and</wd>
			<wd l="2854" t="1905" r="3025" b="1966" fs="10">often</wd>
			<wd l="3058" t="1903" r="3359" b="1965" fs="10">orbicular</wd>
			<wd l="3391" t="1903" r="3454" b="1963" fs="10">in</wd>
			<wd l="3488" t="1902" r="3736" b="1974" fs="10">outline,</wd>
			<wd l="3770" t="1901" r="3870" b="1961" fs="10">the</wd>
		</ln>
		<ln lx="2329" ly="1993" rx="3871" ry="2078">
			<wd l="2329" t="1998" r="2608" b="2078" fs="10">globular</wd>
			<wd l="2636" t="1998" r="2853" b="2059" fs="10">flower</wd>
			<wd l="2879" t="1997" r="3055" b="2070" fs="10">buds,</wd>
			<wd l="3084" t="1996" r="3185" b="2057" fs="10">the</wd>
			<wd l="3215" t="1995" r="3635" b="2056" fs="10">indumentum</wd>
			<wd l="3664" t="2013" r="3745" b="2055" fs="10">on</wd>
			<wd l="3771" t="1993" r="3871" b="2054" fs="10">the</wd>
		</ln>
		<ln lx="2330" ly="2086" rx="3873" ry="2165">
			<wd l="2330" t="2091" r="2568" b="2152" fs="10">adaxial</wd>
			<wd l="2588" t="2090" r="2720" b="2151" fs="10">leaf</wd>
			<wd l="2731" t="2090" r="2968" b="2151" fs="10">surface</wd>
			<wd l="2986" t="2089" r="3190" b="2149" fs="10">which</wd>
			<wd l="3209" t="2088" r="3544" b="2165" fs="10">comprises</wd>
			<wd l="3565" t="2106" r="3600" b="2147" fs="10">a</wd>
			<wd l="3615" t="2086" r="3873" b="2146" fs="10">mixture</wd>
		</ln>
		<ln lx="2330" ly="2178" rx="3875" ry="2262">
			<wd l="2330" t="2184" r="2409" b="2245" fs="10">of</wd>
			<wd l="2437" t="2184" r="2588" b="2262" fs="10">long</wd>
			<wd l="2626" t="2182" r="2748" b="2244" fs="10">and</wd>
			<wd l="2787" t="2182" r="2958" b="2243" fs="10">short</wd>
			<wd l="2993" t="2181" r="3160" b="2243" fs="10">hairs</wd>
			<wd l="3200" t="2181" r="3380" b="2258" fs="10">(long</wd>
			<wd l="3416" t="2179" r="3583" b="2241" fs="10">hairs</wd>
			<wd l="3622" t="2179" r="3773" b="2257" fs="10">only</wd>
			<wd l="3811" t="2178" r="3875" b="2238" fs="10">in</wd>
		</ln>
		<ln lx="2327" ly="2270" rx="3881" ry="2352">
			<wd l="2327" t="2279" r="2393" b="2338" fs="10">R.</wd>
			<wd l="2439" t="2276" r="2881" b="2352" fs="10">moluccanus)</wd>
			<wd l="2922" t="2274" r="3044" b="2336" fs="10">and</wd>
			<wd l="3079" t="2274" r="3184" b="2335" fs="10">the</wd>
			<wd l="3223" t="2281" r="3465" b="2351" fs="10">greater</wd>
			<wd l="3500" t="2271" r="3766" b="2333" fs="10">number</wd>
			<wd l="3803" t="2270" r="3881" b="2332" fs="10">of</wd>
		</ln>
		<ln lx="2331" ly="2366" rx="3386" ry="2447">
			<wd l="2331" t="2368" r="2564" b="2447" fs="10">carpels</wd>
			<wd l="2591" t="2368" r="2709" b="2430" fs="10">and</wd>
			<wd l="2735" t="2376" r="2998" b="2429" fs="10">stamens</wd>
			<wd l="3022" t="2386" r="3130" b="2445" fs="10">per</wd>
			<wd l="3153" t="2366" r="3386" b="2427" fs="10">flower.</wd>
		</ln>
		<ln lx="2522" ly="2527" rx="3875" ry="2609">
			<wd l="2522" t="2534" r="2546" b="2592" fs="10">I</wd>
			<wd l="2575" t="2539" r="2825" b="2609" fs="10">support</wd>
			<wd l="2848" t="2531" r="2948" b="2591" fs="10">the</wd>
			<wd l="2974" t="2530" r="3201" b="2607" fs="10">widely</wd>
			<wd l="3225" t="2529" r="3369" b="2590" fs="10">held</wd>
			<wd l="3393" t="2528" r="3593" b="2589" fs="10">belief</wd>
			<wd l="3607" t="2527" r="3733" b="2588" fs="10">that</wd>
			<wd l="3756" t="2527" r="3875" b="2587" fs="10">this</wd>
		</ln>
		<ln lx="2334" ly="2620" rx="3871" ry="2704">
			<wd l="2334" t="2625" r="2568" b="2704" fs="10">species</wd>
			<wd l="2587" t="2624" r="2638" b="2685" fs="10">is</wd>
			<wd l="2655" t="2623" r="3020" b="2685" fs="10">naturalised</wd>
			<wd l="3037" t="2622" r="3100" b="2682" fs="10">in</wd>
			<wd l="3115" t="2621" r="3506" b="2683" fs="10">Australia./?,</wd>
			<wd l="3532" t="2620" r="3871" b="2698" fs="10">alceifolius</wd>
		</ln>
		<ln lx="2331" ly="2712" rx="3876" ry="2793">
			<wd l="2331" t="2737" r="2461" b="2779" fs="10">was</wd>
			<wd l="2497" t="2726" r="2606" b="2778" fs="10">not</wd>
			<wd l="2640" t="2716" r="2940" b="2778" fs="10">recorded</wd>
			<wd l="2974" t="2715" r="3058" b="2793" fs="10">by</wd>
			<wd l="3093" t="2714" r="3481" b="2791" fs="10">F.M.Bailey</wd>
			<wd l="3518" t="2713" r="3740" b="2790" fs="10">during</wd>
			<wd l="3774" t="2712" r="3876" b="2772" fs="10">the</wd>
		</ln>
		<ln lx="2332" ly="2804" rx="3877" ry="2886">
			<wd l="2332" t="2809" r="2689" b="2871" fs="10">Bellenden</wd>
			<wd l="2727" t="2811" r="2857" b="2869" fs="10">Ker</wd>
			<wd l="2894" t="2807" r="3282" b="2886" fs="10">Expedition</wd>
			<wd l="3320" t="2806" r="3385" b="2866" fs="10">in</wd>
			<wd l="3431" t="2807" r="3617" b="2878" fs="10">1889,</wd>
			<wd l="3657" t="2824" r="3774" b="2865" fs="10">nor</wd>
			<wd l="3812" t="2804" r="3877" b="2864" fs="10">in</wd>
		</ln>
		<ln lx="2333" ly="2897" rx="3880" ry="2980">
			<wd l="2333" t="2903" r="2547" b="2980" fs="10">Bailey</wd>
			<wd l="2565" t="2902" r="2802" b="2978" fs="10">(1900).</wd>
			<wd l="2823" t="2903" r="2873" b="2961" fs="10">It</wd>
			<wd l="2888" t="2920" r="3015" b="2961" fs="10">was</wd>
			<wd l="3035" t="2900" r="3166" b="2960" fs="10">first</wd>
			<wd l="3183" t="2898" r="3480" b="2960" fs="10">collected</wd>
			<wd l="3497" t="2898" r="3560" b="2957" fs="10">in</wd>
			<wd l="3575" t="2897" r="3880" b="2957" fs="10">Australia</wd>
		</ln>
		<ln lx="2332" ly="2988" rx="3880" ry="3073">
			<wd l="2332" t="2995" r="2415" b="3073" fs="10">by</wd>
			<wd l="2440" t="2993" r="2791" b="3055" fs="10">C.T.White</wd>
			<wd l="2817" t="2993" r="2880" b="3053" fs="10">in</wd>
			<wd l="2903" t="2991" r="3121" b="3053" fs="10">March</wd>
			<wd l="3154" t="2992" r="3330" b="3063" fs="10">1922,</wd>
			<wd l="3358" t="2990" r="3517" b="3051" fs="10">from</wd>
			<wd l="3541" t="2988" r="3880" b="3050" fs="10">Bellenden</wd>
		</ln>
		<ln lx="2334" ly="3081" rx="3881" ry="3165">
			<wd l="2334" t="3089" r="2459" b="3148" fs="10">Ker</wd>
			<wd l="2476" t="3085" r="2891" b="3165" fs="10">(presumably</wd>
			<wd l="2907" t="3104" r="3052" b="3146" fs="10">near</wd>
			<wd l="3067" t="3084" r="3167" b="3145" fs="10">the</wd>
			<wd l="3184" t="3083" r="3434" b="3161" fs="10">railway</wd>
			<wd l="3454" t="3082" r="3654" b="3160" fs="10">siding</wd>
			<wd l="3673" t="3081" r="3750" b="3142" fs="10">of</wd>
			<wd l="3756" t="3081" r="3881" b="3142" fs="10">that</wd>
		</ln>
		<ln lx="2333" ly="3174" rx="3878" ry="3257">
			<wd l="2333" t="3180" r="2563" b="3257" fs="10">name),</wd>
			<wd l="2602" t="3179" r="2721" b="3240" fs="10">and</wd>
			<wd l="2758" t="3178" r="2991" b="3255" fs="10">shortly</wd>
			<wd l="3027" t="3177" r="3180" b="3238" fs="10">after</wd>
			<wd l="3216" t="3176" r="3377" b="3237" fs="10">from</wd>
			<wd l="3411" t="3174" r="3711" b="3236" fs="10">Babinda.</wd>
			<wd l="3750" t="3174" r="3878" b="3234" fs="10">The</wd>
		</ln>
		<ln lx="2337" ly="3267" rx="3880" ry="3351">
			<wd l="2337" t="3272" r="2574" b="3351" fs="10">species</wd>
			<wd l="2604" t="3272" r="2656" b="3333" fs="10">is</wd>
			<wd l="2687" t="3270" r="3039" b="3350" fs="10">apparently</wd>
			<wd l="3069" t="3269" r="3426" b="3347" fs="10">continuing</wd>
			<wd l="3453" t="3277" r="3516" b="3329" fs="10">to</wd>
			<wd l="3548" t="3267" r="3783" b="3346" fs="10">spread,</wd>
			<wd l="3815" t="3286" r="3880" b="3327" fs="10">as</wd>
		</ln>
		<ln lx="2338" ly="3359" rx="3883" ry="3437">
			<wd l="2338" t="3385" r="2509" b="3426" fs="10">some</wd>
			<wd l="2541" t="3372" r="2747" b="3425" fs="10">recent</wd>
			<wd l="2779" t="3363" r="3138" b="3424" fs="10">collections</wd>
			<wd l="3173" t="3381" r="3271" b="3422" fs="10">are</wd>
			<wd l="3306" t="3380" r="3341" b="3421" fs="10">a</wd>
			<wd l="3373" t="3361" r="3519" b="3437" fs="10">long</wd>
			<wd l="3550" t="3379" r="3689" b="3436" fs="10">way</wd>
			<wd l="3723" t="3359" r="3883" b="3419" fs="10">from</wd>
		</ln>
		<ln lx="2334" ly="3454" rx="3249" ry="3518">
			<wd l="2334" t="3457" r="2435" b="3518" fs="10">the</wd>
			<wd l="2461" t="3457" r="2593" b="3517" fs="10">first</wd>
			<wd l="2614" t="3455" r="2909" b="3517" fs="10">recorded</wd>
			<wd l="2933" t="3454" r="3249" b="3515" fs="10">locations.</wd>
		</ln>
		<ln lx="2524" ly="3613" rx="3881" ry="3696">
			<wd l="2524" t="3622" r="2588" b="3679" fs="10">R.</wd>
			<wd l="2613" t="3618" r="2952" b="3696" fs="10">alceifolius</wd>
			<wd l="2969" t="3617" r="3020" b="3677" fs="10">is</wd>
			<wd l="3039" t="3615" r="3392" b="3677" fs="10">considered</wd>
			<wd l="3410" t="3634" r="3446" b="3675" fs="10">a</wd>
			<wd l="3462" t="3615" r="3690" b="3675" fs="10">serious</wd>
			<wd l="3707" t="3613" r="3881" b="3674" fs="10">weed</wd>
		</ln>
		<ln lx="2338" ly="3702" rx="3889" ry="3782">
			<wd l="2338" t="3710" r="2401" b="3769" fs="10">in</wd>
			<wd l="2417" t="3708" r="2697" b="3781" fs="10">Eacham,</wd>
			<wd l="2716" t="3707" r="3043" b="3768" fs="10">Johnstone</wd>
			<wd l="3062" t="3705" r="3179" b="3767" fs="10">and</wd>
			<wd l="3194" t="3704" r="3512" b="3782" fs="10">Mulgrave</wd>
			<wd l="3533" t="3703" r="3752" b="3776" fs="10">Shires,</wd>
			<wd l="3772" t="3702" r="3889" b="3763" fs="10">and</wd>
		</ln>
		<ln lx="2339" ly="3792" rx="3882" ry="3872">
			<wd l="2339" t="3800" r="2391" b="3860" fs="10">is</wd>
			<wd l="2430" t="3818" r="2466" b="3860" fs="10">a</wd>
			<wd l="2499" t="3797" r="2809" b="3859" fs="10">Declared</wd>
			<wd l="2844" t="3797" r="3038" b="3869" fs="10">Plant,</wd>
			<wd l="3078" t="3797" r="3390" b="3872" fs="10">Category</wd>
			<wd l="3425" t="3795" r="3508" b="3854" fs="10">P3</wd>
			<wd l="3548" t="3793" r="3746" b="3854" fs="10">under</wd>
			<wd l="3779" t="3792" r="3882" b="3852" fs="10">the</wd>
		</ln>
		<ln lx="2341" ly="3883" rx="3886" ry="3967">
			<wd l="2341" t="3887" r="2783" b="3967" fs="10">Queensland</wd>
			<wd l="2816" t="3885" r="3029" b="3947" fs="10">Rural</wd>
			<wd l="3064" t="3885" r="3288" b="3946" fs="10">Lands</wd>
			<wd l="3328" t="3886" r="3721" b="3944" fs="10">Protection</wd>
			<wd l="3760" t="3883" r="3886" b="3942" fs="10">Act</wd>
		</ln>
		<ln lx="2340" ly="3971" rx="3884" ry="4055">
			<wd l="2340" t="3977" r="2752" b="4055" fs="10">(1985-88),</wd>
			<wd l="2798" t="3976" r="3021" b="4036" fs="10">where</wd>
			<wd l="3072" t="3973" r="3538" b="4035" fs="10">'infestations</wd>
			<wd l="3582" t="3980" r="3760" b="4032" fs="10">must</wd>
			<wd l="3802" t="3971" r="3884" b="4032" fs="10">be</wd>
		</ln>
		<ln lx="2338" ly="4068" rx="2649" ry="4129">
			<wd l="2338" t="4068" r="2649" b="4129" fs="10">reduced'.</wd>
		</ln>
		<ln lx="2341" ly="4224" rx="3881" ry="4303">
			<wd l="2341" t="4233" r="2571" b="4291" fs="10">Rubus</wd>
			<wd l="2606" t="4231" r="3025" b="4289" fs="10">moluccanus</wd>
			<wd l="3057" t="4229" r="3145" b="4299" fs="10">L.,</wd>
			<wd l="3183" t="4228" r="3284" b="4303" fs="10">Sp.</wd>
			<wd l="3320" t="4226" r="3405" b="4285" fs="10">PL</wd>
			<wd l="3451" t="4226" r="3605" b="4285" fs="10">1197</wd>
			<wd l="3642" t="4224" r="3881" b="4300" fs="10">(1753).</wd>
		</ln>
		<ln lx="2532" ly="4314" rx="3883" ry="4398">
			<wd l="2532" t="4323" r="2731" b="4398" fs="10">Type:</wd>
			<wd l="2751" t="4320" r="2909" b="4397" fs="10">plate</wd>
			<wd l="2927" t="4320" r="3025" b="4391" fs="10">47,</wd>
			<wd l="3046" t="4318" r="3151" b="4395" fs="10">fig.</wd>
			<wd l="3172" t="4319" r="3229" b="4390" fs="10">2,</wd>
			<wd l="3249" t="4317" r="3311" b="4376" fs="10">in</wd>
			<wd l="3327" t="4316" r="3683" b="4393" fs="10">Rumphius,</wd>
			<wd l="3701" t="4314" r="3883" b="4374" fs="10">Herb.</wd>
		</ln>
		<ln lx="2531" ly="4409" rx="3283" ry="4486">
			<wd l="2531" t="4412" r="2821" b="4472" fs="10">Amboin.</wd>
			<wd l="2853" t="4413" r="2909" b="4471" fs="10">5:</wd>
			<wd l="2941" t="4411" r="3016" b="4471" fs="10">88</wd>
			<wd l="3045" t="4409" r="3283" b="4486" fs="10">(1747).</wd>
		</ln>
		<ln lx="2459" ly="4568" rx="3883" ry="4648">
			<wd l="2459" t="4574" r="2688" b="4635" fs="10">Rubus</wd>
			<wd l="2733" t="4572" r="3070" b="4633" fs="10">haskarlii</wd>
			<wd l="3109" t="4570" r="3329" b="4648" fs="10">subsp.</wd>
			<wd l="3385" t="4568" r="3883" b="4630" fs="10">dendrocharis</wd>
		</ln>
		<ln lx="2533" ly="4658" rx="3884" ry="4736">
			<wd l="2533" t="4664" r="2769" b="4736" fs="10">Focke,</wd>
			<wd l="2810" t="4662" r="3122" b="4723" fs="10">Biblioth.</wd>
			<wd l="3165" t="4664" r="3309" b="4721" fs="10">Bot.</wd>
			<wd l="3354" t="4662" r="3458" b="4720" fs="10">72:</wd>
			<wd l="3503" t="4661" r="3584" b="4719" fs="10">99</wd>
			<wd l="3626" t="4658" r="3884" b="4734" fs="10">(1910);</wd>
		</ln>
		<ln lx="2531" ly="4749" rx="3881" ry="4827">
			<wd l="2531" t="4757" r="2598" b="4815" fs="10">R.</wd>
			<wd l="2645" t="4752" r="3115" b="4814" fs="10">dendrocharis</wd>
			<wd l="3154" t="4750" r="3424" b="4827" fs="10">(Focke)</wd>
			<wd l="3464" t="4749" r="3697" b="4820" fs="10">Focke,</wd>
			<wd l="3738" t="4749" r="3881" b="4807" fs="10">Bot.</wd>
		</ln>
		<ln lx="2535" ly="4840" rx="3886" ry="4921">
			<wd l="2535" t="4845" r="2731" b="4906" fs="10">Jahrb.</wd>
			<wd l="2755" t="4846" r="2910" b="4921" fs="10">Syst.</wd>
			<wd l="2934" t="4845" r="3032" b="4904" fs="10">54:</wd>
			<wd l="3056" t="4844" r="3134" b="4903" fs="10">70</wd>
			<wd l="3154" t="4841" r="3466" b="4918" fs="10">(1916);/?.</wd>
			<wd l="3492" t="4840" r="3886" b="4900" fs="10">moluccanus</wd>
		</ln>
		<ln lx="2534" ly="4931" rx="3887" ry="5008">
			<wd l="2534" t="4955" r="2660" b="4996" fs="10">var.</wd>
			<wd l="2711" t="4934" r="3195" b="4995" fs="10">dendrocharis</wd>
			<wd l="3237" t="4931" r="3515" b="5008" fs="10">(Focke)</wd>
			<wd l="3557" t="4933" r="3623" b="4990" fs="10">P.</wd>
			<wd l="3632" t="4932" r="3887" b="5006" fs="10">Royen,</wd>
		</ln>
		<ln lx="2536" ly="5019" rx="3888" ry="5102">
			<wd l="2536" t="5026" r="2718" b="5087" fs="10">Phan.</wd>
			<wd l="2739" t="5027" r="3023" b="5102" fs="10">Monogr.</wd>
			<wd l="3045" t="5025" r="3103" b="5084" fs="10">2:</wd>
			<wd l="3133" t="5024" r="3246" b="5084" fs="10">106</wd>
			<wd l="3267" t="5022" r="3715" b="5099" fs="10">(1969).Type:</wd>
			<wd l="3737" t="5019" r="3888" b="5080" fs="10">Bele</wd>
		</ln>
		<ln lx="2537" ly="5112" rx="3893" ry="5190">
			<wd l="2537" t="5118" r="2741" b="5190" fs="10">River,</wd>
			<wd l="2771" t="5118" r="2793" b="5177" fs="10">1</wd>
			<wd l="2808" t="5118" r="2841" b="5177" fs="10">8</wd>
			<wd l="2863" t="5116" r="2968" b="5176" fs="10">km</wd>
			<wd l="2984" t="5117" r="3096" b="5176" fs="10">NE</wd>
			<wd l="3116" t="5114" r="3194" b="5175" fs="10">of</wd>
			<wd l="3202" t="5113" r="3368" b="5174" fs="10">Lake</wd>
			<wd l="3387" t="5112" r="3729" b="5184" fs="10">Habbema,</wd>
			<wd l="3747" t="5112" r="3893" b="5172" fs="10">Nov</wd>
		</ln>
		<ln lx="2546" ly="5203" rx="3894" ry="5281">
			<wd l="2546" t="5210" r="2720" b="5281" fs="10">1938,</wd>
			<wd l="2749" t="5210" r="2942" b="5268" fs="10">Brass</wd>
			<wd l="2979" t="5207" r="3178" b="5267" fs="10">11387</wd>
			<wd l="3209" t="5206" r="3376" b="5281" fs="10">(neo:</wd>
			<wd l="3407" t="5206" r="3485" b="5276" fs="10">A,</wd>
			<wd l="3517" t="5203" r="3645" b="5263" fs="10">fide</wd>
			<wd l="3673" t="5205" r="3894" b="5279" fs="10">Royen</wd>
		</ln>
		<ln lx="2539" ly="5297" rx="3141" ry="5376">
			<wd l="2539" t="5299" r="2784" b="5376" fs="10">(1969);</wd>
			<wd l="2812" t="5298" r="2927" b="5358" fs="10">iso:</wd>
			<wd l="2956" t="5297" r="3141" b="5373" fs="10">BRI).</wd>
		</ln>
		<ln lx="2503" ly="5455" rx="3894" ry="5536">
			<wd l="2503" t="5464" r="2628" b="5522" fs="10">For</wd>
			<wd l="2670" t="5461" r="2922" b="5522" fs="10">further</wd>
			<wd l="2965" t="5477" r="3362" b="5536" fs="10">synonymy,</wd>
			<wd l="3409" t="5476" r="3519" b="5517" fs="10">see</wd>
			<wd l="3562" t="5455" r="3894" b="5516" fs="10">Kalkman</wd>
		</ln>
		<ln lx="2541" ly="5552" rx="2780" ry="5629">
			<wd l="2541" t="5552" r="2780" b="5629" fs="10">(1984).</wd>
		</ln>
	</region>
</ocr-page>
