<?xml version="1.0" encoding="UTF-8"?>
<ocr-page type="coords" ocr-vers="1.0" creation-date="20130321" res="600" height="6300" width="4500">
	<region article-doi="10.2307/41729914" region-id="0">
		<rc l="639" t="731" r="3757" b="802"/>
		<ln lx="644" ly="736" rx="3752" ry="797">
			<wd l="644" t="742" r="700" b="788" fs="10">14</wd>
			<wd l="2884" t="736" r="3261" b="797" fs="10">Austrobaileya</wd>
			<wd l="3280" t="736" r="3403" b="796" fs="10">5(1):</wd>
			<wd l="3426" t="736" r="3556" b="783" fs="10">9-27</wd>
			<wd l="3578" t="736" r="3752" b="795" fs="10">(1997)</wd>
		</ln>
	</region>
	<region article-doi="10.2307/41729914" region-id="1">
		<rc l="634" t="848" r="2195" b="2672"/>
		<ln lx="639" ly="853" rx="2171" ry="931">
			<wd l="639" t="856" r="1207" b="916" fs="10">Ethnobotanical</wd>
			<wd l="1243" t="874" r="1360" b="915" fs="10">use</wd>
			<wd l="1367" t="873" r="1382" b="914" fs="10">:</wd>
			<wd l="1423" t="856" r="1499" b="914" fs="10">D.</wd>
			<wd l="1548" t="853" r="2002" b="931" fs="10">baloghioides</wd>
			<wd l="2039" t="872" r="2171" b="913" fs="10">was</wd>
		</ln>
		<ln lx="642" ly="940" rx="2177" ry="1020">
			<wd l="642" t="943" r="967" b="1020" fs="10">reputedly</wd>
			<wd l="1003" t="942" r="1161" b="1002" fs="10">used</wd>
			<wd l="1196" t="942" r="1280" b="1019" fs="10">by</wd>
			<wd l="1318" t="941" r="1669" b="1018" fs="10">aboriginal</wd>
			<wd l="1706" t="941" r="1936" b="1018" fs="10">people</wd>
			<wd l="1974" t="941" r="2039" b="999" fs="10">in</wd>
			<wd l="2073" t="940" r="2177" b="1000" fs="10">the</wd>
		</ln>
		<ln lx="643" ly="1028" rx="2178" ry="1107">
			<wd l="643" t="1032" r="879" b="1107" fs="10">Bunya</wd>
			<wd l="920" t="1029" r="1313" b="1090" fs="10">Mountains</wd>
			<wd l="1360" t="1048" r="1512" b="1089" fs="10">area</wd>
			<wd l="1555" t="1028" r="1637" b="1089" fs="10">of</wd>
			<wd l="1672" t="1028" r="1870" b="1089" fs="10">south</wd>
			<wd l="1915" t="1036" r="2178" b="1088" fs="10">eastern</wd>
		</ln>
		<ln lx="645" ly="1115" rx="2180" ry="1194">
			<wd l="645" t="1117" r="1035" b="1192" fs="10">Queensland</wd>
			<wd l="1067" t="1126" r="1130" b="1178" fs="10">to</wd>
			<wd l="1164" t="1117" r="1342" b="1178" fs="10">make</wd>
			<wd l="1376" t="1117" r="1784" b="1194" fs="10">boomerangs</wd>
			<wd l="1820" t="1115" r="2007" b="1192" fs="10">(label</wd>
			<wd l="2042" t="1115" r="2180" b="1176" fs="10">data</wd>
		</ln>
		<ln lx="643" ly="1202" rx="2190" ry="1284">
			<wd l="643" t="1205" r="790" b="1266" fs="10">with</wd>
			<wd l="811" t="1206" r="999" b="1284" fs="10">type).</wd>
			<wd l="1027" t="1205" r="1218" b="1266" fs="10">There</wd>
			<wd l="1244" t="1224" r="1342" b="1266" fs="10">are</wd>
			<wd l="1365" t="1224" r="1447" b="1265" fs="10">no</wd>
			<wd l="1473" t="1212" r="1676" b="1265" fs="10">extant</wd>
			<wd l="1697" t="1203" r="2086" b="1282" fs="10">populations</wd>
			<wd l="2112" t="1202" r="2190" b="1264" fs="10">of</wd>
		</ln>
		<ln lx="644" ly="1292" rx="2181" ry="1371">
			<wd l="644" t="1294" r="759" b="1354" fs="10">this</wd>
			<wd l="778" t="1294" r="1010" b="1371" fs="10">species</wd>
			<wd l="1028" t="1294" r="1090" b="1353" fs="10">in</wd>
			<wd l="1105" t="1293" r="1204" b="1354" fs="10">the</wd>
			<wd l="1222" t="1296" r="1438" b="1370" fs="10">Bunya</wd>
			<wd l="1452" t="1293" r="1803" b="1353" fs="10">Mountains</wd>
			<wd l="1823" t="1292" r="1928" b="1368" fs="10">(cf.</wd>
			<wd l="1948" t="1294" r="2181" b="1352" fs="10">Forster</wd>
		</ln>
		<ln lx="646" ly="1379" rx="2179" ry="1457">
			<wd l="646" t="1389" r="703" b="1441" fs="10">et</wd>
			<wd l="735" t="1381" r="803" b="1441" fs="10">al.</wd>
			<wd l="853" t="1381" r="1037" b="1456" fs="10">1991)</wd>
			<wd l="1071" t="1380" r="1189" b="1441" fs="10">and</wd>
			<wd l="1222" t="1380" r="1266" b="1440" fs="10">it</wd>
			<wd l="1297" t="1380" r="1349" b="1440" fs="10">is</wd>
			<wd l="1384" t="1379" r="1571" b="1457" fs="10">likely</wd>
			<wd l="1602" t="1379" r="1727" b="1440" fs="10">that</wd>
			<wd l="1758" t="1379" r="2179" b="1439" fs="10">Leichhardt's</wd>
		</ln>
		<ln lx="647" ly="1466" rx="2180" ry="1545">
			<wd l="647" t="1468" r="1012" b="1545" fs="10">specimens</wd>
			<wd l="1054" t="1487" r="1234" b="1528" fs="10">came</wd>
			<wd l="1276" t="1467" r="1445" b="1527" fs="10">from</wd>
			<wd l="1486" t="1467" r="1731" b="1527" fs="10">further</wd>
			<wd l="1770" t="1475" r="1927" b="1538" fs="10">east,</wd>
			<wd l="1970" t="1466" r="2036" b="1525" fs="10">in</wd>
			<wd l="2074" t="1466" r="2180" b="1526" fs="10">the</wd>
		</ln>
		<ln lx="645" ly="1552" rx="2183" ry="1631">
			<wd l="645" t="1555" r="920" b="1615" fs="10">Blackall</wd>
			<wd l="950" t="1557" r="1194" b="1631" fs="10">Ranges</wd>
			<wd l="1224" t="1554" r="1350" b="1614" fs="10">that</wd>
			<wd l="1378" t="1573" r="1539" b="1613" fs="10">were</wd>
			<wd l="1571" t="1553" r="1701" b="1613" fs="10">also</wd>
			<wd l="1734" t="1572" r="1888" b="1613" fs="10">once</wd>
			<wd l="1918" t="1552" r="2183" b="1613" fs="10">referred</wd>
		</ln>
		<ln lx="645" ly="1640" rx="2178" ry="1717">
			<wd l="645" t="1650" r="707" b="1701" fs="10">to</wd>
			<wd l="734" t="1661" r="799" b="1701" fs="10">as</wd>
			<wd l="823" t="1641" r="924" b="1701" fs="10">the</wd>
			<wd l="949" t="1643" r="1168" b="1717" fs="10">Bunya</wd>
			<wd l="1190" t="1640" r="1546" b="1700" fs="10">Mountains</wd>
			<wd l="1574" t="1640" r="1996" b="1715" fs="10">(R.Fensham,</wd>
			<wd l="2022" t="1658" r="2178" b="1716" fs="10">pers.</wd>
		</ln>
		<ln lx="648" ly="1731" rx="1110" ry="1806">
			<wd l="648" t="1750" r="868" b="1791" fs="10">comm.</wd>
			<wd l="907" t="1731" r="1110" b="1806" fs="10">1997).</wd>
		</ln>
		<ln lx="644" ly="1891" rx="2183" ry="1971">
			<wd l="644" t="1894" r="1022" b="1971" fs="10">Etymology</wd>
			<wd l="1027" t="1912" r="1042" b="1953" fs="10">:</wd>
			<wd l="1085" t="1892" r="1213" b="1953" fs="10">The</wd>
			<wd l="1252" t="1891" r="1513" b="1970" fs="10">specific</wd>
			<wd l="1551" t="1891" r="1783" b="1969" fs="10">epithet</wd>
			<wd l="1816" t="1891" r="2010" b="1951" fs="10">refers</wd>
			<wd l="2046" t="1899" r="2109" b="1951" fs="10">to</wd>
			<wd l="2148" t="1910" r="2183" b="1951" fs="10">a</wd>
		</ln>
		<ln lx="650" ly="1983" rx="2184" ry="2063">
			<wd l="650" t="1985" r="999" b="2063" fs="10">superficial</wd>
			<wd l="1024" t="1985" r="1338" b="2062" fs="10">similarity</wd>
			<wd l="1359" t="1993" r="1422" b="2045" fs="10">to</wd>
			<wd l="1444" t="1984" r="1607" b="2045" fs="10">what</wd>
			<wd l="1629" t="1984" r="1680" b="2045" fs="10">is</wd>
			<wd l="1703" t="2003" r="1847" b="2045" fs="10">now</wd>
			<wd l="1868" t="1983" r="2096" b="2044" fs="10">known</wd>
			<wd l="2119" t="2002" r="2184" b="2044" fs="10">as</wd>
		</ln>
		<ln lx="646" ly="2077" rx="2040" ry="2156">
			<wd l="646" t="2078" r="954" b="2156" fs="10">Baloghia</wd>
			<wd l="980" t="2077" r="1291" b="2155" fs="10">inophylla</wd>
			<wd l="1313" t="2078" r="1415" b="2153" fs="10">(G.</wd>
			<wd l="1442" t="2077" r="1660" b="2153" fs="10">Forst.)</wd>
			<wd l="1685" t="2077" r="2040" b="2136" fs="10">P.S.Green.</wd>
		</ln>
		<ln lx="651" ly="2238" rx="2183" ry="2316">
			<wd l="651" t="2242" r="709" b="2301" fs="10">2.</wd>
			<wd l="729" t="2242" r="1086" b="2301" fs="10">Dissiliaria</wd>
			<wd l="1106" t="2241" r="1450" b="2300" fs="10">laxinervis</wd>
			<wd l="1466" t="2240" r="1618" b="2316" fs="10">Airy</wd>
			<wd l="1640" t="2239" r="1838" b="2311" fs="10">Shaw,</wd>
			<wd l="1859" t="2238" r="2183" b="2299" fs="10">Muelleria</wd>
		</ln>
		<ln lx="840" ly="2327" rx="2181" ry="2406">
			<wd l="840" t="2330" r="898" b="2389" fs="10">4:</wd>
			<wd l="926" t="2330" r="1047" b="2389" fs="10">220</wd>
			<wd l="1073" t="2329" r="1309" b="2405" fs="10">(1980).</wd>
			<wd l="1334" t="2330" r="1536" b="2406" fs="10">Type:</wd>
			<wd l="1565" t="2327" r="1975" b="2402" fs="10">Queensland.</wd>
			<wd l="2003" t="2328" r="2181" b="2387" fs="10">Cook</wd>
		</ln>
		<ln lx="840" ly="2415" rx="2182" ry="2486">
			<wd l="840" t="2419" r="1177" b="2476" fs="10">District:</wd>
			<wd l="1232" t="2416" r="1520" b="2476" fs="10">Claudie</wd>
			<wd l="1571" t="2415" r="1800" b="2486" fs="10">River,</wd>
			<wd l="1861" t="2416" r="2182" b="2486" fs="10">12°50'S,</wd>
		</ln>
		<ln lx="849" ly="2500" rx="2188" ry="2577">
			<wd l="849" t="2504" r="1002" b="2562" fs="10">143°</wd>
			<wd l="1045" t="2504" r="1234" b="2574" fs="10">20'E,</wd>
			<wd l="1277" t="2503" r="1359" b="2562" fs="10">29</wd>
			<wd l="1400" t="2504" r="1521" b="2561" fs="10">Jun</wd>
			<wd l="1569" t="2503" r="1756" b="2572" fs="10">1972,</wd>
			<wd l="1804" t="2503" r="1855" b="2560" fs="10">B</wd>
			<wd l="1862" t="2552" r="1871" b="2561" fs="10">.</wd>
			<wd l="1918" t="2500" r="2188" b="2577" fs="10">Hyland</wd>
		</ln>
		<ln lx="840" ly="2591" rx="2182" ry="2667">
			<wd l="840" t="2593" r="1164" b="2652" fs="10">RFK2578</wd>
			<wd l="1190" t="2592" r="1382" b="2667" fs="10">(holo:</wd>
			<wd l="1408" t="2594" r="1633" b="2663" fs="10">Kn.v.;</wd>
			<wd l="1658" t="2591" r="1771" b="2651" fs="10">iso:</wd>
			<wd l="1797" t="2593" r="1952" b="2662" fs="10">BRI,</wd>
			<wd l="1978" t="2591" r="2182" b="2666" fs="10">QRS).</wd>
		</ln>
	</region>
	<region article-doi="10.2307/41729914" region-id="2">
		<rc l="2310" t="847" r="3875" b="2869"/>
		<ln lx="2317" ly="852" rx="3854" ry="931">
			<wd l="2317" t="857" r="2466" b="916" fs="10">Tree</wd>
			<wd l="2497" t="863" r="2561" b="915" fs="10">to</wd>
			<wd l="2594" t="856" r="2673" b="915" fs="10">30</wd>
			<wd l="2705" t="874" r="2768" b="914" fs="10">m</wd>
			<wd l="2798" t="854" r="2964" b="931" fs="10">high.</wd>
			<wd l="2999" t="854" r="3203" b="914" fs="10">Trunk</wd>
			<wd l="3232" t="853" r="3571" b="914" fs="10">buttressed</wd>
			<wd l="3603" t="861" r="3660" b="913" fs="10">at</wd>
			<wd l="3689" t="852" r="3854" b="925" fs="10">base,</wd>
		</ln>
		<ln lx="2315" ly="940" rx="3856" ry="1020">
			<wd l="2315" t="952" r="2423" b="1004" fs="10">not</wd>
			<wd l="2442" t="943" r="2785" b="1020" fs="10">suckering;</wd>
			<wd l="2805" t="942" r="2954" b="1003" fs="10">bark</wd>
			<wd l="2970" t="942" r="3167" b="1019" fs="10">rough</wd>
			<wd l="3185" t="941" r="3304" b="1002" fs="10">and</wd>
			<wd l="3323" t="941" r="3491" b="1018" fs="10">flaky</wd>
			<wd l="3510" t="941" r="3572" b="1001" fs="10">in</wd>
			<wd l="3588" t="940" r="3856" b="1018" fs="10">patches,</wd>
		</ln>
		<ln lx="2316" ly="1028" rx="3859" ry="1106">
			<wd l="2316" t="1031" r="2491" b="1091" fs="10">blaze</wd>
			<wd l="2522" t="1030" r="2646" b="1091" fs="10">red.</wd>
			<wd l="2682" t="1029" r="3037" b="1091" fs="10">Branchlets</wd>
			<wd l="3069" t="1038" r="3113" b="1083" fs="10">±</wd>
			<wd l="3145" t="1028" r="3438" b="1101" fs="10">rounded,</wd>
			<wd l="3474" t="1028" r="3758" b="1106" fs="10">glabrous</wd>
			<wd l="3792" t="1047" r="3859" b="1088" fs="10">or</wd>
		</ln>
		<ln lx="2317" ly="1116" rx="3856" ry="1193">
			<wd l="2317" t="1118" r="2465" b="1179" fs="10">with</wd>
			<wd l="2500" t="1138" r="2536" b="1179" fs="10">a</wd>
			<wd l="2569" t="1118" r="2692" b="1179" fs="10">few</wd>
			<wd l="2728" t="1117" r="3022" b="1178" fs="10">scattered</wd>
			<wd l="3054" t="1117" r="3382" b="1177" fs="10">trichomes</wd>
			<wd l="3416" t="1116" r="3597" b="1177" fs="10">when</wd>
			<wd l="3628" t="1135" r="3856" b="1193" fs="10">young,</wd>
		</ln>
		<ln lx="2320" ly="1203" rx="3855" ry="1282">
			<wd l="2320" t="1205" r="2908" b="1267" fs="10">lenticellate</wd>
			<wd l="2953" t="1205" r="3163" b="1265" fs="10">with</wd>
			<wd l="3207" t="1224" r="3399" b="1282" fs="10">age.</wd>
			<wd l="3450" t="1203" r="3855" b="1281" fs="10">Stipules</wd>
		</ln>
		<ln lx="2320" ly="1293" rx="3859" ry="1370">
			<wd l="2320" t="1294" r="2924" b="1366" fs="10">deltoid-lanceolate,</wd>
			<wd l="2953" t="1295" r="3058" b="1353" fs="10">1-1</wd>
			<wd l="3073" t="1296" r="3124" b="1354" fs="10">.5</wd>
			<wd l="3145" t="1313" r="3272" b="1353" fs="10">mm</wd>
			<wd l="3291" t="1293" r="3452" b="1370" fs="10">long,</wd>
			<wd l="3473" t="1293" r="3716" b="1353" fs="10">0.5-0.6</wd>
			<wd l="3733" t="1311" r="3859" b="1352" fs="10">mm</wd>
		</ln>
		<ln lx="2318" ly="1379" rx="3859" ry="1459">
			<wd l="2318" t="1382" r="2498" b="1454" fs="10">wide,</wd>
			<wd l="2529" t="1382" r="2833" b="1459" fs="10">glabrous.</wd>
			<wd l="2866" t="1383" r="3099" b="1441" fs="10">Leaves</wd>
			<wd l="3129" t="1380" r="3436" b="1458" fs="10">glabrous;</wd>
			<wd l="3465" t="1399" r="3604" b="1440" fs="10">new</wd>
			<wd l="3632" t="1379" r="3859" b="1456" fs="10">foliage</wd>
		</ln>
		<ln lx="2320" ly="1466" rx="3860" ry="1546">
			<wd l="2320" t="1488" r="2505" b="1546" fs="10">green</wd>
			<wd l="2525" t="1488" r="2593" b="1529" fs="10">or</wd>
			<wd l="2608" t="1488" r="2757" b="1545" fs="10">very</wd>
			<wd l="2778" t="1468" r="3026" b="1545" fs="10">slightly</wd>
			<wd l="3043" t="1468" r="3181" b="1545" fs="10">pale</wd>
			<wd l="3200" t="1467" r="3583" b="1544" fs="10">pink-green;</wd>
			<wd l="3603" t="1466" r="3860" b="1543" fs="10">petioles</wd>
		</ln>
		<ln lx="2322" ly="1552" rx="3860" ry="1632">
			<wd l="2322" t="1557" r="2442" b="1616" fs="10">7-9</wd>
			<wd l="2476" t="1575" r="2603" b="1615" fs="10">mm</wd>
			<wd l="2638" t="1555" r="2802" b="1632" fs="10">long,</wd>
			<wd l="2839" t="1574" r="2889" b="1615" fs="10">c.</wd>
			<wd l="2926" t="1556" r="2963" b="1614" fs="10">2</wd>
			<wd l="2997" t="1574" r="3125" b="1614" fs="10">mm</wd>
			<wd l="3159" t="1554" r="3466" b="1626" fs="10">diameter,</wd>
			<wd l="3502" t="1552" r="3860" b="1613" fs="10">channelled</wd>
		</ln>
		<ln lx="2322" ly="1644" rx="3860" ry="1722">
			<wd l="2322" t="1665" r="2403" b="1705" fs="10">on</wd>
			<wd l="2430" t="1654" r="2554" b="1722" fs="10">top,</wd>
			<wd l="2586" t="1645" r="2894" b="1722" fs="10">glabrous;</wd>
			<wd l="2926" t="1644" r="3152" b="1704" fs="10">lamina</wd>
			<wd l="3179" t="1644" r="3426" b="1721" fs="10">elliptic,</wd>
			<wd l="3457" t="1644" r="3704" b="1703" fs="10">45-130</wd>
			<wd l="3733" t="1661" r="3860" b="1702" fs="10">mm</wd>
		</ln>
		<ln lx="2322" ly="1734" rx="3859" ry="1814">
			<wd l="2322" t="1737" r="2482" b="1814" fs="10">long,</wd>
			<wd l="2503" t="1737" r="2704" b="1796" fs="10">30-70</wd>
			<wd l="2721" t="1755" r="2848" b="1795" fs="10">mm</wd>
			<wd l="2863" t="1735" r="3039" b="1807" fs="10">wide,</wd>
			<wd l="3059" t="1735" r="3423" b="1806" fs="10">coriaceous,</wd>
			<wd l="3441" t="1734" r="3586" b="1794" fs="10">with</wd>
			<wd l="3600" t="1734" r="3859" b="1811" fs="10">margins</wd>
		</ln>
		<ln lx="2323" ly="1821" rx="3861" ry="1900">
			<wd l="2323" t="1824" r="2509" b="1885" fs="10">entire</wd>
			<wd l="2535" t="1824" r="2653" b="1884" fs="10">and</wd>
			<wd l="2675" t="1824" r="2963" b="1884" fs="10">venation</wd>
			<wd l="2988" t="1823" r="3325" b="1900" fs="10">composed</wd>
			<wd l="3350" t="1822" r="3427" b="1883" fs="10">of</wd>
			<wd l="3442" t="1825" r="3477" b="1882" fs="10">7</wd>
			<wd l="3505" t="1842" r="3572" b="1882" fs="10">or</wd>
			<wd l="3598" t="1823" r="3631" b="1882" fs="10">8</wd>
			<wd l="3659" t="1821" r="3861" b="1882" fs="10">lateral</wd>
		</ln>
		<ln lx="2320" ly="1908" rx="3864" ry="1990">
			<wd l="2320" t="1912" r="2495" b="1973" fs="10">veins</wd>
			<wd l="2515" t="1931" r="2623" b="1990" fs="10">per</wd>
			<wd l="2644" t="1911" r="2774" b="1972" fs="10">side</wd>
			<wd l="2796" t="1911" r="2873" b="1972" fs="10">of</wd>
			<wd l="2881" t="1911" r="3102" b="1972" fs="10">midrib</wd>
			<wd l="3125" t="1910" r="3244" b="1971" fs="10">and</wd>
			<wd l="3262" t="1909" r="3503" b="1988" fs="10">weakly</wd>
			<wd l="3524" t="1908" r="3864" b="1987" fs="10">developed</wd>
		</ln>
		<ln lx="2323" ly="1998" rx="3866" ry="2076">
			<wd l="2323" t="2000" r="2710" b="2061" fs="10">interlateral</wd>
			<wd l="2748" t="1999" r="3081" b="2061" fs="10">reticulate</wd>
			<wd l="3120" t="1999" r="3378" b="2076" fs="10">tertiary</wd>
			<wd l="3416" t="1998" r="3625" b="2071" fs="10">veins;</wd>
			<wd l="3664" t="2017" r="3866" b="2076" fs="10">upper</wd>
		</ln>
		<ln lx="2325" ly="2086" rx="3863" ry="2166">
			<wd l="2325" t="2088" r="2570" b="2149" fs="10">surface</wd>
			<wd l="2609" t="2088" r="2827" b="2166" fs="10">glossy</wd>
			<wd l="2865" t="2087" r="3017" b="2148" fs="10">dark</wd>
			<wd l="3052" t="2107" r="3262" b="2165" fs="10">green,</wd>
			<wd l="3301" t="2086" r="3454" b="2146" fs="10">with</wd>
			<wd l="3488" t="2086" r="3785" b="2146" fs="10">venation</wd>
			<wd l="3819" t="2094" r="3863" b="2139" fs="10">±</wd>
		</ln>
		<ln lx="2324" ly="2173" rx="3864" ry="2252">
			<wd l="2324" t="2177" r="2634" b="2248" fs="10">obscure;</wd>
			<wd l="2681" t="2176" r="2888" b="2236" fs="10">lower</wd>
			<wd l="2932" t="2175" r="3196" b="2236" fs="10">surface</wd>
			<wd l="3239" t="2174" r="3390" b="2252" fs="10">pale</wd>
			<wd l="3434" t="2193" r="3658" b="2252" fs="10">green,</wd>
			<wd l="3703" t="2173" r="3864" b="2234" fs="10">with</wd>
		</ln>
		<ln lx="2323" ly="2261" rx="3867" ry="2340">
			<wd l="2323" t="2264" r="2612" b="2324" fs="10">venation</wd>
			<wd l="2628" t="2263" r="2868" b="2340" fs="10">weakly</wd>
			<wd l="2887" t="2262" r="3231" b="2340" fs="10">developed</wd>
			<wd l="3248" t="2262" r="3396" b="2321" fs="10">with</wd>
			<wd l="3415" t="2262" r="3561" b="2338" fs="10">only</wd>
			<wd l="3577" t="2261" r="3677" b="2321" fs="10">the</wd>
			<wd l="3697" t="2269" r="3867" b="2321" fs="10">outer</wd>
		</ln>
		<ln lx="2325" ly="2348" rx="3865" ry="2427">
			<wd l="2325" t="2351" r="2684" b="2412" fs="10">interlateral</wd>
			<wd l="2702" t="2350" r="2877" b="2411" fs="10">veins</wd>
			<wd l="2896" t="2350" r="3116" b="2422" fs="10">raised;</wd>
			<wd l="3136" t="2350" r="3222" b="2427" fs="10">tip</wd>
			<wd l="3243" t="2357" r="3416" b="2410" fs="10">acute</wd>
			<wd l="3434" t="2357" r="3497" b="2409" fs="10">to</wd>
			<wd l="3517" t="2348" r="3865" b="2421" fs="10">obcordate;</wd>
		</ln>
		<ln lx="2324" ly="2437" rx="3865" ry="2498">
			<wd l="2324" t="2439" r="2471" b="2498" fs="10">base</wd>
			<wd l="2500" t="2447" r="2752" b="2498" fs="10">cuneate</wd>
			<wd l="2779" t="2446" r="2841" b="2497" fs="10">to</wd>
			<wd l="2868" t="2438" r="3161" b="2497" fs="10">rounded.</wd>
			<wd l="3192" t="2437" r="3361" b="2496" fs="10">Male</wd>
			<wd l="3390" t="2437" r="3865" b="2496" fs="10">inflorescences</wd>
		</ln>
		<ln lx="2326" ly="2522" rx="3863" ry="2599">
			<wd l="2326" t="2525" r="2391" b="2584" fs="10">in</wd>
			<wd l="2430" t="2525" r="2617" b="2585" fs="10">distal</wd>
			<wd l="2657" t="2524" r="2840" b="2596" fs="10">axils,</wd>
			<wd l="2879" t="2533" r="2924" b="2577" fs="10">±</wd>
			<wd l="2964" t="2524" r="3213" b="2595" fs="10">sessile;</wd>
			<wd l="3253" t="2523" r="3462" b="2583" fs="10">bracts</wd>
			<wd l="3500" t="2522" r="3863" b="2599" fs="10">triangular,</wd>
		</ln>
		<ln lx="2335" ly="2609" rx="3864" ry="2687">
			<wd l="2335" t="2613" r="2515" b="2671" fs="10">1-1.2</wd>
			<wd l="2553" t="2630" r="2682" b="2670" fs="10">mm</wd>
			<wd l="2720" t="2611" r="2888" b="2687" fs="10">long,</wd>
			<wd l="2928" t="2630" r="2980" b="2670" fs="10">c.</wd>
			<wd l="3021" t="2612" r="3121" b="2670" fs="10">0.8</wd>
			<wd l="3160" t="2629" r="3290" b="2669" fs="10">mm</wd>
			<wd l="3324" t="2609" r="3510" b="2681" fs="10">wide,</wd>
			<wd l="3549" t="2609" r="3864" b="2686" fs="10">glabrous;</wd>
		</ln>
		<ln lx="2328" ly="2696" rx="3868" ry="2775">
			<wd l="2328" t="2698" r="2575" b="2758" fs="10">flowers</wd>
			<wd l="2608" t="2698" r="2671" b="2757" fs="10">in</wd>
			<wd l="2702" t="2697" r="3069" b="2775" fs="10">glomerules</wd>
			<wd l="3103" t="2697" r="3180" b="2757" fs="10">of</wd>
			<wd l="3201" t="2697" r="3384" b="2756" fs="10">4-12.</wd>
			<wd l="3419" t="2696" r="3588" b="2756" fs="10">Male</wd>
			<wd l="3621" t="2696" r="3868" b="2756" fs="10">flowers</wd>
		</ln>
		<ln lx="2326" ly="2784" rx="3870" ry="2864">
			<wd l="2326" t="2786" r="2482" b="2847" fs="10">with</wd>
			<wd l="2520" t="2785" r="2811" b="2864" fs="10">pedicels</wd>
			<wd l="2851" t="2786" r="3068" b="2846" fs="10">22-30</wd>
			<wd l="3107" t="2804" r="3238" b="2844" fs="10">mm</wd>
			<wd l="3278" t="2784" r="3453" b="2862" fs="10">long,</wd>
			<wd l="3496" t="2803" r="3550" b="2844" fs="10">c.</wd>
			<wd l="3595" t="2785" r="3698" b="2844" fs="10">0.7</wd>
			<wd l="3739" t="2802" r="3870" b="2843" fs="10">mm</wd>
		</ln>
	</region>
	<region article-doi="10.2307/41729914" region-id="3">
		<rc l="680" t="5313" r="3059" b="5384"/>
		<ln lx="685" ly="5318" rx="3054" ry="5379">
			<wd l="685" t="5321" r="814" b="5379" fs="10">Map</wd>
			<wd l="839" t="5320" r="878" b="5366" fs="10">1.</wd>
			<wd l="902" t="5319" r="1221" b="5367" fs="10">Distribution</wd>
			<wd l="1240" t="5319" r="1302" b="5366" fs="10">of</wd>
			<wd l="1332" t="5328" r="1378" b="5368" fs="10">▲</wd>
			<wd l="1410" t="5319" r="1695" b="5366" fs="10">Dissiliaria</wd>
			<wd l="1716" t="5319" r="2072" b="5379" fs="10">baloghioides,</wd>
			<wd l="2112" t="5326" r="2159" b="5373" fs="10">♦</wd>
			<wd l="2197" t="5320" r="2252" b="5365" fs="10">D.</wd>
			<wd l="2279" t="5318" r="2540" b="5365" fs="10">laxinervis</wd>
			<wd l="2561" t="5318" r="2653" b="5366" fs="10">and</wd>
			<wd l="2695" t="5318" r="2747" b="5368" fs="10">★</wd>
			<wd l="2784" t="5319" r="2841" b="5365" fs="10">D.</wd>
			<wd l="2869" t="5318" r="3054" b="5365" fs="10">tuckeri</wd>
		</ln>
	</region>
</ocr-page>
