<?xml version="1.0" encoding="UTF-8"?>
<ocr-page type="coords" ocr-vers="1.0" creation-date="20130321" res="600" height="6300" width="4500">
	<region article-doi="10.2307/41729918" region-id="0">
		<rc l="1001" t="843" r="3443" b="1065"/>
		<ln lx="1006" ly="848" rx="3438" ry="940">
			<wd l="1006" t="850" r="1452" b="920" fs="10">Marsdenia</wd>
			<wd l="1458" t="850" r="1802" b="940" fs="10">jensenii</wd>
			<wd l="1824" t="848" r="2532" b="940" fs="10">(Asclepiadaceae:</wd>
			<wd l="2564" t="848" r="3172" b="936" fs="10">Marsdenieae),</wd>
			<wd l="3198" t="868" r="3242" b="918" fs="10">a</wd>
			<wd l="3270" t="868" r="3438" b="916" fs="10">new</wd>
		</ln>
		<ln lx="1398" ly="966" rx="3052" ry="1060">
			<wd l="1398" t="968" r="1686" b="1060" fs="10">species</wd>
			<wd l="1726" t="968" r="1932" b="1038" fs="10">from</wd>
			<wd l="1956" t="968" r="2528" b="1038" fs="10">north-eastern</wd>
			<wd l="2554" t="966" r="3052" b="1052" fs="10">Queensland</wd>
		</ln>
	</region>
	<region article-doi="10.2307/41729918" region-id="1">
		<rc l="1975" t="1151" r="2479" b="1219"/>
		<ln lx="1980" ly="1156" rx="2474" ry="1214">
			<wd l="1980" t="1156" r="2136" b="1214" fs="10">Paul</wd>
			<wd l="2152" t="1156" r="2200" b="1214" fs="10">I.</wd>
			<wd l="2218" t="1156" r="2474" b="1214" fs="10">Forster</wd>
		</ln>
	</region>
	<region article-doi="10.2307/41729918" region-id="2">
		<rc l="2059" t="1321" r="2397" b="1407"/>
		<ln lx="2064" ly="1326" rx="2392" ry="1402">
			<wd l="2064" t="1326" r="2392" b="1402" fs="10">Summary</wd>
		</ln>
	</region>
	<region article-doi="10.2307/41729918" region-id="3">
		<rc l="850" t="1484" r="3603" b="1785"/>
		<ln lx="855" ly="1489" rx="3598" ry="1554">
			<wd l="855" t="1495" r="1065" b="1551" fs="10">Forster,</wd>
			<wd l="1097" t="1493" r="1217" b="1542" fs="10">Paul</wd>
			<wd l="1248" t="1495" r="1281" b="1541" fs="10">I.</wd>
			<wd l="1315" t="1494" r="1512" b="1554" fs="10">(1997).</wd>
			<wd l="1545" t="1493" r="1843" b="1541" fs="10">Marsdenia</wd>
			<wd l="1859" t="1496" r="2088" b="1554" fs="10">jensenii</wd>
			<wd l="2116" t="1491" r="2585" b="1553" fs="10">(Asclepiadaceae:</wd>
			<wd l="2618" t="1490" r="3009" b="1551" fs="10">Marsdenieae),</wd>
			<wd l="3042" t="1506" r="3070" b="1539" fs="10">a</wd>
			<wd l="3098" t="1505" r="3209" b="1539" fs="10">new</wd>
			<wd l="3241" t="1489" r="3437" b="1551" fs="10">species</wd>
			<wd l="3469" t="1489" r="3598" b="1538" fs="10">from</wd>
		</ln>
		<ln lx="856" ly="1564" rx="3598" ry="1630">
			<wd l="856" t="1569" r="1219" b="1618" fs="10">north-eastern</wd>
			<wd l="1249" t="1568" r="1586" b="1629" fs="10">Queensland.</wd>
			<wd l="1641" t="1568" r="2030" b="1630" fs="10">Austrobaileya</wd>
			<wd l="2059" t="1568" r="2186" b="1629" fs="10">5(1):</wd>
			<wd l="2247" t="1568" r="2430" b="1616" fs="10">59-61.</wd>
			<wd l="2461" t="1567" r="2564" b="1616" fs="10">The</wd>
			<wd l="2593" t="1582" r="2705" b="1615" fs="10">new</wd>
			<wd l="2737" t="1566" r="2932" b="1628" fs="10">species</wd>
			<wd l="2988" t="1566" r="3285" b="1614" fs="10">Marsdenia</wd>
			<wd l="3300" t="1568" r="3527" b="1627" fs="10">jensenii</wd>
			<wd l="3557" t="1564" r="3598" b="1613" fs="10">is</wd>
		</ln>
		<ln lx="857" ly="1640" rx="3598" ry="1702">
			<wd l="857" t="1645" r="1118" b="1693" fs="10">described</wd>
			<wd l="1148" t="1645" r="1244" b="1693" fs="10">and</wd>
			<wd l="1275" t="1644" r="1564" b="1692" fs="10">illustrated.</wd>
			<wd l="1597" t="1646" r="1637" b="1692" fs="10">It</wd>
			<wd l="1668" t="1644" r="1709" b="1692" fs="10">is</wd>
			<wd l="1739" t="1643" r="1967" b="1692" fs="10">endemic</wd>
			<wd l="1997" t="1650" r="2048" b="1691" fs="10">to</wd>
			<wd l="2078" t="1643" r="2441" b="1691" fs="10">north-eastern</wd>
			<wd l="2471" t="1642" r="2794" b="1702" fs="10">Queensland</wd>
			<wd l="2825" t="1642" r="2874" b="1689" fs="10">in</wd>
			<wd l="2903" t="1642" r="2985" b="1690" fs="10">the</wd>
			<wd l="3019" t="1643" r="3145" b="1689" fs="10">'Wet</wd>
			<wd l="3173" t="1641" r="3396" b="1702" fs="10">Tropics'</wd>
			<wd l="3425" t="1640" r="3598" b="1701" fs="10">region</wd>
		</ln>
		<ln lx="857" ly="1717" rx="2805" ry="1780">
			<wd l="857" t="1720" r="952" b="1767" fs="10">and</wd>
			<wd l="982" t="1719" r="1269" b="1780" fs="10">apparently</wd>
			<wd l="1298" t="1719" r="1552" b="1767" fs="10">restricted</wd>
			<wd l="1581" t="1726" r="1632" b="1767" fs="10">to</wd>
			<wd l="1663" t="1733" r="1691" b="1766" fs="10">a</wd>
			<wd l="1720" t="1718" r="1862" b="1766" fs="10">small</wd>
			<wd l="1893" t="1733" r="2005" b="1766" fs="10">area</wd>
			<wd l="2032" t="1733" r="2149" b="1766" fs="10">near</wd>
			<wd l="2178" t="1717" r="2430" b="1779" fs="10">Gadgarra</wd>
			<wd l="2460" t="1718" r="2592" b="1765" fs="10">State</wd>
			<wd l="2621" t="1718" r="2805" b="1765" fs="10">Forest.</wd>
		</ln>
	</region>
	<region article-doi="10.2307/41729918" region-id="4">
		<rc l="852" t="1855" r="3607" b="2147"/>
		<ln lx="857" ly="1860" rx="3598" ry="1925">
			<wd l="857" t="1864" r="1178" b="1925" fs="10">Keywords:</wd>
			<wd l="1213" t="1864" r="1700" b="1925" fs="10">Asclepiadaceae,</wd>
			<wd l="1737" t="1863" r="2125" b="1911" fs="10">Marsdenieae</wd>
			<wd l="2133" t="1902" r="2144" b="1920" fs="10">,</wd>
			<wd l="2181" t="1863" r="2503" b="1910" fs="10">Marsdenia</wd>
			<wd l="2539" t="1890" r="2557" b="1896" fs="10">-</wd>
			<wd l="2589" t="1862" r="2885" b="1918" fs="10">Australia,</wd>
			<wd l="2922" t="1861" r="3243" b="1909" fs="10">Marsdenia</wd>
			<wd l="3279" t="1860" r="3579" b="1921" fs="10">hemiptera</wd>
			<wd l="3587" t="1899" r="3598" b="1916" fs="10">,</wd>
		</ln>
		<ln lx="857" ly="1939" rx="1430" ry="1999">
			<wd l="857" t="1939" r="1152" b="1986" fs="10">Marsdenia</wd>
			<wd l="1194" t="1942" r="1430" b="1999" fs="10">jensenii.</wd>
		</ln>
		<ln lx="858" ly="2079" rx="3602" ry="2142">
			<wd l="858" t="2084" r="975" b="2131" fs="10">Paul</wd>
			<wd l="1006" t="2085" r="1040" b="2131" fs="10">I.</wd>
			<wd l="1072" t="2085" r="1278" b="2140" fs="10">Forster,</wd>
			<wd l="1309" t="2083" r="1631" b="2142" fs="10">Queensland</wd>
			<wd l="1659" t="2082" r="1968" b="2139" fs="10">Herbarium,</wd>
			<wd l="1999" t="2082" r="2186" b="2130" fs="10">Meiers</wd>
			<wd l="2215" t="2082" r="2372" b="2139" fs="10">Road,</wd>
			<wd l="2403" t="2081" r="2792" b="2142" fs="10">Indooroopilly,</wd>
			<wd l="2824" t="2080" r="3145" b="2140" fs="10">Queensland</wd>
			<wd l="3174" t="2081" r="3324" b="2137" fs="10">4068,</wd>
			<wd l="3351" t="2079" r="3602" b="2127" fs="10">Australia</wd>
		</ln>
	</region>
	<region article-doi="10.2307/41729918" region-id="5">
		<rc l="618" t="2318" r="2180" b="5234"/>
		<ln lx="624" ly="2323" rx="1037" ry="2382">
			<wd l="624" t="2323" r="1037" b="2382" fs="10">Introduction</wd>
		</ln>
		<ln lx="623" ly="2484" rx="2161" ry="2545">
			<wd l="623" t="2487" r="681" b="2544" fs="10">A</wd>
			<wd l="695" t="2485" r="962" b="2545" fs="10">revision</wd>
			<wd l="982" t="2485" r="1059" b="2545" fs="10">of</wd>
			<wd l="1066" t="2485" r="1428" b="2545" fs="10">Marsdenia</wd>
			<wd l="1447" t="2487" r="1618" b="2544" fs="10">R.Br,</wd>
			<wd l="1642" t="2484" r="1704" b="2543" fs="10">in</wd>
			<wd l="1717" t="2484" r="2024" b="2544" fs="10">Australia</wd>
			<wd l="2042" t="2484" r="2161" b="2543" fs="10">and</wd>
		</ln>
		<ln lx="624" ly="2576" rx="2159" ry="2654">
			<wd l="624" t="2577" r="919" b="2654" fs="10">Papuasia</wd>
			<wd l="934" t="2596" r="1060" b="2637" fs="10">was</wd>
			<wd l="1079" t="2577" r="1345" b="2654" fs="10">recently</wd>
			<wd l="1362" t="2576" r="1686" b="2654" fs="10">published</wd>
			<wd l="1703" t="2576" r="1970" b="2636" fs="10">wherein</wd>
			<wd l="1989" t="2595" r="2159" b="2636" fs="10">some</wd>
		</ln>
		<ln lx="627" ly="2668" rx="2162" ry="2746">
			<wd l="627" t="2669" r="1064" b="2746" fs="10">seventy-eight</wd>
			<wd l="1082" t="2668" r="1312" b="2746" fs="10">species</wd>
			<wd l="1330" t="2687" r="1488" b="2728" fs="10">were</wd>
			<wd l="1506" t="2668" r="1888" b="2728" fs="10">enumerated</wd>
			<wd l="1904" t="2669" r="2162" b="2743" fs="10">(Forster</wd>
		</ln>
		<ln lx="634" ly="2759" rx="2160" ry="2836">
			<wd l="634" t="2761" r="861" b="2835" fs="10">1995).</wd>
			<wd l="913" t="2761" r="1049" b="2819" fs="10">The</wd>
			<wd l="1100" t="2760" r="1463" b="2836" fs="10">following</wd>
			<wd l="1510" t="2779" r="1659" b="2819" fs="10">new</wd>
			<wd l="1709" t="2759" r="1974" b="2835" fs="10">species</wd>
			<wd l="2023" t="2777" r="2160" b="2818" fs="10">was</wd>
		</ln>
		<ln lx="626" ly="2850" rx="2159" ry="2920">
			<wd l="626" t="2851" r="985" b="2911" fs="10">discovered</wd>
			<wd l="1003" t="2860" r="1107" b="2911" fs="10">too</wd>
			<wd l="1129" t="2851" r="1244" b="2910" fs="10">late</wd>
			<wd l="1263" t="2860" r="1326" b="2910" fs="10">to</wd>
			<wd l="1345" t="2851" r="1422" b="2910" fs="10">be</wd>
			<wd l="1443" t="2850" r="1729" b="2910" fs="10">included</wd>
			<wd l="1748" t="2850" r="1810" b="2908" fs="10">in</wd>
			<wd l="1828" t="2850" r="1952" b="2909" fs="10">that</wd>
			<wd l="1970" t="2850" r="2159" b="2920" fs="10">work,</wd>
		</ln>
		<ln lx="627" ly="2941" rx="2163" ry="3018">
			<wd l="627" t="2961" r="695" b="3001" fs="10">or</wd>
			<wd l="712" t="2942" r="774" b="3000" fs="10">in</wd>
			<wd l="790" t="2942" r="889" b="3001" fs="10">the</wd>
			<wd l="910" t="2942" r="1277" b="3018" fs="10">subsequent</wd>
			<wd l="1291" t="2942" r="1482" b="3001" fs="10">Flora</wd>
			<wd l="1501" t="2941" r="1580" b="3017" fs="10">of</wd>
			<wd l="1575" t="2941" r="1887" b="3000" fs="10">Australia</wd>
			<wd l="1907" t="2948" r="2163" b="3000" fs="10">account</wd>
		</ln>
		<ln lx="627" ly="3031" rx="1841" ry="3109">
			<wd l="627" t="3034" r="889" b="3109" fs="10">(Forster</wd>
			<wd l="914" t="3033" r="1117" b="3109" fs="10">1996),</wd>
			<wd l="1139" t="3032" r="1258" b="3092" fs="10">and</wd>
			<wd l="1276" t="3032" r="1327" b="3092" fs="10">is</wd>
			<wd l="1347" t="3031" r="1665" b="3092" fs="10">described</wd>
			<wd l="1681" t="3031" r="1841" b="3091" fs="10">here.</wd>
		</ln>
		<ln lx="627" ly="3198" rx="962" ry="3273">
			<wd l="627" t="3198" r="962" b="3273" fs="10">Taxonomy</wd>
		</ln>
		<ln lx="624" ly="3360" rx="2160" ry="3436">
			<wd l="624" t="3361" r="1037" b="3420" fs="10">Marsdenia</wd>
			<wd l="1071" t="3360" r="1392" b="3436" fs="10">jensenii</wd>
			<wd l="1438" t="3361" r="1807" b="3430" fs="10">P.I.Forst.,</wd>
			<wd l="1860" t="3377" r="1957" b="3435" fs="10">sp.</wd>
			<wd l="2009" t="3377" r="2160" b="3418" fs="10">nov.</wd>
		</ln>
		<ln lx="818" ly="3449" rx="2164" ry="3528">
			<wd l="818" t="3451" r="1026" b="3511" fs="10">affinis</wd>
			<wd l="1050" t="3453" r="1131" b="3511" fs="10">M.</wd>
			<wd l="1164" t="3451" r="1539" b="3528" fs="10">hemipterae</wd>
			<wd l="1562" t="3450" r="1794" b="3510" fs="10">H.Rch.</wd>
			<wd l="1823" t="3449" r="1998" b="3510" fs="10">latice</wd>
			<wd l="2024" t="3449" r="2164" b="3510" fs="10">albo</wd>
		</ln>
		<ln lx="818" ly="3541" rx="2162" ry="3620">
			<wd l="818" t="3544" r="1053" b="3619" fs="10">(contra</wd>
			<wd l="1084" t="3543" r="1393" b="3620" fs="10">pellucido</wd>
			<wd l="1427" t="3562" r="1620" b="3620" fs="10">usque</wd>
			<wd l="1656" t="3542" r="1732" b="3602" fs="10">ad</wd>
			<wd l="1764" t="3541" r="2162" b="3617" fs="10">viridiflavo),</wd>
		</ln>
		<ln lx="819" ly="3633" rx="2167" ry="3712">
			<wd l="819" t="3635" r="1054" b="3695" fs="10">florium</wd>
			<wd l="1067" t="3634" r="1366" b="3712" fs="10">pedicellis</wd>
			<wd l="1392" t="3636" r="1413" b="3693" fs="10">1</wd>
			<wd l="1425" t="3635" r="1577" b="3694" fs="10">5-25</wd>
			<wd l="1596" t="3653" r="1722" b="3693" fs="10">mm</wd>
			<wd l="1737" t="3633" r="1927" b="3710" fs="10">longis</wd>
			<wd l="1943" t="3634" r="2167" b="3709" fs="10">(contra</wd>
		</ln>
		<ln lx="821" ly="3724" rx="2164" ry="3800">
			<wd l="821" t="3727" r="978" b="3785" fs="10">5-13</wd>
			<wd l="1018" t="3726" r="1192" b="3800" fs="10">mm),</wd>
			<wd l="1229" t="3725" r="1496" b="3785" fs="10">corollae</wd>
			<wd l="1533" t="3725" r="1691" b="3784" fs="10">lobis</wd>
			<wd l="1725" t="3725" r="1905" b="3784" fs="10">valde</wd>
			<wd l="1941" t="3724" r="2164" b="3784" fs="10">dextris</wd>
		</ln>
		<ln lx="819" ly="3815" rx="2167" ry="3893">
			<wd l="819" t="3818" r="1086" b="3892" fs="10">(contra</wd>
			<wd l="1217" t="3825" r="1261" b="3870" fs="10">±</wd>
			<wd l="1396" t="3816" r="1600" b="3876" fs="10">rectis</wd>
			<wd l="1735" t="3835" r="1949" b="3893" fs="10">usque</wd>
			<wd l="2086" t="3815" r="2167" b="3875" fs="10">ad</wd>
		</ln>
		<ln lx="818" ly="3906" rx="2165" ry="3984">
			<wd l="818" t="3908" r="1082" b="3968" fs="10">modice</wd>
			<wd l="1126" t="3908" r="1431" b="3983" fs="10">dextris),</wd>
			<wd l="1478" t="3907" r="1726" b="3984" fs="10">sepalis</wd>
			<wd l="1770" t="3906" r="2165" b="3967" fs="10">orbicularis</wd>
		</ln>
		<ln lx="818" ly="3998" rx="2169" ry="4076">
			<wd l="818" t="4019" r="1032" b="4076" fs="10">usque</wd>
			<wd l="1078" t="3999" r="1160" b="4059" fs="10">ad</wd>
			<wd l="1205" t="3998" r="1855" b="4059" fs="10">orbicularo-ovatis</wd>
			<wd l="1902" t="3999" r="2169" b="4073" fs="10">(contra</wd>
		</ln>
		<ln lx="821" ly="4090" rx="2166" ry="4167">
			<wd l="821" t="4091" r="1248" b="4167" fs="10">lanceolatis),</wd>
			<wd l="1290" t="4110" r="1564" b="4151" fs="10">coronae</wd>
			<wd l="1606" t="4090" r="1958" b="4151" fs="10">staminalis</wd>
			<wd l="2000" t="4090" r="2166" b="4150" fs="10">lobis</wd>
		</ln>
		<ln lx="821" ly="4182" rx="2168" ry="4260">
			<wd l="821" t="4183" r="1066" b="4260" fs="10">apicem</wd>
			<wd l="1104" t="4183" r="1249" b="4260" fs="10">styli</wd>
			<wd l="1289" t="4182" r="1723" b="4260" fs="10">superantibus</wd>
			<wd l="1761" t="4183" r="2006" b="4258" fs="10">(contra</wd>
			<wd l="2040" t="4201" r="2168" b="4242" fs="10">non</wd>
		</ln>
		<ln lx="822" ly="4273" rx="2167" ry="4352">
			<wd l="822" t="4274" r="1356" b="4352" fs="10">superantibus),</wd>
			<wd l="1402" t="4274" r="1687" b="4352" fs="10">poliniis</wd>
			<wd l="1734" t="4273" r="2167" b="4351" fs="10">ellipsoideis</wd>
		</ln>
		<ln lx="821" ly="4365" rx="2167" ry="4444">
			<wd l="821" t="4367" r="1287" b="4444" fs="10">magnioribus</wd>
			<wd l="1338" t="4367" r="1711" b="4427" fs="10">0.72-0.74</wd>
			<wd l="1760" t="4385" r="1893" b="4425" fs="10">mm</wd>
			<wd l="1943" t="4365" r="2167" b="4443" fs="10">longis</wd>
		</ln>
		<ln lx="822" ly="4458" rx="2169" ry="4536">
			<wd l="822" t="4460" r="1058" b="4535" fs="10">(contra</wd>
			<wd l="1091" t="4458" r="1682" b="4536" fs="10">globoso-ovoideus</wd>
			<wd l="1719" t="4459" r="2004" b="4518" fs="10">0.5-0.55</wd>
			<wd l="2042" t="4477" r="2169" b="4516" fs="10">mm</wd>
		</ln>
		<ln lx="824" ly="4550" rx="1285" ry="4627">
			<wd l="824" t="4550" r="1047" b="4627" fs="10">longis)</wd>
			<wd l="1067" t="4550" r="1285" b="4610" fs="10">differt.</wd>
		</ln>
		<ln lx="635" ly="4712" rx="2172" ry="4790">
			<wd l="635" t="4715" r="862" b="4790" fs="10">Typus:</wd>
			<wd l="885" t="4712" r="1279" b="4786" fs="10">Queensland.</wd>
			<wd l="1299" t="4713" r="1476" b="4772" fs="10">Cook</wd>
			<wd l="1489" t="4714" r="1777" b="4771" fs="10">District:</wd>
			<wd l="1800" t="4713" r="1955" b="4771" fs="10">State</wd>
			<wd l="1971" t="4713" r="2172" b="4771" fs="10">Forest</wd>
		</ln>
		<ln lx="634" ly="4802" rx="2168" ry="4880">
			<wd l="634" t="4806" r="902" b="4864" fs="10">Reserve</wd>
			<wd l="939" t="4805" r="1080" b="4875" fs="10">310,</wd>
			<wd l="1119" t="4804" r="1448" b="4880" fs="10">Gadgarra,</wd>
			<wd l="1485" t="4803" r="1654" b="4863" fs="10">track</wd>
			<wd l="1686" t="4811" r="1749" b="4863" fs="10">to</wd>
			<wd l="1782" t="4803" r="1915" b="4862" fs="10">Yeti</wd>
			<wd l="1950" t="4802" r="2168" b="4879" fs="10">Ridge,</wd>
		</ln>
		<ln lx="644" ly="4894" rx="2169" ry="4966">
			<wd l="644" t="4896" r="960" b="4966" fs="10">17°17'S,</wd>
			<wd l="1072" t="4896" r="1443" b="4966" fs="10">145°44'E,</wd>
			<wd l="1554" t="4896" r="1627" b="4954" fs="10">15</wd>
			<wd l="1732" t="4894" r="1864" b="4953" fs="10">Feb</wd>
			<wd l="1974" t="4895" r="2169" b="4965" fs="10">1995,</wd>
		</ln>
		<ln lx="632" ly="4985" rx="2172" ry="5061">
			<wd l="632" t="4988" r="696" b="5045" fs="10">R.</wd>
			<wd l="722" t="4988" r="950" b="5046" fs="10">Jensen</wd>
			<wd l="982" t="4987" r="1091" b="5045" fs="10">105</wd>
			<wd l="1120" t="4986" r="1313" b="5061" fs="10">(holo:</wd>
			<wd l="1340" t="4987" r="1520" b="5059" fs="10">QRS;</wd>
			<wd l="1547" t="4985" r="1659" b="5044" fs="10">iso:</wd>
			<wd l="1686" t="4985" r="1868" b="5060" fs="10">BRI).</wd>
			<wd l="1915" t="4986" r="2172" b="5061" fs="10">Canopy</wd>
		</ln>
		<ln lx="637" ly="5076" rx="2170" ry="5154">
			<wd l="637" t="5078" r="826" b="5150" fs="10">liane;</wd>
			<wd l="869" t="5078" r="1035" b="5138" fs="10">latex</wd>
			<wd l="1073" t="5078" r="1289" b="5150" fs="10">white;</wd>
			<wd l="1331" t="5077" r="1772" b="5137" fs="10">indumentum</wd>
			<wd l="1811" t="5076" r="1891" b="5137" fs="10">of</wd>
			<wd l="1920" t="5076" r="2170" b="5154" fs="10">simple,</wd>
		</ln>
		<ln lx="635" ly="5168" rx="2175" ry="5229">
			<wd l="635" t="5169" r="1060" b="5229" fs="10">multicellular</wd>
			<wd l="1081" t="5169" r="1409" b="5229" fs="10">trichomes</wd>
			<wd l="1433" t="5169" r="1559" b="5229" fs="10">that</wd>
			<wd l="1583" t="5188" r="1681" b="5228" fs="10">are</wd>
			<wd l="1705" t="5168" r="2082" b="5228" fs="10">uncoloured</wd>
			<wd l="2107" t="5187" r="2175" b="5227" fs="10">or</wd>
		</ln>
	</region>
	<region article-doi="10.2307/41729918" region-id="6">
		<rc l="2298" t="2468" r="3861" b="5573"/>
		<ln lx="2303" ly="2473" rx="3838" ry="2554">
			<wd l="2303" t="2477" r="2439" b="2554" fs="10">pale</wd>
			<wd l="2458" t="2476" r="2682" b="2553" fs="10">golden</wd>
			<wd l="2699" t="2476" r="2761" b="2535" fs="10">in</wd>
			<wd l="2779" t="2476" r="3000" b="2535" fs="10">colour.</wd>
			<wd l="3024" t="2477" r="3219" b="2535" fs="10">Stems</wd>
			<wd l="3237" t="2474" r="3473" b="2551" fs="10">woody,</wd>
			<wd l="3496" t="2473" r="3838" b="2534" fs="10">lenticillate</wd>
		</ln>
		<ln lx="2306" ly="2566" rx="3839" ry="2645">
			<wd l="2306" t="2568" r="2424" b="2628" fs="10">and</wd>
			<wd l="2442" t="2587" r="2523" b="2645" fs="10">up</wd>
			<wd l="2543" t="2576" r="2606" b="2628" fs="10">to</wd>
			<wd l="2630" t="2570" r="2661" b="2627" fs="10">5</wd>
			<wd l="2687" t="2587" r="2786" b="2627" fs="10">cm</wd>
			<wd l="2805" t="2567" r="2971" b="2627" fs="10">thick</wd>
			<wd l="2989" t="2567" r="3137" b="2627" fs="10">with</wd>
			<wd l="3157" t="2586" r="3290" b="2643" fs="10">age;</wd>
			<wd l="3313" t="2566" r="3655" b="2625" fs="10">internodes</wd>
			<wd l="3675" t="2585" r="3757" b="2642" fs="10">up</wd>
			<wd l="3776" t="2573" r="3839" b="2625" fs="10">to</wd>
		</ln>
		<ln lx="2314" ly="2657" rx="3841" ry="2737">
			<wd l="2314" t="2662" r="2426" b="2720" fs="10">150</wd>
			<wd l="2443" t="2679" r="2570" b="2719" fs="10">mm</wd>
			<wd l="2587" t="2660" r="2730" b="2737" fs="10">long</wd>
			<wd l="2747" t="2660" r="2863" b="2719" fs="10">and</wd>
			<wd l="2880" t="2661" r="2918" b="2718" fs="10">4</wd>
			<wd l="2935" t="2678" r="3061" b="2718" fs="10">mm</wd>
			<wd l="3079" t="2659" r="3375" b="2730" fs="10">diameter,</wd>
			<wd l="3393" t="2658" r="3538" b="2717" fs="10">with</wd>
			<wd l="3555" t="2657" r="3841" b="2717" fs="10">scattered</wd>
		</ln>
		<ln lx="2305" ly="2749" rx="3838" ry="2827">
			<wd l="2305" t="2752" r="2658" b="2811" fs="10">trichomes</wd>
			<wd l="2698" t="2751" r="2889" b="2810" fs="10">when</wd>
			<wd l="2928" t="2769" r="3171" b="2827" fs="10">young.</wd>
			<wd l="3215" t="2752" r="3464" b="2809" fs="10">Leaves</wd>
			<wd l="3504" t="2749" r="3838" b="2825" fs="10">petiolate;</wd>
		</ln>
		<ln lx="2305" ly="2840" rx="3839" ry="2918">
			<wd l="2305" t="2842" r="2562" b="2918" fs="10">petioles</wd>
			<wd l="2591" t="2843" r="2796" b="2901" fs="10">30-50</wd>
			<wd l="2824" t="2860" r="2950" b="2900" fs="10">mm</wd>
			<wd l="2979" t="2841" r="3142" b="2917" fs="10">long,</wd>
			<wd l="3180" t="2842" r="3352" b="2899" fs="10">1-1.5</wd>
			<wd l="3383" t="2859" r="3510" b="2898" fs="10">mm</wd>
			<wd l="3537" t="2840" r="3839" b="2910" fs="10">diameter,</wd>
		</ln>
		<ln lx="2308" ly="2930" rx="3839" ry="3010">
			<wd l="2308" t="2933" r="2594" b="3010" fs="10">grooved</wd>
			<wd l="2634" t="2952" r="2717" b="2992" fs="10">on</wd>
			<wd l="2755" t="2941" r="2886" b="3009" fs="10">top,</wd>
			<wd l="2926" t="2932" r="3082" b="2991" fs="10">with</wd>
			<wd l="3122" t="2931" r="3434" b="2991" fs="10">scattered</wd>
			<wd l="3471" t="2930" r="3839" b="3001" fs="10">trichomes;</wd>
		</ln>
		<ln lx="2308" ly="3022" rx="3843" ry="3099">
			<wd l="2308" t="3024" r="2586" b="3084" fs="10">colleters</wd>
			<wd l="2610" t="3023" r="2885" b="3083" fs="10">rounded</wd>
			<wd l="2908" t="3032" r="2970" b="3083" fs="10">to</wd>
			<wd l="2998" t="3022" r="3226" b="3099" fs="10">shortly</wd>
			<wd l="3252" t="3022" r="3544" b="3093" fs="10">subulate,</wd>
			<wd l="3573" t="3023" r="3609" b="3081" fs="10">6</wd>
			<wd l="3633" t="3030" r="3696" b="3081" fs="10">to</wd>
			<wd l="3725" t="3023" r="3758" b="3081" fs="10">8</wd>
			<wd l="3786" t="3030" r="3843" b="3081" fs="10">at</wd>
		</ln>
		<ln lx="2306" ly="3113" rx="3841" ry="3177">
			<wd l="2306" t="3116" r="2452" b="3177" fs="10">base</wd>
			<wd l="2471" t="3115" r="2548" b="3176" fs="10">of</wd>
			<wd l="2557" t="3115" r="2795" b="3176" fs="10">lamina.</wd>
			<wd l="2817" t="3115" r="2977" b="3176" fs="10">Leaf</wd>
			<wd l="2985" t="3114" r="3208" b="3175" fs="10">lamina</wd>
			<wd l="3226" t="3113" r="3763" b="3175" fs="10">lanceolate-ovate</wd>
			<wd l="3780" t="3121" r="3841" b="3173" fs="10">to</wd>
		</ln>
		<ln lx="2309" ly="3205" rx="3842" ry="3285">
			<wd l="2309" t="3217" r="2504" b="3280" fs="10">ovate,</wd>
			<wd l="2526" t="3227" r="2607" b="3285" fs="10">up</wd>
			<wd l="2628" t="3216" r="2690" b="3268" fs="10">to</wd>
			<wd l="2721" t="3208" r="2834" b="3267" fs="10">160</wd>
			<wd l="2855" t="3227" r="2982" b="3267" fs="10">mm</wd>
			<wd l="3004" t="3207" r="3149" b="3284" fs="10">long</wd>
			<wd l="3170" t="3206" r="3287" b="3267" fs="10">and</wd>
			<wd l="3310" t="3207" r="3387" b="3266" fs="10">70</wd>
			<wd l="3409" t="3225" r="3536" b="3265" fs="10">mm</wd>
			<wd l="3555" t="3205" r="3735" b="3277" fs="10">wide;</wd>
			<wd l="3757" t="3205" r="3842" b="3282" fs="10">tip</wd>
		</ln>
		<ln lx="2309" ly="3297" rx="3843" ry="3377">
			<wd l="2309" t="3309" r="2478" b="3361" fs="10">acute</wd>
			<wd l="2495" t="3309" r="2557" b="3360" fs="10">to</wd>
			<wd l="2577" t="3300" r="2801" b="3377" fs="10">shortly</wd>
			<wd l="2819" t="3299" r="3172" b="3371" fs="10">acuminate;</wd>
			<wd l="3191" t="3299" r="3335" b="3359" fs="10">base</wd>
			<wd l="3352" t="3298" r="3588" b="3375" fs="10">weakly</wd>
			<wd l="3606" t="3297" r="3843" b="3358" fs="10">cordate</wd>
		</ln>
		<ln lx="2308" ly="3390" rx="3835" ry="3467">
			<wd l="2308" t="3401" r="2370" b="3452" fs="10">to</wd>
			<wd l="2390" t="3392" r="2609" b="3452" fs="10">almost</wd>
			<wd l="2625" t="3400" r="2912" b="3463" fs="10">truncate;</wd>
			<wd l="2932" t="3391" r="3218" b="3451" fs="10">venation</wd>
			<wd l="3236" t="3390" r="3608" b="3467" fs="10">comprising</wd>
			<wd l="3626" t="3391" r="3663" b="3449" fs="10">9</wd>
			<wd l="3682" t="3398" r="3744" b="3449" fs="10">to</wd>
			<wd l="3772" t="3391" r="3793" b="3448" fs="10">1</wd>
			<wd l="3814" t="3391" r="3835" b="3448" fs="10">1</wd>
		</ln>
		<ln lx="2308" ly="3481" rx="3845" ry="3561">
			<wd l="2308" t="3484" r="2573" b="3561" fs="10">primary</wd>
			<wd l="2610" t="3483" r="2815" b="3543" fs="10">lateral</wd>
			<wd l="2849" t="3483" r="3025" b="3543" fs="10">veins</wd>
			<wd l="3059" t="3502" r="3167" b="3560" fs="10">per</wd>
			<wd l="3202" t="3482" r="3332" b="3542" fs="10">side</wd>
			<wd l="3369" t="3481" r="3446" b="3542" fs="10">of</wd>
			<wd l="3469" t="3481" r="3690" b="3541" fs="10">midrib</wd>
			<wd l="3727" t="3481" r="3845" b="3541" fs="10">and</wd>
		</ln>
		<ln lx="2312" ly="3574" rx="3847" ry="3653">
			<wd l="2312" t="3576" r="2649" b="3653" fs="10">secondary</wd>
			<wd l="2685" t="3575" r="3045" b="3635" fs="10">interlateral</wd>
			<wd l="3079" t="3574" r="3389" b="3635" fs="10">reticulate</wd>
			<wd l="3423" t="3574" r="3620" b="3645" fs="10">veins;</wd>
			<wd l="3655" t="3592" r="3847" b="3651" fs="10">upper</wd>
		</ln>
		<ln lx="2312" ly="3665" rx="3847" ry="3743">
			<wd l="2312" t="3668" r="2544" b="3727" fs="10">surface</wd>
			<wd l="2562" t="3667" r="2707" b="3727" fs="10">dark</wd>
			<wd l="2724" t="3686" r="2921" b="3743" fs="10">green,</wd>
			<wd l="2940" t="3666" r="3199" b="3743" fs="10">primary</wd>
			<wd l="3214" t="3665" r="3496" b="3725" fs="10">venation</wd>
			<wd l="3511" t="3665" r="3726" b="3724" fs="10">visible</wd>
			<wd l="3742" t="3665" r="3847" b="3724" fs="10">but</wd>
		</ln>
		<ln lx="2310" ly="3755" rx="3845" ry="3835">
			<wd l="2310" t="3767" r="2418" b="3818" fs="10">not</wd>
			<wd l="2451" t="3758" r="2818" b="3835" fs="10">prominent,</wd>
			<wd l="2857" t="3757" r="3167" b="3834" fs="10">glabrous;</wd>
			<wd l="3207" t="3757" r="3398" b="3816" fs="10">lower</wd>
			<wd l="3433" t="3755" r="3673" b="3815" fs="10">surface</wd>
			<wd l="3708" t="3755" r="3845" b="3832" fs="10">pale</wd>
		</ln>
		<ln lx="2312" ly="3847" rx="3847" ry="3926">
			<wd l="2312" t="3869" r="2539" b="3926" fs="10">green,</wd>
			<wd l="2586" t="3849" r="2881" b="3926" fs="10">primary</wd>
			<wd l="2928" t="3849" r="3057" b="3908" fs="10">and</wd>
			<wd l="3104" t="3848" r="3481" b="3924" fs="10">secondary</wd>
			<wd l="3525" t="3847" r="3847" b="3906" fs="10">venation</wd>
		</ln>
		<ln lx="2311" ly="3938" rx="3844" ry="4018">
			<wd l="2311" t="3940" r="2663" b="4018" fs="10">prominent,</wd>
			<wd l="2683" t="3940" r="2977" b="4017" fs="10">glabrous.</wd>
			<wd l="2999" t="3939" r="3434" b="3999" fs="10">Inflorescence</wd>
			<wd l="3450" t="3938" r="3844" b="4010" fs="10">racemiform,</wd>
		</ln>
		<ln lx="2311" ly="4029" rx="3846" ry="4109">
			<wd l="2311" t="4052" r="2398" b="4109" fs="10">up</wd>
			<wd l="2525" t="4041" r="2593" b="4092" fs="10">to</wd>
			<wd l="2723" t="4033" r="2803" b="4091" fs="10">25</wd>
			<wd l="2936" t="4050" r="3069" b="4090" fs="10">mm</wd>
			<wd l="3198" t="4031" r="3384" b="4107" fs="10">long;</wd>
			<wd l="3512" t="4029" r="3846" b="4107" fs="10">peduncle</wd>
		</ln>
		<ln lx="2321" ly="4122" rx="3846" ry="4201">
			<wd l="2321" t="4126" r="2512" b="4185" fs="10">11-15</wd>
			<wd l="2536" t="4143" r="2664" b="4184" fs="10">mm</wd>
			<wd l="2685" t="4124" r="2848" b="4201" fs="10">long,</wd>
			<wd l="2872" t="4143" r="2922" b="4184" fs="10">c.</wd>
			<wd l="2955" t="4125" r="2976" b="4183" fs="10">1</wd>
			<wd l="3004" t="4143" r="3132" b="4183" fs="10">mm</wd>
			<wd l="3153" t="4123" r="3455" b="4194" fs="10">diameter,</wd>
			<wd l="3477" t="4122" r="3623" b="4182" fs="10">with</wd>
			<wd l="3645" t="4141" r="3846" b="4199" fs="10">sparse</wd>
		</ln>
		<ln lx="2312" ly="4213" rx="3845" ry="4290">
			<wd l="2312" t="4216" r="2685" b="4287" fs="10">trichomes;</wd>
			<wd l="2726" t="4215" r="2937" b="4275" fs="10">bracts</wd>
			<wd l="2980" t="4214" r="3338" b="4275" fs="10">lanceolate</wd>
			<wd l="3377" t="4223" r="3442" b="4274" fs="10">to</wd>
			<wd l="3481" t="4213" r="3845" b="4290" fs="10">triangular,</wd>
		</ln>
		<ln lx="2322" ly="4305" rx="3847" ry="4384">
			<wd l="2322" t="4309" r="2425" b="4367" fs="10">1-1</wd>
			<wd l="2439" t="4310" r="2489" b="4368" fs="10">.5</wd>
			<wd l="2510" t="4327" r="2636" b="4367" fs="10">mm</wd>
			<wd l="2653" t="4307" r="2810" b="4384" fs="10">long,</wd>
			<wd l="2830" t="4308" r="3067" b="4367" fs="10">0.5-0.7</wd>
			<wd l="3085" t="4326" r="3211" b="4366" fs="10">mm</wd>
			<wd l="3226" t="4306" r="3399" b="4378" fs="10">wide,</wd>
			<wd l="3417" t="4305" r="3559" b="4366" fs="10">with</wd>
			<wd l="3575" t="4324" r="3771" b="4382" fs="10">sparse</wd>
			<wd l="3786" t="4313" r="3847" b="4365" fs="10">to</wd>
		</ln>
		<ln lx="2315" ly="4397" rx="3847" ry="4471">
			<wd l="2315" t="4400" r="2518" b="4460" fs="10">dense</wd>
			<wd l="2561" t="4399" r="2949" b="4471" fs="10">trichomes;</wd>
			<wd l="2996" t="4399" r="3268" b="4459" fs="10">flowers</wd>
			<wd l="3321" t="4399" r="3511" b="4458" fs="10">1-20.</wd>
			<wd l="3556" t="4397" r="3847" b="4457" fs="10">Flowers</wd>
		</ln>
		<ln lx="2317" ly="4489" rx="3851" ry="4568">
			<wd l="2317" t="4493" r="2432" b="4552" fs="10">7-8</wd>
			<wd l="2451" t="4511" r="2577" b="4551" fs="10">mm</wd>
			<wd l="2595" t="4491" r="2754" b="4568" fs="10">long,</wd>
			<wd l="2781" t="4493" r="2803" b="4550" fs="10">1</wd>
			<wd l="2815" t="4492" r="2973" b="4551" fs="10">7-22</wd>
			<wd l="2991" t="4510" r="3118" b="4549" fs="10">mm</wd>
			<wd l="3134" t="4490" r="3432" b="4561" fs="10">diameter;</wd>
			<wd l="3450" t="4489" r="3711" b="4566" fs="10">pedicels</wd>
			<wd l="3737" t="4490" r="3758" b="4548" fs="10">1</wd>
			<wd l="3771" t="4491" r="3851" b="4548" fs="10">5-</wd>
		</ln>
		<ln lx="2316" ly="4580" rx="3848" ry="4660">
			<wd l="2316" t="4585" r="2391" b="4643" fs="10">25</wd>
			<wd l="2431" t="4602" r="2559" b="4642" fs="10">mm</wd>
			<wd l="2595" t="4583" r="2759" b="4660" fs="10">long,</wd>
			<wd l="2805" t="4583" r="2918" b="4641" fs="10">1-2</wd>
			<wd l="2955" t="4601" r="3083" b="4641" fs="10">mm</wd>
			<wd l="3119" t="4582" r="3423" b="4653" fs="10">diameter,</wd>
			<wd l="3459" t="4580" r="3607" b="4640" fs="10">with</wd>
			<wd l="3643" t="4599" r="3848" b="4658" fs="10">sparse</wd>
		</ln>
		<ln lx="2314" ly="4672" rx="3847" ry="4751">
			<wd l="2314" t="4675" r="2659" b="4735" fs="10">trichomes.</wd>
			<wd l="2686" t="4675" r="2898" b="4751" fs="10">Sepals</wd>
			<wd l="2920" t="4674" r="3220" b="4734" fs="10">orbicular</wd>
			<wd l="3237" t="4682" r="3301" b="4733" fs="10">to</wd>
			<wd l="3322" t="4672" r="3847" b="4743" fs="10">orbicular-ovate,</wd>
		</ln>
		<ln lx="2317" ly="4763" rx="3851" ry="4842">
			<wd l="2317" t="4766" r="2714" b="4842" fs="10">overlapping,</wd>
			<wd l="2735" t="4767" r="2912" b="4825" fs="10">5.5-6</wd>
			<wd l="2927" t="4784" r="3053" b="4824" fs="10">mm</wd>
			<wd l="3070" t="4765" r="3227" b="4841" fs="10">long,</wd>
			<wd l="3244" t="4766" r="3359" b="4824" fs="10">4-5</wd>
			<wd l="3379" t="4782" r="3505" b="4823" fs="10">mm</wd>
			<wd l="3518" t="4763" r="3692" b="4834" fs="10">wide,</wd>
			<wd l="3708" t="4763" r="3851" b="4822" fs="10">with</wd>
		</ln>
		<ln lx="2318" ly="4855" rx="3854" ry="4927">
			<wd l="2318" t="4857" r="2610" b="4917" fs="10">scattered</wd>
			<wd l="2627" t="4856" r="2974" b="4927" fs="10">trichomes,</wd>
			<wd l="2996" t="4856" r="3212" b="4915" fs="10">ciliate.</wd>
			<wd l="3236" t="4855" r="3485" b="4915" fs="10">Corolla</wd>
			<wd l="3499" t="4863" r="3707" b="4925" fs="10">rotate,</wd>
			<wd l="3736" t="4856" r="3854" b="4913" fs="10">17-</wd>
		</ln>
		<ln lx="2317" ly="4946" rx="3852" ry="5024">
			<wd l="2317" t="4950" r="2395" b="5007" fs="10">22</wd>
			<wd l="2415" t="4967" r="2541" b="5007" fs="10">mm</wd>
			<wd l="2559" t="4948" r="2859" b="5019" fs="10">diameter,</wd>
			<wd l="2880" t="4966" r="3062" b="5024" fs="10">green</wd>
			<wd l="3079" t="4947" r="3332" b="5017" fs="10">outside,</wd>
			<wd l="3354" t="4946" r="3565" b="5022" fs="10">faintly</wd>
			<wd l="3582" t="4946" r="3852" b="5022" fs="10">purplish</wd>
		</ln>
		<ln lx="2318" ly="5037" rx="3850" ry="5115">
			<wd l="2318" t="5039" r="2532" b="5111" fs="10">inside;</wd>
			<wd l="2550" t="5039" r="2691" b="5099" fs="10">tube</wd>
			<wd l="2717" t="5040" r="2739" b="5098" fs="10">1</wd>
			<wd l="2754" t="5040" r="2891" b="5099" fs="10">.5-2</wd>
			<wd l="2910" t="5058" r="3037" b="5098" fs="10">mm</wd>
			<wd l="3056" t="5038" r="3218" b="5115" fs="10">long,</wd>
			<wd l="3235" t="5046" r="3342" b="5098" fs="10">not</wd>
			<wd l="3357" t="5037" r="3638" b="5115" fs="10">pouched</wd>
			<wd l="3655" t="5046" r="3713" b="5097" fs="10">at</wd>
			<wd l="3727" t="5045" r="3850" b="5114" fs="10">top,</wd>
		</ln>
		<ln lx="2316" ly="5128" rx="3854" ry="5208">
			<wd l="2316" t="5131" r="2561" b="5208" fs="10">mainly</wd>
			<wd l="2602" t="5131" r="2907" b="5208" fs="10">glabrous</wd>
			<wd l="2946" t="5130" r="3059" b="5190" fs="10">but</wd>
			<wd l="3097" t="5130" r="3254" b="5189" fs="10">with</wd>
			<wd l="3294" t="5149" r="3329" b="5189" fs="10">a</wd>
			<wd l="3368" t="5129" r="3496" b="5189" fs="10">few</wd>
			<wd l="3538" t="5128" r="3854" b="5189" fs="10">scattered</wd>
		</ln>
		<ln lx="2316" ly="5220" rx="3853" ry="5298">
			<wd l="2316" t="5223" r="2661" b="5295" fs="10">trichomes;</wd>
			<wd l="2682" t="5222" r="2852" b="5283" fs="10">lobes</wd>
			<wd l="2872" t="5222" r="3201" b="5283" fs="10">lanceolate</wd>
			<wd l="3218" t="5221" r="3365" b="5281" fs="10">with</wd>
			<wd l="3382" t="5240" r="3418" b="5281" fs="10">a</wd>
			<wd l="3432" t="5220" r="3665" b="5298" fs="10">bluntly</wd>
			<wd l="3683" t="5229" r="3853" b="5281" fs="10">acute</wd>
		</ln>
		<ln lx="2317" ly="5312" rx="3852" ry="5393">
			<wd l="2317" t="5316" r="2438" b="5393" fs="10">tip,</wd>
			<wd l="2575" t="5315" r="2948" b="5386" fs="10">dextrorse,</wd>
			<wd l="3088" t="5315" r="3265" b="5374" fs="10">7-10</wd>
			<wd l="3401" t="5332" r="3533" b="5372" fs="10">mm</wd>
			<wd l="3669" t="5312" r="3852" b="5389" fs="10">long,</wd>
		</ln>
		<ln lx="2319" ly="5404" rx="3856" ry="5483">
			<wd l="2319" t="5408" r="2500" b="5467" fs="10">4.8-5</wd>
			<wd l="2537" t="5425" r="2665" b="5466" fs="10">mm</wd>
			<wd l="2696" t="5406" r="2875" b="5478" fs="10">wide,</wd>
			<wd l="2909" t="5406" r="3138" b="5483" fs="10">mainly</wd>
			<wd l="3172" t="5405" r="3455" b="5482" fs="10">glabrous</wd>
			<wd l="3487" t="5404" r="3635" b="5464" fs="10">with</wd>
			<wd l="3667" t="5423" r="3702" b="5464" fs="10">a</wd>
			<wd l="3734" t="5404" r="3856" b="5464" fs="10">few</wd>
		</ln>
		<ln lx="2322" ly="5496" rx="3852" ry="5568">
			<wd l="2322" t="5499" r="2639" b="5559" fs="10">scattered</wd>
			<wd l="2677" t="5498" r="3030" b="5558" fs="10">trichomes</wd>
			<wd l="3070" t="5497" r="3352" b="5557" fs="10">towards</wd>
			<wd l="3393" t="5497" r="3570" b="5568" fs="10">base,</wd>
			<wd l="3615" t="5496" r="3852" b="5556" fs="10">ciliate.</wd>
		</ln>
	</region>
	<region article-doi="10.2307/41729918" region-id="7">
		<rc l="631" t="5394" r="1677" b="5466"/>
		<ln lx="636" ly="5399" rx="1672" ry="5461">
			<wd l="636" t="5400" r="885" b="5461" fs="10">Accepted</wd>
			<wd l="906" t="5400" r="982" b="5448" fs="10">for</wd>
			<wd l="999" t="5399" r="1299" b="5461" fs="10">publication</wd>
			<wd l="1318" t="5400" r="1382" b="5447" fs="10">20</wd>
			<wd l="1401" t="5401" r="1522" b="5447" fs="10">June</wd>
			<wd l="1548" t="5400" r="1672" b="5447" fs="10">1997</wd>
		</ln>
	</region>
</ocr-page>
