<?xml version="1.0" encoding="UTF-8"?>
<ocr-page type="coords" ocr-vers="1.0" creation-date="20130321" res="600" height="6300" width="4500">
	<region article-doi="10.2307/41729930" region-id="0">
		<rc l="652" t="731" r="3849" b="804"/>
		<ln lx="657" ly="736" rx="3844" ry="799">
			<wd l="657" t="745" r="747" b="793" fs="10">148</wd>
			<wd l="2877" t="737" r="3253" b="799" fs="10">Austrobaileya</wd>
			<wd l="3273" t="737" r="3395" b="798" fs="10">5(1):</wd>
			<wd l="3424" t="736" r="3648" b="784" fs="10">145-148</wd>
			<wd l="3670" t="736" r="3844" b="797" fs="10">(1997)</wd>
		</ln>
	</region>
	<region article-doi="10.2307/41729930" region-id="1">
		<rc l="642" t="847" r="2204" b="1819"/>
		<ln lx="647" ly="852" rx="2186" ry="934">
			<wd l="647" t="857" r="1036" b="934" fs="10">Etymology:</wd>
			<wd l="1075" t="855" r="1201" b="916" fs="10">The</wd>
			<wd l="1238" t="854" r="1473" b="932" fs="10">species</wd>
			<wd l="1509" t="853" r="1735" b="932" fs="10">epithet</wd>
			<wd l="1766" t="853" r="1956" b="914" fs="10">refers</wd>
			<wd l="1989" t="861" r="2052" b="913" fs="10">to</wd>
			<wd l="2085" t="852" r="2186" b="913" fs="10">the</wd>
		</ln>
		<ln lx="652" ly="945" rx="1991" ry="1026">
			<wd l="652" t="948" r="774" b="1026" fs="10">city</wd>
			<wd l="798" t="948" r="875" b="1008" fs="10">of</wd>
			<wd l="887" t="947" r="1181" b="1008" fs="10">Brisbane</wd>
			<wd l="1207" t="946" r="1325" b="1007" fs="10">and</wd>
			<wd l="1346" t="946" r="1446" b="1007" fs="10">the</wd>
			<wd l="1470" t="945" r="1766" b="1006" fs="10">Brisbane</wd>
			<wd l="1790" t="945" r="1991" b="1005" fs="10">River.</wd>
		</ln>
		<ln lx="650" ly="1113" rx="1336" ry="1189">
			<wd l="650" t="1113" r="1336" b="1189" fs="10">Acknowledgements</wd>
		</ln>
		<ln lx="652" ly="1271" rx="2187" ry="1345">
			<wd l="652" t="1278" r="677" b="1335" fs="10">I</wd>
			<wd l="699" t="1275" r="855" b="1336" fs="10">wish</wd>
			<wd l="876" t="1283" r="938" b="1335" fs="10">to</wd>
			<wd l="960" t="1274" r="1146" b="1335" fs="10">thank</wd>
			<wd l="1165" t="1274" r="1265" b="1335" fs="10">the</wd>
			<wd l="1287" t="1273" r="1594" b="1334" fs="10">Directors</wd>
			<wd l="1619" t="1273" r="1696" b="1334" fs="10">of</wd>
			<wd l="1705" t="1275" r="1836" b="1345" fs="10">NE,</wd>
			<wd l="1858" t="1273" r="2046" b="1333" fs="10">NSW</wd>
			<wd l="2069" t="1271" r="2187" b="1332" fs="10">and</wd>
		</ln>
		<ln lx="651" ly="1364" rx="2189" ry="1437">
			<wd l="651" t="1370" r="830" b="1428" fs="10">MEL</wd>
			<wd l="870" t="1367" r="970" b="1428" fs="10">for</wd>
			<wd l="1008" t="1386" r="1229" b="1428" fs="10">access</wd>
			<wd l="1267" t="1374" r="1332" b="1427" fs="10">to</wd>
			<wd l="1370" t="1365" r="1534" b="1426" fs="10">their</wd>
			<wd l="1570" t="1365" r="1881" b="1437" fs="10">herbaria,</wd>
			<wd l="1924" t="1364" r="2047" b="1425" fs="10">and</wd>
			<wd l="2084" t="1364" r="2189" b="1425" fs="10">the</wd>
		</ln>
		<ln lx="652" ly="1455" rx="2199" ry="1520">
			<wd l="652" t="1459" r="931" b="1520" fs="10">Director</wd>
			<wd l="965" t="1458" r="1042" b="1520" fs="10">of</wd>
			<wd l="1066" t="1460" r="1238" b="1519" fs="10">CHR</wd>
			<wd l="1270" t="1457" r="1367" b="1519" fs="10">for</wd>
			<wd l="1398" t="1457" r="1499" b="1519" fs="10">the</wd>
			<wd l="1536" t="1457" r="1678" b="1518" fs="10">loan</wd>
			<wd l="1712" t="1457" r="1790" b="1518" fs="10">of</wd>
			<wd l="1812" t="1456" r="2085" b="1517" fs="10">material</wd>
			<wd l="2122" t="1455" r="2199" b="1517" fs="10">of</wd>
		</ln>
		<ln lx="648" ly="1548" rx="2187" ry="1627">
			<wd l="648" t="1554" r="709" b="1613" fs="10">L.</wd>
			<wd l="752" t="1551" r="1352" b="1612" fs="10">novae-zealandiae.</wd>
			<wd l="1393" t="1552" r="1487" b="1611" fs="10">W.</wd>
			<wd l="1528" t="1549" r="1724" b="1610" fs="10">Smith</wd>
			<wd l="1755" t="1548" r="2055" b="1627" fs="10">provided</wd>
			<wd l="2086" t="1548" r="2187" b="1609" fs="10">the</wd>
		</ln>
		<ln lx="653" ly="1641" rx="2193" ry="1720">
			<wd l="653" t="1643" r="1063" b="1717" fs="10">illustrations,</wd>
			<wd l="1090" t="1643" r="1208" b="1704" fs="10">and</wd>
			<wd l="1231" t="1645" r="1297" b="1704" fs="10">L.</wd>
			<wd l="1323" t="1642" r="1550" b="1720" fs="10">Pedley</wd>
			<wd l="1572" t="1641" r="1871" b="1720" fs="10">provided</wd>
			<wd l="1892" t="1641" r="1993" b="1702" fs="10">the</wd>
			<wd l="2017" t="1641" r="2193" b="1702" fs="10">Latin</wd>
		</ln>
		<ln lx="654" ly="1736" rx="983" ry="1814">
			<wd l="654" t="1736" r="983" b="1814" fs="10">diagnosis.</wd>
		</ln>
	</region>
	<region article-doi="10.2307/41729930" region-id="2">
		<rc l="648" t="1897" r="1043" b="1966"/>
		<ln lx="653" ly="1902" rx="1038" ry="1961">
			<wd l="653" t="1902" r="1038" b="1961" fs="10">References</wd>
		</ln>
	</region>
	<region article-doi="10.2307/41729930" region-id="3">
		<rc l="646" t="2057" r="2196" b="2356"/>
		<ln lx="651" ly="2062" rx="2189" ry="2125">
			<wd l="651" t="2066" r="936" b="2122" fs="10">Affolter,</wd>
			<wd l="969" t="2066" r="1089" b="2113" fs="10">J.M.</wd>
			<wd l="1124" t="2064" r="1325" b="2125" fs="10">(1985).</wd>
			<wd l="1363" t="2064" r="1402" b="2111" fs="10">A</wd>
			<wd l="1436" t="2062" r="1774" b="2124" fs="10">Monograph</wd>
			<wd l="1807" t="2062" r="1874" b="2124" fs="10">of</wd>
			<wd l="1892" t="2062" r="1977" b="2110" fs="10">the</wd>
			<wd l="2011" t="2062" r="2189" b="2110" fs="10">Genus</wd>
		</ln>
		<ln lx="839" ly="2137" rx="2188" ry="2202">
			<wd l="839" t="2139" r="1135" b="2202" fs="10">Lilaeopsis</wd>
			<wd l="1169" t="2138" r="1602" b="2201" fs="10">(Umbelliferae).</wd>
			<wd l="1641" t="2137" r="1951" b="2200" fs="10">Systematic</wd>
			<wd l="1983" t="2138" r="2188" b="2199" fs="10">Botany</wd>
		</ln>
		<ln lx="841" ly="2212" rx="2191" ry="2277">
			<wd l="841" t="2214" r="1191" b="2277" fs="10">Monographs,</wd>
			<wd l="1207" t="2214" r="1318" b="2263" fs="10">Vol.</wd>
			<wd l="1336" t="2215" r="1380" b="2263" fs="10">6.</wd>
			<wd l="1397" t="2213" r="1577" b="2263" fs="10">United</wd>
			<wd l="1594" t="2214" r="1748" b="2262" fs="10">States</wd>
			<wd l="1764" t="2212" r="1825" b="2262" fs="10">of</wd>
			<wd l="1830" t="2212" r="2072" b="2261" fs="10">America:</wd>
			<wd l="2090" t="2212" r="2191" b="2261" fs="10">The</wd>
		</ln>
		<ln lx="841" ly="2288" rx="1930" ry="2351">
			<wd l="841" t="2290" r="1102" b="2339" fs="10">American</wd>
			<wd l="1124" t="2289" r="1320" b="2351" fs="10">Society</wd>
			<wd l="1342" t="2289" r="1404" b="2338" fs="10">of</wd>
			<wd l="1415" t="2289" r="1553" b="2338" fs="10">Plant</wd>
			<wd l="1573" t="2288" r="1930" b="2337" fs="10">Taxonomists.</wd>
		</ln>
	</region>
	<region article-doi="10.2307/41729930" region-id="4">
		<rc l="647" t="2430" r="2190" b="2567"/>
		<ln lx="652" ly="2435" rx="2185" ry="2499">
			<wd l="652" t="2440" r="905" b="2496" fs="10">Bentham,</wd>
			<wd l="922" t="2438" r="981" b="2487" fs="10">G.</wd>
			<wd l="999" t="2438" r="1043" b="2499" fs="10">(1</wd>
			<wd l="1055" t="2438" r="1186" b="2499" fs="10">867).</wd>
			<wd l="1199" t="2438" r="1425" b="2486" fs="10">Crantzia</wd>
			<wd l="1439" t="2436" r="1648" b="2484" fs="10">inFlora</wd>
			<wd l="1656" t="2435" r="2040" b="2484" fs="10">Australiensisl</wd>
			<wd l="2049" t="2451" r="2058" b="2484" fs="10">:</wd>
			<wd l="2075" t="2435" r="2185" b="2483" fs="10">374.</wd>
		</ln>
		<ln lx="841" ly="2512" rx="1503" ry="2562">
			<wd l="841" t="2513" r="1064" b="2562" fs="10">London:</wd>
			<wd l="1085" t="2514" r="1138" b="2561" fs="10">L.</wd>
			<wd l="1159" t="2514" r="1325" b="2561" fs="10">Reeve</wd>
			<wd l="1345" t="2512" r="1393" b="2561" fs="10"><![CDATA[&]]></wd>
			<wd l="1414" t="2512" r="1503" b="2561" fs="10">Co.</wd>
		</ln>
	</region>
	<region article-doi="10.2307/41729930" region-id="5">
		<rc l="647" t="2652" r="2197" b="2879"/>
		<ln lx="652" ly="2657" rx="2191" ry="2721">
			<wd l="652" t="2662" r="835" b="2718" fs="10">Blake,</wd>
			<wd l="867" t="2661" r="970" b="2709" fs="10">S.T.</wd>
			<wd l="1001" t="2660" r="1190" b="2721" fs="10">(1959).</wd>
			<wd l="1218" t="2661" r="1345" b="2708" fs="10">New</wd>
			<wd l="1373" t="2674" r="1428" b="2708" fs="10">or</wd>
			<wd l="1451" t="2658" r="1772" b="2720" fs="10">Noteworthy</wd>
			<wd l="1799" t="2658" r="1977" b="2716" fs="10">Plants,</wd>
			<wd l="2007" t="2657" r="2191" b="2719" fs="10">chiefly</wd>
		</ln>
		<ln lx="843" ly="2732" rx="2192" ry="2796">
			<wd l="843" t="2735" r="973" b="2784" fs="10">from</wd>
			<wd l="1002" t="2734" r="1340" b="2796" fs="10">Queensland,</wd>
			<wd l="1378" t="2735" r="1417" b="2783" fs="10">1.</wd>
			<wd l="1454" t="2733" r="1806" b="2795" fs="10">Proceedings</wd>
			<wd l="1836" t="2732" r="1902" b="2795" fs="10">of</wd>
			<wd l="1917" t="2733" r="2000" b="2781" fs="10">the</wd>
			<wd l="2027" t="2732" r="2192" b="2794" fs="10">Royal</wd>
		</ln>
		<ln lx="841" ly="2810" rx="1755" ry="2874">
			<wd l="841" t="2812" r="1034" b="2874" fs="10">Society</wd>
			<wd l="1052" t="2810" r="1116" b="2873" fs="10">of</wd>
			<wd l="1123" t="2810" r="1450" b="2873" fs="10">Queensland.</wd>
			<wd l="1474" t="2810" r="1553" b="2859" fs="10">70:</wd>
			<wd l="1577" t="2810" r="1755" b="2858" fs="10">33-46.</wd>
		</ln>
	</region>
	<region article-doi="10.2307/41729930" region-id="6">
		<rc l="650" t="2951" r="2198" b="3238"/>
		<ln lx="655" ly="2956" rx="2193" ry="3018">
			<wd l="655" t="2959" r="900" b="3017" fs="10">Chalson,</wd>
			<wd l="925" t="2959" r="1038" b="3007" fs="10">J.M.</wd>
			<wd l="1064" t="2958" r="1112" b="3007" fs="10"><![CDATA[&]]></wd>
			<wd l="1135" t="2959" r="1301" b="3016" fs="10">Keith,</wd>
			<wd l="1324" t="2958" r="1449" b="3006" fs="10">D.A.</wd>
			<wd l="1474" t="2956" r="1663" b="3018" fs="10">(1995).</wd>
			<wd l="1687" t="2957" r="1726" b="3004" fs="10">A</wd>
			<wd l="1749" t="2956" r="1868" b="3004" fs="10">Risk</wd>
			<wd l="1883" t="2957" r="2193" b="3004" fs="10">Assessment</wd>
		</ln>
		<ln lx="842" ly="3031" rx="2191" ry="3096">
			<wd l="842" t="3034" r="1037" b="3083" fs="10">scheme</wd>
			<wd l="1051" t="3034" r="1141" b="3096" fs="10">for</wd>
			<wd l="1173" t="3033" r="1407" b="3082" fs="10">Vascular</wd>
			<wd l="1430" t="3032" r="1619" b="3081" fs="10">Plants:</wd>
			<wd l="1648" t="3032" r="1780" b="3081" fs="10">Pilot</wd>
			<wd l="1801" t="3031" r="2115" b="3094" fs="10">Application</wd>
			<wd l="2143" t="3039" r="2191" b="3079" fs="10">to</wd>
		</ln>
		<ln lx="844" ly="3106" rx="2191" ry="3170">
			<wd l="844" t="3110" r="923" b="3158" fs="10">the</wd>
			<wd l="937" t="3109" r="1090" b="3157" fs="10">Flora</wd>
			<wd l="1106" t="3108" r="1170" b="3170" fs="10">of</wd>
			<wd l="1168" t="3110" r="1288" b="3157" fs="10">New</wd>
			<wd l="1303" t="3108" r="1455" b="3157" fs="10">South</wd>
			<wd l="1478" t="3108" r="1643" b="3156" fs="10">Wales.</wd>
			<wd l="1661" t="3106" r="1944" b="3156" fs="10">Hurstville:</wd>
			<wd l="1960" t="3106" r="2191" b="3155" fs="10">National</wd>
		</ln>
		<ln lx="843" ly="3183" rx="1579" ry="3233">
			<wd l="843" t="3184" r="989" b="3233" fs="10">Parks</wd>
			<wd l="1011" t="3184" r="1105" b="3233" fs="10">and</wd>
			<wd l="1127" t="3183" r="1345" b="3233" fs="10">Wildlife</wd>
			<wd l="1369" t="3183" r="1579" b="3232" fs="10">Service.</wd>
		</ln>
	</region>
	<region article-doi="10.2307/41729930" region-id="7">
		<rc l="649" t="3323" r="2200" b="3536"/>
		<ln lx="654" ly="3328" rx="2195" ry="3394">
			<wd l="654" t="3334" r="905" b="3390" fs="10">Eichler,</wd>
			<wd l="941" t="3331" r="1029" b="3394" fs="10">Hj.</wd>
			<wd l="1068" t="3331" r="1282" b="3393" fs="10">(1963).</wd>
			<wd l="1323" t="3331" r="1483" b="3380" fs="10">Some</wd>
			<wd l="1516" t="3331" r="1652" b="3379" fs="10">New</wd>
			<wd l="1685" t="3331" r="1886" b="3379" fs="10">Names</wd>
			<wd l="1924" t="3328" r="2026" b="3378" fs="10">and</wd>
			<wd l="2059" t="3330" r="2195" b="3377" fs="10">New</wd>
		</ln>
		<ln lx="845" ly="3404" rx="2191" ry="3457">
			<wd l="845" t="3407" r="1232" b="3457" fs="10">Combinations</wd>
			<wd l="1261" t="3406" r="1487" b="3456" fs="10">relevant</wd>
			<wd l="1514" t="3412" r="1566" b="3455" fs="10">to</wd>
			<wd l="1596" t="3405" r="1680" b="3454" fs="10">the</wd>
			<wd l="1709" t="3404" r="2001" b="3454" fs="10">Australian</wd>
			<wd l="2030" t="3404" r="2191" b="3453" fs="10">Flora.</wd>
		</ln>
		<ln lx="847" ly="3482" rx="1373" ry="3531">
			<wd l="847" t="3485" r="1008" b="3531" fs="10">Taxon</wd>
			<wd l="1032" t="3483" r="1106" b="3531" fs="10">12:</wd>
			<wd l="1127" t="3482" r="1373" b="3530" fs="10">295-297.</wd>
		</ln>
	</region>
	<region article-doi="10.2307/41729930" region-id="8">
		<rc l="650" t="3620" r="2198" b="3846"/>
		<ln lx="655" ly="3625" rx="2192" ry="3690">
			<wd l="655" t="3632" r="780" b="3678" fs="10">Hill</wd>
			<wd l="808" t="3631" r="952" b="3678" fs="10">A.W.</wd>
			<wd l="986" t="3629" r="1183" b="3690" fs="10">(1927).</wd>
			<wd l="1216" t="3628" r="1320" b="3677" fs="10">The</wd>
			<wd l="1351" t="3628" r="1525" b="3677" fs="10">Genus</wd>
			<wd l="1559" t="3627" r="1851" b="3689" fs="10">Lilaeopsis</wd>
			<wd l="1857" t="3642" r="1866" b="3675" fs="10">:</wd>
			<wd l="1901" t="3641" r="1929" b="3675" fs="10">a</wd>
			<wd l="1961" t="3625" r="2108" b="3688" fs="10">study</wd>
			<wd l="2141" t="3625" r="2192" b="3674" fs="10">in</wd>
		</ln>
		<ln lx="846" ly="3701" rx="2193" ry="3767">
			<wd l="846" t="3704" r="1219" b="3767" fs="10">Geographical</wd>
			<wd l="1249" t="3703" r="1604" b="3753" fs="10">Distribution.</wd>
			<wd l="1647" t="3702" r="1747" b="3751" fs="10">The</wd>
			<wd l="1773" t="3702" r="1997" b="3751" fs="10">Journal</wd>
			<wd l="2026" t="3701" r="2093" b="3764" fs="10">of</wd>
			<wd l="2110" t="3701" r="2193" b="3750" fs="10">the</wd>
		</ln>
		<ln lx="842" ly="3778" rx="1901" ry="3841">
			<wd l="842" t="3782" r="1062" b="3829" fs="10">Linnean</wd>
			<wd l="1080" t="3780" r="1274" b="3841" fs="10">Society</wd>
			<wd l="1291" t="3809" r="1310" b="3815" fs="10">-</wd>
			<wd l="1328" t="3781" r="1529" b="3841" fs="10">Botany.</wd>
			<wd l="1551" t="3779" r="1631" b="3827" fs="10">47:</wd>
			<wd l="1656" t="3778" r="1901" b="3827" fs="10">525-551.</wd>
		</ln>
	</region>
	<region article-doi="10.2307/41729930" region-id="9">
		<rc l="650" t="3920" r="2199" b="4130"/>
		<ln lx="655" ly="3925" rx="2194" ry="3989">
			<wd l="655" t="3931" r="795" b="3987" fs="10">Hill,</wd>
			<wd l="826" t="3930" r="969" b="3977" fs="10">A.W.</wd>
			<wd l="1002" t="3928" r="1199" b="3989" fs="10">(1929).</wd>
			<wd l="1236" t="3927" r="1526" b="3989" fs="10">Lilaeopsis</wd>
			<wd l="1557" t="3926" r="1607" b="3974" fs="10">in</wd>
			<wd l="1638" t="3925" r="1908" b="3975" fs="10">Tasmania</wd>
			<wd l="1938" t="3925" r="2036" b="3974" fs="10">and</wd>
			<wd l="2063" t="3926" r="2194" b="3974" fs="10">New</wd>
		</ln>
		<ln lx="845" ly="4000" rx="2188" ry="4062">
			<wd l="845" t="4003" r="1070" b="4051" fs="10">Zealand.</wd>
			<wd l="1106" t="4002" r="1322" b="4050" fs="10">Bulletin</wd>
			<wd l="1351" t="4001" r="1416" b="4062" fs="10">of</wd>
			<wd l="1429" t="4001" r="1824" b="4049" fs="10">Miscellaneous</wd>
			<wd l="1850" t="4000" r="2188" b="4061" fs="10">Information,</wd>
		</ln>
		<ln lx="844" ly="4077" rx="1242" ry="4125">
			<wd l="844" t="4079" r="973" b="4125" fs="10">Kew.</wd>
			<wd l="1002" t="4077" r="1242" b="4124" fs="10">119-121.</wd>
		</ln>
	</region>
</ocr-page>
