<?xml version="1.0" encoding="UTF-8"?>
<ocr-page type="coords" ocr-vers="1.0" creation-date="20130321" res="600" height="6300" width="4500">
	<region article-doi="10.2307/41729919" region-id="0">
		<rc l="961" t="837" r="3495" b="1063"/>
		<ln lx="966" ly="842" rx="3490" ry="936">
			<wd l="966" t="846" r="1034" b="916" fs="10">A</wd>
			<wd l="1052" t="852" r="1510" b="936" fs="10">conspectus</wd>
			<wd l="1534" t="844" r="1624" b="916" fs="10">of</wd>
			<wd l="1630" t="844" r="2102" b="916" fs="10">Astrotricha</wd>
			<wd l="2124" t="844" r="2288" b="916" fs="10">DC.</wd>
			<wd l="2316" t="844" r="2834" b="932" fs="10">(Araliaceae)</wd>
			<wd l="2858" t="844" r="2936" b="914" fs="10">in</wd>
			<wd l="2962" t="842" r="3490" b="930" fs="10">Queensland,</wd>
		</ln>
		<ln lx="1700" ly="964" rx="2756" ry="1058">
			<wd l="1700" t="964" r="2092" b="1058" fs="10">including</wd>
			<wd l="2112" t="972" r="2260" b="1036" fs="10">two</wd>
			<wd l="2284" t="986" r="2450" b="1036" fs="10">new</wd>
			<wd l="2470" t="964" r="2756" b="1058" fs="10">species</wd>
		</ln>
	</region>
	<region article-doi="10.2307/41729919" region-id="1">
		<rc l="2053" t="1153" r="2403" b="1221"/>
		<ln lx="2058" ly="1158" rx="2398" ry="1216">
			<wd l="2058" t="1158" r="2210" b="1216" fs="10">A.R.</wd>
			<wd l="2228" t="1158" r="2398" b="1216" fs="10">Bean</wd>
		</ln>
	</region>
	<region article-doi="10.2307/41729919" region-id="2">
		<rc l="2062" t="1324" r="2399" b="1409"/>
		<ln lx="2067" ly="1329" rx="2394" ry="1404">
			<wd l="2067" t="1329" r="2394" b="1404" fs="10">Summary</wd>
		</ln>
	</region>
	<region article-doi="10.2307/41729919" region-id="3">
		<rc l="854" t="1488" r="3605" b="1864"/>
		<ln lx="860" ly="1493" rx="3598" ry="1557">
			<wd l="860" t="1498" r="1012" b="1554" fs="10">Bean,</wd>
			<wd l="1039" t="1497" r="1161" b="1544" fs="10">A.R.</wd>
			<wd l="1195" t="1496" r="1389" b="1556" fs="10">(1997).</wd>
			<wd l="1417" t="1497" r="1463" b="1543" fs="10">A</wd>
			<wd l="1489" t="1502" r="1787" b="1557" fs="10">conspectus</wd>
			<wd l="1818" t="1495" r="1880" b="1543" fs="10">of</wd>
			<wd l="1923" t="1495" r="2234" b="1543" fs="10">Astrotricha</wd>
			<wd l="2263" t="1495" r="2368" b="1543" fs="10">DC.</wd>
			<wd l="2402" t="1494" r="2735" b="1555" fs="10">(Araliaceae)</wd>
			<wd l="2768" t="1494" r="2816" b="1541" fs="10">in</wd>
			<wd l="2846" t="1494" r="3182" b="1554" fs="10">Queensland,</wd>
			<wd l="3216" t="1493" r="3472" b="1555" fs="10">including</wd>
			<wd l="3500" t="1500" r="3598" b="1541" fs="10">two</wd>
		</ln>
		<ln lx="859" ly="1569" rx="3599" ry="1632">
			<wd l="859" t="1587" r="970" b="1620" fs="10">new</wd>
			<wd l="1001" t="1571" r="1210" b="1632" fs="10">species.</wd>
			<wd l="1240" t="1571" r="1628" b="1632" fs="10">Austrobaileya</wd>
			<wd l="1660" t="1571" r="1786" b="1631" fs="10">5(1):</wd>
			<wd l="1820" t="1571" r="2004" b="1618" fs="10">63-69.</wd>
			<wd l="2037" t="1570" r="2139" b="1618" fs="10">The</wd>
			<wd l="2170" t="1570" r="2347" b="1618" fs="10">eleven</wd>
			<wd l="2378" t="1570" r="2573" b="1631" fs="10">species</wd>
			<wd l="2604" t="1570" r="2665" b="1618" fs="10">of</wd>
			<wd l="2735" t="1569" r="3051" b="1617" fs="10">Astrotricha</wd>
			<wd l="3080" t="1570" r="3186" b="1617" fs="10">DC.</wd>
			<wd l="3221" t="1569" r="3519" b="1630" fs="10">indigenous</wd>
			<wd l="3548" t="1576" r="3599" b="1617" fs="10">to</wd>
		</ln>
		<ln lx="861" ly="1644" rx="3600" ry="1708">
			<wd l="861" t="1647" r="1182" b="1707" fs="10">Queensland</wd>
			<wd l="1212" t="1662" r="1291" b="1695" fs="10">are</wd>
			<wd l="1323" t="1646" r="1469" b="1695" fs="10">listed</wd>
			<wd l="1501" t="1646" r="1549" b="1694" fs="10">in</wd>
			<wd l="1581" t="1646" r="1867" b="1708" fs="10">systematic</wd>
			<wd l="1899" t="1646" r="2054" b="1704" fs="10">order,</wd>
			<wd l="2085" t="1646" r="2206" b="1694" fs="10">with</wd>
			<wd l="2237" t="1661" r="2532" b="1707" fs="10">synonymy,</wd>
			<wd l="2563" t="1645" r="2704" b="1707" fs="10">place</wd>
			<wd l="2736" t="1645" r="2798" b="1693" fs="10">of</wd>
			<wd l="2818" t="1644" r="3128" b="1707" fs="10">publication</wd>
			<wd l="3158" t="1645" r="3253" b="1693" fs="10">and</wd>
			<wd l="3284" t="1644" r="3600" b="1693" fs="10">distribution</wd>
		</ln>
		<ln lx="861" ly="1720" rx="3600" ry="1784">
			<wd l="861" t="1723" r="1033" b="1784" fs="10">given.</wd>
			<wd l="1069" t="1724" r="1188" b="1770" fs="10">Two</wd>
			<wd l="1222" t="1737" r="1337" b="1770" fs="10">new</wd>
			<wd l="1372" t="1722" r="1596" b="1783" fs="10">species,</wd>
			<wd l="1628" t="1723" r="1682" b="1769" fs="10">A.</wd>
			<wd l="1723" t="1722" r="2095" b="1783" fs="10">brachyandra</wd>
			<wd l="2129" t="1721" r="2227" b="1769" fs="10">and</wd>
			<wd l="2258" t="1722" r="2312" b="1769" fs="10">A.</wd>
			<wd l="2354" t="1721" r="2616" b="1778" fs="10">umbrosa,</wd>
			<wd l="2652" t="1736" r="2735" b="1769" fs="10">are</wd>
			<wd l="2770" t="1720" r="3045" b="1769" fs="10">described</wd>
			<wd l="3080" t="1720" r="3179" b="1768" fs="10">and</wd>
			<wd l="3214" t="1720" r="3522" b="1768" fs="10">illustrated.</wd>
			<wd l="3554" t="1721" r="3600" b="1767" fs="10">A</wd>
		</ln>
		<ln lx="861" ly="1796" rx="2435" ry="1859">
			<wd l="861" t="1797" r="1278" b="1859" fs="10">comprehensive</wd>
			<wd l="1309" t="1797" r="1405" b="1858" fs="10">key</wd>
			<wd l="1436" t="1804" r="1487" b="1845" fs="10">to</wd>
			<wd l="1520" t="1797" r="1846" b="1856" fs="10">Queensland</wd>
			<wd l="1879" t="1796" r="2076" b="1858" fs="10">species</wd>
			<wd l="2110" t="1796" r="2150" b="1845" fs="10">is</wd>
			<wd l="2183" t="1796" r="2435" b="1844" fs="10">included.</wd>
		</ln>
	</region>
	<region article-doi="10.2307/41729919" region-id="4">
		<rc l="855" t="1937" r="3604" b="2233"/>
		<ln lx="861" ly="1942" rx="3599" ry="2006">
			<wd l="861" t="1946" r="968" b="2006" fs="10">Key</wd>
			<wd l="997" t="1944" r="1173" b="1993" fs="10">words:</wd>
			<wd l="1200" t="1944" r="1513" b="1999" fs="10">Astrotricha,</wd>
			<wd l="1543" t="1944" r="1843" b="2001" fs="10">Araliaceae,</wd>
			<wd l="1874" t="1944" r="1978" b="2005" fs="10">key,</wd>
			<wd l="2007" t="1951" r="2284" b="2005" fs="10">taxonomy,</wd>
			<wd l="2311" t="1943" r="2614" b="1991" fs="10">Astrotricha</wd>
			<wd l="2642" t="1943" r="2994" b="2004" fs="10">brachyandra,</wd>
			<wd l="3025" t="1942" r="3328" b="1990" fs="10">Astrotricha</wd>
			<wd l="3357" t="1942" r="3584" b="1990" fs="10">umbrosa</wd>
			<wd l="3589" t="1982" r="3599" b="2000" fs="10">,</wd>
		</ln>
		<ln lx="860" ly="2020" rx="1672" ry="2080">
			<wd l="860" t="2020" r="1145" b="2069" fs="10">Australian</wd>
			<wd l="1175" t="2020" r="1318" b="2078" fs="10">flora,</wd>
			<wd l="1350" t="2020" r="1672" b="2080" fs="10">Queensland</wd>
		</ln>
		<ln lx="860" ly="2166" rx="3470" ry="2228">
			<wd l="860" t="2170" r="1142" b="2226" fs="10">A.R.Bean,</wd>
			<wd l="1175" t="2168" r="1495" b="2227" fs="10">Queensland</wd>
			<wd l="1525" t="2168" r="1834" b="2225" fs="10">Herbarium,</wd>
			<wd l="1866" t="2167" r="2052" b="2216" fs="10">Meiers</wd>
			<wd l="2083" t="2167" r="2240" b="2224" fs="10">Road,</wd>
			<wd l="2271" t="2167" r="2659" b="2228" fs="10">Indooroopilly,</wd>
			<wd l="2691" t="2166" r="3012" b="2226" fs="10">Queensland</wd>
			<wd l="3041" t="2167" r="3191" b="2224" fs="10">4068,</wd>
			<wd l="3219" t="2166" r="3470" b="2214" fs="10">Australia</wd>
		</ln>
	</region>
	<region article-doi="10.2307/41729919" region-id="5">
		<rc l="617" t="2414" r="2169" b="3123"/>
		<ln lx="626" ly="2419" rx="1039" ry="2477">
			<wd l="626" t="2419" r="1039" b="2477" fs="10">Introduction</wd>
		</ln>
		<ln lx="622" ly="2580" rx="2163" ry="2657">
			<wd l="622" t="2581" r="991" b="2641" fs="10">Astrotricha</wd>
			<wd l="1010" t="2581" r="1059" b="2640" fs="10">is</wd>
			<wd l="1079" t="2600" r="1153" b="2640" fs="10">an</wd>
			<wd l="1171" t="2580" r="1443" b="2640" fs="10">endemic</wd>
			<wd l="1456" t="2580" r="1796" b="2640" fs="10">Australian</wd>
			<wd l="1813" t="2599" r="2001" b="2657" fs="10">genus</wd>
			<wd l="2019" t="2580" r="2163" b="2639" fs="10">with</wd>
		</ln>
		<ln lx="626" ly="2671" rx="2164" ry="2750">
			<wd l="626" t="2673" r="1149" b="2750" fs="10">representatives</wd>
			<wd l="1190" t="2672" r="1254" b="2732" fs="10">in</wd>
			<wd l="1292" t="2672" r="1722" b="2747" fs="10">Queensland,</wd>
			<wd l="1761" t="2674" r="1924" b="2732" fs="10">New</wd>
			<wd l="1965" t="2671" r="2164" b="2732" fs="10">South</wd>
		</ln>
		<ln lx="627" ly="2764" rx="2164" ry="2842">
			<wd l="627" t="2765" r="822" b="2825" fs="10">Wales</wd>
			<wd l="843" t="2765" r="960" b="2825" fs="10">and</wd>
			<wd l="976" t="2765" r="1260" b="2837" fs="10">Victoria,</wd>
			<wd l="1283" t="2765" r="1401" b="2825" fs="10">and</wd>
			<wd l="1420" t="2784" r="1537" b="2825" fs="10">one</wd>
			<wd l="1559" t="2765" r="1794" b="2842" fs="10">species</wd>
			<wd l="1816" t="2764" r="1878" b="2823" fs="10">in</wd>
			<wd l="1895" t="2766" r="2164" b="2824" fs="10">Western</wd>
		</ln>
		<ln lx="626" ly="2856" rx="2163" ry="2918">
			<wd l="626" t="2857" r="946" b="2918" fs="10">Australia.</wd>
			<wd l="978" t="2859" r="1208" b="2917" fs="10">Recent</wd>
			<wd l="1236" t="2857" r="1513" b="2917" fs="10">research</wd>
			<wd l="1541" t="2857" r="1650" b="2917" fs="10">has</wd>
			<wd l="1679" t="2857" r="1944" b="2917" fs="10">resulted</wd>
			<wd l="1974" t="2857" r="2036" b="2916" fs="10">in</wd>
			<wd l="2063" t="2856" r="2163" b="2917" fs="10">the</wd>
		</ln>
		<ln lx="628" ly="2950" rx="2161" ry="3028">
			<wd l="628" t="2950" r="994" b="3028" fs="10">description</wd>
			<wd l="1013" t="2950" r="1089" b="3010" fs="10">of</wd>
			<wd l="1099" t="2950" r="1329" b="3010" fs="10">several</wd>
			<wd l="1348" t="2969" r="1486" b="3010" fs="10">new</wd>
			<wd l="1506" t="2950" r="1741" b="3027" fs="10">species</wd>
			<wd l="1762" t="2950" r="1959" b="3026" fs="10">(Bean</wd>
			<wd l="1986" t="2951" r="2007" b="3009" fs="10">1</wd>
			<wd l="2021" t="2951" r="2099" b="3009" fs="10">99</wd>
			<wd l="2113" t="2951" r="2133" b="3008" fs="10">1</wd>
			<wd l="2148" t="2999" r="2161" b="3021" fs="10">,</wd>
		</ln>
		<ln lx="627" ly="3043" rx="1546" ry="3118">
			<wd l="627" t="3043" r="948" b="3103" fs="10">Makinson</wd>
			<wd l="973" t="3044" r="1142" b="3114" fs="10">1991,</wd>
			<wd l="1161" t="3045" r="1326" b="3102" fs="10">Bean</wd>
			<wd l="1351" t="3043" r="1546" b="3118" fs="10">1995).</wd>
		</ln>
	</region>
	<region article-doi="10.2307/41729919" region-id="6">
		<rc l="2301" t="2573" r="3852" b="3381"/>
		<ln lx="2499" ly="2578" rx="3844" ry="2656">
			<wd l="2499" t="2579" r="2628" b="2639" fs="10">The</wd>
			<wd l="2665" t="2587" r="2915" b="2656" fs="10">present</wd>
			<wd l="2950" t="2598" r="3142" b="2656" fs="10">paper</wd>
			<wd l="3180" t="2579" r="3336" b="2638" fs="10">aims</wd>
			<wd l="3374" t="2587" r="3437" b="2638" fs="10">to</wd>
			<wd l="3478" t="2578" r="3844" b="2638" fs="10">summarise</wd>
		</ln>
		<ln lx="2310" ly="2670" rx="3845" ry="2732">
			<wd l="2310" t="2671" r="2755" b="2732" fs="10">distributional</wd>
			<wd l="2792" t="2671" r="2910" b="2731" fs="10">and</wd>
			<wd l="2943" t="2671" r="3423" b="2731" fs="10">nomenclatural</wd>
			<wd l="3460" t="2670" r="3598" b="2731" fs="10">data</wd>
			<wd l="3632" t="2690" r="3712" b="2730" fs="10">on</wd>
			<wd l="3745" t="2670" r="3845" b="2730" fs="10">the</wd>
		</ln>
		<ln lx="2311" ly="2762" rx="3845" ry="2841">
			<wd l="2311" t="2764" r="2562" b="2841" fs="10">species</wd>
			<wd l="2604" t="2763" r="2992" b="2841" fs="10">indigenous</wd>
			<wd l="3032" t="2772" r="3096" b="2823" fs="10">to</wd>
			<wd l="3139" t="2763" r="3576" b="2838" fs="10">Queensland,</wd>
			<wd l="3620" t="2762" r="3742" b="2822" fs="10">and</wd>
			<wd l="3780" t="2770" r="3845" b="2822" fs="10">to</wd>
		</ln>
		<ln lx="2308" ly="2855" rx="3663" ry="2933">
			<wd l="2308" t="2865" r="2549" b="2933" fs="10">present</wd>
			<wd l="2575" t="2856" r="2974" b="2933" fs="10">descriptions</wd>
			<wd l="3003" t="2856" r="3080" b="2916" fs="10">of</wd>
			<wd l="3094" t="2864" r="3217" b="2915" fs="10">two</wd>
			<wd l="3244" t="2875" r="3382" b="2915" fs="10">new</wd>
			<wd l="3410" t="2855" r="3663" b="2932" fs="10">species.</wd>
		</ln>
		<ln lx="2496" ly="3019" rx="3845" ry="3097">
			<wd l="2496" t="3023" r="2600" b="3080" fs="10">No</wd>
			<wd l="2639" t="3040" r="2782" b="3080" fs="10">new</wd>
			<wd l="2821" t="3019" r="3246" b="3097" fs="10">infrageneric</wd>
			<wd l="3288" t="3019" r="3753" b="3080" fs="10">classification</wd>
			<wd l="3792" t="3019" r="3845" b="3078" fs="10">is</wd>
		</ln>
		<ln lx="2308" ly="3111" rx="3843" ry="3190">
			<wd l="2308" t="3112" r="2644" b="3190" fs="10">proposed,</wd>
			<wd l="2683" t="3112" r="2792" b="3172" fs="10">but</wd>
			<wd l="2827" t="3112" r="2929" b="3172" fs="10">the</wd>
			<wd l="2966" t="3112" r="3302" b="3190" fs="10">published</wd>
			<wd l="3338" t="3131" r="3520" b="3172" fs="10">name</wd>
			<wd l="3553" t="3113" r="3620" b="3172" fs="10">A.</wd>
			<wd l="3668" t="3111" r="3843" b="3189" fs="10">subg.</wd>
		</ln>
		<ln lx="2306" ly="3204" rx="3847" ry="3282">
			<wd l="2306" t="3208" r="2664" b="3266" fs="10">Hexocenia</wd>
			<wd l="2683" t="3205" r="2914" b="3266" fs="10">Domin</wd>
			<wd l="2933" t="3205" r="2984" b="3266" fs="10">is</wd>
			<wd l="3003" t="3205" r="3156" b="3265" fs="10">used</wd>
			<wd l="3176" t="3205" r="3272" b="3265" fs="10">for</wd>
			<wd l="3288" t="3205" r="3388" b="3265" fs="10">the</wd>
			<wd l="3410" t="3204" r="3644" b="3282" fs="10">species</wd>
			<wd l="3667" t="3204" r="3847" b="3265" fs="10">allied</wd>
		</ln>
		<ln lx="2308" ly="3300" rx="2875" ry="3376">
			<wd l="2308" t="3307" r="2371" b="3359" fs="10">to</wd>
			<wd l="2396" t="3300" r="2461" b="3358" fs="10">A.</wd>
			<wd l="2484" t="3309" r="2875" b="3376" fs="10">pterocarpa.</wd>
		</ln>
	</region>
	<region article-doi="10.2307/41729919" region-id="7">
		<rc l="624" t="3550" r="3834" b="5575"/>
		<ln lx="629" ly="3555" rx="961" ry="3629">
			<wd l="629" t="3555" r="961" b="3629" fs="10">Taxonomy</wd>
		</ln>
		<ln lx="1427" ly="3716" rx="3044" ry="3793">
			<wd l="1427" t="3718" r="1486" b="3775" fs="10">A</wd>
			<wd l="1506" t="3718" r="1626" b="3793" fs="10">key</wd>
			<wd l="1644" t="3723" r="1709" b="3776" fs="10">to</wd>
			<wd l="1731" t="3717" r="2145" b="3788" fs="10">Queensland</wd>
			<wd l="2165" t="3717" r="2403" b="3792" fs="10">species</wd>
			<wd l="2424" t="3717" r="2497" b="3775" fs="10">of</wd>
			<wd l="2501" t="3716" r="2890" b="3775" fs="10">Astrotricha</wd>
			<wd l="2909" t="3716" r="3044" b="3775" fs="10">DC.</wd>
		</ln>
		<ln lx="638" ly="3879" rx="3827" ry="3939">
			<wd l="638" t="3881" r="678" b="3939" fs="10">1.</wd>
			<wd l="746" t="3882" r="971" b="3939" fs="10">Leaves</wd>
			<wd l="989" t="3881" r="1124" b="3939" fs="10"><![CDATA[>13]]></wd>
			<wd l="1145" t="3899" r="1271" b="3938" fs="10">mm</wd>
			<wd l="1286" t="3879" r="1442" b="3939" fs="10">wide</wd>
			<wd l="1466" t="3927" r="3736" b="3939" fs="10">
			</wd>
			<wd l="3791" t="3879" r="3827" b="3937" fs="10">2</wd>
		</ln>
		<ln lx="746" ly="3971" rx="3827" ry="4032">
			<wd l="746" t="3974" r="972" b="4032" fs="10">Leaves</wd>
			<wd l="989" t="3982" r="1033" b="4022" fs="10"><![CDATA[<]]></wd>
			<wd l="1058" t="3973" r="1079" b="4030" fs="10">1</wd>
			<wd l="1092" t="3973" r="1124" b="4031" fs="10">3</wd>
			<wd l="1145" t="3990" r="1271" b="4030" fs="10">mm</wd>
			<wd l="1286" t="3971" r="1443" b="4031" fs="10">wide</wd>
			<wd l="1466" t="4020" r="3736" b="4031" fs="10">
			</wd>
			<wd l="3792" t="3971" r="3827" b="4030" fs="10">7</wd>
		</ln>
		<ln lx="747" ly="4135" rx="3824" ry="4213">
			<wd l="747" t="4137" r="795" b="4196" fs="10">2.</wd>
			<wd l="817" t="4136" r="1074" b="4196" fs="10">Petioles</wd>
			<wd l="1097" t="4137" r="1312" b="4196" fs="10">5.5-21</wd>
			<wd l="1341" t="4155" r="1438" b="4196" fs="10">cm</wd>
			<wd l="1458" t="4136" r="1622" b="4213" fs="10">long;</wd>
			<wd l="1644" t="4135" r="2084" b="4196" fs="10">inflorescence</wd>
			<wd l="2104" t="4147" r="2148" b="4186" fs="10"><![CDATA[>]]></wd>
			<wd l="2168" t="4137" r="2246" b="4196" fs="10">70</wd>
			<wd l="2267" t="4155" r="2365" b="4196" fs="10">cm</wd>
			<wd l="2385" t="4136" r="2549" b="4213" fs="10">long;</wd>
			<wd l="2571" t="4135" r="2741" b="4196" fs="10">fruits</wd>
			<wd l="2760" t="4135" r="3004" b="4213" fs="10">winged</wd>
			<wd l="3058" t="4185" r="3736" b="4196" fs="10">
			</wd>
			<wd l="3792" t="4136" r="3824" b="4195" fs="10">3</wd>
		</ln>
		<ln lx="746" ly="4300" rx="2871" ry="4376">
			<wd l="746" t="4300" r="1003" b="4360" fs="10">Petioles</wd>
			<wd l="1024" t="4301" r="1268" b="4360" fs="10">0.6-5.0</wd>
			<wd l="1289" t="4319" r="1405" b="4371" fs="10">cm;</wd>
			<wd l="1428" t="4300" r="1866" b="4360" fs="10">inflorescence</wd>
			<wd l="1886" t="4301" r="1964" b="4359" fs="10">20</wd>
			<wd l="1982" t="4301" r="2105" b="4359" fs="10">-40</wd>
			<wd l="2127" t="4320" r="2224" b="4359" fs="10">cm</wd>
			<wd l="2244" t="4300" r="2408" b="4376" fs="10">long;</wd>
			<wd l="2430" t="4300" r="2600" b="4359" fs="10">fruits</wd>
			<wd l="2619" t="4300" r="2871" b="4359" fs="10">without</wd>
		</ln>
		<ln lx="816" ly="4390" rx="3824" ry="4466">
			<wd l="816" t="4390" r="1012" b="4466" fs="10">wings</wd>
			<wd l="1049" t="4438" r="3736" b="4449" fs="10">
			</wd>
			<wd l="3793" t="4391" r="3824" b="4448" fs="10">5</wd>
		</ln>
		<ln lx="631" ly="4573" rx="3824" ry="4644">
			<wd l="631" t="4574" r="678" b="4633" fs="10">3.</wd>
			<wd l="747" t="4575" r="977" b="4632" fs="10">Leaves</wd>
			<wd l="998" t="4574" r="1160" b="4632" fs="10">9-16</wd>
			<wd l="1181" t="4592" r="1279" b="4632" fs="10">cm</wd>
			<wd l="1297" t="4573" r="1475" b="4644" fs="10">wide,</wd>
			<wd l="1496" t="4573" r="1642" b="4633" fs="10">base</wd>
			<wd l="1662" t="4573" r="1923" b="4644" fs="10">cordate,</wd>
			<wd l="1944" t="4573" r="2163" b="4632" fs="10">midrib</wd>
			<wd l="2182" t="4573" r="2456" b="4632" fs="10">rounded</wd>
			<wd l="2473" t="4573" r="2677" b="4632" fs="10">below</wd>
			<wd l="2724" t="4622" r="3361" b="4632" fs="10">
			</wd>
			<wd l="3410" t="4574" r="3465" b="4632" fs="10">3.</wd>
			<wd l="3477" t="4575" r="3551" b="4632" fs="10">A.</wd>
			<wd l="3569" t="4575" r="3824" b="4632" fs="10">cordata</wd>
		</ln>
		<ln lx="747" ly="4664" rx="3829" ry="4735">
			<wd l="747" t="4666" r="976" b="4723" fs="10">Leaves</wd>
			<wd l="1004" t="4665" r="1024" b="4722" fs="10">1</wd>
			<wd l="1041" t="4666" r="1238" b="4723" fs="10">.7-5.5</wd>
			<wd l="1262" t="4683" r="1359" b="4723" fs="10">cm</wd>
			<wd l="1377" t="4664" r="1554" b="4735" fs="10">wide,</wd>
			<wd l="1575" t="4664" r="1720" b="4723" fs="10">base</wd>
			<wd l="1740" t="4664" r="1972" b="4735" fs="10">obtuse,</wd>
			<wd l="1993" t="4664" r="2210" b="4723" fs="10">midrib</wd>
			<wd l="2230" t="4664" r="2445" b="4723" fs="10">keeled</wd>
			<wd l="2462" t="4664" r="2664" b="4723" fs="10">below</wd>
			<wd l="2681" t="4713" r="3737" b="4723" fs="10">
			</wd>
			<wd l="3791" t="4664" r="3829" b="4722" fs="10">4</wd>
		</ln>
		<ln lx="629" ly="4825" rx="3208" ry="4902">
			<wd l="629" t="4827" r="678" b="4885" fs="10">4.</wd>
			<wd l="747" t="4826" r="1254" b="4885" fs="10">Inflorescence</wd>
			<wd l="1323" t="4826" r="1830" b="4902" fs="10">woolly-hairy,</wd>
			<wd l="1900" t="4826" r="2165" b="4885" fs="10">umbels</wd>
			<wd l="2244" t="4827" r="2406" b="4885" fs="10">10-1</wd>
			<wd l="2427" t="4825" r="2859" b="4897" fs="10">5-flowered,</wd>
			<wd l="2932" t="4826" r="3208" b="4885" fs="10">flowers</wd>
		</ln>
		<ln lx="747" ly="4917" rx="3824" ry="4994">
			<wd l="747" t="4936" r="1009" b="4993" fs="10">creamy-</wd>
			<wd l="1013" t="4917" r="1212" b="4988" fs="10">white;</wd>
			<wd l="1234" t="4917" r="1432" b="4977" fs="10">leaves</wd>
			<wd l="1460" t="4919" r="1480" b="4976" fs="10">1</wd>
			<wd l="1496" t="4919" r="1693" b="4976" fs="10">.7-4.0</wd>
			<wd l="1713" t="4937" r="1810" b="4977" fs="10">cm</wd>
			<wd l="1827" t="4917" r="1984" b="4977" fs="10">wide</wd>
			<wd l="2012" t="4966" r="3236" b="4977" fs="10">
			</wd>
			<wd l="3302" t="4919" r="3439" b="4977" fs="10">I.A.</wd>
			<wd l="3456" t="4924" r="3824" b="4994" fs="10">pterocarpa</wd>
		</ln>
		<ln lx="747" ly="5008" rx="3045" ry="5086">
			<wd l="747" t="5008" r="1190" b="5069" fs="10">Inflorescence</wd>
			<wd l="1211" t="5009" r="1513" b="5086" fs="10">glabrous,</wd>
			<wd l="1533" t="5009" r="1772" b="5069" fs="10">umbels</wd>
			<wd l="1794" t="5011" r="1906" b="5069" fs="10">7-1</wd>
			<wd l="1927" t="5010" r="1947" b="5068" fs="10">1</wd>
			<wd l="1961" t="5009" r="2301" b="5081" fs="10">-flowered,</wd>
			<wd l="2323" t="5009" r="2569" b="5069" fs="10">flowers</wd>
			<wd l="2588" t="5009" r="2819" b="5086" fs="10">purple;</wd>
			<wd l="2842" t="5009" r="3045" b="5069" fs="10">leaves</wd>
		</ln>
		<ln lx="820" ly="5100" rx="3824" ry="5161">
			<wd l="820" t="5101" r="1048" b="5160" fs="10">3.3-5.5</wd>
			<wd l="1069" t="5119" r="1165" b="5159" fs="10">cm</wd>
			<wd l="1179" t="5100" r="1332" b="5160" fs="10">wide</wd>
			<wd l="1383" t="5150" r="3236" b="5161" fs="10">
			</wd>
			<wd l="3291" t="5103" r="3346" b="5161" fs="10">2.</wd>
			<wd l="3359" t="5103" r="3435" b="5161" fs="10">A.</wd>
			<wd l="3454" t="5103" r="3824" b="5161" fs="10">intermedia</wd>
		</ln>
		<ln lx="634" ly="5262" rx="3826" ry="5339">
			<wd l="634" t="5264" r="680" b="5322" fs="10">5.</wd>
			<wd l="748" t="5262" r="1011" b="5322" fs="10">Flowers</wd>
			<wd l="1034" t="5262" r="1267" b="5338" fs="10">purple;</wd>
			<wd l="1295" t="5271" r="1478" b="5322" fs="10">stems</wd>
			<wd l="1504" t="5263" r="1729" b="5339" fs="10">mostly</wd>
			<wd l="1751" t="5263" r="2142" b="5322" fs="10">unbranched</wd>
			<wd l="2180" t="5312" r="3403" b="5323" fs="10">
			</wd>
			<wd l="3460" t="5265" r="3516" b="5323" fs="10">4.</wd>
			<wd l="3528" t="5266" r="3603" b="5323" fs="10">A.</wd>
			<wd l="3623" t="5265" r="3826" b="5323" fs="10">roddii</wd>
		</ln>
		<ln lx="748" ly="5354" rx="3828" ry="5430">
			<wd l="748" t="5354" r="1011" b="5413" fs="10">Flowers</wd>
			<wd l="1033" t="5354" r="1215" b="5413" fs="10">white</wd>
			<wd l="1239" t="5373" r="1306" b="5413" fs="10">or</wd>
			<wd l="1327" t="5354" r="1633" b="5430" fs="10">greenish-</wd>
			<wd l="1638" t="5354" r="1842" b="5426" fs="10">white;</wd>
			<wd l="1869" t="5363" r="2053" b="5414" fs="10">stems</wd>
			<wd l="2075" t="5354" r="2381" b="5414" fs="10">branched</wd>
			<wd l="2431" t="5404" r="3737" b="5415" fs="10">
			</wd>
			<wd l="3792" t="5357" r="3828" b="5415" fs="10">6</wd>
		</ln>
		<ln lx="631" ly="5509" rx="1618" ry="5570">
			<wd l="631" t="5509" r="878" b="5570" fs="10">Accepted</wd>
			<wd l="898" t="5509" r="974" b="5557" fs="10">for</wd>
			<wd l="991" t="5509" r="1289" b="5570" fs="10">publication</wd>
			<wd l="1309" t="5510" r="1338" b="5556" fs="10">9</wd>
			<wd l="1359" t="5510" r="1468" b="5570" fs="10">July</wd>
			<wd l="1495" t="5510" r="1510" b="5556" fs="10">1</wd>
			<wd l="1522" t="5510" r="1618" b="5557" fs="10">997</wd>
		</ln>
	</region>
</ocr-page>
