<?xml version="1.0" encoding="UTF-8"?>
<ocr-page type="coords" ocr-vers="1.0" creation-date="20130321" res="600" height="6300" width="4500">
	<region article-doi="10.2307/41729914" region-id="0">
		<rc l="1113" t="839" r="3353" b="1063"/>
		<ln lx="1118" ly="844" rx="3348" ry="918">
			<wd l="1118" t="848" r="1188" b="918" fs="10">A</wd>
			<wd l="1216" t="846" r="1660" b="918" fs="10">taxonomie</wd>
			<wd l="1690" t="846" r="2026" b="918" fs="10">revision</wd>
			<wd l="2058" t="846" r="2148" b="918" fs="10">of</wd>
			<wd l="2158" t="846" r="2590" b="916" fs="10">Dissiliaria</wd>
			<wd l="2618" t="846" r="2976" b="916" fs="10">F.Muell.</wd>
			<wd l="3008" t="866" r="3100" b="916" fs="10">ex</wd>
			<wd l="3126" t="844" r="3348" b="916" fs="10">Baili.</wd>
		</ln>
		<ln lx="1880" ly="966" rx="2590" ry="1058">
			<wd l="1880" t="966" r="2590" b="1058" fs="10">(Euphorbiaceae)</wd>
		</ln>
	</region>
	<region article-doi="10.2307/41729914" region-id="1">
		<rc l="1969" t="1151" r="2503" b="1221"/>
		<ln lx="1974" ly="1156" rx="2498" ry="1216">
			<wd l="1974" t="1158" r="2136" b="1216" fs="10">Paul</wd>
			<wd l="2158" t="1156" r="2208" b="1216" fs="10">I.</wd>
			<wd l="2232" t="1156" r="2498" b="1216" fs="10">Forster</wd>
		</ln>
	</region>
	<region article-doi="10.2307/41729914" region-id="2">
		<rc l="2057" t="1323" r="2417" b="1409"/>
		<ln lx="2062" ly="1328" rx="2412" ry="1404">
			<wd l="2062" t="1328" r="2412" b="1404" fs="10">Summary</wd>
		</ln>
	</region>
	<region article-doi="10.2307/41729914" region-id="3">
		<rc l="855" t="1488" r="3623" b="1940"/>
		<ln lx="861" ly="1493" rx="3611" ry="1556">
			<wd l="861" t="1498" r="1062" b="1554" fs="10">Forster,</wd>
			<wd l="1082" t="1496" r="1199" b="1544" fs="10">Paul</wd>
			<wd l="1218" t="1497" r="1252" b="1544" fs="10">I.</wd>
			<wd l="1272" t="1497" r="1319" b="1543" fs="10">A</wd>
			<wd l="1336" t="1495" r="1617" b="1544" fs="10">taxonomie</wd>
			<wd l="1636" t="1495" r="1852" b="1544" fs="10">revision</wd>
			<wd l="1871" t="1494" r="1933" b="1544" fs="10">of</wd>
			<wd l="1953" t="1495" r="2241" b="1543" fs="10">Dissiliaria</wd>
			<wd l="2257" t="1494" r="2483" b="1543" fs="10">F.Muell.</wd>
			<wd l="2506" t="1509" r="2566" b="1543" fs="10">ex</wd>
			<wd l="2584" t="1493" r="2726" b="1543" fs="10">Baili.</wd>
			<wd l="2749" t="1493" r="3204" b="1556" fs="10">(Euphorbiaceae).</wd>
			<wd l="3233" t="1493" r="3611" b="1554" fs="10">Austrobaileya</wd>
		</ln>
		<ln lx="864" ly="1568" rx="3613" ry="1633">
			<wd l="864" t="1571" r="986" b="1633" fs="10">5(1):</wd>
			<wd l="1006" t="1572" r="1136" b="1620" fs="10">9-27</wd>
			<wd l="1153" t="1571" r="1343" b="1633" fs="10">(1997).</wd>
			<wd l="1362" t="1570" r="1463" b="1620" fs="10">The</wd>
			<wd l="1478" t="1586" r="1633" b="1633" fs="10">genus</wd>
			<wd l="1652" t="1570" r="1986" b="1619" fs="10">DissiliariaF</wd>
			<wd l="1993" t="1570" r="2180" b="1619" fs="10">.MuqW.</wd>
			<wd l="2199" t="1585" r="2259" b="1619" fs="10">ex</wd>
			<wd l="2273" t="1569" r="2417" b="1619" fs="10">Baili,</wd>
			<wd l="2436" t="1569" r="2477" b="1619" fs="10">is</wd>
			<wd l="2492" t="1569" r="2698" b="1619" fs="10">revised.</wd>
			<wd l="2708" t="1569" r="2998" b="1618" fs="10">Dissiliaria</wd>
			<wd l="3009" t="1569" r="3050" b="1618" fs="10">is</wd>
			<wd l="3066" t="1568" r="3288" b="1618" fs="10">endemic</wd>
			<wd l="3303" t="1576" r="3353" b="1618" fs="10">to</wd>
			<wd l="3368" t="1568" r="3613" b="1618" fs="10">Australia</wd>
		</ln>
		<ln lx="861" ly="1645" rx="3607" ry="1709">
			<wd l="861" t="1647" r="979" b="1696" fs="10">with</wd>
			<wd l="1001" t="1647" r="1076" b="1696" fs="10">six</wd>
			<wd l="1098" t="1647" r="1287" b="1709" fs="10">species</wd>
			<wd l="1310" t="1646" r="1436" b="1695" fs="10">from</wd>
			<wd l="1457" t="1653" r="1644" b="1695" fs="10">eastern</wd>
			<wd l="1666" t="1646" r="1995" b="1706" fs="10">Queensland,</wd>
			<wd l="2014" t="1648" r="2073" b="1694" fs="10">D.</wd>
			<wd l="2102" t="1645" r="2445" b="1707" fs="10">baloghioides</wd>
			<wd l="2465" t="1645" r="2690" b="1694" fs="10">F.Muell.</wd>
			<wd l="2715" t="1660" r="2776" b="1694" fs="10">ex</wd>
			<wd l="2795" t="1645" r="2955" b="1703" fs="10">Baili.,</wd>
			<wd l="2977" t="1647" r="3036" b="1693" fs="10">D.</wd>
			<wd l="3066" t="1645" r="3346" b="1693" fs="10">indistincta</wd>
			<wd l="3364" t="1646" r="3607" b="1693" fs="10">P.I.Forst,</wd>
		</ln>
		<ln lx="864" ly="1719" rx="3610" ry="1784">
			<wd l="864" t="1737" r="937" b="1784" fs="10">sp.</wd>
			<wd l="970" t="1737" r="1107" b="1780" fs="10">nov.,</wd>
			<wd l="1147" t="1723" r="1208" b="1770" fs="10">D.</wd>
			<wd l="1248" t="1722" r="1536" b="1770" fs="10">laxinervis</wd>
			<wd l="1567" t="1721" r="1694" b="1783" fs="10">Airy</wd>
			<wd l="1729" t="1721" r="1898" b="1779" fs="10">Shaw,</wd>
			<wd l="1938" t="1723" r="1999" b="1769" fs="10">D.</wd>
			<wd l="2039" t="1721" r="2283" b="1769" fs="10">muelleri</wd>
			<wd l="2311" t="1720" r="2482" b="1779" fs="10">Baili.,</wd>
			<wd l="2522" t="1722" r="2583" b="1768" fs="10">D.</wd>
			<wd l="2621" t="1720" r="2905" b="1768" fs="10">surculosa</wd>
			<wd l="2936" t="1721" r="3204" b="1769" fs="10">P.I.Forst,</wd>
			<wd l="3242" t="1735" r="3317" b="1781" fs="10">sp.</wd>
			<wd l="3353" t="1735" r="3474" b="1768" fs="10">nov.</wd>
			<wd l="3511" t="1719" r="3610" b="1768" fs="10">and</wd>
		</ln>
		<ln lx="860" ly="1794" rx="3618" ry="1859">
			<wd l="860" t="1799" r="917" b="1846" fs="10">D.</wd>
			<wd l="943" t="1798" r="1127" b="1846" fs="10">tuckeri</wd>
			<wd l="1141" t="1799" r="1384" b="1846" fs="10">P.I.Forst,</wd>
			<wd l="1406" t="1812" r="1593" b="1859" fs="10">sp.nov.</wd>
			<wd l="1613" t="1796" r="1697" b="1845" fs="10">All</wd>
			<wd l="1717" t="1796" r="1907" b="1859" fs="10">species</wd>
			<wd l="1925" t="1812" r="2004" b="1845" fs="10">are</wd>
			<wd l="2023" t="1796" r="2277" b="1845" fs="10">described</wd>
			<wd l="2295" t="1796" r="2390" b="1845" fs="10">and</wd>
			<wd l="2408" t="1795" r="2688" b="1854" fs="10">illustrated,</wd>
			<wd l="2706" t="1795" r="2825" b="1844" fs="10">with</wd>
			<wd l="2841" t="1802" r="2981" b="1844" fs="10">notes</wd>
			<wd l="3000" t="1811" r="3065" b="1844" fs="10">on</wd>
			<wd l="3083" t="1795" r="3404" b="1853" fs="10">distribution,</wd>
			<wd l="3423" t="1794" r="3618" b="1853" fs="10">habitat,</wd>
		</ln>
		<ln lx="861" ly="1870" rx="3497" ry="1935">
			<wd l="861" t="1873" r="1168" b="1935" fs="10">typification</wd>
			<wd l="1189" t="1873" r="1283" b="1922" fs="10">and</wd>
			<wd l="1304" t="1872" r="1644" b="1922" fs="10">conservation</wd>
			<wd l="1665" t="1879" r="1828" b="1922" fs="10">status.</wd>
			<wd l="1851" t="1872" r="1952" b="1921" fs="10">The</wd>
			<wd l="1973" t="1887" r="2141" b="1921" fs="10">names</wd>
			<wd l="2158" t="1873" r="2216" b="1920" fs="10">D.</wd>
			<wd l="2244" t="1871" r="2588" b="1934" fs="10">baloghioides</wd>
			<wd l="2607" t="1871" r="2701" b="1921" fs="10">and</wd>
			<wd l="2719" t="1873" r="2777" b="1920" fs="10">D.</wd>
			<wd l="2805" t="1871" r="3029" b="1920" fs="10">muelleri</wd>
			<wd l="3047" t="1886" r="3125" b="1920" fs="10">are</wd>
			<wd l="3147" t="1870" r="3497" b="1933" fs="10">lectotypified.</wd>
		</ln>
	</region>
	<region article-doi="10.2307/41729914" region-id="4">
		<rc l="856" t="2013" r="3614" b="2307"/>
		<ln lx="887" ly="2018" rx="3609" ry="2082">
			<wd l="887" t="2020" r="1174" b="2082" fs="10">Keywords:</wd>
			<wd l="1203" t="2019" r="1613" b="2082" fs="10">Euphorbiaceae,</wd>
			<wd l="1646" t="2019" r="1928" b="2068" fs="10">Dissiliaria</wd>
			<wd l="1963" t="2048" r="1981" b="2054" fs="10">-</wd>
			<wd l="2007" t="2019" r="2263" b="2077" fs="10">Australia;</wd>
			<wd l="2297" t="2019" r="2586" b="2067" fs="10">Dissiliaria</wd>
			<wd l="2614" t="2018" r="2969" b="2080" fs="10">baloghioides,</wd>
			<wd l="3001" t="2018" r="3291" b="2066" fs="10">Dissiliaria</wd>
			<wd l="3319" t="2018" r="3609" b="2073" fs="10">indistincta,</wd>
		</ln>
		<ln lx="861" ly="2093" rx="3142" ry="2150">
			<wd l="861" t="2095" r="1147" b="2143" fs="10">Dissiliaria</wd>
			<wd l="1169" t="2095" r="1440" b="2150" fs="10">laxinervis,</wd>
			<wd l="1466" t="2095" r="1754" b="2143" fs="10">Dissiliaria</wd>
			<wd l="1776" t="2094" r="2007" b="2150" fs="10">muelleri,</wd>
			<wd l="2034" t="2094" r="2321" b="2142" fs="10">Dissiliaria</wd>
			<wd l="2342" t="2094" r="2612" b="2150" fs="10">surculosa,</wd>
			<wd l="2639" t="2093" r="2926" b="2142" fs="10">Dissiliaria</wd>
			<wd l="2949" t="2093" r="3142" b="2141" fs="10">tuckeri.</wd>
		</ln>
		<ln lx="863" ly="2239" rx="3472" ry="2302">
			<wd l="863" t="2242" r="979" b="2291" fs="10">Paul</wd>
			<wd l="999" t="2243" r="1033" b="2290" fs="10">I.</wd>
			<wd l="1055" t="2243" r="1258" b="2300" fs="10">Forster,</wd>
			<wd l="1280" t="2241" r="1595" b="2301" fs="10">Queensland</wd>
			<wd l="1613" t="2241" r="1916" b="2299" fs="10">Herbarium,</wd>
			<wd l="1937" t="2240" r="2122" b="2289" fs="10">Meiers</wd>
			<wd l="2142" t="2240" r="2296" b="2299" fs="10">Road,</wd>
			<wd l="2319" t="2240" r="2700" b="2302" fs="10">Indooroopilly,</wd>
			<wd l="2724" t="2240" r="3038" b="2300" fs="10">Queensland</wd>
			<wd l="3058" t="2240" r="3205" b="2298" fs="10">4068,</wd>
			<wd l="3226" t="2239" r="3472" b="2288" fs="10">Australia</wd>
		</ln>
	</region>
	<region article-doi="10.2307/41729914" region-id="5">
		<rc l="622" t="2473" r="2188" b="5272"/>
		<ln lx="630" ly="2478" rx="1078" ry="2537">
			<wd l="630" t="2478" r="1078" b="2537" fs="10">Introduction</wd>
		</ln>
		<ln lx="631" ly="2639" rx="2169" ry="2718">
			<wd l="631" t="2640" r="762" b="2701" fs="10">The</wd>
			<wd l="803" t="2659" r="1007" b="2718" fs="10">genus</wd>
			<wd l="1055" t="2640" r="1451" b="2700" fs="10">Dissiliaria</wd>
			<wd l="1501" t="2659" r="1638" b="2700" fs="10">was</wd>
			<wd l="1684" t="2639" r="2040" b="2700" fs="10">described</wd>
			<wd l="2081" t="2639" r="2169" b="2717" fs="10">by</wd>
		</ln>
		<ln lx="630" ly="2731" rx="2171" ry="2809">
			<wd l="630" t="2732" r="878" b="2793" fs="10">Bâillon</wd>
			<wd l="914" t="2732" r="1139" b="2809" fs="10">(1867)</wd>
			<wd l="1175" t="2732" r="1320" b="2792" fs="10">who</wd>
			<wd l="1355" t="2731" r="1728" b="2809" fs="10">recognised</wd>
			<wd l="1762" t="2740" r="1888" b="2792" fs="10">two</wd>
			<wd l="1928" t="2731" r="2171" b="2809" fs="10">species</wd>
		</ln>
		<ln lx="627" ly="2824" rx="2171" ry="2902">
			<wd l="627" t="2827" r="705" b="2885" fs="10">D.</wd>
			<wd l="760" t="2825" r="1244" b="2902" fs="10">baloghioides</wd>
			<wd l="1288" t="2824" r="1608" b="2885" fs="10">F.Muell.</wd>
			<wd l="1659" t="2843" r="1740" b="2884" fs="10">ex</wd>
			<wd l="1785" t="2824" r="1990" b="2884" fs="10">Baili,</wd>
			<wd l="2041" t="2824" r="2171" b="2885" fs="10">and</wd>
		</ln>
		<ln lx="627" ly="2916" rx="2171" ry="2994">
			<wd l="627" t="2919" r="700" b="2977" fs="10">D.</wd>
			<wd l="726" t="2917" r="999" b="2978" fs="10">muelleri</wd>
			<wd l="1011" t="2916" r="1186" b="2977" fs="10">Baili.</wd>
			<wd l="1206" t="2916" r="1448" b="2977" fs="10">Bâillon</wd>
			<wd l="1462" t="2916" r="1758" b="2994" fs="10">provided</wd>
			<wd l="1775" t="2916" r="2171" b="2994" fs="10">descriptions</wd>
		</ln>
		<ln lx="632" ly="3007" rx="2169" ry="3086">
			<wd l="632" t="3009" r="749" b="3069" fs="10">and</wd>
			<wd l="775" t="3008" r="935" b="3069" fs="10">cited</wd>
			<wd l="958" t="3017" r="1133" b="3086" fs="10">types</wd>
			<wd l="1162" t="3008" r="1258" b="3068" fs="10">for</wd>
			<wd l="1281" t="3008" r="1381" b="3068" fs="10">the</wd>
			<wd l="1407" t="3016" r="1531" b="3068" fs="10">two</wd>
			<wd l="1561" t="3008" r="1798" b="3085" fs="10">species</wd>
			<wd l="1824" t="3008" r="1902" b="3068" fs="10">he</wd>
			<wd l="1928" t="3007" r="2169" b="3080" fs="10">named,</wd>
		</ln>
		<ln lx="630" ly="3099" rx="2175" ry="3178">
			<wd l="630" t="3100" r="735" b="3162" fs="10">but</wd>
			<wd l="752" t="3100" r="855" b="3162" fs="10">did</wd>
			<wd l="870" t="3108" r="976" b="3161" fs="10">not</wd>
			<wd l="991" t="3100" r="1242" b="3178" fs="10">provide</wd>
			<wd l="1262" t="3120" r="1297" b="3161" fs="10">a</wd>
			<wd l="1313" t="3100" r="1530" b="3161" fs="10">formal</wd>
			<wd l="1548" t="3100" r="1789" b="3178" fs="10">generic</wd>
			<wd l="1808" t="3099" r="2175" b="3177" fs="10">description</wd>
		</ln>
		<ln lx="633" ly="3192" rx="2171" ry="3271">
			<wd l="633" t="3193" r="708" b="3254" fs="10">of</wd>
			<wd l="712" t="3193" r="806" b="3254" fs="10">his</wd>
			<wd l="824" t="3212" r="1013" b="3271" fs="10">genus</wd>
			<wd l="1032" t="3193" r="1318" b="3271" fs="10">although</wd>
			<wd l="1332" t="3192" r="1409" b="3253" fs="10">he</wd>
			<wd l="1428" t="3192" r="1531" b="3253" fs="10">did</wd>
			<wd l="1548" t="3192" r="1920" b="3270" fs="10">extensively</wd>
			<wd l="1937" t="3192" r="2171" b="3253" fs="10">discuss</wd>
		</ln>
		<ln lx="632" ly="3284" rx="2172" ry="3362">
			<wd l="632" t="3285" r="704" b="3346" fs="10">its</wd>
			<wd l="723" t="3285" r="1007" b="3346" fs="10">affinities</wd>
			<wd l="1027" t="3284" r="1144" b="3345" fs="10">and</wd>
			<wd l="1158" t="3284" r="1636" b="3362" fs="10">morphological</wd>
			<wd l="1655" t="3284" r="2002" b="3345" fs="10">characters.</wd>
			<wd l="2022" t="3284" r="2172" b="3362" fs="10">Airy</wd>
		</ln>
		<ln lx="635" ly="3377" rx="2174" ry="3454">
			<wd l="635" t="3378" r="815" b="3439" fs="10">Shaw</wd>
			<wd l="833" t="3378" r="1052" b="3454" fs="10">(1981)</wd>
			<wd l="1072" t="3377" r="1432" b="3438" fs="10">considered</wd>
			<wd l="1448" t="3377" r="1574" b="3438" fs="10">that</wd>
			<wd l="1590" t="3377" r="1857" b="3438" fs="10">Bâillon'</wd>
			<wd l="1868" t="3397" r="1895" b="3438" fs="10">s</wd>
			<wd l="1915" t="3385" r="2174" b="3438" fs="10">account</wd>
		</ln>
		<ln lx="633" ly="3469" rx="2171" ry="3547">
			<wd l="633" t="3470" r="736" b="3531" fs="10">did</wd>
			<wd l="752" t="3478" r="859" b="3531" fs="10">not</wd>
			<wd l="877" t="3470" r="1196" b="3530" fs="10">constitute</wd>
			<wd l="1217" t="3469" r="1435" b="3530" fs="10">formal</wd>
			<wd l="1454" t="3469" r="1844" b="3547" fs="10">description;</wd>
			<wd l="1864" t="3469" r="2171" b="3542" fs="10">however,</wd>
		</ln>
		<ln lx="633" ly="3561" rx="2174" ry="3640">
			<wd l="633" t="3562" r="802" b="3623" fs="10">other</wd>
			<wd l="835" t="3562" r="1078" b="3623" fs="10">authors</wd>
			<wd l="1114" t="3562" r="1257" b="3640" fs="10">(e.g.</wd>
			<wd l="1294" t="3561" r="1595" b="3622" fs="10">Bentham</wd>
			<wd l="1637" t="3562" r="1816" b="3634" fs="10">1873;</wd>
			<wd l="1854" t="3561" r="2174" b="3639" fs="10">Chapman</wd>
		</ln>
		<ln lx="641" ly="3654" rx="2183" ry="3732">
			<wd l="641" t="3656" r="823" b="3727" fs="10">1991;</wd>
			<wd l="863" t="3655" r="1151" b="3715" fs="10">Webster</wd>
			<wd l="1195" t="3655" r="1386" b="3731" fs="10">1994)</wd>
			<wd l="1425" t="3654" r="1547" b="3715" fs="10">and</wd>
			<wd l="1582" t="3654" r="1686" b="3715" fs="10">the</wd>
			<wd l="1725" t="3654" r="2064" b="3732" fs="10">compilers</wd>
			<wd l="2104" t="3654" r="2183" b="3714" fs="10">of</wd>
		</ln>
		<ln lx="633" ly="3746" rx="2173" ry="3808">
			<wd l="633" t="3747" r="820" b="3808" fs="10">Index</wd>
			<wd l="839" t="3746" r="1161" b="3807" fs="10">Kewensis</wd>
			<wd l="1183" t="3746" r="1262" b="3807" fs="10">all</wd>
			<wd l="1284" t="3746" r="1645" b="3807" fs="10">considered</wd>
			<wd l="1665" t="3746" r="1710" b="3807" fs="10">it</wd>
			<wd l="1727" t="3754" r="1790" b="3807" fs="10">to</wd>
			<wd l="1810" t="3746" r="1887" b="3807" fs="10">be</wd>
			<wd l="1906" t="3746" r="2091" b="3807" fs="10">valid.</wd>
			<wd l="2114" t="3747" r="2173" b="3806" fs="10">A</wd>
		</ln>
		<ln lx="631" ly="3837" rx="2171" ry="3916">
			<wd l="631" t="3838" r="786" b="3899" fs="10">third</wd>
			<wd l="815" t="3838" r="1068" b="3916" fs="10">species,</wd>
			<wd l="1097" t="3840" r="1172" b="3898" fs="10">D.</wd>
			<wd l="1209" t="3838" r="1548" b="3907" fs="10">laxinervis,</wd>
			<wd l="1583" t="3857" r="1711" b="3898" fs="10">was</wd>
			<wd l="1742" t="3837" r="2062" b="3898" fs="10">described</wd>
			<wd l="2088" t="3837" r="2171" b="3915" fs="10">by</wd>
		</ln>
		<ln lx="631" ly="3930" rx="1252" ry="4008">
			<wd l="631" t="3931" r="782" b="4008" fs="10">Airy</wd>
			<wd l="809" t="3930" r="990" b="3991" fs="10">Shaw</wd>
			<wd l="1014" t="3930" r="1252" b="4007" fs="10">(1980).</wd>
		</ln>
		<ln lx="816" ly="4093" rx="2174" ry="4170">
			<wd l="816" t="4094" r="1173" b="4154" fs="10">Dissiliaria</wd>
			<wd l="1189" t="4113" r="1315" b="4154" fs="10">was</wd>
			<wd l="1335" t="4093" r="1618" b="4154" fs="10">included</wd>
			<wd l="1633" t="4093" r="1782" b="4153" fs="10">both</wd>
			<wd l="1797" t="4093" r="1880" b="4170" fs="10">by</wd>
			<wd l="1897" t="4093" r="2174" b="4153" fs="10">Webster</wd>
		</ln>
		<ln lx="634" ly="4184" rx="2175" ry="4263">
			<wd l="634" t="4186" r="875" b="4262" fs="10">(1994)</wd>
			<wd l="921" t="4185" r="1049" b="4246" fs="10">and</wd>
			<wd l="1091" t="4185" r="1304" b="4246" fs="10">Levin</wd>
			<wd l="1347" t="4186" r="1407" b="4246" fs="10"><![CDATA[&]]></wd>
			<wd l="1456" t="4185" r="1773" b="4263" fs="10">Simpson</wd>
			<wd l="1817" t="4185" r="2061" b="4261" fs="10">(1994)</wd>
			<wd l="2107" t="4184" r="2175" b="4244" fs="10">in</wd>
		</ln>
		<ln lx="633" ly="4277" rx="2174" ry="4355">
			<wd l="633" t="4277" r="1166" b="4355" fs="10">Euphorbiaceae</wd>
			<wd l="1210" t="4277" r="1567" b="4355" fs="10">subfamily</wd>
			<wd l="1608" t="4277" r="2174" b="4338" fs="10">Oldfieldioideae</wd>
		</ln>
		<ln lx="632" ly="4369" rx="2171" ry="4445">
			<wd l="632" t="4370" r="864" b="4429" fs="10">Kohler</wd>
			<wd l="882" t="4371" r="942" b="4429" fs="10"><![CDATA[&]]></wd>
			<wd l="964" t="4370" r="1260" b="4440" fs="10">Webster,</wd>
			<wd l="1281" t="4369" r="1432" b="4429" fs="10">tribe</wd>
			<wd l="1454" t="4369" r="1760" b="4428" fs="10">Caletieae</wd>
			<wd l="1781" t="4369" r="2171" b="4445" fs="10">Muell.Arg.,</wd>
		</ln>
		<ln lx="635" ly="4459" rx="2177" ry="4520">
			<wd l="635" t="4460" r="898" b="4520" fs="10">subtribe</wd>
			<wd l="925" t="4459" r="1368" b="4520" fs="10">Dissiliariinae</wd>
			<wd l="1394" t="4461" r="1519" b="4520" fs="10">Pax</wd>
			<wd l="1546" t="4461" r="1606" b="4520" fs="10"><![CDATA[&]]></wd>
			<wd l="1634" t="4459" r="1956" b="4520" fs="10">K.Hoffm.</wd>
			<wd l="1987" t="4459" r="2177" b="4520" fs="10">Other</wd>
		</ln>
		<ln lx="633" ly="4551" rx="2175" ry="4628">
			<wd l="633" t="4571" r="855" b="4628" fs="10">genera</wd>
			<wd l="885" t="4551" r="1172" b="4611" fs="10">included</wd>
			<wd l="1204" t="4551" r="1267" b="4610" fs="10">in</wd>
			<wd l="1299" t="4551" r="1565" b="4611" fs="10">subtribe</wd>
			<wd l="1597" t="4551" r="2043" b="4611" fs="10">Dissiliariinae</wd>
			<wd l="2077" t="4570" r="2175" b="4611" fs="10">are</wd>
		</ln>
		<ln lx="628" ly="4642" rx="2173" ry="4720">
			<wd l="628" t="4643" r="1081" b="4703" fs="10">Austrobuxus</wd>
			<wd l="1152" t="4643" r="1334" b="4720" fs="10">Miq.,</wd>
			<wd l="1409" t="4644" r="1674" b="4703" fs="10">Canaca</wd>
			<wd l="1745" t="4642" r="2173" b="4703" fs="10">Guillaumin</wd>
		</ln>
		<ln lx="634" ly="4734" rx="2172" ry="4810">
			<wd l="634" t="4734" r="944" b="4810" fs="10">(included</wd>
			<wd l="960" t="4734" r="1107" b="4794" fs="10">with</wd>
			<wd l="1125" t="4753" r="1161" b="4793" fs="10">a</wd>
			<wd l="1178" t="4753" r="1365" b="4810" fs="10">query</wd>
			<wd l="1383" t="4734" r="1963" b="4810" fs="10">mAustrobuxusby</wd>
			<wd l="1980" t="4734" r="2172" b="4793" fs="10">Levin</wd>
		</ln>
		<ln lx="634" ly="4825" rx="2172" ry="4902">
			<wd l="634" t="4826" r="694" b="4885" fs="10"><![CDATA[&]]></wd>
			<wd l="716" t="4825" r="998" b="4902" fs="10">Simpson</wd>
			<wd l="1015" t="4825" r="1276" b="4901" fs="10">(1994)),</wd>
			<wd l="1292" t="4825" r="1659" b="4885" fs="10">Choriceras</wd>
			<wd l="1670" t="4827" r="1720" b="4884" fs="10">B</wd>
			<wd l="1727" t="4825" r="1829" b="4885" fs="10">aill</wd>
			<wd l="1836" t="4874" r="1847" b="4885" fs="10">.</wd>
			<wd l="1855" t="4874" r="1869" b="4897" fs="10">,</wd>
			<wd l="1878" t="4827" r="2172" b="4902" fs="10">Longetia</wd>
		</ln>
		<ln lx="634" ly="4916" rx="2173" ry="4994">
			<wd l="634" t="4916" r="807" b="4977" fs="10">Baili,</wd>
			<wd l="830" t="4936" r="905" b="4977" fs="10">ex</wd>
			<wd l="922" t="4916" r="1306" b="4994" fs="10">Muell.Arg.,</wd>
			<wd l="1318" t="4916" r="1724" b="4994" fs="10">Sankowskya</wd>
			<wd l="1736" t="4918" r="2034" b="4977" fs="10">P.I.Forst,</wd>
			<wd l="2056" t="4916" r="2173" b="4977" fs="10">and</wd>
		</ln>
		<ln lx="644" ly="5007" rx="2176" ry="5084">
			<wd l="644" t="5008" r="1059" b="5084" fs="10">Whyanbeelia</wd>
			<wd l="1098" t="5008" r="1250" b="5084" fs="10">Airy</wd>
			<wd l="1286" t="5007" r="1469" b="5067" fs="10">Shaw</wd>
			<wd l="1502" t="5009" r="1562" b="5067" fs="10"><![CDATA[&]]></wd>
			<wd l="1597" t="5007" r="1921" b="5084" fs="10">B.Hyland</wd>
			<wd l="1955" t="5008" r="2176" b="5083" fs="10">(Levin</wd>
		</ln>
		<ln lx="637" ly="5098" rx="2172" ry="5176">
			<wd l="637" t="5100" r="696" b="5159" fs="10"><![CDATA[&]]></wd>
			<wd l="718" t="5099" r="1000" b="5176" fs="10">Simpson</wd>
			<wd l="1025" t="5100" r="1199" b="5171" fs="10">1994;</wd>
			<wd l="1219" t="5098" r="1495" b="5159" fs="10">Webster</wd>
			<wd l="1519" t="5100" r="1694" b="5171" fs="10">1994;</wd>
			<wd l="1714" t="5101" r="1948" b="5159" fs="10">Forster</wd>
			<wd l="1972" t="5099" r="2172" b="5175" fs="10">1995).</wd>
		</ln>
		<ln lx="636" ly="5190" rx="2174" ry="5267">
			<wd l="636" t="5192" r="695" b="5250" fs="10">A</wd>
			<wd l="758" t="5191" r="1190" b="5267" fs="10">comparison</wd>
			<wd l="1254" t="5190" r="1336" b="5250" fs="10">of</wd>
			<wd l="1388" t="5190" r="2174" b="5267" fs="10">macromorphological</wd>
		</ln>
	</region>
	<region article-doi="10.2307/41729914" region-id="6">
		<rc l="2304" t="2621" r="3866" b="5440"/>
		<ln lx="2312" ly="2626" rx="3849" ry="2705">
			<wd l="2312" t="2627" r="2666" b="2688" fs="10">characters</wd>
			<wd l="2707" t="2627" r="2807" b="2687" fs="10">for</wd>
			<wd l="2844" t="2646" r="3078" b="2705" fs="10">genera</wd>
			<wd l="3115" t="2627" r="3180" b="2686" fs="10">in</wd>
			<wd l="3216" t="2626" r="3320" b="2687" fs="10">the</wd>
			<wd l="3359" t="2626" r="3849" b="2698" fs="10">Dissiliariinae,</wd>
		</ln>
		<ln lx="2309" ly="2718" rx="3853" ry="2797">
			<wd l="2309" t="2719" r="2599" b="2797" fs="10">together</wd>
			<wd l="2634" t="2719" r="2789" b="2780" fs="10">with</wd>
			<wd l="2827" t="2739" r="2862" b="2780" fs="10">a</wd>
			<wd l="2898" t="2719" r="3154" b="2797" fs="10">generic</wd>
			<wd l="3192" t="2719" r="3315" b="2796" fs="10">key</wd>
			<wd l="3351" t="2738" r="3498" b="2796" fs="10">may</wd>
			<wd l="3534" t="2718" r="3613" b="2779" fs="10">be</wd>
			<wd l="3652" t="2718" r="3853" b="2779" fs="10">found</wd>
		</ln>
		<ln lx="2312" ly="2810" rx="3847" ry="2888">
			<wd l="2312" t="2811" r="2376" b="2871" fs="10">in</wd>
			<wd l="2411" t="2813" r="2655" b="2872" fs="10">Forster</wd>
			<wd l="2690" t="2811" r="2936" b="2888" fs="10">(1995).</wd>
			<wd l="2977" t="2811" r="3106" b="2871" fs="10">The</wd>
			<wd l="3143" t="2830" r="3340" b="2888" fs="10">genus</wd>
			<wd l="3382" t="2810" r="3749" b="2871" fs="10">Dissiliaria</wd>
			<wd l="3794" t="2810" r="3847" b="2870" fs="10">is</wd>
		</ln>
		<ln lx="2312" ly="2902" rx="3851" ry="2981">
			<wd l="2312" t="2903" r="2766" b="2965" fs="10">characterised</wd>
			<wd l="2800" t="2903" r="2885" b="2981" fs="10">by</wd>
			<wd l="2919" t="2903" r="3023" b="2964" fs="10">the</wd>
			<wd l="3058" t="2903" r="3262" b="2981" fs="10">plants</wd>
			<wd l="3299" t="2903" r="3489" b="2980" fs="10">being</wd>
			<wd l="3526" t="2902" r="3851" b="2963" fs="10">dioecious</wd>
		</ln>
		<ln lx="2313" ly="2994" rx="3848" ry="3073">
			<wd l="2313" t="2996" r="2434" b="3056" fs="10">and</wd>
			<wd l="2472" t="2995" r="2783" b="3073" fs="10">stipulate;</wd>
			<wd l="2820" t="2995" r="2924" b="3055" fs="10">the</wd>
			<wd l="2960" t="2995" r="3124" b="3055" fs="10">male</wd>
			<wd l="3162" t="2995" r="3417" b="3055" fs="10">flowers</wd>
			<wd l="3453" t="2994" r="3687" b="3072" fs="10">having</wd>
			<wd l="3725" t="2996" r="3848" b="3055" fs="10">3+3</wd>
		</ln>
		<ln lx="2314" ly="3085" rx="3852" ry="3165">
			<wd l="2314" t="3087" r="2528" b="3165" fs="10">sepals,</wd>
			<wd l="2549" t="3106" r="2584" b="3148" fs="10">a</wd>
			<wd l="2598" t="3087" r="2766" b="3165" fs="10">hairy</wd>
			<wd l="2781" t="3086" r="3131" b="3165" fs="10">receptacle,</wd>
			<wd l="3151" t="3086" r="3461" b="3164" fs="10">glandular</wd>
			<wd l="3477" t="3086" r="3613" b="3147" fs="10">disk</wd>
			<wd l="3629" t="3085" r="3852" b="3158" fs="10">absent,</wd>
		</ln>
		<ln lx="2315" ly="3178" rx="3856" ry="3257">
			<wd l="2315" t="3181" r="2476" b="3241" fs="10">8-26</wd>
			<wd l="2497" t="3188" r="2777" b="3252" fs="10">stamens,</wd>
			<wd l="2799" t="3179" r="3034" b="3240" fs="10">anthers</wd>
			<wd l="3054" t="3179" r="3301" b="3257" fs="10">oblong,</wd>
			<wd l="3319" t="3179" r="3527" b="3257" fs="10">pollen</wd>
			<wd l="3545" t="3179" r="3720" b="3256" fs="10">spiny</wd>
			<wd l="3739" t="3178" r="3856" b="3239" fs="10">and</wd>
		</ln>
		<ln lx="2311" ly="3271" rx="3850" ry="3350">
			<wd l="2311" t="3271" r="2614" b="3350" fs="10">pistillode</wd>
			<wd l="2632" t="3271" r="2858" b="3345" fs="10">absent;</wd>
			<wd l="2876" t="3271" r="2975" b="3332" fs="10">the</wd>
			<wd l="2994" t="3271" r="3213" b="3332" fs="10">female</wd>
			<wd l="3231" t="3271" r="3473" b="3332" fs="10">flowers</wd>
			<wd l="3490" t="3271" r="3713" b="3348" fs="10">having</wd>
			<wd l="3731" t="3271" r="3850" b="3331" fs="10">3+3</wd>
		</ln>
		<ln lx="2315" ly="3362" rx="3856" ry="3442">
			<wd l="2315" t="3364" r="2534" b="3442" fs="10">sepals,</wd>
			<wd l="2564" t="3384" r="2600" b="3425" fs="10">a</wd>
			<wd l="2624" t="3363" r="2942" b="3442" fs="10">glandular</wd>
			<wd l="2968" t="3364" r="3106" b="3425" fs="10">disk</wd>
			<wd l="3130" t="3371" r="3373" b="3442" fs="10">present</wd>
			<wd l="3399" t="3363" r="3518" b="3424" fs="10">and</wd>
			<wd l="3542" t="3363" r="3643" b="3424" fs="10">the</wd>
			<wd l="3672" t="3362" r="3856" b="3440" fs="10">styles</wd>
		</ln>
		<ln lx="2314" ly="3455" rx="3855" ry="3534">
			<wd l="2314" t="3457" r="2503" b="3517" fs="10">linear</wd>
			<wd l="2529" t="3457" r="2593" b="3516" fs="10">in</wd>
			<wd l="2620" t="3456" r="2870" b="3529" fs="10">outline;</wd>
			<wd l="2898" t="3456" r="2999" b="3517" fs="10">the</wd>
			<wd l="3028" t="3456" r="3171" b="3517" fs="10">fruit</wd>
			<wd l="3197" t="3456" r="3455" b="3534" fs="10">globose</wd>
			<wd l="3485" t="3455" r="3603" b="3516" fs="10">and</wd>
			<wd l="3628" t="3455" r="3855" b="3533" fs="10">having</wd>
		</ln>
		<ln lx="2315" ly="3548" rx="3855" ry="3627">
			<wd l="2315" t="3549" r="2585" b="3627" fs="10">laterally</wd>
			<wd l="2612" t="3549" r="3006" b="3627" fs="10">compressed</wd>
			<wd l="3033" t="3548" r="3209" b="3610" fs="10">seeds</wd>
			<wd l="3235" t="3548" r="3360" b="3609" fs="10">that</wd>
			<wd l="3383" t="3548" r="3540" b="3609" fs="10">have</wd>
			<wd l="3567" t="3568" r="3644" b="3609" fs="10">an</wd>
			<wd l="3669" t="3548" r="3855" b="3609" fs="10">entire</wd>
		</ln>
		<ln lx="2314" ly="3640" rx="3858" ry="3718">
			<wd l="2314" t="3641" r="2613" b="3702" fs="10">caruncle.</wd>
			<wd l="2640" t="3641" r="3030" b="3702" fs="10">Anatomical</wd>
			<wd l="3057" t="3641" r="3318" b="3702" fs="10">features</wd>
			<wd l="3343" t="3641" r="3468" b="3701" fs="10">that</wd>
			<wd l="3493" t="3640" r="3858" b="3718" fs="10">distinguish</wd>
		</ln>
		<ln lx="2316" ly="3732" rx="3853" ry="3812">
			<wd l="2316" t="3733" r="2547" b="3812" fs="10">species</wd>
			<wd l="2582" t="3733" r="2658" b="3794" fs="10">of</wd>
			<wd l="2686" t="3733" r="3041" b="3794" fs="10">Dissiliaria</wd>
			<wd l="3085" t="3733" r="3245" b="3794" fs="10">from</wd>
			<wd l="3280" t="3733" r="3452" b="3794" fs="10">other</wd>
			<wd l="3484" t="3741" r="3625" b="3793" fs="10">taxa</wd>
			<wd l="3658" t="3733" r="3721" b="3792" fs="10">in</wd>
			<wd l="3752" t="3732" r="3853" b="3793" fs="10">the</wd>
		</ln>
		<ln lx="2313" ly="3825" rx="3854" ry="3903">
			<wd l="2313" t="3826" r="2757" b="3886" fs="10">Dissiliariinae</wd>
			<wd l="2784" t="3825" r="3113" b="3903" fs="10">according</wd>
			<wd l="3137" t="3834" r="3199" b="3886" fs="10">to</wd>
			<wd l="3225" t="3827" r="3363" b="3902" fs="10">Hay</wd>
			<wd l="3367" t="3825" r="3485" b="3885" fs="10">den</wd>
			<wd l="3511" t="3825" r="3730" b="3901" fs="10">(1994)</wd>
			<wd l="3757" t="3844" r="3854" b="3885" fs="10">are</wd>
		</ln>
		<ln lx="2315" ly="3916" rx="3857" ry="3995">
			<wd l="2315" t="3917" r="2514" b="3995" fs="10">"high</wd>
			<wd l="2552" t="3917" r="2713" b="3977" fs="10">rank</wd>
			<wd l="2751" t="3917" r="3087" b="3989" fs="10">venation,</wd>
			<wd l="3129" t="3916" r="3692" b="3994" fs="10">well-developed</wd>
			<wd l="3732" t="3916" r="3857" b="3976" fs="10">and</wd>
		</ln>
		<ln lx="2316" ly="4009" rx="3858" ry="4081">
			<wd l="2316" t="4009" r="2690" b="4070" fs="10">somewhat</wd>
			<wd l="2791" t="4009" r="3101" b="4070" fs="10">oriented</wd>
			<wd l="3203" t="4009" r="3492" b="4081" fs="10">areoles,</wd>
			<wd l="3594" t="4028" r="3858" b="4069" fs="10">narrow</wd>
		</ln>
		<ln lx="2313" ly="4100" rx="3853" ry="4173">
			<wd l="2313" t="4101" r="2585" b="4162" fs="10">ultimate</wd>
			<wd l="2617" t="4101" r="2919" b="4162" fs="10">tracheids</wd>
			<wd l="2954" t="4101" r="3017" b="4161" fs="10">in</wd>
			<wd l="3047" t="4101" r="3326" b="4173" fs="10">veinlets,</wd>
			<wd l="3363" t="4101" r="3628" b="4161" fs="10">fimbrial</wd>
			<wd l="3659" t="4100" r="3853" b="4173" fs="10">veins,</wd>
		</ln>
		<ln lx="2314" ly="4192" rx="3854" ry="4271">
			<wd l="2314" t="4213" r="2495" b="4271" fs="10">wavy</wd>
			<wd l="2527" t="4193" r="2835" b="4254" fs="10">anticlinal</wd>
			<wd l="2866" t="4192" r="3041" b="4254" fs="10">walls</wd>
			<wd l="3075" t="4193" r="3152" b="4254" fs="10">of</wd>
			<wd l="3174" t="4193" r="3307" b="4254" fs="10">leaf</wd>
			<wd l="3329" t="4192" r="3654" b="4271" fs="10">epidermis</wd>
			<wd l="3687" t="4192" r="3854" b="4265" fs="10">cells,</wd>
		</ln>
		<ln lx="2313" ly="4284" rx="3860" ry="4358">
			<wd l="2313" t="4285" r="2541" b="4347" fs="10">bundle</wd>
			<wd l="2570" t="4285" r="2781" b="4347" fs="10">sheath</wd>
			<wd l="2807" t="4286" r="3177" b="4358" fs="10">extensions,</wd>
			<wd l="3206" t="4285" r="3325" b="4346" fs="10">and</wd>
			<wd l="3351" t="4285" r="3650" b="4346" fs="10">libriform</wd>
			<wd l="3674" t="4284" r="3860" b="4346" fs="10">wood</wd>
		</ln>
		<ln lx="2316" ly="4377" rx="3858" ry="4454">
			<wd l="2316" t="4378" r="2568" b="4437" fs="10">fibres".</wd>
			<wd l="2609" t="4377" r="2818" b="4437" fs="10">Based</wd>
			<wd l="2856" t="4396" r="2939" b="4437" fs="10">on</wd>
			<wd l="2974" t="4377" r="3466" b="4454" fs="10">palynological,</wd>
			<wd l="3504" t="4377" r="3858" b="4453" fs="10">vegetative</wd>
		</ln>
		<ln lx="2316" ly="4467" rx="3861" ry="4545">
			<wd l="2316" t="4468" r="2436" b="4528" fs="10">and</wd>
			<wd l="2466" t="4468" r="2830" b="4529" fs="10">anatomical</wd>
			<wd l="2862" t="4467" r="3219" b="4540" fs="10">characters,</wd>
			<wd l="3252" t="4468" r="3447" b="4528" fs="10">Levin</wd>
			<wd l="3477" t="4469" r="3537" b="4528" fs="10"><![CDATA[&]]></wd>
			<wd l="3572" t="4467" r="3861" b="4545" fs="10">Simpson</wd>
		</ln>
		<ln lx="2316" ly="4560" rx="3860" ry="4637">
			<wd l="2316" t="4561" r="2534" b="4636" fs="10">(1994:</wd>
			<wd l="2575" t="4560" r="2728" b="4636" fs="10">226)</wd>
			<wd l="2764" t="4560" r="3085" b="4637" fs="10">produced</wd>
			<wd l="3122" t="4579" r="3157" b="4620" fs="10">a</wd>
			<wd l="3192" t="4560" r="3551" b="4637" fs="10">cladogram</wd>
			<wd l="3585" t="4560" r="3860" b="4619" fs="10">wherein</wd>
		</ln>
		<ln lx="2312" ly="4651" rx="3859" ry="4723">
			<wd l="2312" t="4652" r="2674" b="4712" fs="10">Dissiliaria</wd>
			<wd l="2694" t="4671" r="2823" b="4712" fs="10">was</wd>
			<wd l="2846" t="4651" r="3017" b="4712" fs="10">basal</wd>
			<wd l="3042" t="4651" r="3105" b="4711" fs="10">in</wd>
			<wd l="3126" t="4651" r="3227" b="4712" fs="10">the</wd>
			<wd l="3250" t="4651" r="3713" b="4723" fs="10">Dissiliariinae,</wd>
			<wd l="3740" t="4651" r="3859" b="4711" fs="10">and</wd>
		</ln>
		<ln lx="2314" ly="4739" rx="3855" ry="4816">
			<wd l="2314" t="4759" r="2498" b="4799" fs="10">more</wd>
			<wd l="2543" t="4739" r="2805" b="4816" fs="10">closely</wd>
			<wd l="2849" t="4739" r="3056" b="4799" fs="10">allied</wd>
			<wd l="3097" t="4748" r="3164" b="4799" fs="10">to</wd>
			<wd l="3212" t="4740" r="3674" b="4799" fs="10">Austrobuxus</wd>
			<wd l="3727" t="4739" r="3855" b="4799" fs="10">and</wd>
		</ln>
		<ln lx="2325" ly="4829" rx="3850" ry="4907">
			<wd l="2325" t="4830" r="2754" b="4906" fs="10">Whyanbeelia</wd>
			<wd l="2769" t="4829" r="2915" b="4889" fs="10">than</wd>
			<wd l="2933" t="4837" r="2997" b="4889" fs="10">to</wd>
			<wd l="3007" t="4832" r="3312" b="4907" fs="10">Longetia</wd>
			<wd l="3326" t="4829" r="3448" b="4890" fs="10">and</wd>
			<wd l="3464" t="4829" r="3850" b="4890" fs="10">Choriceras.</wd>
		</ln>
		<ln lx="2505" ly="4991" rx="3854" ry="5068">
			<wd l="2505" t="4991" r="2610" b="5051" fs="10">All</wd>
			<wd l="2643" t="4991" r="2744" b="5051" fs="10">the</wd>
			<wd l="2781" t="4992" r="3018" b="5068" fs="10">species</wd>
			<wd l="3054" t="4992" r="3132" b="5052" fs="10">of</wd>
			<wd l="3160" t="4992" r="3518" b="5051" fs="10">Dissiliaria</wd>
			<wd l="3562" t="5011" r="3661" b="5051" fs="10">are</wd>
			<wd l="3696" t="5000" r="3854" b="5051" fs="10">trees</wd>
		</ln>
		<ln lx="2318" ly="5083" rx="3858" ry="5160">
			<wd l="2318" t="5083" r="2438" b="5143" fs="10">and</wd>
			<wd l="2473" t="5102" r="2648" b="5160" fs="10">grow</wd>
			<wd l="2683" t="5083" r="2747" b="5142" fs="10">in</wd>
			<wd l="2780" t="5083" r="3110" b="5144" fs="10">rainforest</wd>
			<wd l="3146" t="5083" r="3600" b="5144" fs="10">communities.</wd>
			<wd l="3639" t="5083" r="3858" b="5143" fs="10">Fertile</wd>
		</ln>
		<ln lx="2319" ly="5174" rx="3857" ry="5251">
			<wd l="2319" t="5175" r="2658" b="5251" fs="10">specimens</wd>
			<wd l="2679" t="5194" r="2716" b="5234" fs="10">o</wd>
			<wd l="2721" t="5174" r="2900" b="5235" fs="10">ïDiss</wd>
			<wd l="2906" t="5175" r="2950" b="5235" fs="10">il</wd>
			<wd l="2952" t="5180" r="3110" b="5235" fs="10">iaria</wd>
			<wd l="3118" t="5175" r="3272" b="5235" fs="10">have</wd>
			<wd l="3289" t="5194" r="3518" b="5251" fs="10">proven</wd>
			<wd l="3535" t="5174" r="3857" b="5251" fs="10">extremely</wd>
		</ln>
		<ln lx="2318" ly="5265" rx="3858" ry="5343">
			<wd l="2318" t="5265" r="2586" b="5325" fs="10">difficult</wd>
			<wd l="2605" t="5273" r="2668" b="5326" fs="10">to</wd>
			<wd l="2693" t="5265" r="2935" b="5342" fs="10">acquire</wd>
			<wd l="2960" t="5285" r="3025" b="5326" fs="10">as</wd>
			<wd l="3049" t="5265" r="3373" b="5343" fs="10">flowering</wd>
			<wd l="3396" t="5265" r="3515" b="5326" fs="10">and</wd>
			<wd l="3537" t="5265" r="3784" b="5343" fs="10">fruiting</wd>
			<wd l="3807" t="5265" r="3858" b="5326" fs="10">is</wd>
		</ln>
		<ln lx="2317" ly="5357" rx="3860" ry="5435">
			<wd l="2317" t="5357" r="2606" b="5435" fs="10">irregular</wd>
			<wd l="2634" t="5357" r="2752" b="5418" fs="10">and</wd>
			<wd l="2781" t="5377" r="2952" b="5418" fs="10">some</wd>
			<wd l="2982" t="5357" r="3059" b="5418" fs="10">of</wd>
			<wd l="3075" t="5357" r="3176" b="5418" fs="10">the</wd>
			<wd l="3206" t="5357" r="3503" b="5418" fs="10">localities</wd>
			<wd l="3530" t="5357" r="3733" b="5418" fs="10">where</wd>
			<wd l="3760" t="5357" r="3860" b="5418" fs="10">the</wd>
		</ln>
	</region>
	<region article-doi="10.2307/41729914" region-id="7">
		<rc l="631" t="5497" r="1677" b="5570"/>
		<ln lx="636" ly="5502" rx="1672" ry="5565">
			<wd l="636" t="5502" r="885" b="5565" fs="10">Accepted</wd>
			<wd l="906" t="5502" r="982" b="5551" fs="10">for</wd>
			<wd l="997" t="5502" r="1298" b="5564" fs="10">publication</wd>
			<wd l="1324" t="5503" r="1381" b="5551" fs="10">16</wd>
			<wd l="1401" t="5504" r="1521" b="5564" fs="10">May</wd>
			<wd l="1547" t="5503" r="1672" b="5550" fs="10">1997</wd>
		</ln>
	</region>
</ocr-page>
