<?xml version="1.0" encoding="UTF-8"?>
<ocr-page type="coords" ocr-vers="1.0" creation-date="20130321" res="600" height="6300" width="4500">
	<region article-doi="10.2307/41729914" region-id="0">
		<rc l="631" t="734" r="3844" b="802"/>
		<ln lx="636" ly="739" rx="3839" ry="797">
			<wd l="636" t="740" r="832" b="797" fs="10">Forster,</wd>
			<wd l="857" t="739" r="1143" b="788" fs="10">Dissiliaria</wd>
			<wd l="3778" t="740" r="3839" b="787" fs="10">25</wd>
		</ln>
	</region>
	<region article-doi="10.2307/41729914" region-id="1">
		<rc l="645" t="5124" r="3880" b="5345"/>
		<ln lx="651" ly="5129" rx="3875" ry="5191">
			<wd l="651" t="5130" r="755" b="5191" fs="10">Fig.</wd>
			<wd l="779" t="5130" r="825" b="5178" fs="10">6.</wd>
			<wd l="846" t="5130" r="1131" b="5178" fs="10">Dissiliaria</wd>
			<wd l="1151" t="5130" r="1423" b="5178" fs="10">surculosa.</wd>
			<wd l="1447" t="5131" r="1508" b="5178" fs="10">A.</wd>
			<wd l="1532" t="5129" r="1664" b="5191" fs="10">twig,</wd>
			<wd l="1688" t="5146" r="1721" b="5178" fs="10">x</wd>
			<wd l="1749" t="5130" r="1788" b="5178" fs="10">1.</wd>
			<wd l="1812" t="5131" r="1869" b="5178" fs="10">B.</wd>
			<wd l="1894" t="5129" r="2023" b="5178" fs="10">node</wd>
			<wd l="2044" t="5129" r="2163" b="5178" fs="10">with</wd>
			<wd l="2184" t="5129" r="2311" b="5178" fs="10">male</wd>
			<wd l="2335" t="5129" r="2690" b="5178" fs="10">inflorescence</wd>
			<wd l="2717" t="5141" r="2743" b="5167" fs="10">x</wd>
			<wd l="2771" t="5130" r="2866" b="5178" fs="10">2.5.</wd>
			<wd l="2892" t="5130" r="2947" b="5178" fs="10">C.</wd>
			<wd l="2971" t="5129" r="3099" b="5178" fs="10">male</wd>
			<wd l="3122" t="5129" r="3296" b="5177" fs="10">flower</wd>
			<wd l="3321" t="5140" r="3347" b="5167" fs="10">x</wd>
			<wd l="3376" t="5130" r="3419" b="5177" fs="10">5.</wd>
			<wd l="3443" t="5130" r="3504" b="5177" fs="10">D.</wd>
			<wd l="3531" t="5135" r="3717" b="5177" fs="10">stamen</wd>
			<wd l="3743" t="5140" r="3769" b="5166" fs="10">x</wd>
			<wd l="3803" t="5129" r="3875" b="5177" fs="10">10.</wd>
		</ln>
		<ln lx="650" ly="5203" rx="3870" ry="5266">
			<wd l="650" t="5206" r="702" b="5253" fs="10">E.</wd>
			<wd l="725" t="5204" r="880" b="5266" fs="10">apical</wd>
			<wd l="899" t="5204" r="1028" b="5253" fs="10">view</wd>
			<wd l="1047" t="5204" r="1108" b="5253" fs="10">of</wd>
			<wd l="1120" t="5204" r="1233" b="5253" fs="10">fruit</wd>
			<wd l="1255" t="5216" r="1282" b="5243" fs="10">x</wd>
			<wd l="1306" t="5205" r="1351" b="5253" fs="10">2.</wd>
			<wd l="1371" t="5206" r="1421" b="5253" fs="10">F.</wd>
			<wd l="1444" t="5204" r="1607" b="5253" fs="10">lateral</wd>
			<wd l="1626" t="5204" r="1755" b="5253" fs="10">view</wd>
			<wd l="1774" t="5204" r="1836" b="5253" fs="10">of</wd>
			<wd l="1847" t="5204" r="1961" b="5253" fs="10">fruit</wd>
			<wd l="1983" t="5216" r="2009" b="5243" fs="10">x</wd>
			<wd l="2033" t="5205" r="2078" b="5253" fs="10">2.</wd>
			<wd l="2101" t="5205" r="2160" b="5253" fs="10">G.</wd>
			<wd l="2181" t="5204" r="2365" b="5253" fs="10">ventral</wd>
			<wd l="2384" t="5204" r="2513" b="5253" fs="10">view</wd>
			<wd l="2532" t="5204" r="2594" b="5253" fs="10">of</wd>
			<wd l="2606" t="5204" r="2722" b="5253" fs="10">seed</wd>
			<wd l="2744" t="5216" r="2771" b="5242" fs="10">x</wd>
			<wd l="2796" t="5206" r="2840" b="5253" fs="10">5.</wd>
			<wd l="2860" t="5205" r="2921" b="5253" fs="10">H.</wd>
			<wd l="2944" t="5204" r="3107" b="5253" fs="10">lateral</wd>
			<wd l="3126" t="5204" r="3255" b="5252" fs="10">view</wd>
			<wd l="3274" t="5203" r="3336" b="5252" fs="10">of</wd>
			<wd l="3348" t="5203" r="3464" b="5252" fs="10">seed</wd>
			<wd l="3487" t="5215" r="3513" b="5241" fs="10">x</wd>
			<wd l="3539" t="5204" r="3637" b="5252" fs="10">5.1.</wd>
			<wd l="3661" t="5203" r="3870" b="5265" fs="10">seedlirg</wd>
		</ln>
		<ln lx="656" ly="5278" rx="2906" ry="5340">
			<wd l="656" t="5291" r="682" b="5317" fs="10">x</wd>
			<wd l="712" t="5280" r="750" b="5327" fs="10">1.</wd>
			<wd l="771" t="5280" r="899" b="5326" fs="10">A-D</wd>
			<wd l="920" t="5279" r="1047" b="5327" fs="10">from</wd>
			<wd l="1062" t="5279" r="1265" b="5340" fs="10">Hyland</wd>
			<wd l="1285" t="5280" r="1443" b="5327" fs="10">10882</wd>
			<wd l="1465" t="5280" r="1634" b="5340" fs="10">(BRI);</wd>
			<wd l="1655" t="5281" r="1749" b="5327" fs="10">E-I</wd>
			<wd l="1770" t="5279" r="1897" b="5327" fs="10">from</wd>
			<wd l="1912" t="5281" r="2114" b="5327" fs="10">Forster</wd>
			<wd l="2138" t="5280" r="2297" b="5327" fs="10">13620</wd>
			<wd l="2318" t="5279" r="2485" b="5339" fs="10">(BRI).</wd>
			<wd l="2507" t="5279" r="2616" b="5327" fs="10">Del.</wd>
			<wd l="2640" t="5280" r="2713" b="5327" fs="10">W.</wd>
			<wd l="2738" t="5278" r="2906" b="5327" fs="10">Smith.</wd>
		</ln>
	</region>
</ocr-page>
