<?xml version="1.0" encoding="UTF-8"?>
<ocr-page type="coords" ocr-vers="1.0" creation-date="20130321" res="600" height="6300" width="4500">
	<region article-doi="10.2307/41729928" region-id="0">
		<rc l="627" t="730" r="3852" b="807"/>
		<ln lx="632" ly="735" rx="3847" ry="802">
			<wd l="632" t="742" r="781" b="799" fs="10">Bean,</wd>
			<wd l="802" t="740" r="1098" b="802" fs="10">Eucalyptus</wd>
			<wd l="1119" t="755" r="1205" b="788" fs="10">ser.</wd>
			<wd l="1228" t="739" r="1582" b="801" fs="10">Psathyroxyla</wd>
			<wd l="3760" t="735" r="3847" b="782" fs="10">135</wd>
		</ln>
	</region>
	<region article-doi="10.2307/41729928" region-id="1">
		<rc l="622" t="853" r="2168" b="1140"/>
		<ln lx="627" ly="858" rx="2156" ry="918">
			<wd l="627" t="862" r="851" b="918" fs="10">Ladiges,</wd>
			<wd l="871" t="862" r="921" b="909" fs="10">P.</wd>
			<wd l="927" t="862" r="1004" b="918" fs="10">Y.,</wd>
			<wd l="1022" t="862" r="1300" b="917" fs="10">Newnham,</wd>
			<wd l="1321" t="860" r="1441" b="907" fs="10">M.R</wd>
			<wd l="1459" t="859" r="1507" b="907" fs="10"><![CDATA[&]]></wd>
			<wd l="1527" t="860" r="1824" b="916" fs="10">Humphries,</wd>
			<wd l="1846" t="858" r="1944" b="906" fs="10">C.J.</wd>
			<wd l="1966" t="858" r="2156" b="918" fs="10">(1989).</wd>
		</ln>
		<ln lx="819" ly="932" rx="2163" ry="997">
			<wd l="819" t="935" r="1133" b="997" fs="10">Systematics</wd>
			<wd l="1162" t="934" r="1257" b="983" fs="10">and</wd>
			<wd l="1284" t="933" r="1664" b="996" fs="10">Biogeography</wd>
			<wd l="1694" t="933" r="1756" b="982" fs="10">of</wd>
			<wd l="1774" t="933" r="1855" b="982" fs="10">the</wd>
			<wd l="1882" t="932" r="2163" b="981" fs="10">Australian</wd>
		</ln>
		<ln lx="817" ly="1008" rx="2160" ry="1072">
			<wd l="817" t="1012" r="1007" b="1060" fs="10">"Green</wd>
			<wd l="1020" t="1011" r="1156" b="1059" fs="10">Ash"</wd>
			<wd l="1171" t="1010" r="1432" b="1072" fs="10">Eucalypts</wd>
			<wd l="1448" t="1009" r="1887" b="1070" fs="10">(Monocalyptus).</wd>
			<wd l="1899" t="1008" r="2160" b="1057" fs="10">Cladistics</wd>
		</ln>
		<ln lx="819" ly="1087" rx="1112" ry="1135">
			<wd l="819" t="1087" r="1112" b="1135" fs="10">5:345-364.</wd>
		</ln>
	</region>
	<region article-doi="10.2307/41729928" region-id="2">
		<rc l="623" t="1202" r="2165" b="1427"/>
		<ln lx="628" ly="1207" rx="2160" ry="1269">
			<wd l="628" t="1212" r="848" b="1268" fs="10">Ladiges,</wd>
			<wd l="863" t="1212" r="911" b="1259" fs="10">P.</wd>
			<wd l="916" t="1212" r="992" b="1268" fs="10">Y.,</wd>
			<wd l="1008" t="1211" r="1209" b="1268" fs="10">Prober,</wd>
			<wd l="1228" t="1210" r="1348" b="1258" fs="10">S.M.</wd>
			<wd l="1366" t="1210" r="1413" b="1258" fs="10"><![CDATA[&]]></wd>
			<wd l="1426" t="1210" r="1635" b="1267" fs="10">Nelson,</wd>
			<wd l="1652" t="1209" r="1710" b="1257" fs="10">G.</wd>
			<wd l="1727" t="1208" r="1913" b="1269" fs="10">(1992).</wd>
			<wd l="1931" t="1207" r="2160" b="1256" fs="10">Cladistic</wd>
		</ln>
		<ln lx="818" ly="1283" rx="2158" ry="1347">
			<wd l="818" t="1285" r="914" b="1334" fs="10">and</wd>
			<wd l="944" t="1284" r="1350" b="1347" fs="10">Biogeographic</wd>
			<wd l="1380" t="1284" r="1621" b="1345" fs="10">Analysis</wd>
			<wd l="1653" t="1284" r="1716" b="1332" fs="10">of</wd>
			<wd l="1736" t="1283" r="1819" b="1332" fs="10">the</wd>
			<wd l="1853" t="1283" r="2001" b="1331" fs="10">'Blue</wd>
			<wd l="2030" t="1283" r="2158" b="1331" fs="10">Ash'</wd>
		</ln>
		<ln lx="817" ly="1360" rx="1716" ry="1422">
			<wd l="817" t="1360" r="1093" b="1422" fs="10">Eucalypts.</wd>
			<wd l="1118" t="1360" r="1381" b="1409" fs="10">Cladistics</wd>
			<wd l="1402" t="1360" r="1446" b="1408" fs="10">8:</wd>
			<wd l="1476" t="1360" r="1716" b="1407" fs="10">103-124.</wd>
		</ln>
	</region>
	<region article-doi="10.2307/41729928" region-id="3">
		<rc l="624" t="1476" r="2182" b="1702"/>
		<ln lx="629" ly="1481" rx="2177" ry="1544">
			<wd l="629" t="1486" r="808" b="1543" fs="10">Pryor,</wd>
			<wd l="826" t="1485" r="945" b="1533" fs="10">L.D.</wd>
			<wd l="965" t="1484" r="1013" b="1533" fs="10"><![CDATA[&]]></wd>
			<wd l="1027" t="1485" r="1258" b="1541" fs="10">Johnson,</wd>
			<wd l="1276" t="1483" r="1449" b="1532" fs="10">L.A.S.</wd>
			<wd l="1468" t="1483" r="1708" b="1544" fs="10">(1971).^</wd>
			<wd l="1729" t="1481" r="2097" b="1544" fs="10">Classification</wd>
			<wd l="2113" t="1481" r="2177" b="1543" fs="10">of</wd>
		</ln>
		<ln lx="819" ly="1557" rx="2162" ry="1622">
			<wd l="819" t="1560" r="903" b="1608" fs="10">the</wd>
			<wd l="933" t="1559" r="1230" b="1622" fs="10">Eucalypts.</wd>
			<wd l="1268" t="1558" r="1547" b="1608" fs="10">Canberra:</wd>
			<wd l="1582" t="1558" r="1883" b="1607" fs="10">Australian</wd>
			<wd l="1913" t="1557" r="2162" b="1607" fs="10">National</wd>
		</ln>
		<ln lx="818" ly="1635" rx="1115" ry="1697">
			<wd l="818" t="1635" r="1115" b="1697" fs="10">University:</wd>
		</ln>
	</region>
</ocr-page>
