<?xml version="1.0" encoding="UTF-8"?>
<ocr-page type="coords" ocr-vers="1.0" creation-date="20130321" res="600" height="6300" width="4500">
	<region article-doi="10.2307/41729912" region-id="0">
		<rc l="636" t="846" r="3877" b="5567"/>
		<ln lx="1855" ly="851" rx="2637" ry="910">
			<wd l="1855" t="851" r="2186" b="910" fs="10">Editorial</wd>
			<wd l="2233" t="851" r="2637" b="910" fs="10">Committee</wd>
		</ln>
		<ln lx="1896" ly="1176" rx="2596" ry="1254">
			<wd l="1896" t="1178" r="2063" b="1237" fs="10">L.W.</wd>
			<wd l="2099" t="1178" r="2314" b="1254" fs="10">Jessup</wd>
			<wd l="2350" t="1176" r="2596" b="1252" fs="10">(editor)</wd>
		</ln>
		<ln lx="1626" ly="1340" rx="2870" ry="1417">
			<wd l="1626" t="1342" r="1818" b="1401" fs="10">R.J.F.</wd>
			<wd l="1850" t="1340" r="2213" b="1401" fs="10">Henderson</wd>
			<wd l="2242" t="1340" r="2568" b="1417" fs="10">(technical</wd>
			<wd l="2600" t="1340" r="2870" b="1416" fs="10">advisor)</wd>
		</ln>
		<ln lx="1721" ly="1504" rx="2774" ry="1580">
			<wd l="1721" t="1506" r="1874" b="1564" fs="10">B.K.</wd>
			<wd l="1908" t="1504" r="2121" b="1564" fs="10">Simon</wd>
			<wd l="2149" t="1504" r="2474" b="1580" fs="10">(technical</wd>
			<wd l="2503" t="1504" r="2774" b="1579" fs="10">advisor)</wd>
		</ln>
		<ln lx="1928" ly="1829" rx="2569" ry="1904">
			<wd l="1928" t="1830" r="2136" b="1887" fs="10">Word</wd>
			<wd l="2184" t="1829" r="2569" b="1904" fs="10">Processing</wd>
		</ln>
		<ln lx="1919" ly="1990" rx="2584" ry="2051">
			<wd l="1919" t="1992" r="2197" b="2051" fs="10">Suzanne</wd>
			<wd l="2212" t="1990" r="2584" b="2051" fs="10">MacArthur</wd>
		</ln>
		<ln lx="1991" ly="2320" rx="2507" ry="2396">
			<wd l="1991" t="2320" r="2507" b="2396" fs="10">Austrobaileya</wd>
		</ln>
		<ln lx="1411" ly="2482" rx="3092" ry="2559">
			<wd l="1411" t="2482" r="1552" b="2542" fs="10">Vol.</wd>
			<wd l="1591" t="2484" r="1640" b="2554" fs="10">1,</wd>
			<wd l="1667" t="2484" r="1787" b="2542" fs="10">No.</wd>
			<wd l="1826" t="2484" r="1847" b="2542" fs="10">1</wd>
			<wd l="1882" t="2502" r="2010" b="2542" fs="10">was</wd>
			<wd l="2036" t="2482" r="2361" b="2559" fs="10">published</wd>
			<wd l="2388" t="2502" r="2470" b="2542" fs="10">on</wd>
			<wd l="2504" t="2484" r="2526" b="2541" fs="10">1</wd>
			<wd l="2561" t="2482" r="2904" b="2542" fs="10">December</wd>
			<wd l="2938" t="2484" r="3092" b="2542" fs="10">1977</wd>
		</ln>
		<ln lx="1406" ly="2643" rx="3098" ry="2720">
			<wd l="1406" t="2644" r="1547" b="2703" fs="10">Vol.</wd>
			<wd l="1576" t="2646" r="1634" b="2715" fs="10">4,</wd>
			<wd l="1660" t="2646" r="1779" b="2703" fs="10">No.</wd>
			<wd l="1809" t="2645" r="1847" b="2702" fs="10">4</wd>
			<wd l="1873" t="2663" r="2000" b="2703" fs="10">was</wd>
			<wd l="2025" t="2643" r="2350" b="2720" fs="10">published</wd>
			<wd l="2376" t="2663" r="2457" b="2703" fs="10">on</wd>
			<wd l="2482" t="2645" r="2562" b="2703" fs="10">20</wd>
			<wd l="2588" t="2643" r="2906" b="2720" fs="10">February,</wd>
			<wd l="2943" t="2645" r="3098" b="2703" fs="10">1997</wd>
		</ln>
		<ln lx="642" ly="2969" rx="2083" ry="3047">
			<wd l="642" t="2971" r="1143" b="3047" fs="10">Austrobaileya</wd>
			<wd l="1171" t="2969" r="1222" b="3030" fs="10">is</wd>
			<wd l="1251" t="2970" r="1578" b="3047" fs="10">published</wd>
			<wd l="1607" t="2989" r="1761" b="3030" fs="10">once</wd>
			<wd l="1790" t="2989" r="1897" b="3047" fs="10">per</wd>
			<wd l="1923" t="2989" r="2083" b="3047" fs="10">year.</wd>
		</ln>
		<ln lx="644" ly="3133" rx="2981" ry="3211">
			<wd l="644" t="3135" r="1012" b="3210" fs="10">Exchange:</wd>
			<wd l="1065" t="3133" r="1209" b="3193" fs="10">This</wd>
			<wd l="1227" t="3133" r="1471" b="3210" fs="10">journal</wd>
			<wd l="1496" t="3133" r="1624" b="3193" fs="10">will</wd>
			<wd l="1649" t="3133" r="1726" b="3193" fs="10">be</wd>
			<wd l="1753" t="3133" r="2108" b="3194" fs="10">distributed</wd>
			<wd l="2134" t="3153" r="2215" b="3194" fs="10">on</wd>
			<wd l="2239" t="3133" r="2339" b="3194" fs="10">the</wd>
			<wd l="2363" t="3133" r="2529" b="3194" fs="10">basis</wd>
			<wd l="2557" t="3133" r="2633" b="3193" fs="10">of</wd>
			<wd l="2650" t="3133" r="2981" b="3211" fs="10">exchange.</wd>
		</ln>
		<ln lx="647" ly="3296" rx="3869" ry="3374">
			<wd l="647" t="3298" r="1152" b="3374" fs="10">Subscriptions:</wd>
			<wd l="1211" t="3296" r="1435" b="3357" fs="10">Orders</wd>
			<wd l="1465" t="3297" r="1561" b="3357" fs="10">for</wd>
			<wd l="1590" t="3297" r="1785" b="3374" fs="10">single</wd>
			<wd l="1814" t="3297" r="2010" b="3357" fs="10">issues</wd>
			<wd l="2040" t="3297" r="2158" b="3357" fs="10">and</wd>
			<wd l="2188" t="3296" r="2625" b="3374" fs="10">subscriptions</wd>
			<wd l="2653" t="3316" r="2796" b="3374" fs="10">may</wd>
			<wd l="2822" t="3296" r="2899" b="3357" fs="10">be</wd>
			<wd l="2927" t="3296" r="3162" b="3374" fs="10">placed.</wd>
			<wd l="3220" t="3296" r="3346" b="3357" fs="10">The</wd>
			<wd l="3373" t="3297" r="3538" b="3373" fs="10">price</wd>
			<wd l="3568" t="3297" r="3619" b="3356" fs="10">is</wd>
			<wd l="3650" t="3297" r="3869" b="3372" fs="10">(1997)</wd>
		</ln>
		<ln lx="643" ly="3386" rx="3094" ry="3465">
			<wd l="643" t="3386" r="823" b="3453" fs="10">A$25</wd>
			<wd l="855" t="3408" r="962" b="3465" fs="10">per</wd>
			<wd l="989" t="3388" r="1152" b="3448" fs="10">issue</wd>
			<wd l="1182" t="3388" r="1278" b="3448" fs="10">for</wd>
			<wd l="1305" t="3388" r="1694" b="3460" fs="10">individuals,</wd>
			<wd l="1724" t="3386" r="1908" b="3453" fs="10">A$40</wd>
			<wd l="1939" t="3388" r="2034" b="3449" fs="10">for</wd>
			<wd l="2061" t="3388" r="2449" b="3460" fs="10">institutions,</wd>
			<wd l="2480" t="3388" r="2795" b="3465" fs="10">including</wd>
			<wd l="2821" t="3397" r="3094" b="3465" fs="10">postage.</wd>
		</ln>
		<ln lx="644" ly="3550" rx="3872" ry="3628">
			<wd l="644" t="3551" r="748" b="3610" fs="10">All</wd>
			<wd l="774" t="3551" r="1296" b="3628" fs="10">correspondence</wd>
			<wd l="1319" t="3551" r="1574" b="3627" fs="10">relating</wd>
			<wd l="1596" t="3559" r="1659" b="3611" fs="10">to</wd>
			<wd l="1685" t="3551" r="2017" b="3628" fs="10">exchange,</wd>
			<wd l="2046" t="3551" r="2483" b="3628" fs="10">subscriptions</wd>
			<wd l="2509" t="3570" r="2577" b="3611" fs="10">or</wd>
			<wd l="2600" t="3551" r="3039" b="3611" fs="10">contributions</wd>
			<wd l="3063" t="3559" r="3126" b="3610" fs="10">to</wd>
			<wd l="3149" t="3550" r="3268" b="3610" fs="10">this</wd>
			<wd l="3284" t="3550" r="3527" b="3627" fs="10">journal</wd>
			<wd l="3554" t="3550" r="3774" b="3610" fs="10">should</wd>
			<wd l="3796" t="3550" r="3872" b="3610" fs="10">be</wd>
		</ln>
		<ln lx="646" ly="3641" rx="3870" ry="3719">
			<wd l="646" t="3641" r="973" b="3702" fs="10">addressed</wd>
			<wd l="992" t="3651" r="1055" b="3702" fs="10">to</wd>
			<wd l="1078" t="3642" r="1205" b="3702" fs="10">The</wd>
			<wd l="1227" t="3642" r="1453" b="3713" fs="10">Editor,</wd>
			<wd l="1467" t="3642" r="1953" b="3718" fs="10">Austrobaileya,</wd>
			<wd l="1982" t="3642" r="2375" b="3716" fs="10">Queensland</wd>
			<wd l="2396" t="3642" r="2775" b="3714" fs="10">Herbarium,</wd>
			<wd l="2798" t="3642" r="3028" b="3702" fs="10">Meiers</wd>
			<wd l="3049" t="3642" r="3243" b="3713" fs="10">Road,</wd>
			<wd l="3267" t="3641" r="3726" b="3719" fs="10">Indooroopilly</wd>
			<wd l="3748" t="3641" r="3870" b="3716" fs="10">Qld</wd>
		</ln>
		<ln lx="645" ly="3733" rx="1186" ry="3805">
			<wd l="645" t="3734" r="829" b="3805" fs="10">4068,</wd>
			<wd l="864" t="3733" r="1186" b="3794" fs="10">Australia.</wd>
		</ln>
		<ln lx="1963" ly="3898" rx="2539" ry="3957">
			<wd l="1963" t="3898" r="2141" b="3957" fs="10">ISSN</wd>
			<wd l="2188" t="3898" r="2539" b="3957" fs="10">0155-4131</wd>
		</ln>
		<ln lx="647" ly="4060" rx="1711" ry="4134">
			<wd l="647" t="4061" r="706" b="4119" fs="10">©</wd>
			<wd l="738" t="4060" r="1129" b="4134" fs="10">Queensland</wd>
			<wd l="1158" t="4060" r="1519" b="4120" fs="10">Herbarium</wd>
			<wd l="1557" t="4061" r="1711" b="4120" fs="10">1997</wd>
		</ln>
		<ln lx="641" ly="5050" rx="3869" ry="5128">
			<wd l="641" t="5052" r="1141" b="5128" fs="10">Austrobaileya</wd>
			<wd l="1159" t="5051" r="1211" b="5111" fs="10">is</wd>
			<wd l="1229" t="5051" r="1330" b="5112" fs="10">the</wd>
			<wd l="1340" t="5051" r="1584" b="5128" fs="10">journal</wd>
			<wd l="1605" t="5051" r="1682" b="5111" fs="10">of</wd>
			<wd l="1689" t="5051" r="1790" b="5111" fs="10">the</wd>
			<wd l="1810" t="5051" r="2204" b="5125" fs="10">Queensland</wd>
			<wd l="2221" t="5051" r="2583" b="5111" fs="10">Herbarium</wd>
			<wd l="2602" t="5052" r="2721" b="5112" fs="10">and</wd>
			<wd l="2740" t="5052" r="2791" b="5112" fs="10">is</wd>
			<wd l="2812" t="5051" r="3075" b="5112" fs="10">devoted</wd>
			<wd l="3092" t="5060" r="3155" b="5112" fs="10">to</wd>
			<wd l="3173" t="5051" r="3550" b="5128" fs="10">publication</wd>
			<wd l="3568" t="5051" r="3645" b="5111" fs="10">of</wd>
			<wd l="3652" t="5050" r="3869" b="5111" fs="10">results</wd>
		</ln>
		<ln lx="643" ly="5142" rx="3872" ry="5220">
			<wd l="643" t="5142" r="720" b="5202" fs="10">of</wd>
			<wd l="744" t="5142" r="941" b="5202" fs="10">sound</wd>
			<wd l="972" t="5143" r="1251" b="5203" fs="10">research</wd>
			<wd l="1284" t="5142" r="1403" b="5203" fs="10">and</wd>
			<wd l="1437" t="5142" r="1514" b="5203" fs="10">of</wd>
			<wd l="1538" t="5143" r="1842" b="5203" fs="10">informed</wd>
			<wd l="1876" t="5143" r="2223" b="5203" fs="10">discussion</wd>
			<wd l="2256" t="5162" r="2338" b="5203" fs="10">on</wd>
			<wd l="2369" t="5143" r="2536" b="5220" fs="10">plant</wd>
			<wd l="2571" t="5143" r="2969" b="5220" fs="10">systematics,</wd>
			<wd l="3004" t="5143" r="3152" b="5203" fs="10">with</wd>
			<wd l="3187" t="5142" r="3413" b="5220" fs="10">special</wd>
			<wd l="3448" t="5142" r="3755" b="5220" fs="10">emphasis</wd>
			<wd l="3791" t="5162" r="3872" b="5202" fs="10">on</wd>
		</ln>
		<ln lx="643" ly="5234" rx="1273" ry="5312">
			<wd l="643" t="5234" r="1036" b="5309" fs="10">Queensland</wd>
			<wd l="1057" t="5235" r="1273" b="5312" fs="10">plants.</wd>
		</ln>
		<ln lx="644" ly="5397" rx="3871" ry="5474">
			<wd l="644" t="5397" r="947" b="5474" fs="10">Opinions</wd>
			<wd l="967" t="5398" r="1296" b="5474" fs="10">expressed</wd>
			<wd l="1312" t="5398" r="1395" b="5474" fs="10">by</wd>
			<wd l="1415" t="5398" r="1657" b="5458" fs="10">authors</wd>
			<wd l="1678" t="5417" r="1776" b="5458" fs="10">are</wd>
			<wd l="1794" t="5397" r="1948" b="5458" fs="10">their</wd>
			<wd l="1966" t="5417" r="2108" b="5458" fs="10">own</wd>
			<wd l="2127" t="5397" r="2245" b="5457" fs="10">and</wd>
			<wd l="2264" t="5397" r="2343" b="5457" fs="10">do</wd>
			<wd l="2362" t="5406" r="2469" b="5457" fs="10">not</wd>
			<wd l="2485" t="5397" r="2856" b="5474" fs="10">necessarily</wd>
			<wd l="2873" t="5406" r="3181" b="5474" fs="10">represent</wd>
			<wd l="3196" t="5397" r="3297" b="5457" fs="10">the</wd>
			<wd l="3315" t="5397" r="3573" b="5474" fs="10">policies</wd>
			<wd l="3594" t="5416" r="3662" b="5457" fs="10">or</wd>
			<wd l="3678" t="5397" r="3871" b="5457" fs="10">views</wd>
		</ln>
		<ln lx="644" ly="5489" rx="1663" ry="5562">
			<wd l="644" t="5489" r="721" b="5548" fs="10">of</wd>
			<wd l="736" t="5489" r="836" b="5548" fs="10">the</wd>
			<wd l="865" t="5489" r="1259" b="5562" fs="10">Queensland</wd>
			<wd l="1285" t="5489" r="1663" b="5548" fs="10">Herbarium.</wd>
		</ln>
	</region>
</ocr-page>
