<?xml version="1.0" encoding="UTF-8"?>
<ocr-page type="coords" ocr-vers="1.0" creation-date="20130321" res="600" height="6300" width="4500">
	<region article-doi="10.2307/41729918" region-id="0">
		<rc l="631" t="733" r="3788" b="804"/>
		<ln lx="636" ly="738" rx="3783" ry="799">
			<wd l="636" t="741" r="698" b="787" fs="10">60</wd>
			<wd l="2882" t="738" r="3258" b="799" fs="10">Austrobaileya</wd>
			<wd l="3278" t="738" r="3400" b="798" fs="10">5(1):</wd>
			<wd l="3424" t="738" r="3581" b="786" fs="10">59-61</wd>
			<wd l="3608" t="738" r="3783" b="798" fs="10">(1997)</wd>
		</ln>
	</region>
	<region article-doi="10.2307/41729918" region-id="1">
		<rc l="681" t="5270" r="3914" b="5493"/>
		<ln lx="686" ly="5275" rx="3906" ry="5339">
			<wd l="686" t="5279" r="790" b="5339" fs="10">Fig.</wd>
			<wd l="815" t="5279" r="856" b="5326" fs="10">1.</wd>
			<wd l="878" t="5278" r="1166" b="5326" fs="10">Marsdenia</wd>
			<wd l="1173" t="5282" r="1401" b="5339" fs="10">jensenii.</wd>
			<wd l="1426" t="5279" r="1486" b="5326" fs="10">A.</wd>
			<wd l="1508" t="5278" r="1853" b="5326" fs="10">undersurface</wd>
			<wd l="1874" t="5277" r="1935" b="5326" fs="10">of</wd>
			<wd l="1948" t="5277" r="2053" b="5326" fs="10">leaf</wd>
			<wd l="2066" t="5277" r="2291" b="5339" fs="10">showing</wd>
			<wd l="2311" t="5277" r="2474" b="5326" fs="10">lateral</wd>
			<wd l="2495" t="5277" r="2590" b="5326" fs="10">and</wd>
			<wd l="2610" t="5276" r="2895" b="5326" fs="10">interlateral</wd>
			<wd l="2915" t="5276" r="3159" b="5325" fs="10">venation,</wd>
			<wd l="3186" t="5288" r="3212" b="5314" fs="10">x</wd>
			<wd l="3237" t="5277" r="3331" b="5325" fs="10">0.6.</wd>
			<wd l="3354" t="5278" r="3410" b="5325" fs="10">B.</wd>
			<wd l="3434" t="5275" r="3787" b="5325" fs="10">inflorescence</wd>
			<wd l="3811" t="5287" r="3837" b="5314" fs="10">x</wd>
			<wd l="3862" t="5276" r="3906" b="5324" fs="10">2.</wd>
		</ln>
		<ln lx="686" ly="5351" rx="3909" ry="5402">
			<wd l="686" t="5354" r="741" b="5402" fs="10">C.</wd>
			<wd l="762" t="5353" r="869" b="5401" fs="10">face</wd>
			<wd l="886" t="5353" r="1014" b="5401" fs="10">view</wd>
			<wd l="1031" t="5352" r="1093" b="5401" fs="10">of</wd>
			<wd l="1102" t="5352" r="1275" b="5401" fs="10">flower</wd>
			<wd l="1295" t="5365" r="1321" b="5391" fs="10">x</wd>
			<wd l="1344" t="5353" r="1387" b="5401" fs="10">3.</wd>
			<wd l="1406" t="5354" r="1466" b="5401" fs="10">D.</wd>
			<wd l="1488" t="5352" r="1650" b="5401" fs="10">lateral</wd>
			<wd l="1667" t="5352" r="1796" b="5401" fs="10">view</wd>
			<wd l="1813" t="5352" r="1875" b="5401" fs="10">of</wd>
			<wd l="1884" t="5352" r="2057" b="5401" fs="10">flower</wd>
			<wd l="2077" t="5364" r="2103" b="5390" fs="10">x</wd>
			<wd l="2125" t="5353" r="2169" b="5401" fs="10">3.</wd>
			<wd l="2188" t="5353" r="2241" b="5401" fs="10">E.</wd>
			<wd l="2262" t="5352" r="2424" b="5400" fs="10">lateral</wd>
			<wd l="2442" t="5352" r="2570" b="5400" fs="10">view</wd>
			<wd l="2588" t="5351" r="2649" b="5400" fs="10">of</wd>
			<wd l="2658" t="5351" r="2771" b="5400" fs="10">fruit</wd>
			<wd l="2792" t="5363" r="2818" b="5390" fs="10">x</wd>
			<wd l="2840" t="5352" r="2934" b="5400" fs="10">0.4.</wd>
			<wd l="2953" t="5353" r="3000" b="5399" fs="10">A</wd>
			<wd l="3017" t="5352" r="3065" b="5400" fs="10"><![CDATA[&]]></wd>
			<wd l="3082" t="5353" r="3121" b="5399" fs="10">E</wd>
			<wd l="3139" t="5351" r="3265" b="5400" fs="10">from</wd>
			<wd l="3281" t="5352" r="3470" b="5400" fs="10">Forster</wd>
			<wd l="3492" t="5351" r="3649" b="5399" fs="10">17132</wd>
			<wd l="3668" t="5351" r="3715" b="5399" fs="10"><![CDATA[&]]></wd>
			<wd l="3734" t="5352" r="3909" b="5399" fs="10">Jensen</wd>
		</ln>
		<ln lx="687" ly="5427" rx="2073" ry="5488">
			<wd l="687" t="5428" r="855" b="5488" fs="10">(BRI);</wd>
			<wd l="876" t="5429" r="1001" b="5475" fs="10">B-D</wd>
			<wd l="1022" t="5427" r="1149" b="5476" fs="10">from</wd>
			<wd l="1168" t="5429" r="1345" b="5476" fs="10">Jensen</wd>
			<wd l="1371" t="5428" r="1460" b="5476" fs="10">105</wd>
			<wd l="1485" t="5428" r="1652" b="5488" fs="10">(BRI).</wd>
			<wd l="1674" t="5427" r="1783" b="5476" fs="10">Del.</wd>
			<wd l="1807" t="5429" r="1879" b="5476" fs="10">W.</wd>
			<wd l="1905" t="5427" r="2073" b="5476" fs="10">Smith.</wd>
		</ln>
	</region>
</ocr-page>
