<?xml version="1.0" encoding="UTF-8"?>
<ocr-page type="coords" ocr-vers="1.0" creation-date="20130321" res="600" height="6300" width="4500">
	<region article-doi="10.2307/41729929" region-id="0">
		<rc l="629" t="727" r="3844" b="800"/>
		<ln lx="634" ly="732" rx="3839" ry="795">
			<wd l="634" t="735" r="782" b="782" fs="10">Snow</wd>
			<wd l="801" t="735" r="849" b="782" fs="10"><![CDATA[&]]></wd>
			<wd l="871" t="734" r="1056" b="792" fs="10">Simon,</wd>
			<wd l="1073" t="734" r="1374" b="795" fs="10">Leptochloa</wd>
			<wd l="1392" t="734" r="1721" b="781" fs="10">southwoodii</wd>
			<wd l="3755" t="732" r="3839" b="779" fs="10">141</wd>
		</ln>
	</region>
	<region article-doi="10.2307/41729929" region-id="1">
		<rc l="637" t="2883" r="2090" b="3107"/>
		<ln lx="642" ly="2888" rx="2085" ry="2951">
			<wd l="642" t="2890" r="746" b="2951" fs="10">Fig.</wd>
			<wd l="767" t="2890" r="813" b="2938" fs="10">3.</wd>
			<wd l="833" t="2891" r="1002" b="2951" fs="10">Range</wd>
			<wd l="1021" t="2904" r="1132" b="2951" fs="10">map</wd>
			<wd l="1154" t="2889" r="1378" b="2951" fs="10">showing</wd>
			<wd l="1396" t="2889" r="1476" b="2938" fs="10">the</wd>
			<wd l="1495" t="2889" r="1676" b="2938" fs="10">known</wd>
			<wd l="1696" t="2888" r="2003" b="2938" fs="10">distribution</wd>
			<wd l="2023" t="2888" r="2085" b="2937" fs="10">of</wd>
		</ln>
		<ln lx="644" ly="2948" rx="2028" ry="3026">
			<wd l="644" t="2978" r="674" b="3009" fs="10">•</wd>
			<wd l="720" t="2964" r="1020" b="3026" fs="10">Leptochloa</wd>
			<wd l="1034" t="2964" r="1362" b="3013" fs="10">southwoodii</wd>
			<wd l="1378" t="2964" r="1473" b="3013" fs="10">and</wd>
			<wd l="1514" t="2948" r="1575" b="3010" fs="10">O</wd>
			<wd l="1602" t="2966" r="1653" b="3013" fs="10">L.</wd>
			<wd l="1674" t="2964" r="1893" b="3026" fs="10">ligulata,</wd>
			<wd l="1910" t="2964" r="2028" b="3013" fs="10">both</wd>
		</ln>
		<ln lx="643" ly="3039" rx="1528" ry="3102">
			<wd l="643" t="3047" r="868" b="3102" fs="10">apparent</wd>
			<wd l="881" t="3039" r="1126" b="3089" fs="10">endemics</wd>
			<wd l="1140" t="3047" r="1189" b="3089" fs="10">to</wd>
			<wd l="1205" t="3039" r="1528" b="3100" fs="10">Queensland.</wd>
		</ln>
	</region>
	<region article-doi="10.2307/41729929" region-id="2">
		<rc l="635" t="3283" r="2202" b="5434"/>
		<ln lx="640" ly="3288" rx="2181" ry="3366">
			<wd l="640" t="3291" r="704" b="3349" fs="10">L.</wd>
			<wd l="726" t="3289" r="1137" b="3349" fs="10">southwoodii</wd>
			<wd l="1153" t="3289" r="1368" b="3349" fs="10">differs</wd>
			<wd l="1387" t="3288" r="1470" b="3366" fs="10">by</wd>
			<wd l="1491" t="3288" r="1734" b="3365" fs="10">lacking</wd>
			<wd l="1752" t="3288" r="1853" b="3349" fs="10">the</wd>
			<wd l="1872" t="3288" r="2181" b="3349" fs="10">moderate</wd>
		</ln>
		<ln lx="643" ly="3379" rx="2184" ry="3456">
			<wd l="643" t="3388" r="705" b="3440" fs="10">to</wd>
			<wd l="725" t="3380" r="910" b="3440" fs="10">dense</wd>
			<wd l="930" t="3380" r="1219" b="3456" fs="10">covering</wd>
			<wd l="1238" t="3380" r="1315" b="3440" fs="10">of</wd>
			<wd l="1323" t="3380" r="1651" b="3456" fs="10">appressed</wd>
			<wd l="1666" t="3388" r="2007" b="3439" fs="10">tomentose</wd>
			<wd l="2025" t="3379" r="2184" b="3439" fs="10">hairs</wd>
		</ln>
		<ln lx="646" ly="3470" rx="2185" ry="3548">
			<wd l="646" t="3471" r="828" b="3548" fs="10">along</wd>
			<wd l="849" t="3471" r="948" b="3531" fs="10">the</wd>
			<wd l="973" t="3471" r="1105" b="3531" fs="10">leaf</wd>
			<wd l="1116" t="3471" r="1328" b="3531" fs="10">blades</wd>
			<wd l="1353" t="3471" r="1472" b="3531" fs="10">and</wd>
			<wd l="1492" t="3471" r="1592" b="3531" fs="10">the</wd>
			<wd l="1615" t="3470" r="1842" b="3547" fs="10">widely</wd>
			<wd l="1866" t="3470" r="2185" b="3547" fs="10">diverging</wd>
		</ln>
		<ln lx="646" ly="3561" rx="2184" ry="3638">
			<wd l="646" t="3563" r="732" b="3637" fs="10">(at</wd>
			<wd l="765" t="3562" r="1097" b="3638" fs="10">maturity),</wd>
			<wd l="1134" t="3562" r="1454" b="3638" fs="10">relatively</wd>
			<wd l="1491" t="3562" r="1639" b="3638" fs="10">long</wd>
			<wd l="1676" t="3561" r="1985" b="3622" fs="10">lemmatal</wd>
			<wd l="2020" t="3561" r="2184" b="3621" fs="10">hairs</wd>
		</ln>
		<ln lx="646" ly="3652" rx="2120" ry="3730">
			<wd l="646" t="3653" r="1086" b="3713" fs="10">characteristic</wd>
			<wd l="1112" t="3652" r="1190" b="3713" fs="10">of</wd>
			<wd l="1197" t="3655" r="1263" b="3713" fs="10">L.</wd>
			<wd l="1279" t="3653" r="1611" b="3730" fs="10">peacockii</wd>
			<wd l="1633" t="3653" r="1850" b="3728" fs="10">(Snow</wd>
			<wd l="1881" t="3652" r="2120" b="3728" fs="10">1997a).</wd>
		</ln>
		<ln lx="835" ly="3814" rx="2184" ry="3876">
			<wd l="835" t="3815" r="961" b="3876" fs="10">The</wd>
			<wd l="991" t="3815" r="1122" b="3876" fs="10">leaf</wd>
			<wd l="1142" t="3815" r="1383" b="3876" fs="10">sheaths</wd>
			<wd l="1413" t="3815" r="1490" b="3875" fs="10">of</wd>
			<wd l="1508" t="3834" r="1619" b="3875" fs="10">our</wd>
			<wd l="1646" t="3814" r="1797" b="3875" fs="10">field</wd>
			<wd l="1825" t="3814" r="2184" b="3875" fs="10">collections</wd>
		</ln>
		<ln lx="648" ly="3907" rx="2188" ry="3985">
			<wd l="648" t="3908" r="946" b="3985" fs="10">appeared</wd>
			<wd l="966" t="3916" r="1028" b="3968" fs="10">to</wd>
			<wd l="1050" t="3908" r="1206" b="3968" fs="10">have</wd>
			<wd l="1231" t="3907" r="1406" b="3968" fs="10">small</wd>
			<wd l="1429" t="3916" r="1708" b="3968" fs="10">amounts</wd>
			<wd l="1732" t="3907" r="1809" b="3968" fs="10">of</wd>
			<wd l="1821" t="3926" r="1857" b="3967" fs="10">a</wd>
			<wd l="1875" t="3907" r="2188" b="3967" fs="10">brownish</wd>
		</ln>
		<ln lx="648" ly="3999" rx="2185" ry="4077">
			<wd l="648" t="3999" r="922" b="4072" fs="10">exudate,</wd>
			<wd l="955" t="3999" r="1073" b="4060" fs="10">and</wd>
			<wd l="1099" t="3999" r="1350" b="4077" fs="10">thereby</wd>
			<wd l="1377" t="3999" r="1498" b="4060" fs="10">had</wd>
			<wd l="1527" t="3999" r="1878" b="4077" fs="10">significant</wd>
			<wd l="1906" t="4007" r="2185" b="4059" fs="10">amounts</wd>
		</ln>
		<ln lx="648" ly="4090" rx="2188" ry="4152">
			<wd l="648" t="4091" r="725" b="4151" fs="10">of</wd>
			<wd l="737" t="4091" r="1113" b="4152" fs="10">windblown</wd>
			<wd l="1138" t="4091" r="1254" b="4151" fs="10">soil</wd>
			<wd l="1279" t="4091" r="1397" b="4151" fs="10">and</wd>
			<wd l="1421" t="4091" r="1591" b="4151" fs="10">other</wd>
			<wd l="1615" t="4090" r="1815" b="4151" fs="10">debris</wd>
			<wd l="1840" t="4090" r="2104" b="4151" fs="10">adhered</wd>
			<wd l="2125" t="4099" r="2188" b="4151" fs="10">to</wd>
		</ln>
		<ln lx="646" ly="4182" rx="2190" ry="4260">
			<wd l="646" t="4183" r="807" b="4243" fs="10">their</wd>
			<wd l="845" t="4183" r="1113" b="4243" fs="10">surface.</wd>
			<wd l="1154" t="4185" r="1492" b="4255" fs="10">However,</wd>
			<wd l="1533" t="4182" r="1929" b="4260" fs="10">greenhouse</wd>
			<wd l="1969" t="4201" r="2190" b="4260" fs="10">grown</wd>
		</ln>
		<ln lx="646" ly="4274" rx="2184" ry="4352">
			<wd l="646" t="4274" r="916" b="4335" fs="10">material</wd>
			<wd l="948" t="4274" r="1164" b="4335" fs="10">lacked</wd>
			<wd l="1195" t="4293" r="1313" b="4351" fs="10">any</wd>
			<wd l="1344" t="4282" r="1631" b="4352" fs="10">apparent</wd>
			<wd l="1661" t="4274" r="1917" b="4334" fs="10">exudate</wd>
			<wd l="1949" t="4275" r="2184" b="4350" fs="10">(Snow,</wd>
		</ln>
		<ln lx="647" ly="4366" rx="1009" ry="4442">
			<wd l="647" t="4385" r="802" b="4442" fs="10">pers.</wd>
			<wd l="830" t="4366" r="1009" b="4441" fs="10">obs.).</wd>
		</ln>
		<ln lx="833" ly="4526" rx="2187" ry="4604">
			<wd l="833" t="4528" r="1212" b="4604" fs="10">Leptochloa</wd>
			<wd l="1237" t="4527" r="1649" b="4587" fs="10">southwoodii</wd>
			<wd l="1669" t="4546" r="1797" b="4587" fs="10">was</wd>
			<wd l="1826" t="4526" r="2187" b="4587" fs="10">discovered</wd>
		</ln>
		<ln lx="650" ly="4618" rx="2191" ry="4696">
			<wd l="650" t="4619" r="803" b="4679" fs="10">after</wd>
			<wd l="835" t="4619" r="936" b="4679" fs="10">the</wd>
			<wd l="973" t="4619" r="1352" b="4696" fs="10">completion</wd>
			<wd l="1387" t="4618" r="1465" b="4679" fs="10">of</wd>
			<wd l="1491" t="4638" r="1527" b="4679" fs="10">a</wd>
			<wd l="1562" t="4618" r="1742" b="4695" fs="10">study</wd>
			<wd l="1778" t="4618" r="1856" b="4678" fs="10">of</wd>
			<wd l="1882" t="4618" r="2191" b="4678" fs="10">lemmatal</wd>
		</ln>
		<ln lx="648" ly="4709" rx="2187" ry="4787">
			<wd l="648" t="4709" r="1326" b="4787" fs="10">micromorphological</wd>
			<wd l="1355" t="4709" r="1689" b="4769" fs="10">characters</wd>
			<wd l="1718" t="4709" r="1795" b="4769" fs="10">of</wd>
			<wd l="1807" t="4709" r="2187" b="4786" fs="10">Leptochloa</wd>
		</ln>
		<ln lx="651" ly="4800" rx="2191" ry="4879">
			<wd l="651" t="4801" r="769" b="4862" fs="10">and</wd>
			<wd l="796" t="4801" r="1023" b="4862" fs="10">related</wd>
			<wd l="1052" t="4821" r="1275" b="4879" fs="10">genera</wd>
			<wd l="1303" t="4802" r="1521" b="4878" fs="10">(Snow</wd>
			<wd l="1558" t="4801" r="1761" b="4878" fs="10">1996).</wd>
			<wd l="1795" t="4801" r="1922" b="4861" fs="10">The</wd>
			<wd l="1954" t="4800" r="2191" b="4879" fs="10">species</wd>
		</ln>
		<ln lx="649" ly="4893" rx="2189" ry="4971">
			<wd l="649" t="4913" r="784" b="4954" fs="10">was</wd>
			<wd l="828" t="4893" r="1037" b="4954" fs="10">found</wd>
			<wd l="1077" t="4902" r="1143" b="4954" fs="10">to</wd>
			<wd l="1185" t="4913" r="1458" b="4971" fs="10">possess</wd>
			<wd l="1502" t="4893" r="1662" b="4953" fs="10">cork</wd>
			<wd l="1703" t="4893" r="1891" b="4965" fs="10">cells,</wd>
			<wd l="1934" t="4893" r="2189" b="4953" fs="10">normal</wd>
		</ln>
		<ln lx="649" ly="4985" rx="2191" ry="5058">
			<wd l="649" t="4985" r="1041" b="5058" fs="10">macrohairs,</wd>
			<wd l="1079" t="4985" r="1425" b="5046" fs="10">chloridoid</wd>
			<wd l="1458" t="4985" r="1779" b="5046" fs="10">bicellular</wd>
			<wd l="1811" t="4985" r="2191" b="5057" fs="10">microhairs,</wd>
		</ln>
		<ln lx="652" ly="5077" rx="2193" ry="5155">
			<wd l="652" t="5078" r="770" b="5138" fs="10">and</wd>
			<wd l="794" t="5078" r="1076" b="5155" fs="10">prickles,</wd>
			<wd l="1103" t="5078" r="1211" b="5138" fs="10">but</wd>
			<wd l="1235" t="5097" r="1363" b="5137" fs="10">was</wd>
			<wd l="1392" t="5077" r="1635" b="5154" fs="10">lacking</wd>
			<wd l="1662" t="5077" r="1725" b="5137" fs="10">in</wd>
			<wd l="1749" t="5077" r="2012" b="5154" fs="10">papillae</wd>
			<wd l="2038" t="5077" r="2193" b="5137" fs="10">born</wd>
		</ln>
		<ln lx="652" ly="5169" rx="2197" ry="5246">
			<wd l="652" t="5189" r="733" b="5230" fs="10">on</wd>
			<wd l="750" t="5170" r="936" b="5230" fs="10">either</wd>
			<wd l="954" t="5170" r="1117" b="5230" fs="10">short</wd>
			<wd l="1134" t="5189" r="1202" b="5230" fs="10">or</wd>
			<wd l="1220" t="5169" r="1365" b="5246" fs="10">long</wd>
			<wd l="1383" t="5169" r="1530" b="5230" fs="10">cells</wd>
			<wd l="1549" t="5169" r="1667" b="5230" fs="10">and</wd>
			<wd l="1685" t="5169" r="1926" b="5246" fs="10">lacking</wd>
			<wd l="1944" t="5169" r="2006" b="5229" fs="10">in</wd>
			<wd l="2025" t="5169" r="2197" b="5229" fs="10">silica</wd>
		</ln>
		<ln lx="652" ly="5260" rx="2192" ry="5338">
			<wd l="652" t="5261" r="800" b="5321" fs="10">cells</wd>
			<wd l="826" t="5261" r="980" b="5338" fs="10">(Fig.</wd>
			<wd l="1008" t="5261" r="1094" b="5337" fs="10">4),</wd>
			<wd l="1122" t="5280" r="1157" b="5321" fs="10">a</wd>
			<wd l="1180" t="5261" r="1597" b="5321" fs="10">combination</wd>
			<wd l="1621" t="5260" r="1698" b="5321" fs="10">of</wd>
			<wd l="1711" t="5260" r="1915" b="5321" fs="10">which</wd>
			<wd l="1940" t="5260" r="2192" b="5321" fs="10">accords</wd>
		</ln>
		<ln lx="651" ly="5352" rx="2185" ry="5429">
			<wd l="651" t="5352" r="799" b="5412" fs="10">with</wd>
			<wd l="815" t="5371" r="999" b="5428" fs="10">many</wd>
			<wd l="1020" t="5352" r="1256" b="5429" fs="10">species</wd>
			<wd l="1277" t="5352" r="1352" b="5412" fs="10">of</wd>
			<wd l="1352" t="5352" r="1727" b="5429" fs="10">Leptochloa</wd>
			<wd l="1744" t="5352" r="1960" b="5427" fs="10">(Snow</wd>
			<wd l="1985" t="5352" r="2185" b="5427" fs="10">1996).</wd>
		</ln>
	</region>
	<region article-doi="10.2307/41729929" region-id="3">
		<rc l="2302" t="831" r="3879" b="5511"/>
		<ln lx="2307" ly="836" rx="3850" ry="915">
			<wd l="2307" t="839" r="2677" b="915" fs="10">Etymology</wd>
			<wd l="2683" t="857" r="2698" b="898" fs="10">:</wd>
			<wd l="2761" t="837" r="2941" b="898" fs="10">Since</wd>
			<wd l="2969" t="857" r="3065" b="898" fs="10">we</wd>
			<wd l="3096" t="837" r="3228" b="898" fs="10">first</wd>
			<wd l="3256" t="836" r="3556" b="897" fs="10">collected</wd>
			<wd l="3582" t="836" r="3683" b="897" fs="10">the</wd>
			<wd l="3711" t="855" r="3850" b="897" fs="10">new</wd>
		</ln>
		<ln lx="2313" ly="921" rx="3864" ry="1001">
			<wd l="2313" t="923" r="2578" b="1001" fs="10">species</wd>
			<wd l="2624" t="922" r="2827" b="1000" fs="10">along</wd>
			<wd l="2869" t="922" r="2979" b="983" fs="10">the</wd>
			<wd l="3025" t="921" r="3346" b="983" fs="10">southern</wd>
			<wd l="3387" t="921" r="3737" b="999" fs="10">boundary</wd>
			<wd l="3781" t="921" r="3864" b="981" fs="10">of</wd>
		</ln>
		<ln lx="2314" ly="1006" rx="3852" ry="1084">
			<wd l="2314" t="1008" r="2693" b="1069" fs="10">Southwood</wd>
			<wd l="2709" t="1007" r="2998" b="1068" fs="10">National</wd>
			<wd l="3017" t="1007" r="3171" b="1068" fs="10">Park</wd>
			<wd l="3190" t="1007" r="3234" b="1068" fs="10">it</wd>
			<wd l="3254" t="1026" r="3452" b="1068" fs="10">seems</wd>
			<wd l="3474" t="1006" r="3852" b="1084" fs="10">appropriate</wd>
		</ln>
		<ln lx="2310" ly="1096" rx="3770" ry="1175">
			<wd l="2310" t="1106" r="2374" b="1158" fs="10">to</wd>
			<wd l="2397" t="1098" r="2636" b="1158" fs="10">honour</wd>
			<wd l="2657" t="1097" r="2758" b="1158" fs="10">the</wd>
			<wd l="2780" t="1097" r="2931" b="1175" fs="10">park</wd>
			<wd l="2952" t="1097" r="3101" b="1157" fs="10">with</wd>
			<wd l="3122" t="1097" r="3223" b="1157" fs="10">the</wd>
			<wd l="3249" t="1096" r="3504" b="1174" fs="10">specific</wd>
			<wd l="3530" t="1096" r="3770" b="1173" fs="10">epithet.</wd>
		</ln>
		<ln lx="2316" ly="1259" rx="3851" ry="1322">
			<wd l="2316" t="1262" r="2761" b="1322" fs="10">Conservation</wd>
			<wd l="2776" t="1270" r="2992" b="1321" fs="10">status:</wd>
			<wd l="3014" t="1260" r="3214" b="1321" fs="10">Given</wd>
			<wd l="3228" t="1260" r="3372" b="1321" fs="10">time</wd>
			<wd l="3390" t="1259" r="3740" b="1321" fs="10">constraints</wd>
			<wd l="3756" t="1278" r="3851" b="1320" fs="10">we</wd>
		</ln>
		<ln lx="2312" ly="1351" rx="3856" ry="1428">
			<wd l="2312" t="1373" r="2489" b="1413" fs="10">were</wd>
			<wd l="2533" t="1353" r="2781" b="1413" fs="10">unable</wd>
			<wd l="2825" t="1361" r="2893" b="1413" fs="10">to</wd>
			<wd l="2940" t="1372" r="3167" b="1413" fs="10">assess</wd>
			<wd l="3211" t="1371" r="3397" b="1412" fs="10">more</wd>
			<wd l="3441" t="1351" r="3856" b="1428" fs="10">thoroughly</wd>
		</ln>
		<ln lx="2312" ly="1443" rx="3867" ry="1522">
			<wd l="2312" t="1445" r="2423" b="1505" fs="10">the</wd>
			<wd l="2498" t="1444" r="2758" b="1505" fs="10">overall</wd>
			<wd l="2830" t="1463" r="3036" b="1522" fs="10">range</wd>
			<wd l="3111" t="1444" r="3240" b="1504" fs="10">and</wd>
			<wd l="3313" t="1443" r="3710" b="1503" fs="10">abundance</wd>
			<wd l="3784" t="1443" r="3867" b="1503" fs="10">of</wd>
		</ln>
		<ln lx="2310" ly="1534" rx="3855" ry="1613">
			<wd l="2310" t="1536" r="2684" b="1613" fs="10">Leptochloa</wd>
			<wd l="2697" t="1536" r="3103" b="1596" fs="10">southwoodii</wd>
			<wd l="3103" t="1584" r="3117" b="1607" fs="10">,</wd>
			<wd l="3135" t="1535" r="3338" b="1595" fs="10">which</wd>
			<wd l="3353" t="1535" r="3560" b="1595" fs="10">would</wd>
			<wd l="3575" t="1534" r="3651" b="1594" fs="10">be</wd>
			<wd l="3667" t="1534" r="3855" b="1594" fs="10">better</wd>
		</ln>
		<ln lx="2316" ly="1625" rx="3853" ry="1703">
			<wd l="2316" t="1626" r="2779" b="1703" fs="10">accomplished</wd>
			<wd l="2813" t="1625" r="3028" b="1686" fs="10">earlier</wd>
			<wd l="3062" t="1625" r="3126" b="1685" fs="10">in</wd>
			<wd l="3158" t="1625" r="3261" b="1686" fs="10">the</wd>
			<wd l="3296" t="1625" r="3578" b="1702" fs="10">growing</wd>
			<wd l="3614" t="1643" r="3853" b="1685" fs="10">season.</wd>
		</ln>
		<ln lx="2314" ly="1716" rx="3858" ry="1794">
			<wd l="2314" t="1717" r="2524" b="1794" fs="10">Along</wd>
			<wd l="2557" t="1717" r="2658" b="1777" fs="10">the</wd>
			<wd l="2696" t="1717" r="2984" b="1777" fs="10">southern</wd>
			<wd l="3016" t="1716" r="3336" b="1793" fs="10">boundary</wd>
			<wd l="3372" t="1716" r="3449" b="1776" fs="10">of</wd>
			<wd l="3476" t="1716" r="3858" b="1776" fs="10">Southwood</wd>
		</ln>
		<ln lx="2313" ly="1806" rx="3859" ry="1885">
			<wd l="2313" t="1808" r="2627" b="1868" fs="10">National</wd>
			<wd l="2668" t="1807" r="2833" b="1868" fs="10">Park</wd>
			<wd l="2874" t="1807" r="3247" b="1885" fs="10">specimens</wd>
			<wd l="3289" t="1826" r="3461" b="1867" fs="10">were</wd>
			<wd l="3505" t="1826" r="3661" b="1867" fs="10">seen</wd>
			<wd l="3702" t="1806" r="3859" b="1883" fs="10">only</wd>
		</ln>
		<ln lx="2318" ly="1897" rx="3857" ry="1977">
			<wd l="2318" t="1899" r="2723" b="1977" fs="10">sporadically</wd>
			<wd l="2751" t="1899" r="2814" b="1958" fs="10">in</wd>
			<wd l="2839" t="1899" r="2939" b="1959" fs="10">the</wd>
			<wd l="2968" t="1918" r="3107" b="1959" fs="10">area</wd>
			<wd l="3130" t="1898" r="3410" b="1959" fs="10">between</wd>
			<wd l="3435" t="1898" r="3536" b="1958" fs="10">the</wd>
			<wd l="3562" t="1898" r="3711" b="1958" fs="10">road</wd>
			<wd l="3739" t="1897" r="3857" b="1958" fs="10">and</wd>
		</ln>
		<ln lx="2318" ly="1990" rx="3858" ry="2070">
			<wd l="2318" t="1992" r="2590" b="2070" fs="10">adjacent</wd>
			<wd l="2606" t="1991" r="2953" b="2064" fs="10">fencelines,</wd>
			<wd l="2974" t="1990" r="3091" b="2052" fs="10">and</wd>
			<wd l="3105" t="1990" r="3296" b="2069" fs="10">rarely</wd>
			<wd l="3314" t="1990" r="3418" b="2051" fs="10">did</wd>
			<wd l="3432" t="2010" r="3527" b="2051" fs="10">we</wd>
			<wd l="3546" t="1990" r="3676" b="2051" fs="10">find</wd>
			<wd l="3691" t="2009" r="3858" b="2051" fs="10">more</wd>
		</ln>
		<ln lx="2315" ly="2083" rx="3859" ry="2162">
			<wd l="2315" t="2084" r="2465" b="2146" fs="10">than</wd>
			<wd l="2503" t="2084" r="2634" b="2145" fs="10">five</wd>
			<wd l="2673" t="2084" r="3059" b="2145" fs="10">individuals</wd>
			<wd l="3099" t="2092" r="3159" b="2145" fs="10">at</wd>
			<wd l="3196" t="2102" r="3232" b="2144" fs="10">a</wd>
			<wd l="3267" t="2083" r="3460" b="2162" fs="10">given</wd>
			<wd l="3498" t="2083" r="3634" b="2144" fs="10">site.</wd>
			<wd l="3674" t="2085" r="3859" b="2144" fs="10">From</wd>
		</ln>
		<ln lx="2321" ly="2175" rx="3860" ry="2237">
			<wd l="2321" t="2176" r="2717" b="2237" fs="10">Southwood</wd>
			<wd l="2752" t="2176" r="3057" b="2237" fs="10">National</wd>
			<wd l="3095" t="2176" r="3256" b="2236" fs="10">Park</wd>
			<wd l="3292" t="2195" r="3390" b="2236" fs="10">we</wd>
			<wd l="3430" t="2175" r="3860" b="2236" fs="10">encountered</wd>
		</ln>
		<ln lx="2317" ly="2267" rx="3870" ry="2346">
			<wd l="2317" t="2269" r="2514" b="2346" fs="10">plants</wd>
			<wd l="2539" t="2269" r="2722" b="2346" fs="10">along</wd>
			<wd l="2743" t="2268" r="2843" b="2329" fs="10">the</wd>
			<wd l="2865" t="2268" r="3147" b="2329" fs="10">roadside</wd>
			<wd l="3169" t="2276" r="3232" b="2328" fs="10">to</wd>
			<wd l="3257" t="2267" r="3441" b="2328" fs="10">about</wd>
			<wd l="3471" t="2269" r="3539" b="2328" fs="10">15</wd>
			<wd l="3565" t="2267" r="3670" b="2327" fs="10">km</wd>
			<wd l="3692" t="2269" r="3770" b="2327" fs="10">W</wd>
			<wd l="3793" t="2267" r="3870" b="2327" fs="10">of</wd>
		</ln>
		<ln lx="2318" ly="2358" rx="3862" ry="2437">
			<wd l="2318" t="2360" r="2594" b="2420" fs="10">Moonie.</wd>
			<wd l="2617" t="2360" r="2826" b="2437" fs="10">Along</wd>
			<wd l="2844" t="2359" r="2944" b="2420" fs="10">the</wd>
			<wd l="2967" t="2361" r="3140" b="2420" fs="10">Surat</wd>
			<wd l="3158" t="2358" r="3666" b="2436" fs="10">Developmental</wd>
			<wd l="3686" t="2358" r="3862" b="2419" fs="10">Road</wd>
		</ln>
		<ln lx="2318" ly="2450" rx="3863" ry="2528">
			<wd l="2318" t="2451" r="2418" b="2511" fs="10">the</wd>
			<wd l="2448" t="2451" r="2685" b="2528" fs="10">species</wd>
			<wd l="2711" t="2470" r="2840" b="2510" fs="10">was</wd>
			<wd l="2870" t="2470" r="3016" b="2511" fs="10">seen</wd>
			<wd l="3040" t="2459" r="3103" b="2510" fs="10">to</wd>
			<wd l="3130" t="2450" r="3208" b="2510" fs="10">be</wd>
			<wd l="3237" t="2450" r="3461" b="2526" fs="10">locally</wd>
			<wd l="3489" t="2469" r="3778" b="2510" fs="10">common</wd>
			<wd l="3805" t="2458" r="3863" b="2509" fs="10">at</wd>
		</ln>
		<ln lx="2320" ly="2541" rx="3859" ry="2618">
			<wd l="2320" t="2561" r="2438" b="2602" fs="10">one</wd>
			<wd l="2473" t="2542" r="2583" b="2602" fs="10">site</wd>
			<wd l="2618" t="2542" r="2849" b="2602" fs="10">around</wd>
			<wd l="2880" t="2542" r="3100" b="2618" fs="10">gilgais</wd>
			<wd l="3134" t="2542" r="3197" b="2600" fs="10">in</wd>
			<wd l="3227" t="2541" r="3526" b="2618" fs="10">brigalow</wd>
			<wd l="3556" t="2549" r="3859" b="2601" fs="10">remnants</wd>
		</ln>
		<ln lx="2311" ly="2631" rx="3856" ry="2709">
			<wd l="2311" t="2633" r="2448" b="2709" fs="10">just</wd>
			<wd l="2488" t="2652" r="2644" b="2692" fs="10">over</wd>
			<wd l="2681" t="2633" r="2787" b="2692" fs="10">the</wd>
			<wd l="2829" t="2632" r="3154" b="2692" fs="10">fenceline</wd>
			<wd l="3197" t="2631" r="3387" b="2691" fs="10">south</wd>
			<wd l="3427" t="2631" r="3507" b="2691" fs="10">of</wd>
			<wd l="3534" t="2631" r="3640" b="2691" fs="10">the</wd>
			<wd l="3680" t="2631" r="3856" b="2691" fs="10">road.</wd>
		</ln>
		<ln lx="2320" ly="2721" rx="3863" ry="2801">
			<wd l="2320" t="2723" r="2589" b="2801" fs="10">Pending</wd>
			<wd l="2604" t="2723" r="2704" b="2784" fs="10">the</wd>
			<wd l="2722" t="2723" r="3039" b="2800" fs="10">discovery</wd>
			<wd l="3057" t="2722" r="3133" b="2783" fs="10">of</wd>
			<wd l="3141" t="2722" r="3465" b="2783" fs="10">additional</wd>
			<wd l="3481" t="2721" r="3863" b="2799" fs="10">populations</wd>
		</ln>
		<ln lx="2319" ly="2814" rx="3862" ry="2892">
			<wd l="2319" t="2815" r="2445" b="2876" fs="10">that</wd>
			<wd l="2468" t="2815" r="2677" b="2876" fs="10">would</wd>
			<wd l="2702" t="2814" r="2945" b="2892" fs="10">enlarge</wd>
			<wd l="2969" t="2814" r="3070" b="2875" fs="10">the</wd>
			<wd l="3094" t="2814" r="3350" b="2875" fs="10">number</wd>
			<wd l="3374" t="2814" r="3452" b="2875" fs="10">of</wd>
			<wd l="3466" t="2814" r="3694" b="2874" fs="10">Imown</wd>
			<wd l="3720" t="2814" r="3862" b="2874" fs="10">sites</wd>
		</ln>
		<ln lx="2322" ly="2905" rx="3865" ry="2985">
			<wd l="2322" t="2907" r="2440" b="2968" fs="10">and</wd>
			<wd l="2457" t="2907" r="2683" b="2968" fs="10">overall</wd>
			<wd l="2701" t="2906" r="3126" b="2985" fs="10">geographical</wd>
			<wd l="3143" t="2926" r="3344" b="2984" fs="10">range,</wd>
			<wd l="3363" t="2926" r="3458" b="2967" fs="10">we</wd>
			<wd l="3475" t="2905" r="3865" b="2967" fs="10">recommend</wd>
		</ln>
		<ln lx="2320" ly="2997" rx="3861" ry="3060">
			<wd l="2320" t="2999" r="2439" b="3060" fs="10">that</wd>
			<wd l="2475" t="3001" r="2539" b="3060" fs="10">L.</wd>
			<wd l="2574" t="2999" r="2987" b="3060" fs="10">southwoodii</wd>
			<wd l="3015" t="2998" r="3093" b="3059" fs="10">be</wd>
			<wd l="3129" t="2998" r="3307" b="3059" fs="10">listed</wd>
			<wd l="3341" t="3017" r="3406" b="3058" fs="10">as</wd>
			<wd l="3442" t="3017" r="3478" b="3059" fs="10">a</wd>
			<wd l="3508" t="2997" r="3861" b="3058" fs="10">vulnerable</wd>
		</ln>
		<ln lx="2324" ly="3091" rx="2578" ry="3169">
			<wd l="2324" t="3091" r="2578" b="3169" fs="10">species.</wd>
		</ln>
		<ln lx="2322" ly="3256" rx="2976" ry="3331">
			<wd l="2322" t="3256" r="2976" b="3331" fs="10">Acknowledgments</wd>
		</ln>
		<ln lx="2324" ly="3414" rx="3868" ry="3492">
			<wd l="2324" t="3416" r="2485" b="3475" fs="10">This</wd>
			<wd l="2547" t="3435" r="2755" b="3492" fs="10">paper</wd>
			<wd l="2815" t="3423" r="3201" b="3492" fs="10">represents</wd>
			<wd l="3266" t="3434" r="3301" b="3474" fs="10">a</wd>
			<wd l="3360" t="3415" r="3635" b="3491" fs="10">portion</wd>
			<wd l="3697" t="3414" r="3779" b="3474" fs="10">of</wd>
			<wd l="3833" t="3433" r="3868" b="3474" fs="10">a</wd>
		</ln>
		<ln lx="2325" ly="3505" rx="3868" ry="3583">
			<wd l="2325" t="3506" r="2608" b="3567" fs="10">doctoral</wd>
			<wd l="2647" t="3506" r="3051" b="3566" fs="10">dissertation</wd>
			<wd l="3089" t="3505" r="3430" b="3566" fs="10">submitted</wd>
			<wd l="3465" t="3505" r="3549" b="3583" fs="10">by</wd>
			<wd l="3586" t="3505" r="3689" b="3565" fs="10">the</wd>
			<wd l="3729" t="3505" r="3868" b="3565" fs="10">first</wd>
		</ln>
		<ln lx="2326" ly="3596" rx="3867" ry="3657">
			<wd l="2326" t="3598" r="2546" b="3657" fs="10">author</wd>
			<wd l="2580" t="3606" r="2645" b="3657" fs="10">to</wd>
			<wd l="2682" t="3597" r="2786" b="3657" fs="10">the</wd>
			<wd l="2824" t="3597" r="3139" b="3657" fs="10">Graduate</wd>
			<wd l="3181" t="3596" r="3416" b="3656" fs="10">School</wd>
			<wd l="3455" t="3596" r="3534" b="3656" fs="10">of</wd>
			<wd l="3559" t="3598" r="3705" b="3656" fs="10">Arts</wd>
			<wd l="3745" t="3596" r="3867" b="3656" fs="10">and</wd>
		</ln>
		<ln lx="2328" ly="3687" rx="3864" ry="3766">
			<wd l="2328" t="3689" r="2634" b="3761" fs="10">Sciences,</wd>
			<wd l="2667" t="3688" r="3072" b="3766" fs="10">Washington</wd>
			<wd l="3101" t="3688" r="3454" b="3765" fs="10">University</wd>
			<wd l="3485" t="3688" r="3596" b="3764" fs="10">(St.</wd>
			<wd l="3631" t="3687" r="3864" b="3763" fs="10">Louis).</wd>
		</ln>
		<ln lx="2325" ly="3779" rx="3863" ry="3858">
			<wd l="2325" t="3783" r="2470" b="3858" fs="10">Roy</wd>
			<wd l="2511" t="3782" r="2789" b="3852" fs="10">Gereau,</wd>
			<wd l="2832" t="3780" r="3152" b="3840" fs="10">Missouri</wd>
			<wd l="3193" t="3779" r="3539" b="3840" fs="10">Botanical</wd>
			<wd l="3581" t="3779" r="3863" b="3851" fs="10">Garden,</wd>
		</ln>
		<ln lx="2326" ly="3870" rx="3864" ry="3950">
			<wd l="2326" t="3872" r="2708" b="3950" fs="10">graciously</wd>
			<wd l="2748" t="3871" r="3075" b="3949" fs="10">provided</wd>
			<wd l="3115" t="3871" r="3223" b="3932" fs="10">the</wd>
			<wd l="3266" t="3871" r="3457" b="3932" fs="10">Latin</wd>
			<wd l="3499" t="3870" r="3864" b="3948" fs="10">diagnosis.</wd>
		</ln>
		<ln lx="2326" ly="3963" rx="3870" ry="4040">
			<wd l="2326" t="3964" r="2498" b="4025" fs="10">Mike</wd>
			<wd l="2516" t="3964" r="2700" b="4024" fs="10">Veith</wd>
			<wd l="2717" t="3963" r="2972" b="4024" fs="10">assisted</wd>
			<wd l="2990" t="3972" r="3047" b="4024" fs="10">at</wd>
			<wd l="3062" t="3963" r="3162" b="4024" fs="10">the</wd>
			<wd l="3181" t="3963" r="3460" b="4023" fs="10">Electron</wd>
			<wd l="3476" t="3963" r="3870" b="4040" fs="10">Microscopy</wd>
		</ln>
		<ln lx="2328" ly="4054" rx="3870" ry="4134">
			<wd l="2328" t="4056" r="2574" b="4134" fs="10">facility</wd>
			<wd l="2613" t="4065" r="2672" b="4117" fs="10">at</wd>
			<wd l="2710" t="4055" r="3132" b="4133" fs="10">Washington</wd>
			<wd l="3168" t="4055" r="3538" b="4133" fs="10">University</wd>
			<wd l="3576" t="4074" r="3660" b="4116" fs="10">on</wd>
			<wd l="3698" t="4054" r="3870" b="4115" fs="10">short</wd>
		</ln>
		<ln lx="2326" ly="4146" rx="3868" ry="4208">
			<wd l="2326" t="4148" r="2547" b="4208" fs="10">notice.</wd>
			<wd l="2582" t="4147" r="2709" b="4208" fs="10">The</wd>
			<wd l="2741" t="4147" r="2874" b="4208" fs="10">first</wd>
			<wd l="2905" t="4147" r="3118" b="4207" fs="10">author</wd>
			<wd l="3146" t="4146" r="3364" b="4207" fs="10">thanks</wd>
			<wd l="3395" t="4146" r="3490" b="4207" fs="10">his</wd>
			<wd l="3521" t="4146" r="3868" b="4206" fs="10">Australian</wd>
		</ln>
		<ln lx="2329" ly="4238" rx="3868" ry="4317">
			<wd l="2329" t="4240" r="2677" b="4317" fs="10">colleagues</wd>
			<wd l="2704" t="4239" r="2800" b="4299" fs="10">for</wd>
			<wd l="2823" t="4239" r="3154" b="4299" fs="10">assistance</wd>
			<wd l="3180" t="4239" r="3242" b="4298" fs="10">in</wd>
			<wd l="3263" t="4241" r="3423" b="4298" fs="10">New</wd>
			<wd l="3449" t="4238" r="3640" b="4298" fs="10">South</wd>
			<wd l="3663" t="4238" r="3868" b="4298" fs="10">Wales</wd>
		</ln>
		<ln lx="2329" ly="4330" rx="3869" ry="4408">
			<wd l="2329" t="4331" r="2448" b="4392" fs="10">and</wd>
			<wd l="2471" t="4331" r="2883" b="4406" fs="10">Queensland,</wd>
			<wd l="2910" t="4331" r="3029" b="4391" fs="10">and</wd>
			<wd l="3052" t="4330" r="3375" b="4408" fs="10">gratefully</wd>
			<wd l="3400" t="4330" r="3869" b="4407" fs="10">acknowledges</wd>
		</ln>
		<ln lx="2329" ly="4421" rx="3870" ry="4499">
			<wd l="2329" t="4422" r="2619" b="4482" fs="10">financial</wd>
			<wd l="2646" t="4422" r="2978" b="4482" fs="10">assistance</wd>
			<wd l="3003" t="4421" r="3303" b="4499" fs="10">provided</wd>
			<wd l="3327" t="4421" r="3429" b="4498" fs="10">by:</wd>
			<wd l="3457" t="4421" r="3558" b="4481" fs="10">the</wd>
			<wd l="3582" t="4421" r="3870" b="4481" fs="10">National</wd>
		</ln>
		<ln lx="2332" ly="4512" rx="3870" ry="4589">
			<wd l="2332" t="4514" r="2586" b="4574" fs="10">Science</wd>
			<wd l="2617" t="4513" r="3000" b="4573" fs="10">Foundation</wd>
			<wd l="3031" t="4513" r="3251" b="4589" fs="10">(USA)</wd>
			<wd l="3285" t="4513" r="3381" b="4572" fs="10">for</wd>
			<wd l="3412" t="4531" r="3447" b="4572" fs="10">a</wd>
			<wd l="3477" t="4520" r="3647" b="4589" fs="10">grant</wd>
			<wd l="3676" t="4521" r="3739" b="4572" fs="10">to</wd>
			<wd l="3769" t="4512" r="3870" b="4573" fs="10">the</wd>
		</ln>
		<ln lx="2329" ly="4604" rx="3870" ry="4681">
			<wd l="2329" t="4605" r="2520" b="4665" fs="10">Plant</wd>
			<wd l="2574" t="4605" r="2873" b="4681" fs="10">Biology</wd>
			<wd l="2928" t="4606" r="3246" b="4681" fs="10">Program</wd>
			<wd l="3302" t="4612" r="3365" b="4664" fs="10">at</wd>
			<wd l="3419" t="4604" r="3870" b="4680" fs="10">Washington</wd>
		</ln>
		<ln lx="2328" ly="4695" rx="3872" ry="4772">
			<wd l="2328" t="4696" r="2681" b="4772" fs="10">University</wd>
			<wd l="2706" t="4696" r="2818" b="4771" fs="10">(St.</wd>
			<wd l="2846" t="4695" r="3054" b="4767" fs="10">Louis,</wd>
			<wd l="3080" t="4695" r="3425" b="4770" fs="10">Missouri);</wd>
			<wd l="3451" t="4695" r="3551" b="4755" fs="10">the</wd>
			<wd l="3575" t="4695" r="3872" b="4754" fs="10">Missouri</wd>
		</ln>
		<ln lx="2330" ly="4785" rx="3872" ry="4863">
			<wd l="2330" t="4787" r="2689" b="4848" fs="10">Botanical</wd>
			<wd l="2752" t="4786" r="3023" b="4848" fs="10">Garden</wd>
			<wd l="3085" t="4786" r="3379" b="4863" fs="10">(Andew</wd>
			<wd l="3440" t="4788" r="3540" b="4847" fs="10">W.</wd>
			<wd l="3605" t="4785" r="3872" b="4846" fs="10">Mellon</wd>
		</ln>
		<ln lx="2330" ly="4878" rx="3874" ry="4956">
			<wd l="2330" t="4879" r="2758" b="4955" fs="10">Foundation);</wd>
			<wd l="2780" t="4879" r="2898" b="4940" fs="10">and</wd>
			<wd l="2913" t="4878" r="3200" b="4939" fs="10">National</wd>
			<wd l="3220" t="4878" r="3607" b="4956" fs="10">Geographic</wd>
			<wd l="3628" t="4878" r="3874" b="4955" fs="10">Society</wd>
		</ln>
		<ln lx="2332" ly="4969" rx="3874" ry="5049">
			<wd l="2332" t="4972" r="2523" b="5048" fs="10">(NGS</wd>
			<wd l="2564" t="4971" r="2890" b="5048" fs="10">5594-95),</wd>
			<wd l="2927" t="4970" r="3134" b="5031" fs="10">which</wd>
			<wd l="3168" t="4969" r="3538" b="5049" fs="10">generously</wd>
			<wd l="3571" t="4969" r="3874" b="5048" fs="10">provided</wd>
		</ln>
		<ln lx="2333" ly="5062" rx="3874" ry="5141">
			<wd l="2333" t="5063" r="2590" b="5141" fs="10">funding</wd>
			<wd l="2621" t="5063" r="2717" b="5124" fs="10">for</wd>
			<wd l="2746" t="5063" r="3070" b="5124" fs="10">fieldwork</wd>
			<wd l="3098" t="5063" r="3162" b="5122" fs="10">in</wd>
			<wd l="3189" t="5062" r="3511" b="5123" fs="10">Australia.</wd>
			<wd l="3545" t="5064" r="3658" b="5122" fs="10">We</wd>
			<wd l="3687" t="5062" r="3874" b="5122" fs="10">thank</wd>
		</ln>
		<ln lx="2331" ly="5154" rx="3873" ry="5216">
			<wd l="2331" t="5158" r="2516" b="5216" fs="10">Peter</wd>
			<wd l="2554" t="5154" r="2847" b="5216" fs="10">Bostock</wd>
			<wd l="2887" t="5155" r="2990" b="5215" fs="10">for</wd>
			<wd l="3027" t="5155" r="3129" b="5215" fs="10">his</wd>
			<wd l="3171" t="5154" r="3531" b="5215" fs="10">assistance</wd>
			<wd l="3571" t="5154" r="3729" b="5214" fs="10">with</wd>
			<wd l="3766" t="5154" r="3873" b="5214" fs="10">the</wd>
		</ln>
		<ln lx="2331" ly="5245" rx="3874" ry="5324">
			<wd l="2331" t="5246" r="2751" b="5324" fs="10">preparation</wd>
			<wd l="2792" t="5246" r="2873" b="5307" fs="10">of</wd>
			<wd l="2903" t="5246" r="3010" b="5306" fs="10">the</wd>
			<wd l="3054" t="5246" r="3480" b="5306" fs="10">distribution</wd>
			<wd l="3519" t="5264" r="3704" b="5323" fs="10">maps</wd>
			<wd l="3748" t="5245" r="3874" b="5305" fs="10">and</wd>
		</ln>
		<ln lx="2332" ly="5337" rx="3873" ry="5415">
			<wd l="2332" t="5341" r="2442" b="5398" fs="10">Dr.</wd>
			<wd l="2485" t="5338" r="2768" b="5415" fs="10">Carolyn</wd>
			<wd l="2806" t="5338" r="3071" b="5398" fs="10">Weiller</wd>
			<wd l="3110" t="5338" r="3211" b="5398" fs="10">for</wd>
			<wd l="3249" t="5346" r="3606" b="5397" fs="10">comments</wd>
			<wd l="3647" t="5356" r="3731" b="5397" fs="10">on</wd>
			<wd l="3767" t="5337" r="3873" b="5397" fs="10">the</wd>
		</ln>
		<ln lx="2332" ly="5429" rx="2722" ry="5506">
			<wd l="2332" t="5429" r="2722" b="5506" fs="10">manuscript.</wd>
		</ln>
	</region>
</ocr-page>
