<?xml version="1.0" encoding="UTF-8"?>
<ocr-page type="coords" ocr-vers="1.0" creation-date="20130321" res="600" height="6300" width="4500">
	<region article-doi="10.2307/41729916" region-id="0">
		<rc l="963" t="951" r="3497" b="1177"/>
		<ln lx="968" ly="956" rx="3492" ry="1050">
			<wd l="968" t="960" r="1038" b="1030" fs="10">A</wd>
			<wd l="1068" t="958" r="1402" b="1030" fs="10">revision</wd>
			<wd l="1434" t="958" r="1522" b="1030" fs="10">of</wd>
			<wd l="1534" t="958" r="1806" b="1030" fs="10">Rubus</wd>
			<wd l="1834" t="960" r="2054" b="1050" fs="10">subg.</wd>
			<wd l="2080" t="956" r="2674" b="1028" fs="10">Malachobaius</wd>
			<wd l="2702" t="956" r="3022" b="1046" fs="10">(Focke)</wd>
			<wd l="3052" t="956" r="3306" b="1028" fs="10">Focke</wd>
			<wd l="3338" t="956" r="3492" b="1026" fs="10">and</wd>
		</ln>
		<ln lx="980" ly="1076" rx="3482" ry="1172">
			<wd l="980" t="1080" r="1248" b="1152" fs="10">Rubus</wd>
			<wd l="1276" t="1080" r="1494" b="1172" fs="10">subg.</wd>
			<wd l="1520" t="1078" r="2016" b="1152" fs="10">Diemenicus</wd>
			<wd l="2044" t="1080" r="2450" b="1150" fs="10">A.R.Bean</wd>
			<wd l="2484" t="1078" r="2942" b="1168" fs="10">(Rosaceae)</wd>
			<wd l="2974" t="1078" r="3050" b="1148" fs="10">in</wd>
			<wd l="3082" t="1076" r="3482" b="1148" fs="10">Australia</wd>
		</ln>
	</region>
	<region article-doi="10.2307/41729916" region-id="1">
		<rc l="2043" t="1265" r="2415" b="1333"/>
		<ln lx="2048" ly="1270" rx="2410" ry="1328">
			<wd l="2048" t="1270" r="2208" b="1328" fs="10">A.R.</wd>
			<wd l="2234" t="1270" r="2410" b="1328" fs="10">Bean</wd>
		</ln>
	</region>
	<region article-doi="10.2307/41729916" region-id="2">
		<rc l="2053" t="1435" r="2413" b="1523"/>
		<ln lx="2058" ly="1440" rx="2408" ry="1518">
			<wd l="2058" t="1440" r="2408" b="1518" fs="10">Summary</wd>
		</ln>
	</region>
	<region article-doi="10.2307/41729916" region-id="3">
		<rc l="851" t="1600" r="3614" b="1976"/>
		<ln lx="858" ly="1605" rx="3604" ry="1669">
			<wd l="858" t="1610" r="1015" b="1666" fs="10">Bean,</wd>
			<wd l="1046" t="1609" r="1173" b="1656" fs="10">A.R.</wd>
			<wd l="1207" t="1608" r="1407" b="1669" fs="10">(1997).</wd>
			<wd l="1439" t="1609" r="1486" b="1655" fs="10">A</wd>
			<wd l="1515" t="1607" r="1743" b="1656" fs="10">revision</wd>
			<wd l="1774" t="1607" r="1837" b="1655" fs="10">of</wd>
			<wd l="1860" t="1607" r="2036" b="1655" fs="10">Rubus</wd>
			<wd l="2066" t="1607" r="2206" b="1668" fs="10">subg.</wd>
			<wd l="2245" t="1606" r="2650" b="1654" fs="10">Malachobaius</wd>
			<wd l="2679" t="1606" r="2893" b="1667" fs="10">(Focke)</wd>
			<wd l="2923" t="1606" r="3091" b="1654" fs="10">Focke</wd>
			<wd l="3122" t="1605" r="3220" b="1654" fs="10">and</wd>
			<wd l="3252" t="1605" r="3428" b="1653" fs="10">Rubus</wd>
			<wd l="3460" t="1605" r="3604" b="1666" fs="10">subg.</wd>
		</ln>
		<ln lx="856" ly="1680" rx="3609" ry="1744">
			<wd l="856" t="1686" r="1190" b="1732" fs="10">Diemenicus</wd>
			<wd l="1213" t="1685" r="1490" b="1732" fs="10">A.R.Bean</wd>
			<wd l="1516" t="1683" r="1829" b="1744" fs="10">(Rosaceae)</wd>
			<wd l="1857" t="1682" r="1907" b="1731" fs="10">in</wd>
			<wd l="1932" t="1682" r="2208" b="1731" fs="10">Australia.</wd>
			<wd l="2231" t="1682" r="2632" b="1744" fs="10">Austrobaileya</wd>
			<wd l="2658" t="1682" r="2789" b="1743" fs="10">5(1):</wd>
			<wd l="2818" t="1682" r="3007" b="1730" fs="10">39-51.</wd>
			<wd l="3035" t="1681" r="3140" b="1730" fs="10">The</wd>
			<wd l="3168" t="1680" r="3274" b="1730" fs="10">five</wd>
			<wd l="3301" t="1680" r="3609" b="1742" fs="10">indigenous</wd>
		</ln>
		<ln lx="860" ly="1756" rx="3607" ry="1819">
			<wd l="860" t="1759" r="957" b="1807" fs="10">and</wd>
			<wd l="974" t="1759" r="1287" b="1807" fs="10">naturalised</wd>
			<wd l="1304" t="1758" r="1600" b="1807" fs="10">Australian</wd>
			<wd l="1617" t="1765" r="1735" b="1807" fs="10">taxa</wd>
			<wd l="1752" t="1758" r="2037" b="1819" fs="10">belonging</wd>
			<wd l="2054" t="1765" r="2106" b="1806" fs="10">to</wd>
			<wd l="2115" t="1758" r="2290" b="1805" fs="10">Rubus</wd>
			<wd l="2311" t="1757" r="2458" b="1819" fs="10">subg.</wd>
			<wd l="2474" t="1757" r="2878" b="1805" fs="10">Malachobaius</wd>
			<wd l="2896" t="1757" r="3114" b="1817" fs="10">(Focke)</wd>
			<wd l="3133" t="1757" r="3304" b="1805" fs="10">Focke</wd>
			<wd l="3324" t="1756" r="3423" b="1805" fs="10">and</wd>
			<wd l="3433" t="1756" r="3607" b="1804" fs="10">Rubus</wd>
		</ln>
		<ln lx="861" ly="1831" rx="3608" ry="1896">
			<wd l="861" t="1834" r="1006" b="1896" fs="10">subg.</wd>
			<wd l="1026" t="1836" r="1360" b="1882" fs="10">Diemenicus</wd>
			<wd l="1382" t="1833" r="1527" b="1895" fs="10">subg.</wd>
			<wd l="1551" t="1849" r="1670" b="1882" fs="10">nov.</wd>
			<wd l="1696" t="1849" r="1778" b="1882" fs="10">are</wd>
			<wd l="1798" t="1833" r="2009" b="1882" fs="10">treated.</wd>
			<wd l="2032" t="1834" r="2079" b="1881" fs="10">A</wd>
			<wd l="2100" t="1848" r="2214" b="1881" fs="10">new</wd>
			<wd l="2235" t="1832" r="2515" b="1894" fs="10">variety,/?,</wd>
			<wd l="2543" t="1832" r="2880" b="1880" fs="10">moluccanus</wd>
			<wd l="2900" t="1847" r="3005" b="1881" fs="10">var.</wd>
			<wd l="3028" t="1832" r="3247" b="1880" fs="10">trilobus</wd>
			<wd l="3266" t="1832" r="3543" b="1879" fs="10">A.R.Bean</wd>
			<wd l="3566" t="1831" r="3608" b="1879" fs="10">is</wd>
		</ln>
		<ln lx="860" ly="1906" rx="3289" ry="1971">
			<wd l="860" t="1909" r="1144" b="1959" fs="10">described.</wd>
			<wd l="1171" t="1910" r="1218" b="1958" fs="10">A</wd>
			<wd l="1241" t="1909" r="1339" b="1971" fs="10">key</wd>
			<wd l="1363" t="1916" r="1414" b="1958" fs="10">to</wd>
			<wd l="1439" t="1909" r="1523" b="1958" fs="10">the</wd>
			<wd l="1547" t="1908" r="1719" b="1958" fs="10">native</wd>
			<wd l="1745" t="1908" r="1843" b="1958" fs="10">and</wd>
			<wd l="1866" t="1908" r="2180" b="1958" fs="10">naturalised</wd>
			<wd l="2203" t="1907" r="2499" b="1957" fs="10">Australian</wd>
			<wd l="2522" t="1914" r="2641" b="1957" fs="10">taxa</wd>
			<wd l="2664" t="1907" r="2727" b="1957" fs="10">of</wd>
			<wd l="2735" t="1908" r="2910" b="1956" fs="10">Rubus</wd>
			<wd l="2936" t="1907" r="2979" b="1956" fs="10">is</wd>
			<wd l="3002" t="1906" r="3289" b="1970" fs="10">presented.</wd>
		</ln>
	</region>
	<region article-doi="10.2307/41729916" region-id="4">
		<rc l="853" t="2050" r="3616" b="2420"/>
		<ln lx="858" ly="2055" rx="3611" ry="2119">
			<wd l="858" t="2057" r="1165" b="2119" fs="10">Keywords:</wd>
			<wd l="1186" t="2064" r="1485" b="2119" fs="10">taxonomy,</wd>
			<wd l="1506" t="2059" r="1791" b="2115" fs="10">Rosaceae,</wd>
			<wd l="1803" t="2057" r="1996" b="2115" fs="10">Rubus,</wd>
			<wd l="2016" t="2056" r="2314" b="2105" fs="10">Australian</wd>
			<wd l="2335" t="2056" r="2484" b="2114" fs="10">flora,</wd>
			<wd l="2505" t="2056" r="2603" b="2118" fs="10">key</wd>
			<wd l="2610" t="2096" r="2621" b="2114" fs="10">,</wd>
			<wd l="2634" t="2056" r="2810" b="2104" fs="10">Rubus</wd>
			<wd l="2831" t="2056" r="2978" b="2117" fs="10">subg.</wd>
			<wd l="2995" t="2055" r="3412" b="2111" fs="10">Malachobaius,</wd>
			<wd l="3435" t="2055" r="3611" b="2103" fs="10">Rubus</wd>
		</ln>
		<ln lx="861" ly="2130" rx="3603" ry="2195">
			<wd l="861" t="2133" r="998" b="2195" fs="10">subg.</wd>
			<wd l="1021" t="2133" r="1325" b="2188" fs="10">Dalibarda,</wd>
			<wd l="1348" t="2132" r="1523" b="2181" fs="10">Rubus</wd>
			<wd l="1536" t="2132" r="1673" b="2194" fs="10">subg.</wd>
			<wd l="1696" t="2134" r="2038" b="2188" fs="10">Diemenicus,</wd>
			<wd l="2060" t="2132" r="2235" b="2180" fs="10">Rubus</wd>
			<wd l="2252" t="2131" r="2556" b="2193" fs="10">alceifolius,</wd>
			<wd l="2578" t="2131" r="2753" b="2180" fs="10">Rubus</wd>
			<wd l="2771" t="2131" r="3103" b="2180" fs="10">moluccanus</wd>
			<wd l="3139" t="2146" r="3236" b="2180" fs="10">var.</wd>
			<wd l="3261" t="2130" r="3603" b="2186" fs="10">moluccanus,</wd>
		</ln>
		<ln lx="858" ly="2207" rx="3134" ry="2268">
			<wd l="858" t="2209" r="1033" b="2256" fs="10">Rubus</wd>
			<wd l="1056" t="2209" r="1392" b="2256" fs="10">moluccanus</wd>
			<wd l="1413" t="2223" r="1512" b="2256" fs="10">var.</wd>
			<wd l="1543" t="2208" r="1775" b="2263" fs="10">trilobus,</wd>
			<wd l="1803" t="2208" r="1979" b="2255" fs="10">Rubus</wd>
			<wd l="2003" t="2208" r="2149" b="2262" fs="10">hillii,</wd>
			<wd l="2177" t="2207" r="2352" b="2255" fs="10">Rubus</wd>
			<wd l="2372" t="2224" r="2405" b="2255" fs="10">x</wd>
			<wd l="2428" t="2224" r="2601" b="2262" fs="10">novus,</wd>
			<wd l="2629" t="2207" r="2805" b="2255" fs="10">Rubus</wd>
			<wd l="2826" t="2210" r="3134" b="2268" fs="10">gunnianus.</wd>
		</ln>
		<ln lx="859" ly="2352" rx="3367" ry="2415">
			<wd l="859" t="2356" r="1136" b="2413" fs="10">A.R.Bean,</wd>
			<wd l="1158" t="2354" r="1472" b="2415" fs="10">Queensland</wd>
			<wd l="1491" t="2354" r="1794" b="2412" fs="10">Herbarium,</wd>
			<wd l="1816" t="2354" r="2000" b="2403" fs="10">Meiers</wd>
			<wd l="2020" t="2354" r="2175" b="2412" fs="10">Road,</wd>
			<wd l="2197" t="2353" r="2579" b="2415" fs="10">Indooroopilly,</wd>
			<wd l="2602" t="2353" r="2930" b="2413" fs="10">Queensland,</wd>
			<wd l="2952" t="2353" r="3099" b="2411" fs="10">4068,</wd>
			<wd l="3121" t="2352" r="3367" b="2401" fs="10">Australia</wd>
		</ln>
	</region>
	<region article-doi="10.2307/41729916" region-id="5">
		<rc l="618" t="2593" r="2194" b="5100"/>
		<ln lx="627" ly="2598" rx="1075" ry="2657">
			<wd l="627" t="2598" r="1075" b="2657" fs="10">Introduction</wd>
		</ln>
		<ln lx="623" ly="2758" rx="2174" ry="2837">
			<wd l="623" t="2760" r="851" b="2821" fs="10">Rubus</wd>
			<wd l="907" t="2762" r="978" b="2820" fs="10">L.</wd>
			<wd l="1038" t="2760" r="1094" b="2820" fs="10">is</wd>
			<wd l="1153" t="2779" r="1188" b="2820" fs="10">a</wd>
			<wd l="1244" t="2759" r="1427" b="2837" fs="10">large</wd>
			<wd l="1485" t="2778" r="1698" b="2837" fs="10">genus</wd>
			<wd l="1755" t="2758" r="1919" b="2819" fs="10">with</wd>
			<wd l="1974" t="2778" r="2174" b="2836" fs="10">many</wd>
		</ln>
		<ln lx="625" ly="2851" rx="2176" ry="2931">
			<wd l="625" t="2852" r="1123" b="2931" fs="10">representatives</wd>
			<wd l="1144" t="2852" r="1206" b="2912" fs="10">in</wd>
			<wd l="1223" t="2852" r="1323" b="2913" fs="10">the</wd>
			<wd l="1341" t="2851" r="1626" b="2912" fs="10">northern</wd>
			<wd l="1643" t="2851" r="2048" b="2929" fs="10">hemisphere,</wd>
			<wd l="2068" t="2851" r="2176" b="2912" fs="10">but</wd>
		</ln>
		<ln lx="627" ly="2944" rx="2175" ry="3024">
			<wd l="627" t="2946" r="675" b="3006" fs="10">it</wd>
			<wd l="719" t="2945" r="774" b="3006" fs="10">is</wd>
			<wd l="819" t="2945" r="1061" b="3024" fs="10">poorly</wd>
			<wd l="1104" t="2945" r="1540" b="3023" fs="10">represented</wd>
			<wd l="1585" t="2945" r="1652" b="3004" fs="10">in</wd>
			<wd l="1695" t="2944" r="1805" b="3005" fs="10">the</wd>
			<wd l="1853" t="2944" r="2175" b="3005" fs="10">southern</wd>
		</ln>
		<ln lx="625" ly="3037" rx="2175" ry="3115">
			<wd l="625" t="3037" r="1050" b="3115" fs="10">hemisphere.</wd>
			<wd l="1092" t="3040" r="1214" b="3098" fs="10">For</wd>
			<wd l="1253" t="3037" r="1568" b="3114" fs="10">example,</wd>
			<wd l="1612" t="3037" r="1745" b="3097" fs="10">five</wd>
			<wd l="1786" t="3037" r="2175" b="3114" fs="10">indigenous</wd>
		</ln>
		<ln lx="629" ly="3128" rx="2174" ry="3207">
			<wd l="629" t="3130" r="863" b="3207" fs="10">species</wd>
			<wd l="894" t="3149" r="991" b="3190" fs="10">are</wd>
			<wd l="1020" t="3129" r="1312" b="3190" fs="10">recorded</wd>
			<wd l="1342" t="3129" r="1438" b="3189" fs="10">for</wd>
			<wd l="1463" t="3131" r="1623" b="3189" fs="10">New</wd>
			<wd l="1650" t="3129" r="1920" b="3189" fs="10">Zealand</wd>
			<wd l="1950" t="3128" r="2174" b="3205" fs="10">(Webb</wd>
		</ln>
		<ln lx="629" ly="3220" rx="2178" ry="3299">
			<wd l="629" t="3230" r="688" b="3283" fs="10">et</wd>
			<wd l="728" t="3222" r="807" b="3282" fs="10">al.</wd>
			<wd l="860" t="3222" r="1077" b="3298" fs="10">1980).</wd>
			<wd l="1120" t="3221" r="1451" b="3282" fs="10">Australia</wd>
			<wd l="1490" t="3221" r="1545" b="3281" fs="10">is</wd>
			<wd l="1588" t="3220" r="1905" b="3298" fs="10">similarly</wd>
			<wd l="1944" t="3220" r="2178" b="3299" fs="10">poorly</wd>
		</ln>
		<ln lx="629" ly="3313" rx="2176" ry="3391">
			<wd l="629" t="3314" r="962" b="3387" fs="10">endowed,</wd>
			<wd l="1002" t="3314" r="1158" b="3374" fs="10">with</wd>
			<wd l="1197" t="3333" r="1233" b="3374" fs="10">a</wd>
			<wd l="1268" t="3314" r="1424" b="3374" fs="10">total</wd>
			<wd l="1465" t="3314" r="1545" b="3374" fs="10">of</wd>
			<wd l="1575" t="3313" r="1750" b="3391" fs="10">eight</wd>
			<wd l="1789" t="3313" r="2176" b="3391" fs="10">indigenous</wd>
		</ln>
		<ln lx="630" ly="3406" rx="2179" ry="3485">
			<wd l="630" t="3407" r="883" b="3485" fs="10">species,</wd>
			<wd l="905" t="3426" r="1021" b="3467" fs="10">one</wd>
			<wd l="1039" t="3406" r="1257" b="3484" fs="10">hybrid</wd>
			<wd l="1276" t="3406" r="1395" b="3467" fs="10">and</wd>
			<wd l="1415" t="3425" r="1585" b="3466" fs="10">some</wd>
			<wd l="1605" t="3406" r="2021" b="3483" fs="10">infraspecific</wd>
			<wd l="2038" t="3414" r="2179" b="3466" fs="10">taxa</wd>
		</ln>
		<ln lx="629" ly="3499" rx="1272" ry="3575">
			<wd l="629" t="3500" r="824" b="3575" fs="10">(Bean</wd>
			<wd l="858" t="3500" r="1032" b="3571" fs="10">1995,</wd>
			<wd l="1069" t="3499" r="1272" b="3575" fs="10">1997).</wd>
		</ln>
		<ln lx="629" ly="3661" rx="1969" ry="3740">
			<wd l="629" t="3665" r="777" b="3723" fs="10">Two</wd>
			<wd l="804" t="3662" r="1142" b="3740" fs="10">subgenera</wd>
			<wd l="1165" t="3681" r="1262" b="3722" fs="10">are</wd>
			<wd l="1286" t="3661" r="1513" b="3722" fs="10">treated</wd>
			<wd l="1537" t="3661" r="1600" b="3721" fs="10">in</wd>
			<wd l="1622" t="3661" r="1741" b="3722" fs="10">this</wd>
			<wd l="1764" t="3681" r="1969" b="3739" fs="10">paper:</wd>
		</ln>
		<ln lx="625" ly="3825" rx="2174" ry="3903">
			<wd l="625" t="3827" r="848" b="3886" fs="10">Rubus</wd>
			<wd l="874" t="3828" r="1054" b="3903" fs="10">subg.</wd>
			<wd l="1082" t="3826" r="1578" b="3886" fs="10">Malachobaius</wd>
			<wd l="1605" t="3825" r="1862" b="3901" fs="10">(Focke)</wd>
			<wd l="1891" t="3825" r="2094" b="3885" fs="10">Focke</wd>
			<wd l="2123" t="3825" r="2174" b="3885" fs="10">is</wd>
		</ln>
		<ln lx="630" ly="3917" rx="2176" ry="3996">
			<wd l="630" t="3938" r="665" b="3979" fs="10">a</wd>
			<wd l="684" t="3919" r="845" b="3996" fs="10">large</wd>
			<wd l="867" t="3918" r="1174" b="3996" fs="10">subgenus</wd>
			<wd l="1194" t="3918" r="1342" b="3979" fs="10">with</wd>
			<wd l="1362" t="3938" r="1438" b="3979" fs="10">an</wd>
			<wd l="1458" t="3917" r="1775" b="3979" fs="10">estimated</wd>
			<wd l="1803" t="3919" r="1915" b="3978" fs="10">127</wd>
			<wd l="1940" t="3917" r="2176" b="3995" fs="10">species</wd>
		</ln>
		<ln lx="630" ly="4010" rx="2189" ry="4088">
			<wd l="630" t="4011" r="1040" b="4088" fs="10">(Thompson</wd>
			<wd l="1090" t="4011" r="1311" b="4087" fs="10">1997),</wd>
			<wd l="1356" t="4010" r="1481" b="4071" fs="10">and</wd>
			<wd l="1522" t="4010" r="1680" b="4071" fs="10">with</wd>
			<wd l="1722" t="4010" r="1803" b="4070" fs="10">its</wd>
			<wd l="1847" t="4018" r="2065" b="4071" fs="10">centre</wd>
			<wd l="2109" t="4010" r="2189" b="4070" fs="10">of</wd>
		</ln>
		<ln lx="631" ly="4102" rx="2179" ry="4181">
			<wd l="631" t="4103" r="919" b="4181" fs="10">diversity</wd>
			<wd l="942" t="4103" r="1005" b="4162" fs="10">in</wd>
			<wd l="1028" t="4111" r="1264" b="4163" fs="10">eastern</wd>
			<wd l="1285" t="4102" r="1455" b="4163" fs="10">Asia.</wd>
			<wd l="1482" t="4105" r="1736" b="4180" fs="10">Twenty</wd>
			<wd l="1762" t="4102" r="1999" b="4180" fs="10">species</wd>
			<wd l="2022" t="4102" r="2179" b="4163" fs="10">have</wd>
		</ln>
		<ln lx="629" ly="4195" rx="2176" ry="4271">
			<wd l="629" t="4196" r="787" b="4256" fs="10">been</wd>
			<wd l="820" t="4195" r="1118" b="4256" fs="10">recorded</wd>
			<wd l="1154" t="4195" r="1251" b="4256" fs="10">for</wd>
			<wd l="1285" t="4195" r="1554" b="4256" fs="10">Malesia</wd>
			<wd l="1588" t="4195" r="1926" b="4271" fs="10">(Kalkman</wd>
			<wd l="1970" t="4195" r="2176" b="4271" fs="10">1984).</wd>
		</ln>
		<ln lx="628" ly="4287" rx="2181" ry="4365">
			<wd l="628" t="4290" r="785" b="4348" fs="10">New</wd>
			<wd l="808" t="4288" r="1048" b="4348" fs="10">Guinea</wd>
			<wd l="1067" t="4287" r="1176" b="4348" fs="10">has</wd>
			<wd l="1199" t="4287" r="1364" b="4348" fs="10">three</wd>
			<wd l="1389" t="4287" r="1754" b="4365" fs="10">indigenous</wd>
			<wd l="1780" t="4287" r="2036" b="4365" fs="10">species,</wd>
			<wd l="2063" t="4287" r="2181" b="4347" fs="10">and</wd>
		</ln>
		<ln lx="629" ly="4379" rx="2176" ry="4456">
			<wd l="629" t="4380" r="935" b="4440" fs="10">Australia</wd>
			<wd l="963" t="4380" r="1073" b="4440" fs="10">has</wd>
			<wd l="1097" t="4380" r="1226" b="4456" fs="10">just</wd>
			<wd l="1258" t="4399" r="1375" b="4440" fs="10">one</wd>
			<wd l="1409" t="4380" r="1437" b="4454" fs="10">(</wd>
			<wd l="1437" t="4382" r="1481" b="4439" fs="10">R</wd>
			<wd l="1486" t="4431" r="1495" b="4439" fs="10">.</wd>
			<wd l="1536" t="4379" r="1934" b="4440" fs="10">moluccanus</wd>
			<wd l="1967" t="4380" r="2082" b="4455" fs="10">L.).</wd>
			<wd l="2117" t="4381" r="2176" b="4438" fs="10">A</wd>
		</ln>
		<ln lx="633" ly="4470" rx="2177" ry="4547">
			<wd l="633" t="4471" r="857" b="4530" fs="10">second</wd>
			<wd l="876" t="4471" r="1200" b="4547" fs="10">species,/?,</wd>
			<wd l="1225" t="4470" r="1561" b="4547" fs="10">alceifolius</wd>
			<wd l="1578" t="4471" r="1730" b="4530" fs="10">Poir.</wd>
			<wd l="1751" t="4470" r="1802" b="4529" fs="10">is</wd>
			<wd l="1818" t="4470" r="2177" b="4530" fs="10">naturalised</wd>
		</ln>
		<ln lx="632" ly="4561" rx="2175" ry="4638">
			<wd l="632" t="4562" r="693" b="4621" fs="10">in</wd>
			<wd l="710" t="4562" r="884" b="4621" fs="10">north</wd>
			<wd l="903" t="4561" r="1311" b="4636" fs="10">Queensland.</wd>
			<wd l="1322" t="4562" r="1530" b="4621" fs="10">Rubus</wd>
			<wd l="1548" t="4582" r="1809" b="4638" fs="10">rugosus</wd>
			<wd l="1829" t="4562" r="1974" b="4633" fs="10">Sm.,</wd>
			<wd l="1993" t="4561" r="2175" b="4621" fs="10">while</wd>
		</ln>
		<ln lx="630" ly="4652" rx="2178" ry="4724">
			<wd l="630" t="4661" r="737" b="4712" fs="10">not</wd>
			<wd l="771" t="4653" r="1001" b="4712" fs="10">known</wd>
			<wd l="1035" t="4661" r="1098" b="4712" fs="10">to</wd>
			<wd l="1134" t="4653" r="1211" b="4712" fs="10">be</wd>
			<wd l="1247" t="4652" r="1622" b="4712" fs="10">naturalised</wd>
			<wd l="1658" t="4652" r="1721" b="4711" fs="10">in</wd>
			<wd l="1755" t="4652" r="2087" b="4724" fs="10">Australia,</wd>
			<wd l="2127" t="4652" r="2178" b="4712" fs="10">is</wd>
		</ln>
		<ln lx="632" ly="4744" rx="2180" ry="4821">
			<wd l="632" t="4744" r="1103" b="4821" fs="10">occasionally</wd>
			<wd l="1167" t="4744" r="1564" b="4816" fs="10">cultivated,</wd>
			<wd l="1632" t="4744" r="1761" b="4804" fs="10">and</wd>
			<wd l="1822" t="4744" r="1943" b="4804" fs="10">has</wd>
			<wd l="2006" t="4744" r="2180" b="4804" fs="10">been</wd>
		</ln>
		<ln lx="630" ly="4835" rx="2182" ry="4912">
			<wd l="630" t="4835" r="1069" b="4895" fs="10">misidentified</wd>
			<wd l="1093" t="4835" r="1176" b="4912" fs="10">by</wd>
			<wd l="1200" t="4835" r="1550" b="4895" fs="10">Australian</wd>
			<wd l="1574" t="4835" r="1871" b="4895" fs="10">botanists</wd>
			<wd l="1900" t="4855" r="1965" b="4895" fs="10">as</wd>
			<wd l="1993" t="4835" r="2182" b="4895" fs="10">either</wd>
		</ln>
		<ln lx="628" ly="4927" rx="2179" ry="5004">
			<wd l="628" t="4929" r="694" b="4987" fs="10">R.</wd>
			<wd l="744" t="4927" r="1170" b="4987" fs="10">moluccanus</wd>
			<wd l="1210" t="4927" r="1486" b="5004" fs="10">(Symon</wd>
			<wd l="1533" t="4927" r="1728" b="5003" fs="10">1986)</wd>
			<wd l="1770" t="4946" r="1841" b="4987" fs="10">or</wd>
			<wd l="1885" t="4929" r="1953" b="4986" fs="10">R.</wd>
			<wd l="2004" t="4927" r="2179" b="4987" fs="10">hillii</wd>
		</ln>
		<ln lx="632" ly="5019" rx="1152" ry="5095">
			<wd l="632" t="5020" r="916" b="5095" fs="10">(Bennett</wd>
			<wd l="950" t="5019" r="1152" b="5095" fs="10">1987).</wd>
		</ln>
	</region>
	<region article-doi="10.2307/41729916" region-id="6">
		<rc l="2308" t="2759" r="3871" b="4944"/>
		<ln lx="2503" ly="2764" rx="3849" ry="2843">
			<wd l="2503" t="2766" r="2712" b="2826" fs="10">Rubus</wd>
			<wd l="2731" t="2770" r="3081" b="2843" fs="10">gunnianus</wd>
			<wd l="3101" t="2784" r="3229" b="2825" fs="10">was</wd>
			<wd l="3253" t="2764" r="3542" b="2842" fs="10">formerly</wd>
			<wd l="3564" t="2764" r="3849" b="2825" fs="10">included</wd>
		</ln>
		<ln lx="2314" ly="2856" rx="3850" ry="2936">
			<wd l="2314" t="2858" r="2401" b="2936" fs="10">by</wd>
			<wd l="2441" t="2858" r="2657" b="2919" fs="10">Focke</wd>
			<wd l="2700" t="2858" r="2938" b="2935" fs="10">(1910)</wd>
			<wd l="2979" t="2857" r="3138" b="2918" fs="10">with</wd>
			<wd l="3180" t="2857" r="3328" b="2918" fs="10">four</wd>
			<wd l="3369" t="2857" r="3553" b="2918" fs="10">other</wd>
			<wd l="3594" t="2856" r="3850" b="2935" fs="10">species</wd>
		</ln>
		<ln lx="2317" ly="2950" rx="3845" ry="3028">
			<wd l="2317" t="2952" r="2415" b="3028" fs="10">(R.</wd>
			<wd l="2474" t="2951" r="2913" b="3012" fs="10">lasiococcus</wd>
			<wd l="2962" t="2952" r="3155" b="3028" fs="10">Gray,</wd>
			<wd l="3216" t="2953" r="3285" b="3011" fs="10">R.</wd>
			<wd l="3333" t="2950" r="3632" b="3028" fs="10">pedatus</wd>
			<wd l="3685" t="2951" r="3845" b="3022" fs="10">Sm.,</wd>
		</ln>
		<ln lx="2313" ly="3042" rx="3848" ry="3121">
			<wd l="2313" t="3046" r="2378" b="3104" fs="10">R.</wd>
			<wd l="2408" t="3044" r="2767" b="3121" fs="10">fockeanus</wd>
			<wd l="2801" t="3046" r="2968" b="3104" fs="10">Kurz</wd>
			<wd l="3003" t="3043" r="3122" b="3104" fs="10">and</wd>
			<wd l="3163" t="3045" r="3228" b="3103" fs="10">R.</wd>
			<wd l="3273" t="3043" r="3612" b="3103" fs="10">dalibarda</wd>
			<wd l="3648" t="3043" r="3746" b="3119" fs="10">L.)</wd>
			<wd l="3785" t="3042" r="3848" b="3102" fs="10">in</wd>
		</ln>
		<ln lx="2313" ly="3134" rx="3851" ry="3213">
			<wd l="2313" t="3136" r="2523" b="3196" fs="10">Rubus</wd>
			<wd l="2556" t="3135" r="2721" b="3213" fs="10">subg.</wd>
			<wd l="2761" t="3135" r="3112" b="3195" fs="10">Dalibarda</wd>
			<wd l="3145" t="3135" r="3268" b="3211" fs="10">(L.)</wd>
			<wd l="3302" t="3135" r="3522" b="3195" fs="10">Focke.</wd>
			<wd l="3559" t="3134" r="3685" b="3195" fs="10">The</wd>
			<wd l="3720" t="3134" r="3851" b="3194" fs="10">first</wd>
		</ln>
		<ln lx="2315" ly="3226" rx="3849" ry="3305">
			<wd l="2315" t="3228" r="2491" b="3289" fs="10">three</wd>
			<wd l="2532" t="3228" r="2612" b="3288" fs="10">of</wd>
			<wd l="2639" t="3227" r="2820" b="3288" fs="10">these</wd>
			<wd l="2862" t="3227" r="3113" b="3305" fs="10">species</wd>
			<wd l="3153" t="3246" r="3321" b="3288" fs="10">were</wd>
			<wd l="3360" t="3226" r="3748" b="3287" fs="10">transferred</wd>
			<wd l="3784" t="3235" r="3849" b="3287" fs="10">to</wd>
		</ln>
		<ln lx="2314" ly="3319" rx="3851" ry="3398">
			<wd l="2314" t="3323" r="2379" b="3381" fs="10">R.</wd>
			<wd l="2425" t="3320" r="2594" b="3398" fs="10">subg.</wd>
			<wd l="2646" t="3321" r="2924" b="3398" fs="10">Cylactis</wd>
			<wd l="2962" t="3320" r="3227" b="3396" fs="10">(Focke)</wd>
			<wd l="3265" t="3320" r="3473" b="3380" fs="10">Focke</wd>
			<wd l="3509" t="3319" r="3593" b="3397" fs="10">by</wd>
			<wd l="3629" t="3319" r="3851" b="3397" fs="10">Bailey</wd>
		</ln>
		<ln lx="2318" ly="3411" rx="3853" ry="3489">
			<wd l="2318" t="3413" r="2568" b="3489" fs="10">(1941),</wd>
			<wd l="2609" t="3412" r="2731" b="3473" fs="10">and</wd>
			<wd l="2769" t="3412" r="2850" b="3473" fs="10">all</wd>
			<wd l="2887" t="3412" r="3196" b="3473" fs="10">botanists</wd>
			<wd l="3237" t="3412" r="3410" b="3472" fs="10">since</wd>
			<wd l="3448" t="3411" r="3656" b="3472" fs="10">Focke</wd>
			<wd l="3693" t="3411" r="3853" b="3471" fs="10">have</wd>
		</ln>
		<ln lx="2319" ly="3504" rx="3849" ry="3582">
			<wd l="2319" t="3505" r="2635" b="3565" fs="10">accorded</wd>
			<wd l="2682" t="3507" r="2749" b="3565" fs="10">R.</wd>
			<wd l="2799" t="3505" r="3158" b="3565" fs="10">dalibarda</wd>
			<wd l="3199" t="3504" r="3465" b="3582" fs="10">generic</wd>
			<wd l="3510" t="3512" r="3736" b="3576" fs="10">status,</wd>
			<wd l="3781" t="3523" r="3849" b="3564" fs="10">as</wd>
		</ln>
		<ln lx="2314" ly="3596" rx="3852" ry="3675">
			<wd l="2314" t="3597" r="2659" b="3657" fs="10">Dalibarda</wd>
			<wd l="2676" t="3618" r="2893" b="3675" fs="10">repens</wd>
			<wd l="2909" t="3599" r="2974" b="3657" fs="10">L.</wd>
			<wd l="2996" t="3597" r="3135" b="3674" fs="10">(e.g.</wd>
			<wd l="3156" t="3596" r="3368" b="3674" fs="10">Bailey</wd>
			<wd l="3393" t="3597" r="3565" b="3669" fs="10">1941,</wd>
			<wd l="3586" t="3596" r="3852" b="3657" fs="10">Gleason</wd>
		</ln>
		<ln lx="2327" ly="3688" rx="3852" ry="3767">
			<wd l="2327" t="3691" r="2511" b="3762" fs="10">1952,</wd>
			<wd l="2555" t="3690" r="2852" b="3767" fs="10">Scoggan</wd>
			<wd l="2898" t="3689" r="3111" b="3765" fs="10">1978).</wd>
			<wd l="3149" t="3691" r="3215" b="3749" fs="10">R.</wd>
			<wd l="3258" t="3693" r="3625" b="3766" fs="10">gunnianus</wd>
			<wd l="3662" t="3688" r="3776" b="3748" fs="10">has</wd>
			<wd l="3817" t="3707" r="3852" b="3748" fs="10">a</wd>
		</ln>
		<ln lx="2317" ly="3781" rx="3852" ry="3859">
			<wd l="2317" t="3782" r="2600" b="3842" fs="10">number</wd>
			<wd l="2658" t="3781" r="2740" b="3842" fs="10">of</wd>
			<wd l="2786" t="3781" r="3040" b="3859" fs="10">unique</wd>
			<wd l="3100" t="3781" r="3647" b="3842" fs="10">characteristics</wd>
			<wd l="3707" t="3781" r="3852" b="3857" fs="10">(see</wd>
		</ln>
		<ln lx="2319" ly="3873" rx="3849" ry="3951">
			<wd l="2319" t="3874" r="2665" b="3935" fs="10">discussion</wd>
			<wd l="2697" t="3874" r="2867" b="3951" fs="10">later)</wd>
			<wd l="2900" t="3874" r="3019" b="3935" fs="10">and</wd>
			<wd l="3050" t="3893" r="3085" b="3935" fs="10">a</wd>
			<wd l="3112" t="3893" r="3252" b="3934" fs="10">new</wd>
			<wd l="3284" t="3873" r="3609" b="3951" fs="10">subgenus,</wd>
			<wd l="3641" t="3873" r="3849" b="3934" fs="10">Rubus</wd>
		</ln>
		<ln lx="2321" ly="3965" rx="3855" ry="4044">
			<wd l="2321" t="3967" r="2495" b="4044" fs="10">subg.</wd>
			<wd l="2510" t="3969" r="2906" b="4027" fs="10">Diemenicus</wd>
			<wd l="2923" t="3968" r="3253" b="4027" fs="10">A.R.Bean</wd>
			<wd l="3272" t="3966" r="3323" b="4026" fs="10">is</wd>
			<wd l="3343" t="3966" r="3582" b="4026" fs="10">erected</wd>
			<wd l="3598" t="3966" r="3739" b="4026" fs="10">here</wd>
			<wd l="3760" t="3965" r="3855" b="4026" fs="10">for</wd>
		</ln>
		<ln lx="2319" ly="4059" rx="2380" ry="4119">
			<wd l="2319" t="4059" r="2380" b="4119" fs="10">it.</wd>
		</ln>
		<ln lx="2511" ly="4222" rx="3854" ry="4299">
			<wd l="2511" t="4223" r="2655" b="4283" fs="10">This</wd>
			<wd l="2681" t="4223" r="2732" b="4283" fs="10">is</wd>
			<wd l="2756" t="4223" r="2856" b="4283" fs="10">the</wd>
			<wd l="2880" t="4223" r="3038" b="4283" fs="10">third</wd>
			<wd l="3063" t="4222" r="3181" b="4283" fs="10">and</wd>
			<wd l="3206" t="4222" r="3355" b="4282" fs="10">final</wd>
			<wd l="3378" t="4242" r="3565" b="4299" fs="10">paper</wd>
			<wd l="3585" t="4222" r="3854" b="4299" fs="10">revising</wd>
		</ln>
		<ln lx="2318" ly="4314" rx="3852" ry="4393">
			<wd l="2318" t="4315" r="2423" b="4376" fs="10">the</wd>
			<wd l="2461" t="4315" r="2830" b="4376" fs="10">Australian</wd>
			<wd l="2870" t="4315" r="3119" b="4393" fs="10">species</wd>
			<wd l="3160" t="4315" r="3240" b="4375" fs="10">of</wd>
			<wd l="3274" t="4315" r="3513" b="4375" fs="10">Rubus.</wd>
			<wd l="3557" t="4317" r="3608" b="4375" fs="10">It</wd>
			<wd l="3648" t="4314" r="3701" b="4375" fs="10">is</wd>
			<wd l="3740" t="4323" r="3852" b="4375" fs="10">not</wd>
		</ln>
		<ln lx="2321" ly="4407" rx="3866" ry="4483">
			<wd l="2321" t="4407" r="2644" b="4467" fs="10">intended</wd>
			<wd l="2689" t="4416" r="2756" b="4467" fs="10">to</wd>
			<wd l="2805" t="4407" r="2956" b="4467" fs="10">deal</wd>
			<wd l="3002" t="4407" r="3167" b="4466" fs="10">with</wd>
			<wd l="3211" t="4407" r="3322" b="4466" fs="10">the</wd>
			<wd l="3367" t="4415" r="3737" b="4483" fs="10">taxonomy</wd>
			<wd l="3784" t="4407" r="3866" b="4466" fs="10">of</wd>
		</ln>
		<ln lx="2319" ly="4497" rx="3851" ry="4574">
			<wd l="2319" t="4497" r="2686" b="4557" fs="10">naturalised</wd>
			<wd l="2708" t="4505" r="2849" b="4557" fs="10">taxa</wd>
			<wd l="2872" t="4498" r="2949" b="4557" fs="10">of</wd>
			<wd l="2957" t="4498" r="3167" b="4557" fs="10">Rubus</wd>
			<wd l="3191" t="4500" r="3257" b="4557" fs="10">L.</wd>
			<wd l="3286" t="4497" r="3457" b="4574" fs="10">subg.</wd>
			<wd l="3481" t="4497" r="3689" b="4557" fs="10">Rubus</wd>
			<wd l="3694" t="4546" r="3708" b="4569" fs="10">,</wd>
			<wd l="3734" t="4497" r="3851" b="4557" fs="10">and</wd>
		</ln>
		<ln lx="2321" ly="4589" rx="3857" ry="4666">
			<wd l="2321" t="4589" r="2383" b="4648" fs="10">in</wd>
			<wd l="2402" t="4589" r="2502" b="4649" fs="10">the</wd>
			<wd l="2524" t="4589" r="2848" b="4666" fs="10">following</wd>
			<wd l="2868" t="4589" r="3005" b="4666" fs="10">key,</wd>
			<wd l="3027" t="4589" r="3127" b="4649" fs="10">the</wd>
			<wd l="3148" t="4591" r="3468" b="4666" fs="10">European</wd>
			<wd l="3488" t="4589" r="3857" b="4666" fs="10">Blackberry</wd>
		</ln>
		<ln lx="2321" ly="4680" rx="3850" ry="4757">
			<wd l="2321" t="4681" r="2606" b="4757" fs="10">complex</wd>
			<wd l="2626" t="4681" r="2713" b="4747" fs="10">(R.</wd>
			<wd l="2725" t="4681" r="3070" b="4757" fs="10">fruticosus</wd>
			<wd l="3088" t="4681" r="3254" b="4757" fs="10">agg.)</wd>
			<wd l="3274" t="4681" r="3325" b="4740" fs="10">is</wd>
			<wd l="3344" t="4689" r="3451" b="4740" fs="10">not</wd>
			<wd l="3470" t="4680" r="3850" b="4740" fs="10">subdivided.</wd>
		</ln>
		<ln lx="2320" ly="4771" rx="3858" ry="4849">
			<wd l="2320" t="4773" r="2378" b="4831" fs="10">A</wd>
			<wd l="2397" t="4772" r="2517" b="4849" fs="10">key</wd>
			<wd l="2534" t="4780" r="2597" b="4832" fs="10">to</wd>
			<wd l="2616" t="4771" r="2786" b="4832" fs="10">these</wd>
			<wd l="2807" t="4772" r="3044" b="4849" fs="10">species</wd>
			<wd l="3063" t="4791" r="3205" b="4849" fs="10">may</wd>
			<wd l="3223" t="4771" r="3300" b="4832" fs="10">be</wd>
			<wd l="3321" t="4771" r="3514" b="4831" fs="10">found</wd>
			<wd l="3533" t="4771" r="3596" b="4831" fs="10">in</wd>
			<wd l="3613" t="4771" r="3858" b="4832" fs="10">Harden</wd>
		</ln>
		<ln lx="2321" ly="4863" rx="2852" ry="4939">
			<wd l="2321" t="4865" r="2381" b="4923" fs="10"><![CDATA[&]]></wd>
			<wd l="2409" t="4863" r="2589" b="4923" fs="10">Rodd</wd>
			<wd l="2614" t="4864" r="2852" b="4939" fs="10">(1990).</wd>
		</ln>
	</region>
	<region article-doi="10.2307/41729916" region-id="7">
		<rc l="631" t="5502" r="1664" b="5573"/>
		<ln lx="636" ly="5507" rx="1659" ry="5568">
			<wd l="636" t="5507" r="883" b="5568" fs="10">Accepted</wd>
			<wd l="903" t="5507" r="978" b="5554" fs="10">for</wd>
			<wd l="996" t="5507" r="1295" b="5568" fs="10">publication</wd>
			<wd l="1315" t="5508" r="1375" b="5554" fs="10">25</wd>
			<wd l="1399" t="5507" r="1508" b="5568" fs="10">July</wd>
			<wd l="1535" t="5508" r="1659" b="5554" fs="10">1997</wd>
		</ln>
	</region>
</ocr-page>
