<?xml version="1.0" encoding="UTF-8"?>
<ocr-page type="coords" ocr-vers="1.0" creation-date="20130321" res="600" height="6300" width="4500">
	<region article-doi="10.2307/41729930" region-id="0">
		<rc l="643" t="733" r="3860" b="806"/>
		<ln lx="648" ly="738" rx="3855" ry="801">
			<wd l="648" t="740" r="798" b="798" fs="10">Bean,</wd>
			<wd l="818" t="738" r="1092" b="801" fs="10">Lilaeopsis</wd>
			<wd l="1114" t="739" r="1397" b="788" fs="10">brisbanica</wd>
			<wd l="3765" t="740" r="3855" b="787" fs="10">147</wd>
		</ln>
	</region>
	<region article-doi="10.2307/41729930" region-id="1">
		<rc l="634" t="846" r="2192" b="1484"/>
		<ln lx="643" ly="851" rx="2187" ry="927">
			<wd l="643" t="852" r="720" b="911" fs="10">of</wd>
			<wd l="728" t="852" r="998" b="912" fs="10">Chalson</wd>
			<wd l="1016" t="853" r="1076" b="911" fs="10"><![CDATA[&]]></wd>
			<wd l="1111" t="851" r="1295" b="911" fs="10">Keith</wd>
			<wd l="1313" t="852" r="1532" b="927" fs="10">(1995)</wd>
			<wd l="1552" t="851" r="1603" b="911" fs="10">is</wd>
			<wd l="1628" t="851" r="1900" b="911" fs="10">'critical'</wd>
			<wd l="1925" t="851" r="2187" b="927" fs="10">(criteria</wd>
		</ln>
		<ln lx="641" ly="943" rx="2186" ry="1021">
			<wd l="641" t="945" r="718" b="1016" fs="10">A,</wd>
			<wd l="748" t="945" r="861" b="1016" fs="10">Bl,</wd>
			<wd l="891" t="944" r="1004" b="1016" fs="10">B3,</wd>
			<wd l="1034" t="945" r="1148" b="1016" fs="10">B5,</wd>
			<wd l="1177" t="944" r="1291" b="1016" fs="10">B6,</wd>
			<wd l="1321" t="943" r="1425" b="1020" fs="10">D).</wd>
			<wd l="1456" t="943" r="1583" b="1004" fs="10">The</wd>
			<wd l="1613" t="943" r="1849" b="1021" fs="10">species</wd>
			<wd l="1879" t="943" r="1930" b="1003" fs="10">is</wd>
			<wd l="1958" t="943" r="2186" b="1003" fs="10">known</wd>
		</ln>
		<ln lx="644" ly="1036" rx="2181" ry="1114">
			<wd l="644" t="1037" r="802" b="1097" fs="10">from</wd>
			<wd l="831" t="1036" r="976" b="1114" fs="10">only</wd>
			<wd l="1006" t="1036" r="1099" b="1097" fs="10">six</wd>
			<wd l="1126" t="1036" r="1516" b="1114" fs="10">populations</wd>
			<wd l="1546" t="1036" r="1609" b="1096" fs="10">in</wd>
			<wd l="1638" t="1036" r="1806" b="1097" fs="10">close</wd>
			<wd l="1834" t="1036" r="2181" b="1114" fs="10">proximity,</wd>
		</ln>
		<ln lx="644" ly="1128" rx="2181" ry="1207">
			<wd l="644" t="1129" r="795" b="1190" fs="10">each</wd>
			<wd l="827" t="1128" r="1107" b="1207" fs="10">possibly</wd>
			<wd l="1142" t="1128" r="1518" b="1207" fs="10">comprising</wd>
			<wd l="1554" t="1148" r="1589" b="1189" fs="10">a</wd>
			<wd l="1624" t="1128" r="1821" b="1206" fs="10">single</wd>
			<wd l="1857" t="1136" r="2181" b="1206" fs="10">genotype.</wd>
		</ln>
		<ln lx="639" ly="1221" rx="2185" ry="1282">
			<wd l="639" t="1224" r="699" b="1282" fs="10">L.</wd>
			<wd l="740" t="1222" r="1095" b="1282" fs="10">brisbanica</wd>
			<wd l="1125" t="1221" r="1176" b="1282" fs="10">is</wd>
			<wd l="1207" t="1221" r="1400" b="1282" fs="10">under</wd>
			<wd l="1428" t="1221" r="1619" b="1281" fs="10">threat</wd>
			<wd l="1651" t="1221" r="1811" b="1281" fs="10">from</wd>
			<wd l="1843" t="1221" r="1917" b="1281" fs="10">its</wd>
			<wd l="1952" t="1221" r="2185" b="1281" fs="10">limited</wd>
		</ln>
		<ln lx="644" ly="1313" rx="2186" ry="1391">
			<wd l="644" t="1314" r="1049" b="1386" fs="10">distribution,</wd>
			<wd l="1085" t="1313" r="1412" b="1391" fs="10">trampling</wd>
			<wd l="1445" t="1313" r="1528" b="1391" fs="10">by</wd>
			<wd l="1561" t="1313" r="1796" b="1386" fs="10">horses,</wd>
			<wd l="1832" t="1313" r="2186" b="1374" fs="10">river-bank</wd>
		</ln>
		<ln lx="644" ly="1405" rx="2185" ry="1479">
			<wd l="644" t="1406" r="928" b="1479" fs="10">erosion,</wd>
			<wd l="972" t="1405" r="1476" b="1466" fs="10">encroachment</wd>
			<wd l="1517" t="1405" r="1597" b="1466" fs="10">of</wd>
			<wd l="1627" t="1405" r="1869" b="1478" fs="10">weeds,</wd>
			<wd l="1914" t="1405" r="2040" b="1466" fs="10">and</wd>
			<wd l="2079" t="1405" r="2185" b="1466" fs="10">the</wd>
		</ln>
	</region>
	<region article-doi="10.2307/41729930" region-id="2">
		<rc l="2316" t="845" r="3874" b="1742"/>
		<ln lx="2326" ly="850" rx="3865" ry="928">
			<wd l="2326" t="851" r="2738" b="911" fs="10">construction</wd>
			<wd l="2761" t="851" r="2837" b="911" fs="10">of</wd>
			<wd l="2840" t="851" r="3065" b="928" fs="10">jetties,</wd>
			<wd l="3088" t="850" r="3385" b="928" fs="10">retaining</wd>
			<wd l="3406" t="850" r="3579" b="911" fs="10">walls</wd>
			<wd l="3603" t="858" r="3714" b="910" fs="10">etc.</wd>
			<wd l="3740" t="850" r="3865" b="910" fs="10">The</wd>
		</ln>
		<ln lx="2326" ly="942" rx="3866" ry="1003">
			<wd l="2326" t="942" r="2562" b="1003" fs="10">author</wd>
			<wd l="2604" t="942" r="2723" b="1003" fs="10">has</wd>
			<wd l="2766" t="942" r="2960" b="1003" fs="10">made</wd>
			<wd l="3006" t="942" r="3356" b="1003" fs="10">extensive</wd>
			<wd l="3403" t="942" r="3715" b="1003" fs="10">searches</wd>
			<wd l="3761" t="942" r="3866" b="1003" fs="10">for</wd>
		</ln>
		<ln lx="2321" ly="1035" rx="3860" ry="1113">
			<wd l="2321" t="1038" r="2381" b="1096" fs="10">L.</wd>
			<wd l="2422" t="1036" r="2776" b="1096" fs="10">brisbanica</wd>
			<wd l="2807" t="1035" r="2990" b="1113" fs="10">along</wd>
			<wd l="3022" t="1035" r="3193" b="1096" fs="10">other</wd>
			<wd l="3221" t="1035" r="3448" b="1113" fs="10">nearby</wd>
			<wd l="3477" t="1035" r="3623" b="1096" fs="10">tidal</wd>
			<wd l="3653" t="1035" r="3860" b="1107" fs="10">rivers,</wd>
		</ln>
		<ln lx="2326" ly="1127" rx="3867" ry="1206">
			<wd l="2326" t="1127" r="2634" b="1206" fs="10">including</wd>
			<wd l="2650" t="1127" r="2749" b="1189" fs="10">the</wd>
			<wd l="2767" t="1128" r="3105" b="1206" fs="10">Maroochy</wd>
			<wd l="3122" t="1130" r="3213" b="1201" fs="10">R.,</wd>
			<wd l="3234" t="1127" r="3596" b="1189" fs="10">Caboolture</wd>
			<wd l="3614" t="1129" r="3705" b="1201" fs="10">R.,</wd>
			<wd l="3724" t="1127" r="3867" b="1188" fs="10">Pine</wd>
		</ln>
		<ln lx="2325" ly="1220" rx="3867" ry="1298">
			<wd l="2325" t="1223" r="2428" b="1293" fs="10">R.,</wd>
			<wd l="2476" t="1223" r="2710" b="1298" fs="10">Logan</wd>
			<wd l="2754" t="1223" r="2857" b="1293" fs="10">R.,</wd>
			<wd l="2906" t="1221" r="3035" b="1281" fs="10">and</wd>
			<wd l="3080" t="1220" r="3327" b="1281" fs="10">Tweed</wd>
			<wd l="3371" t="1223" r="3474" b="1293" fs="10">R.,</wd>
			<wd l="3523" t="1220" r="3651" b="1280" fs="10">and</wd>
			<wd l="3694" t="1220" r="3867" b="1280" fs="10">their</wd>
		</ln>
		<ln lx="2324" ly="1313" rx="3381" ry="1385">
			<wd l="2324" t="1313" r="2682" b="1385" fs="10">tributaries,</wd>
			<wd l="2707" t="1313" r="2814" b="1373" fs="10">but</wd>
			<wd l="2835" t="1313" r="3092" b="1373" fs="10">without</wd>
			<wd l="3116" t="1332" r="3381" b="1373" fs="10">success.</wd>
		</ln>
		<ln lx="2516" ly="1476" rx="3867" ry="1537">
			<wd l="2516" t="1477" r="2641" b="1537" fs="10">The</wd>
			<wd l="2657" t="1476" r="3123" b="1537" fs="10">recommended</wd>
			<wd l="3140" t="1477" r="3557" b="1537" fs="10">conservation</wd>
			<wd l="3575" t="1484" r="3754" b="1536" fs="10">status</wd>
			<wd l="3774" t="1476" r="3867" b="1536" fs="10">for</wd>
		</ln>
		<ln lx="2325" ly="1568" rx="3869" ry="1647">
			<wd l="2325" t="1569" r="2448" b="1629" fs="10">this</wd>
			<wd l="2489" t="1569" r="2736" b="1647" fs="10">species</wd>
			<wd l="2776" t="1588" r="2842" b="1629" fs="10">as</wd>
			<wd l="2882" t="1568" r="3142" b="1629" fs="10">defined</wd>
			<wd l="3178" t="1568" r="3263" b="1646" fs="10">by</wd>
			<wd l="3299" t="1568" r="3402" b="1629" fs="10">the</wd>
			<wd l="3451" t="1568" r="3869" b="1646" fs="10">Queensland</wd>
		</ln>
		<ln lx="2322" ly="1660" rx="3860" ry="1737">
			<wd l="2322" t="1663" r="2555" b="1721" fs="10">Nature</wd>
			<wd l="2575" t="1662" r="3016" b="1721" fs="10">Conservation</wd>
			<wd l="3030" t="1663" r="3146" b="1721" fs="10">Act</wd>
			<wd l="3165" t="1662" r="3325" b="1720" fs="10">1992</wd>
			<wd l="3340" t="1660" r="3391" b="1720" fs="10">is</wd>
			<wd l="3415" t="1660" r="3860" b="1737" fs="10">'endangered'.</wd>
		</ln>
	</region>
	<region article-doi="10.2307/41729930" region-id="3">
		<rc l="645" t="5441" r="3879" b="5584"/>
		<ln lx="652" ly="5446" rx="3874" ry="5507">
			<wd l="652" t="5446" r="755" b="5506" fs="10">Fig.</wd>
			<wd l="788" t="5447" r="830" b="5493" fs="10">1.</wd>
			<wd l="855" t="5446" r="1130" b="5507" fs="10">Lilaeopsis</wd>
			<wd l="1158" t="5446" r="1453" b="5493" fs="10">brisbanica.</wd>
			<wd l="1482" t="5447" r="1543" b="5493" fs="10">A.</wd>
			<wd l="1572" t="5446" r="1734" b="5494" fs="10">whole</wd>
			<wd l="1761" t="5446" r="1895" b="5507" fs="10">plant</wd>
			<wd l="1926" t="5458" r="1952" b="5483" fs="10">x</wd>
			<wd l="1984" t="5447" r="2029" b="5494" fs="10">4.</wd>
			<wd l="2059" t="5448" r="2115" b="5494" fs="10">B.</wd>
			<wd l="2147" t="5446" r="2319" b="5494" fs="10">flower</wd>
			<wd l="2350" t="5458" r="2375" b="5483" fs="10">*</wd>
			<wd l="2414" t="5447" r="2486" b="5494" fs="10">16.</wd>
			<wd l="2517" t="5447" r="2572" b="5494" fs="10">C.</wd>
			<wd l="2603" t="5447" r="2716" b="5495" fs="10">fruit</wd>
			<wd l="2747" t="5459" r="2773" b="5484" fs="10">*</wd>
			<wd l="2811" t="5448" r="2883" b="5495" fs="10">16.</wd>
			<wd l="2913" t="5449" r="2973" b="5495" fs="10">D.</wd>
			<wd l="3002" t="5454" r="3272" b="5496" fs="10">transverse</wd>
			<wd l="3302" t="5447" r="3488" b="5496" fs="10">section</wd>
			<wd l="3516" t="5448" r="3577" b="5496" fs="10">of</wd>
			<wd l="3597" t="5447" r="3709" b="5496" fs="10">fruit</wd>
			<wd l="3739" t="5459" r="3765" b="5485" fs="10">x</wd>
			<wd l="3803" t="5449" r="3874" b="5496" fs="10">16.</wd>
		</ln>
		<ln lx="650" ly="5521" rx="1591" ry="5579">
			<wd l="650" t="5522" r="756" b="5570" fs="10">A.B</wd>
			<wd l="764" t="5522" r="911" b="5570" fs="10">Bean</wd>
			<wd l="931" t="5521" r="1079" b="5579" fs="10">9243;</wd>
			<wd l="1101" t="5522" r="1222" b="5579" fs="10">C,D,</wd>
			<wd l="1239" t="5521" r="1393" b="5569" fs="10">Blake</wd>
			<wd l="1412" t="5521" r="1591" b="5569" fs="10">20044.</wd>
		</ln>
	</region>
</ocr-page>
