<?xml version="1.0" encoding="UTF-8"?>
<ocr-page type="coords" ocr-vers="1.0" creation-date="20130321" res="600" height="6300" width="4500">
	<region article-doi="10.2307/41729920" region-id="0">
		<rc l="630" t="730" r="3858" b="798"/>
		<ln lx="635" ly="735" rx="3853" ry="793">
			<wd l="635" t="736" r="794" b="793" fs="10">Jones,</wd>
			<wd l="819" t="735" r="1137" b="784" fs="10">Cooktownia</wd>
			<wd l="1156" t="735" r="1385" b="783" fs="10">robertsii</wd>
			<wd l="3791" t="739" r="3853" b="785" fs="10">11</wd>
		</ln>
	</region>
	<region article-doi="10.2307/41729920" region-id="1">
		<rc l="631" t="2753" r="3871" b="2900"/>
		<ln lx="640" ly="2758" rx="3866" ry="2821">
			<wd l="640" t="2758" r="743" b="2819" fs="10">Fig.</wd>
			<wd l="765" t="2758" r="808" b="2806" fs="10">4.</wd>
			<wd l="833" t="2758" r="1152" b="2806" fs="10">Cooktownia</wd>
			<wd l="1170" t="2758" r="1408" b="2806" fs="10">robertsii.</wd>
			<wd l="1433" t="2774" r="1473" b="2807" fs="10">a.</wd>
			<wd l="1495" t="2758" r="1628" b="2820" fs="10">plant</wd>
			<wd l="1648" t="2758" r="1774" b="2807" fs="10">from</wd>
			<wd l="1794" t="2758" r="1951" b="2807" fs="10">above</wd>
			<wd l="1973" t="2758" r="2197" b="2820" fs="10">showing</wd>
			<wd l="2218" t="2758" r="2398" b="2816" fs="10">leaves;</wd>
			<wd l="2419" t="2758" r="2518" b="2807" fs="10"><![CDATA[b.&]]></wd>
			<wd l="2539" t="2774" r="2579" b="2807" fs="10">c.</wd>
			<wd l="2600" t="2759" r="2759" b="2820" fs="10">plants</wd>
			<wd l="2780" t="2758" r="2906" b="2807" fs="10">from</wd>
			<wd l="2927" t="2759" r="3030" b="2808" fs="10">side</wd>
			<wd l="3052" t="2759" r="3277" b="2821" fs="10">showing</wd>
			<wd l="3295" t="2766" r="3402" b="2808" fs="10">root</wd>
			<wd l="3422" t="2766" r="3616" b="2821" fs="10">system.</wd>
			<wd l="3637" t="2759" r="3720" b="2807" fs="10">All</wd>
			<wd l="3741" t="2759" r="3866" b="2808" fs="10">from</wd>
		</ln>
		<ln lx="636" ly="2833" rx="1241" ry="2895">
			<wd l="636" t="2835" r="683" b="2881" fs="10">L.</wd>
			<wd l="708" t="2833" r="915" b="2881" fs="10">Roberts</wd>
			<wd l="937" t="2834" r="1092" b="2894" fs="10">(ORG</wd>
			<wd l="1117" t="2834" r="1241" b="2895" fs="10">710).</wd>
		</ln>
	</region>
	<region article-doi="10.2307/41729920" region-id="2">
		<rc l="632" t="3061" r="2199" b="5619"/>
		<ln lx="639" ly="3066" rx="2176" ry="3144">
			<wd l="639" t="3067" r="1014" b="3126" fs="10">Additional</wd>
			<wd l="1032" t="3067" r="1387" b="3126" fs="10">collection:</wd>
			<wd l="1411" t="3067" r="1600" b="3143" fs="10">Stony</wd>
			<wd l="1618" t="3066" r="1730" b="3138" fs="10">Ck,</wd>
			<wd l="1750" t="3067" r="1828" b="3126" fs="10">27</wd>
			<wd l="1848" t="3068" r="1978" b="3144" fs="10">Apr</wd>
			<wd l="2003" t="3067" r="2176" b="3139" fs="10">1997,</wd>
		</ln>
		<ln lx="637" ly="3158" rx="1624" ry="3235">
			<wd l="637" t="3158" r="895" b="3219" fs="10">Roberts</wd>
			<wd l="920" t="3158" r="1121" b="3234" fs="10">(ORG</wd>
			<wd l="1148" t="3158" r="1295" b="3235" fs="10">710)</wd>
			<wd l="1322" t="3159" r="1624" b="3235" fs="10">(CANB).</wd>
		</ln>
		<ln lx="641" ly="3322" rx="2179" ry="3400">
			<wd l="641" t="3323" r="1165" b="3382" fs="10">Conservation</wd>
			<wd l="1211" t="3329" r="1467" b="3382" fs="10">status:</wd>
			<wd l="1523" t="3322" r="1878" b="3400" fs="10">Although</wd>
			<wd l="1923" t="3322" r="2179" b="3400" fs="10">locally</wd>
		</ln>
		<ln lx="641" ly="3414" rx="2178" ry="3486">
			<wd l="641" t="3433" r="949" b="3486" fs="10">common,</wd>
			<wd l="970" t="3414" r="1372" b="3474" fs="10">Cooktownia</wd>
			<wd l="1392" t="3415" r="1684" b="3475" fs="10">robertsii</wd>
			<wd l="1695" t="3415" r="1747" b="3475" fs="10">is</wd>
			<wd l="1767" t="3415" r="2080" b="3475" fs="10">restricted</wd>
			<wd l="2116" t="3423" r="2178" b="3475" fs="10">to</wd>
		</ln>
		<ln lx="641" ly="3506" rx="2182" ry="3584">
			<wd l="641" t="3525" r="676" b="3566" fs="10">a</wd>
			<wd l="699" t="3506" r="1013" b="3584" fs="10">relatively</wd>
			<wd l="1042" t="3506" r="1217" b="3567" fs="10">small</wd>
			<wd l="1246" t="3526" r="1384" b="3567" fs="10">area</wd>
			<wd l="1410" t="3506" r="1528" b="3567" fs="10">and</wd>
			<wd l="1555" t="3507" r="1607" b="3567" fs="10">is</wd>
			<wd l="1634" t="3515" r="1741" b="3567" fs="10">not</wd>
			<wd l="1768" t="3507" r="2128" b="3580" fs="10">conserved;</wd>
			<wd l="2158" t="3509" r="2182" b="3567" fs="10">I</wd>
		</ln>
		<ln lx="642" ly="3598" rx="2194" ry="3676">
			<wd l="642" t="3606" r="889" b="3675" fs="10">suggest</wd>
			<wd l="923" t="3618" r="958" b="3659" fs="10">a</wd>
			<wd l="992" t="3598" r="1432" b="3659" fs="10">classification</wd>
			<wd l="1465" t="3600" r="1563" b="3658" fs="10">2R</wd>
			<wd l="1594" t="3599" r="1677" b="3676" fs="10">by</wd>
			<wd l="1709" t="3599" r="1810" b="3659" fs="10">the</wd>
			<wd l="1847" t="3599" r="2083" b="3659" fs="10">criteria</wd>
			<wd l="2117" t="3599" r="2194" b="3659" fs="10">of</wd>
		</ln>
		<ln lx="639" ly="3690" rx="1426" ry="3768">
			<wd l="639" t="3690" r="858" b="3768" fs="10">Briggs</wd>
			<wd l="884" t="3692" r="944" b="3751" fs="10"><![CDATA[&]]></wd>
			<wd l="970" t="3691" r="1164" b="3768" fs="10">Leigh</wd>
			<wd l="1188" t="3691" r="1426" b="3767" fs="10">(1996).</wd>
		</ln>
		<ln lx="640" ly="3852" rx="2179" ry="3930">
			<wd l="640" t="3854" r="1091" b="3930" fs="10">Etymology:</wd>
			<wd l="1147" t="3852" r="1284" b="3912" fs="10">The</wd>
			<wd l="1338" t="3853" r="1629" b="3930" fs="10">specific</wd>
			<wd l="1680" t="3872" r="1875" b="3913" fs="10">name</wd>
			<wd l="1925" t="3853" r="2179" b="3913" fs="10">honors</wd>
		</ln>
		<ln lx="640" ly="3942" rx="2183" ry="4021">
			<wd l="640" t="3943" r="835" b="4003" fs="10">Lewis</wd>
			<wd l="853" t="3942" r="1155" b="4003" fs="10">J.Roberts</wd>
			<wd l="1172" t="3942" r="1313" b="4003" fs="10">who</wd>
			<wd l="1331" t="3942" r="1684" b="4004" fs="10">discovered</wd>
			<wd l="1698" t="3943" r="1797" b="4004" fs="10">the</wd>
			<wd l="1817" t="3943" r="2048" b="4021" fs="10">species</wd>
			<wd l="2067" t="3944" r="2183" b="4004" fs="10">and</wd>
		</ln>
		<ln lx="639" ly="4033" rx="2181" ry="4111">
			<wd l="639" t="4033" r="1005" b="4111" fs="10">recognised</wd>
			<wd l="1040" t="4033" r="1115" b="4094" fs="10">its</wd>
			<wd l="1152" t="4033" r="1596" b="4094" fs="10">orchidaceous</wd>
			<wd l="1634" t="4034" r="1921" b="4106" fs="10">features;</wd>
			<wd l="1958" t="4034" r="2036" b="4095" fs="10">he</wd>
			<wd l="2071" t="4034" r="2181" b="4095" fs="10">has</wd>
		</ln>
		<ln lx="639" ly="4123" rx="2181" ry="4202">
			<wd l="639" t="4143" r="831" b="4201" fs="10">many</wd>
			<wd l="869" t="4123" r="1132" b="4184" fs="10">notable</wd>
			<wd l="1172" t="4124" r="1422" b="4184" fs="10">natural</wd>
			<wd l="1462" t="4124" r="1712" b="4202" fs="10">history</wd>
			<wd l="1754" t="4124" r="2181" b="4197" fs="10">discoveries,</wd>
		</ln>
		<ln lx="641" ly="4215" rx="2035" ry="4293">
			<wd l="641" t="4215" r="953" b="4293" fs="10">including</wd>
			<wd l="978" t="4215" r="1148" b="4276" fs="10">other</wd>
			<wd l="1169" t="4235" r="1309" b="4276" fs="10">new</wd>
			<wd l="1333" t="4216" r="1595" b="4289" fs="10">orchids,</wd>
			<wd l="1621" t="4225" r="1684" b="4277" fs="10">to</wd>
			<wd l="1708" t="4216" r="1803" b="4277" fs="10">his</wd>
			<wd l="1830" t="4217" r="2035" b="4277" fs="10">credit.</wd>
		</ln>
		<ln lx="639" ly="4381" rx="1327" ry="4455">
			<wd l="639" t="4381" r="1327" b="4455" fs="10">Acknowledgements</wd>
		</ln>
		<ln lx="641" ly="4539" rx="2182" ry="4617">
			<wd l="641" t="4541" r="665" b="4597" fs="10">I</wd>
			<wd l="686" t="4539" r="871" b="4598" fs="10">thank</wd>
			<wd l="893" t="4539" r="1093" b="4599" fs="10">Lewis</wd>
			<wd l="1116" t="4539" r="1373" b="4599" fs="10">Roberts</wd>
			<wd l="1398" t="4540" r="1495" b="4599" fs="10">for</wd>
			<wd l="1514" t="4540" r="1799" b="4617" fs="10">bringing</wd>
			<wd l="1819" t="4540" r="1920" b="4600" fs="10">the</wd>
			<wd l="1945" t="4541" r="2182" b="4617" fs="10">species</wd>
		</ln>
		<ln lx="639" ly="4630" rx="2184" ry="4708">
			<wd l="639" t="4638" r="703" b="4689" fs="10">to</wd>
			<wd l="743" t="4649" r="849" b="4706" fs="10">my</wd>
			<wd l="889" t="4630" r="1220" b="4702" fs="10">attention,</wd>
			<wd l="1264" t="4630" r="1612" b="4707" fs="10">supplying</wd>
			<wd l="1653" t="4631" r="2018" b="4708" fs="10">specimens</wd>
			<wd l="2060" t="4631" r="2184" b="4691" fs="10">and</wd>
		</ln>
		<ln lx="641" ly="4720" rx="2182" ry="4796">
			<wd l="641" t="4720" r="896" b="4796" fs="10">copious</wd>
			<wd l="929" t="4728" r="1103" b="4780" fs="10">notes</wd>
			<wd l="1139" t="4720" r="1257" b="4780" fs="10">and</wd>
			<wd l="1290" t="4720" r="1386" b="4780" fs="10">for</wd>
			<wd l="1416" t="4739" r="1745" b="4781" fs="10">numerous</wd>
			<wd l="1781" t="4721" r="2182" b="4793" fs="10">discussions;</wd>
		</ln>
		<ln lx="641" ly="4810" rx="2183" ry="4889">
			<wd l="641" t="4810" r="908" b="4870" fs="10">Corinna</wd>
			<wd l="929" t="4813" r="1149" b="4871" fs="10">Broers</wd>
			<wd l="1175" t="4811" r="1271" b="4871" fs="10">for</wd>
			<wd l="1291" t="4811" r="1542" b="4888" fs="10">making</wd>
			<wd l="1564" t="4811" r="1664" b="4871" fs="10">the</wd>
			<wd l="1687" t="4820" r="1829" b="4889" fs="10">type</wd>
			<wd l="1854" t="4812" r="2183" b="4872" fs="10">collection</wd>
		</ln>
		<ln lx="641" ly="4901" rx="2178" ry="4979">
			<wd l="641" t="4901" r="759" b="4961" fs="10">and</wd>
			<wd l="794" t="4901" r="976" b="4961" fs="10">Mark</wd>
			<wd l="1011" t="4901" r="1327" b="4962" fs="10">Clements</wd>
			<wd l="1364" t="4902" r="1462" b="4962" fs="10">for</wd>
			<wd l="1494" t="4902" r="1737" b="4979" fs="10">regular</wd>
			<wd l="1773" t="4902" r="2178" b="4975" fs="10">discussions,</wd>
		</ln>
		<ln lx="638" ly="4991" rx="2181" ry="5069">
			<wd l="638" t="4991" r="919" b="5068" fs="10">reading</wd>
			<wd l="973" t="4991" r="1084" b="5051" fs="10">the</wd>
			<wd l="1140" t="4992" r="1559" b="5069" fs="10">manuscript</wd>
			<wd l="1616" t="4993" r="1745" b="5052" fs="10">and</wd>
			<wd l="1801" t="4993" r="2181" b="5053" fs="10">assistance</wd>
		</ln>
		<ln lx="639" ly="5081" rx="2181" ry="5161">
			<wd l="639" t="5081" r="786" b="5141" fs="10">with</wd>
			<wd l="807" t="5082" r="1281" b="5159" fs="10">understanding</wd>
			<wd l="1302" t="5082" r="1403" b="5142" fs="10">the</wd>
			<wd l="1427" t="5083" r="1908" b="5160" fs="10">embryological</wd>
			<wd l="1930" t="5103" r="2181" b="5161" fs="10">process</wd>
		</ln>
		<ln lx="643" ly="5172" rx="2185" ry="5251">
			<wd l="643" t="5172" r="708" b="5230" fs="10">in</wd>
			<wd l="748" t="5172" r="1215" b="5232" fs="10">Orchidaceae.</wd>
			<wd l="1260" t="5175" r="1284" b="5232" fs="10">I</wd>
			<wd l="1325" t="5173" r="1525" b="5232" fs="10">thank</wd>
			<wd l="1563" t="5173" r="1736" b="5233" fs="10">Alex</wd>
			<wd l="1778" t="5175" r="2039" b="5251" fs="10">George</wd>
			<wd l="2082" t="5174" r="2185" b="5234" fs="10">for</wd>
		</ln>
		<ln lx="642" ly="5261" rx="2182" ry="5340">
			<wd l="642" t="5261" r="749" b="5322" fs="10">the</wd>
			<wd l="791" t="5262" r="978" b="5322" fs="10">Latin</wd>
			<wd l="1021" t="5262" r="1401" b="5340" fs="10">diagnoses,</wd>
			<wd l="1446" t="5263" r="1712" b="5324" fs="10">Marion</wd>
			<wd l="1754" t="5265" r="2013" b="5325" fs="10">Garratt</wd>
			<wd l="2056" t="5265" r="2182" b="5325" fs="10">and</wd>
		</ln>
		<ln lx="643" ly="5353" rx="2184" ry="5416">
			<wd l="643" t="5353" r="868" b="5413" fs="10">Karina</wd>
			<wd l="888" t="5353" r="1244" b="5414" fs="10">FitzGerald</wd>
			<wd l="1267" t="5354" r="1363" b="5414" fs="10">for</wd>
			<wd l="1383" t="5354" r="1684" b="5415" fs="10">technical</wd>
			<wd l="1708" t="5355" r="2041" b="5416" fs="10">assistance</wd>
			<wd l="2066" t="5356" r="2184" b="5416" fs="10">and</wd>
		</ln>
		<ln lx="644" ly="5443" rx="2180" ry="5524">
			<wd l="644" t="5443" r="855" b="5503" fs="10">Laurie</wd>
			<wd l="886" t="5446" r="1100" b="5521" fs="10">Jessup</wd>
			<wd l="1133" t="5444" r="1229" b="5504" fs="10">for</wd>
			<wd l="1256" t="5444" r="1352" b="5504" fs="10">his</wd>
			<wd l="1382" t="5445" r="1678" b="5522" fs="10">patience.</wd>
			<wd l="1713" t="5448" r="1737" b="5504" fs="10">I</wd>
			<wd l="1769" t="5446" r="1900" b="5505" fs="10">also</wd>
			<wd l="1933" t="5465" r="2180" b="5524" fs="10">express</wd>
		</ln>
		<ln lx="641" ly="5535" rx="2181" ry="5614">
			<wd l="641" t="5554" r="744" b="5612" fs="10">my</wd>
			<wd l="761" t="5535" r="1161" b="5612" fs="10">appreciation</wd>
			<wd l="1176" t="5544" r="1237" b="5596" fs="10">to</wd>
			<wd l="1255" t="5535" r="1469" b="5613" fs="10">Phillip</wd>
			<wd l="1489" t="5536" r="1691" b="5609" fs="10">Cribb,</wd>
			<wd l="1711" t="5539" r="1943" b="5614" fs="10">Wayne</wd>
			<wd l="1960" t="5538" r="2181" b="5610" fs="10">Harris,</wd>
		</ln>
	</region>
	<region article-doi="10.2307/41729920" region-id="3">
		<rc l="2316" t="3060" r="3841" b="3686"/>
		<ln lx="2321" ly="3065" rx="3835" ry="3138">
			<wd l="2321" t="3067" r="2489" b="3126" fs="10">Peter</wd>
			<wd l="2504" t="3065" r="2824" b="3138" fs="10">Lavarack,</wd>
			<wd l="2843" t="3067" r="3011" b="3126" fs="10">Peter</wd>
			<wd l="3026" t="3065" r="3244" b="3126" fs="10">Linder</wd>
			<wd l="3260" t="3065" r="3377" b="3126" fs="10">and</wd>
			<wd l="3391" t="3074" r="3512" b="3126" fs="10">two</wd>
			<wd l="3529" t="3065" r="3835" b="3126" fs="10">unknown</wd>
		</ln>
		<ln lx="2321" ly="3155" rx="3834" ry="3233">
			<wd l="2321" t="3155" r="2649" b="3215" fs="10">American</wd>
			<wd l="2666" t="3155" r="2928" b="3216" fs="10">referees</wd>
			<wd l="2948" t="3155" r="3044" b="3216" fs="10">for</wd>
			<wd l="3062" t="3155" r="3475" b="3233" fs="10">commenting</wd>
			<wd l="3494" t="3175" r="3575" b="3216" fs="10">on</wd>
			<wd l="3591" t="3155" r="3834" b="3216" fs="10">various</wd>
		</ln>
		<ln lx="2323" ly="3244" rx="3835" ry="3323">
			<wd l="2323" t="3244" r="2506" b="3305" fs="10">drafts</wd>
			<wd l="2526" t="3244" r="2603" b="3305" fs="10">of</wd>
			<wd l="2607" t="3245" r="2707" b="3305" fs="10">the</wd>
			<wd l="2723" t="3245" r="3105" b="3323" fs="10">manuscript.</wd>
			<wd l="3127" t="3247" r="3151" b="3305" fs="10">I</wd>
			<wd l="3170" t="3265" r="3268" b="3306" fs="10">am</wd>
			<wd l="3284" t="3245" r="3537" b="3323" fs="10">grateful</wd>
			<wd l="3553" t="3253" r="3615" b="3306" fs="10">to</wd>
			<wd l="3633" t="3247" r="3835" b="3323" fs="10">Roger</wd>
		</ln>
		<ln lx="2322" ly="3335" rx="3836" ry="3413">
			<wd l="2322" t="3335" r="2538" b="3412" fs="10">Heady</wd>
			<wd l="2556" t="3335" r="2652" b="3395" fs="10">for</wd>
			<wd l="2666" t="3335" r="2963" b="3395" fs="10">technical</wd>
			<wd l="2983" t="3336" r="3310" b="3396" fs="10">assistance</wd>
			<wd l="3329" t="3355" r="3411" b="3396" fs="10">on</wd>
			<wd l="3426" t="3335" r="3525" b="3396" fs="10">the</wd>
			<wd l="3546" t="3336" r="3836" b="3413" fs="10">scanning</wd>
		</ln>
		<ln lx="2323" ly="3424" rx="3833" ry="3502">
			<wd l="2323" t="3424" r="2599" b="3484" fs="10">electron</wd>
			<wd l="2633" t="3424" r="3046" b="3502" fs="10">microscope.</wd>
			<wd l="3087" t="3425" r="3216" b="3485" fs="10">The</wd>
			<wd l="3254" t="3425" r="3552" b="3486" fs="10">directors</wd>
			<wd l="3590" t="3425" r="3668" b="3485" fs="10">of</wd>
			<wd l="3693" t="3427" r="3833" b="3498" fs="10">AD,</wd>
		</ln>
		<ln lx="2324" ly="3514" rx="3835" ry="3590">
			<wd l="2324" t="3515" r="2571" b="3587" fs="10">CANB,</wd>
			<wd l="2594" t="3516" r="2787" b="3587" fs="10">MEL,</wd>
			<wd l="2808" t="3515" r="2996" b="3575" fs="10">NSW</wd>
			<wd l="3017" t="3514" r="3135" b="3575" fs="10">and</wd>
			<wd l="3156" t="3516" r="3312" b="3590" fs="10">QRS</wd>
			<wd l="3338" t="3534" r="3435" b="3575" fs="10">are</wd>
			<wd l="3455" t="3514" r="3719" b="3576" fs="10">thanked</wd>
			<wd l="3740" t="3515" r="3835" b="3576" fs="10">for</wd>
		</ln>
		<ln lx="2324" ly="3604" rx="3636" ry="3681">
			<wd l="2324" t="3604" r="2615" b="3681" fs="10">allowing</wd>
			<wd l="2637" t="3624" r="2737" b="3664" fs="10">me</wd>
			<wd l="2762" t="3624" r="2972" b="3665" fs="10">access</wd>
			<wd l="2995" t="3613" r="3058" b="3665" fs="10">to</wd>
			<wd l="3082" t="3605" r="3236" b="3665" fs="10">their</wd>
			<wd l="3259" t="3605" r="3636" b="3665" fs="10">collections.</wd>
		</ln>
	</region>
	<region article-doi="10.2307/41729920" region-id="4">
		<rc l="2318" t="3764" r="2716" b="3833"/>
		<ln lx="2323" ly="3769" rx="2711" ry="3828">
			<wd l="2323" t="3769" r="2711" b="3828" fs="10">References</wd>
		</ln>
	</region>
	<region article-doi="10.2307/41729920" region-id="5">
		<rc l="2317" t="3923" r="3839" b="4196"/>
		<ln lx="2322" ly="3928" rx="3834" ry="3991">
			<wd l="2322" t="3928" r="2443" b="3985" fs="10">Abe,</wd>
			<wd l="2468" t="3929" r="2528" b="3976" fs="10">K.</wd>
			<wd l="2554" t="3928" r="2744" b="3989" fs="10">(1972).</wd>
			<wd l="2771" t="3928" r="3137" b="3977" fs="10">Contributions</wd>
			<wd l="3160" t="3935" r="3209" b="3977" fs="10">to</wd>
			<wd l="3232" t="3928" r="3312" b="3977" fs="10">the</wd>
			<wd l="3337" t="3928" r="3655" b="3991" fs="10">embryology</wd>
			<wd l="3679" t="3928" r="3741" b="3978" fs="10">of</wd>
			<wd l="3754" t="3929" r="3834" b="3978" fs="10">the</wd>
		</ln>
		<ln lx="2514" ly="3999" rx="3833" ry="4062">
			<wd l="2514" t="3999" r="2696" b="4061" fs="10">family</wd>
			<wd l="2731" t="3999" r="3088" b="4049" fs="10">Orchidaceae</wd>
			<wd l="3121" t="4002" r="3208" b="4049" fs="10">VI.</wd>
			<wd l="3243" t="4000" r="3629" b="4062" fs="10">Development</wd>
			<wd l="3661" t="4000" r="3725" b="4049" fs="10">of</wd>
			<wd l="3748" t="4000" r="3833" b="4049" fs="10">the</wd>
		</ln>
		<ln lx="2513" ly="4070" rx="3824" ry="4134">
			<wd l="2513" t="4070" r="2713" b="4132" fs="10">embryo</wd>
			<wd l="2733" t="4086" r="2814" b="4119" fs="10">sac</wd>
			<wd l="2834" t="4071" r="2883" b="4118" fs="10">in</wd>
			<wd l="2902" t="4071" r="3074" b="4120" fs="10">fifteen</wd>
			<wd l="3094" t="4071" r="3283" b="4133" fs="10">species</wd>
			<wd l="3302" t="4071" r="3364" b="4120" fs="10">of</wd>
			<wd l="3374" t="4072" r="3582" b="4120" fs="10">orchids.</wd>
			<wd l="3598" t="4073" r="3688" b="4120" fs="10">Sci.</wd>
			<wd l="3711" t="4074" r="3824" b="4134" fs="10">Rep.</wd>
		</ln>
		<ln lx="2517" ly="4142" rx="3242" ry="4191">
			<wd l="2517" t="4142" r="2712" b="4190" fs="10">Tohoku</wd>
			<wd l="2737" t="4143" r="2871" b="4191" fs="10">Univ.</wd>
			<wd l="2894" t="4142" r="2973" b="4191" fs="10">36:</wd>
			<wd l="3001" t="4143" r="3242" b="4191" fs="10">135-178.</wd>
		</ln>
	</region>
	<region article-doi="10.2307/41729920" region-id="6">
		<rc l="2317" t="4280" r="3839" b="4489"/>
		<ln lx="2322" ly="4285" rx="3834" ry="4348">
			<wd l="2322" t="4286" r="2479" b="4343" fs="10">Ames,</wd>
			<wd l="2508" t="4285" r="2566" b="4333" fs="10">O.</wd>
			<wd l="2594" t="4285" r="2780" b="4346" fs="10">(1910).</wd>
			<wd l="2815" t="4285" r="3167" b="4334" fs="10">Orchidaceae.</wd>
			<wd l="3197" t="4286" r="3425" b="4334" fs="10">Fascicle</wd>
			<wd l="3446" t="4288" r="3527" b="4334" fs="10">IV:</wd>
			<wd l="3560" t="4286" r="3655" b="4334" fs="10">The</wd>
			<wd l="3677" t="4303" r="3834" b="4348" fs="10">genus</wd>
		</ln>
		<ln lx="2511" ly="4355" rx="3832" ry="4418">
			<wd l="2511" t="4355" r="2831" b="4404" fs="10">Habenaria</wd>
			<wd l="2868" t="4360" r="2919" b="4404" fs="10">in</wd>
			<wd l="2951" t="4357" r="3123" b="4404" fs="10">North</wd>
			<wd l="3154" t="4358" r="3419" b="4405" fs="10">America.</wd>
			<wd l="3463" t="4358" r="3598" b="4405" fs="10">1979</wd>
			<wd l="3634" t="4357" r="3832" b="4418" fs="10">reprint</wd>
		</ln>
		<ln lx="2515" ly="4426" rx="3605" ry="4484">
			<wd l="2515" t="4426" r="2877" b="4484" fs="10">Stanfordville,</wd>
			<wd l="2898" t="4428" r="3025" b="4474" fs="10">New</wd>
			<wd l="3046" t="4427" r="3195" b="4475" fs="10">York.</wd>
			<wd l="3218" t="4428" r="3605" b="4476" fs="10">E.M.Coleman.</wd>
		</ln>
	</region>
	<region article-doi="10.2307/41729920" region-id="7">
		<rc l="2317" t="4563" r="3841" b="4776"/>
		<ln lx="2322" ly="4568" rx="3834" ry="4629">
			<wd l="2322" t="4568" r="2522" b="4624" fs="10">Briggs,</wd>
			<wd l="2551" t="4568" r="2650" b="4615" fs="10">J.D.</wd>
			<wd l="2679" t="4568" r="2727" b="4615" fs="10"><![CDATA[&]]></wd>
			<wd l="2763" t="4569" r="2914" b="4615" fs="10">Leigh</wd>
			<wd l="2942" t="4569" r="3045" b="4616" fs="10">J.H.</wd>
			<wd l="3078" t="4569" r="3269" b="4629" fs="10">(1996).</wd>
			<wd l="3300" t="4570" r="3424" b="4617" fs="10">Rare</wd>
			<wd l="3453" t="4584" r="3508" b="4617" fs="10">or</wd>
			<wd l="3534" t="4569" r="3834" b="4617" fs="10">Threatened</wd>
		</ln>
		<ln lx="2512" ly="4638" rx="3836" ry="4696">
			<wd l="2512" t="4638" r="2791" b="4686" fs="10">Australian</wd>
			<wd l="2818" t="4638" r="2996" b="4696" fs="10">Plants,</wd>
			<wd l="3026" t="4639" r="3241" b="4687" fs="10">Revised</wd>
			<wd l="3268" t="4639" r="3478" b="4688" fs="10">Edition.</wd>
			<wd l="3517" t="4640" r="3705" b="4688" fs="10">CSIRO</wd>
			<wd l="3732" t="4640" r="3836" b="4688" fs="10">and</wd>
		</ln>
		<ln lx="2509" ly="4709" rx="3602" ry="4771">
			<wd l="2509" t="4709" r="2793" b="4756" fs="10">Australian</wd>
			<wd l="2811" t="4710" r="2998" b="4757" fs="10">Nature</wd>
			<wd l="3020" t="4710" r="3377" b="4758" fs="10">Conservation</wd>
			<wd l="3394" t="4711" r="3602" b="4771" fs="10">Agency.</wd>
		</ln>
	</region>
	<region article-doi="10.2307/41729920" region-id="8">
		<rc l="2318" t="4845" r="3837" b="5056"/>
		<ln lx="2323" ly="4850" rx="3832" ry="4912">
			<wd l="2323" t="4850" r="2554" b="4908" fs="10">Catling,</wd>
			<wd l="2575" t="4851" r="2700" b="4898" fs="10">P.M.</wd>
			<wd l="2723" t="4851" r="2771" b="4898" fs="10"><![CDATA[&]]></wd>
			<wd l="2793" t="4851" r="3019" b="4909" fs="10">Sheviak,</wd>
			<wd l="3041" t="4852" r="3139" b="4899" fs="10">C.J.</wd>
			<wd l="3161" t="4852" r="3351" b="4912" fs="10">(1993).</wd>
			<wd l="3374" t="4852" r="3674" b="4900" fs="10">Taxonomie</wd>
			<wd l="3693" t="4859" r="3832" b="4901" fs="10">notes</wd>
		</ln>
		<ln lx="2513" ly="4921" rx="3831" ry="4984">
			<wd l="2513" t="4936" r="2578" b="4969" fs="10">on</wd>
			<wd l="2610" t="4936" r="2749" b="4969" fs="10">some</wd>
			<wd l="2777" t="4921" r="2938" b="4969" fs="10">North</wd>
			<wd l="2966" t="4922" r="3236" b="4970" fs="10">American</wd>
			<wd l="3266" t="4922" r="3483" b="4981" fs="10">orchids,</wd>
			<wd l="3518" t="4923" r="3831" b="4984" fs="10">Lindleyana</wd>
		</ln>
		<ln lx="2515" ly="4992" rx="2837" ry="5051">
			<wd l="2515" t="4992" r="2637" b="5051" fs="10">8(2):</wd>
			<wd l="2659" t="4992" r="2837" b="5040" fs="10">77-81.</wd>
		</ln>
	</region>
	<region article-doi="10.2307/41729920" region-id="9">
		<rc l="2318" t="5128" r="3836" b="5259"/>
		<ln lx="2323" ly="5133" rx="3831" ry="5196">
			<wd l="2323" t="5133" r="2624" b="5190" fs="10">Clements,</wd>
			<wd l="2661" t="5134" r="2808" b="5181" fs="10">M.A.</wd>
			<wd l="2847" t="5134" r="3059" b="5194" fs="10">(1989).</wd>
			<wd l="3097" t="5134" r="3396" b="5196" fs="10">Catalogue</wd>
			<wd l="3432" t="5135" r="3497" b="5183" fs="10">of</wd>
			<wd l="3523" t="5135" r="3831" b="5184" fs="10">Australian</wd>
		</ln>
		<ln lx="2513" ly="5202" rx="3654" ry="5254">
			<wd l="2513" t="5202" r="2858" b="5251" fs="10">Orchidaceae.</wd>
			<wd l="2877" t="5204" r="3086" b="5252" fs="10">Austral.</wd>
			<wd l="3116" t="5205" r="3259" b="5253" fs="10">Orch.</wd>
			<wd l="3284" t="5206" r="3390" b="5253" fs="10">Res.</wd>
			<wd l="3423" t="5206" r="3463" b="5253" fs="10">1:</wd>
			<wd l="3493" t="5206" r="3654" b="5254" fs="10">1-160.</wd>
		</ln>
	</region>
	<region article-doi="10.2307/41729920" region-id="10">
		<rc l="2315" t="5340" r="3840" b="5626"/>
		<ln lx="2320" ly="5345" rx="3831" ry="5409">
			<wd l="2320" t="5373" r="2425" b="5377" fs="10">
			</wd>
			<wd l="2484" t="5345" r="2687" b="5406" fs="10">(1995).</wd>
			<wd l="2756" t="5346" r="3147" b="5407" fs="10">Reproductive</wd>
			<wd l="3181" t="5347" r="3399" b="5409" fs="10">biology</wd>
			<wd l="3433" t="5351" r="3483" b="5395" fs="10">in</wd>
			<wd l="3516" t="5348" r="3746" b="5396" fs="10">relation</wd>
			<wd l="3780" t="5357" r="3831" b="5396" fs="10">to</wd>
		</ln>
		<ln lx="2504" ly="5416" rx="3835" ry="5480">
			<wd l="2504" t="5416" r="2805" b="5477" fs="10">phylogeny</wd>
			<wd l="2835" t="5416" r="2903" b="5477" fs="10">of</wd>
			<wd l="2920" t="5417" r="3004" b="5464" fs="10">the</wd>
			<wd l="3038" t="5417" r="3403" b="5465" fs="10">Orchidaceae</wd>
			<wd l="3434" t="5418" r="3721" b="5480" fs="10">especially</wd>
			<wd l="3751" t="5419" r="3835" b="5467" fs="10">the</wd>
		</ln>
		<ln lx="2513" ly="5486" rx="3830" ry="5550">
			<wd l="2513" t="5486" r="2645" b="5534" fs="10">tribe</wd>
			<wd l="2665" t="5487" r="2969" b="5545" fs="10">Diurideae,</wd>
			<wd l="2993" t="5489" r="3189" b="5536" fs="10">Doctor</wd>
			<wd l="3212" t="5488" r="3276" b="5537" fs="10">of</wd>
			<wd l="3290" t="5488" r="3607" b="5550" fs="10">Philosophy</wd>
			<wd l="3632" t="5489" r="3830" b="5548" fs="10">Thesis,</wd>
		</ln>
		<ln lx="2511" ly="5558" rx="3715" ry="5621">
			<wd l="2511" t="5558" r="2807" b="5607" fs="10">Australian</wd>
			<wd l="2830" t="5558" r="3074" b="5607" fs="10">National</wd>
			<wd l="3100" t="5559" r="3416" b="5621" fs="10">University,</wd>
			<wd l="3444" t="5560" r="3715" b="5609" fs="10">Canberra.</wd>
		</ln>
	</region>
</ocr-page>
