<?xml version="1.0" encoding="UTF-8"?>
<ocr-page type="coords" ocr-vers="1.0" creation-date="20130321" res="600" height="6300" width="4500">
	<region article-doi="10.2307/41729922" region-id="0">
		<rc l="647" t="731" r="3786" b="803"/>
		<ln lx="652" ly="736" rx="3781" ry="798">
			<wd l="652" t="743" r="714" b="791" fs="10">96</wd>
			<wd l="2877" t="736" r="3254" b="798" fs="10">Austrobaileya</wd>
			<wd l="3274" t="737" r="3396" b="797" fs="10">5(1):</wd>
			<wd l="3420" t="736" r="3584" b="784" fs="10">93-96</wd>
			<wd l="3606" t="736" r="3781" b="796" fs="10">(1997)</wd>
		</ln>
	</region>
	<region article-doi="10.2307/41729922" region-id="1">
		<rc l="644" t="845" r="2201" b="3966"/>
		<ln lx="649" ly="850" rx="2179" ry="915">
			<wd l="649" t="853" r="949" b="915" fs="10">Specimens</wd>
			<wd l="977" t="852" r="1253" b="901" fs="10">examined</wd>
			<wd l="1253" t="867" r="1265" b="900" fs="10">:</wd>
			<wd l="1297" t="852" r="1587" b="900" fs="10">Australia.</wd>
			<wd l="1616" t="852" r="1861" b="900" fs="10">Western</wd>
			<wd l="1891" t="850" r="2179" b="899" fs="10">Australia:</wd>
		</ln>
		<ln lx="651" ly="925" rx="2185" ry="990">
			<wd l="651" t="930" r="768" b="977" fs="10">Two</wd>
			<wd l="782" t="927" r="903" b="977" fs="10">Mile</wd>
			<wd l="918" t="927" r="1005" b="986" fs="10">Ck,</wd>
			<wd l="1020" t="929" r="1138" b="990" fs="10">May</wd>
			<wd l="1159" t="928" r="1289" b="983" fs="10">1941,</wd>
			<wd l="1307" t="926" r="1551" b="989" fs="10">Burbidge</wd>
			<wd l="1564" t="928" r="1656" b="975" fs="10">775</wd>
			<wd l="1674" t="926" r="1938" b="988" fs="10">(PERTH);</wd>
			<wd l="1953" t="925" r="2185" b="987" fs="10">Manguei</wd>
		</ln>
		<ln lx="652" ly="1002" rx="2184" ry="1065">
			<wd l="652" t="1004" r="728" b="1054" fs="10">Ck</wd>
			<wd l="742" t="1003" r="938" b="1062" fs="10">Station,</wd>
			<wd l="956" t="1003" r="1107" b="1053" fs="10">South</wd>
			<wd l="1121" t="1003" r="1182" b="1053" fs="10">of</wd>
			<wd l="1187" t="1002" r="1583" b="1065" fs="10">Broome-Derby</wd>
			<wd l="1597" t="1002" r="1727" b="1061" fs="10">road,</wd>
			<wd l="1742" t="1003" r="1845" b="1064" fs="10">Apr</wd>
			<wd l="1865" t="1002" r="2003" b="1060" fs="10">1968,</wd>
			<wd l="2018" t="1003" r="2184" b="1063" fs="10">Payne</wd>
		</ln>
		<ln lx="653" ly="1077" rx="2184" ry="1142">
			<wd l="653" t="1080" r="760" b="1129" fs="10">S.N.</wd>
			<wd l="788" t="1079" r="1053" b="1142" fs="10">(PERTH).</wd>
			<wd l="1076" t="1080" r="1339" b="1128" fs="10">Northern</wd>
			<wd l="1361" t="1079" r="1642" b="1140" fs="10">Territory:</wd>
			<wd l="1667" t="1077" r="1862" b="1127" fs="10">Walker</wd>
			<wd l="1880" t="1077" r="2043" b="1136" fs="10">River,</wd>
			<wd l="2064" t="1078" r="2184" b="1139" fs="10">May</wd>
		</ln>
		<ln lx="658" ly="1152" rx="2193" ry="1218">
			<wd l="658" t="1156" r="793" b="1215" fs="10">1993,</wd>
			<wd l="827" t="1155" r="1031" b="1218" fs="10">Dunlop</wd>
			<wd l="1057" t="1156" r="1185" b="1204" fs="10">9529</wd>
			<wd l="1212" t="1156" r="1260" b="1204" fs="10"><![CDATA[&]]></wd>
			<wd l="1293" t="1154" r="1459" b="1203" fs="10">Leach</wd>
			<wd l="1489" t="1155" r="1638" b="1216" fs="10">(BRI,</wd>
			<wd l="1668" t="1154" r="1852" b="1215" fs="10">DNA);</wd>
			<wd l="1884" t="1153" r="2035" b="1202" fs="10">70km</wd>
			<wd l="2062" t="1154" r="2101" b="1201" fs="10">E</wd>
			<wd l="2131" t="1152" r="2193" b="1202" fs="10">of</wd>
		</ln>
		<ln lx="654" ly="1229" rx="2185" ry="1292">
			<wd l="654" t="1231" r="868" b="1289" fs="10">Soudan,</wd>
			<wd l="899" t="1230" r="1118" b="1292" fs="10">Wakaya</wd>
			<wd l="1143" t="1232" r="1334" b="1288" fs="10">Desert,</wd>
			<wd l="1363" t="1231" r="1484" b="1291" fs="10">May</wd>
			<wd l="1520" t="1230" r="1663" b="1288" fs="10">1993,</wd>
			<wd l="1693" t="1231" r="1812" b="1278" fs="10">Latz</wd>
			<wd l="1846" t="1229" r="2006" b="1277" fs="10">13138</wd>
			<wd l="2038" t="1229" r="2185" b="1289" fs="10">(BRI,</wd>
		</ln>
		<ln lx="651" ly="1303" rx="2188" ry="1368">
			<wd l="651" t="1307" r="832" b="1368" fs="10">DNA);</wd>
			<wd l="856" t="1306" r="1000" b="1368" fs="10">Jitiya</wd>
			<wd l="1022" t="1306" r="1259" b="1368" fs="10">Soakage,</wd>
			<wd l="1283" t="1305" r="1399" b="1353" fs="10">4km</wd>
			<wd l="1423" t="1306" r="1496" b="1354" fs="10">SE</wd>
			<wd l="1520" t="1304" r="1582" b="1354" fs="10">of</wd>
			<wd l="1595" t="1304" r="1727" b="1354" fs="10">Lake</wd>
			<wd l="1752" t="1304" r="1963" b="1367" fs="10">Suprise,</wd>
			<wd l="1988" t="1303" r="2188" b="1353" fs="10">Tanami</wd>
		</ln>
		<ln lx="651" ly="1378" rx="2188" ry="1444">
			<wd l="651" t="1384" r="841" b="1441" fs="10">Desert,</wd>
			<wd l="871" t="1383" r="987" b="1444" fs="10">Aug</wd>
			<wd l="1020" t="1382" r="1163" b="1440" fs="10">1991,</wd>
			<wd l="1189" t="1383" r="1307" b="1430" fs="10">Latz</wd>
			<wd l="1340" t="1381" r="1495" b="1429" fs="10">12131</wd>
			<wd l="1532" t="1380" r="1737" b="1442" fs="10">(DNA);</wd>
			<wd l="1768" t="1381" r="1938" b="1442" fs="10">Upper</wd>
			<wd l="1965" t="1378" r="2188" b="1428" fs="10">Victoria</wd>
		</ln>
		<ln lx="651" ly="1456" rx="2185" ry="1518">
			<wd l="651" t="1458" r="812" b="1516" fs="10">River,</wd>
			<wd l="834" t="1457" r="883" b="1506" fs="10">in</wd>
			<wd l="907" t="1458" r="1047" b="1516" fs="10">1855,</wd>
			<wd l="1066" t="1457" r="1277" b="1505" fs="10">Mueller</wd>
			<wd l="1295" t="1457" r="1377" b="1518" fs="10">(K,</wd>
			<wd l="1398" t="1457" r="1427" b="1504" fs="10">2</wd>
			<wd l="1450" t="1456" r="1646" b="1518" fs="10">sheets).</wd>
			<wd l="1668" t="1457" r="2017" b="1515" fs="10">Queensland:</wd>
			<wd l="2041" t="1456" r="2185" b="1504" fs="10">Cook</wd>
		</ln>
		<ln lx="651" ly="1530" rx="2189" ry="1594">
			<wd l="651" t="1535" r="888" b="1582" fs="10">District:</wd>
			<wd l="918" t="1532" r="1143" b="1582" fs="10">Junction</wd>
			<wd l="1171" t="1532" r="1260" b="1591" fs="10">Ck,</wd>
			<wd l="1290" t="1532" r="1719" b="1594" fs="10">Georgetown-Mt</wd>
			<wd l="1747" t="1530" r="1966" b="1594" fs="10">Surprise</wd>
			<wd l="1992" t="1530" r="2084" b="1590" fs="10">Rd,</wd>
			<wd l="2113" t="1530" r="2189" b="1580" fs="10">Jul</wd>
		</ln>
		<ln lx="658" ly="1606" rx="2187" ry="1669">
			<wd l="658" t="1609" r="798" b="1667" fs="10">1983,</wd>
			<wd l="819" t="1608" r="1017" b="1657" fs="10">Hacker</wd>
			<wd l="1038" t="1609" r="1135" b="1657" fs="10">369</wd>
			<wd l="1159" t="1608" r="1328" b="1669" fs="10">(BRI);</wd>
			<wd l="1352" t="1608" r="1508" b="1656" fs="10">Black</wd>
			<wd l="1529" t="1607" r="1671" b="1656" fs="10">Rock</wd>
			<wd l="1693" t="1607" r="1891" b="1669" fs="10">(Lynd),</wd>
			<wd l="1914" t="1608" r="2019" b="1668" fs="10">Apr</wd>
			<wd l="2047" t="1606" r="2187" b="1664" fs="10">1981,</wd>
		</ln>
		<ln lx="649" ly="1680" rx="2186" ry="1746">
			<wd l="649" t="1685" r="850" b="1746" fs="10">Horsup</wd>
			<wd l="875" t="1684" r="893" b="1731" fs="10">1</wd>
			<wd l="909" t="1684" r="926" b="1731" fs="10">1</wd>
			<wd l="942" t="1684" r="960" b="1731" fs="10">1</wd>
			<wd l="988" t="1683" r="1154" b="1744" fs="10">(BRI).</wd>
			<wd l="1178" t="1684" r="1347" b="1731" fs="10">Burke</wd>
			<wd l="1367" t="1684" r="1605" b="1731" fs="10">District:</wd>
			<wd l="1628" t="1682" r="1747" b="1731" fs="10">road</wd>
			<wd l="1768" t="1681" r="1895" b="1731" fs="10">from</wd>
			<wd l="1913" t="1683" r="2065" b="1730" fs="10">Lawn</wd>
			<wd l="2084" t="1680" r="2186" b="1729" fs="10">Hill</wd>
		</ln>
		<ln lx="651" ly="1757" rx="2184" ry="1821">
			<wd l="651" t="1766" r="701" b="1808" fs="10">to</wd>
			<wd l="726" t="1758" r="1045" b="1821" fs="10">Doomadgee</wd>
			<wd l="1069" t="1758" r="1298" b="1816" fs="10">Mission,</wd>
			<wd l="1325" t="1758" r="1401" b="1807" fs="10">Jul</wd>
			<wd l="1433" t="1758" r="1574" b="1816" fs="10">1974,</wd>
			<wd l="1599" t="1757" r="1941" b="1813" fs="10">Ollerenshaw,</wd>
			<wd l="1985" t="1757" r="2107" b="1805" fs="10">1345</wd>
			<wd l="2136" t="1757" r="2184" b="1805" fs="10"><![CDATA[&]]></wd>
		</ln>
		<ln lx="649" ly="1832" rx="2187" ry="1897">
			<wd l="649" t="1836" r="885" b="1897" fs="10">Kratzing</wd>
			<wd l="903" t="1834" r="1071" b="1896" fs="10">(BRI);</wd>
			<wd l="1092" t="1834" r="1238" b="1883" fs="10">Adel'</wd>
			<wd l="1247" t="1849" r="1269" b="1883" fs="10">s</wd>
			<wd l="1290" t="1834" r="1469" b="1892" fs="10">Grove,</wd>
			<wd l="1491" t="1833" r="1573" b="1882" fs="10">via</wd>
			<wd l="1592" t="1832" r="1923" b="1891" fs="10">Camooweal,</wd>
			<wd l="1944" t="1834" r="2036" b="1881" fs="10">Jun</wd>
			<wd l="2062" t="1832" r="2187" b="1880" fs="10">1950</wd>
		</ln>
		<ln lx="652" ly="1907" rx="2188" ry="1972">
			<wd l="652" t="1910" r="713" b="1958" fs="10">de</wd>
			<wd l="725" t="1912" r="940" b="1972" fs="10">Lestang</wd>
			<wd l="951" t="1910" r="1049" b="1958" fs="10">486</wd>
			<wd l="1065" t="1910" r="1232" b="1971" fs="10">(BRI).</wd>
			<wd l="1251" t="1909" r="1400" b="1957" fs="10">64km</wd>
			<wd l="1411" t="1910" r="1524" b="1957" fs="10">NW</wd>
			<wd l="1539" t="1908" r="1601" b="1958" fs="10">of</wd>
			<wd l="1607" t="1907" r="1899" b="1966" fs="10">Richmond,</wd>
			<wd l="1916" t="1909" r="2027" b="1956" fs="10">Mar</wd>
			<wd l="2047" t="1908" r="2188" b="1965" fs="10">1995,</wd>
		</ln>
		<ln lx="650" ly="1982" rx="2185" ry="2047">
			<wd l="650" t="1985" r="1024" b="2035" fs="10">Milsonjmi6</wd>
			<wd l="1040" t="1985" r="1204" b="2047" fs="10">(BRI).</wd>
			<wd l="1217" t="1985" r="1449" b="2034" fs="10">Gregory</wd>
			<wd l="1459" t="1986" r="1633" b="2033" fs="10">North</wd>
			<wd l="1646" t="1986" r="1877" b="2033" fs="10">District:</wd>
			<wd l="1895" t="1982" r="2185" b="2042" fs="10">Currawilla,</wd>
		</ln>
		<ln lx="653" ly="2060" rx="2189" ry="2122">
			<wd l="653" t="2062" r="799" b="2111" fs="10">about</wd>
			<wd l="819" t="2062" r="909" b="2110" fs="10">100</wd>
			<wd l="924" t="2061" r="1017" b="2110" fs="10">mls</wd>
			<wd l="1036" t="2061" r="1280" b="2122" fs="10">[160kms]</wd>
			<wd l="1300" t="2062" r="1360" b="2109" fs="10">W</wd>
			<wd l="1374" t="2060" r="1435" b="2109" fs="10">of</wd>
			<wd l="1443" t="2060" r="1721" b="2118" fs="10">Windorah,</wd>
			<wd l="1737" t="2061" r="1829" b="2109" fs="10">Jun</wd>
			<wd l="1849" t="2060" r="1973" b="2108" fs="10">1949</wd>
			<wd l="1978" t="2060" r="2189" b="2117" fs="10">,Everist</wd>
		</ln>
		<ln lx="653" ly="2137" rx="985" ry="2198">
			<wd l="653" t="2137" r="799" b="2196" fs="10">3898,</wd>
			<wd l="819" t="2137" r="985" b="2198" fs="10">(BRI).</wd>
		</ln>
		<ln lx="649" ly="2281" rx="2187" ry="2360">
			<wd l="649" t="2285" r="1091" b="2345" fs="10">Distribution</wd>
			<wd l="1130" t="2284" r="1269" b="2344" fs="10">and</wd>
			<wd l="1301" t="2284" r="1559" b="2344" fs="10">habitat</wd>
			<wd l="1561" t="2302" r="1576" b="2343" fs="10">:</wd>
			<wd l="1620" t="2282" r="1772" b="2343" fs="10">This</wd>
			<wd l="1813" t="2281" r="2187" b="2360" fs="10">subspecies</wd>
		</ln>
		<ln lx="654" ly="2373" rx="2192" ry="2454">
			<wd l="654" t="2395" r="868" b="2438" fs="10">occurs</wd>
			<wd l="895" t="2376" r="1053" b="2454" fs="10">right</wd>
			<wd l="1081" t="2395" r="1285" b="2437" fs="10">across</wd>
			<wd l="1312" t="2375" r="1413" b="2436" fs="10">the</wd>
			<wd l="1442" t="2375" r="1599" b="2436" fs="10">drier</wd>
			<wd l="1624" t="2382" r="1785" b="2453" fs="10">parts</wd>
			<wd l="1815" t="2374" r="1892" b="2435" fs="10">of</wd>
			<wd l="1907" t="2373" r="2192" b="2435" fs="10">northern</wd>
		</ln>
		<ln lx="652" ly="2466" rx="2187" ry="2545">
			<wd l="652" t="2468" r="974" b="2529" fs="10">Australia.</wd>
			<wd l="999" t="2467" r="1164" b="2545" fs="10">Only</wd>
			<wd l="1193" t="2469" r="1260" b="2528" fs="10">13</wd>
			<wd l="1288" t="2467" r="1646" b="2528" fs="10">collections</wd>
			<wd l="1667" t="2466" r="1824" b="2527" fs="10">have</wd>
			<wd l="1845" t="2466" r="2003" b="2527" fs="10">been</wd>
			<wd l="2026" t="2485" r="2187" b="2526" fs="10">seen.</wd>
		</ln>
		<ln lx="654" ly="2557" rx="2192" ry="2637">
			<wd l="654" t="2563" r="703" b="2622" fs="10">It</wd>
			<wd l="720" t="2561" r="771" b="2621" fs="10">is</wd>
			<wd l="791" t="2560" r="982" b="2621" fs="10">found</wd>
			<wd l="1000" t="2560" r="1062" b="2620" fs="10">in</wd>
			<wd l="1080" t="2560" r="1270" b="2637" fs="10">sandy</wd>
			<wd l="1289" t="2559" r="1436" b="2620" fs="10">soils</wd>
			<wd l="1455" t="2578" r="1537" b="2620" fs="10">on</wd>
			<wd l="1556" t="2558" r="1845" b="2620" fs="10">sandhills</wd>
			<wd l="1865" t="2558" r="1983" b="2619" fs="10">and</wd>
			<wd l="2002" t="2557" r="2192" b="2635" fs="10">sandy</wd>
		</ln>
		<ln lx="655" ly="2653" rx="811" ry="2714">
			<wd l="655" t="2653" r="811" b="2714" fs="10">flats.</wd>
		</ln>
		<ln lx="650" ly="2813" rx="2189" ry="2894">
			<wd l="650" t="2817" r="1030" b="2894" fs="10">Phenology</wd>
			<wd l="1037" t="2835" r="1052" b="2876" fs="10">:</wd>
			<wd l="1092" t="2815" r="1367" b="2876" fs="10">Flowers</wd>
			<wd l="1406" t="2815" r="1569" b="2876" fs="10">from</wd>
			<wd l="1605" t="2814" r="1785" b="2892" fs="10">April</wd>
			<wd l="1821" t="2813" r="2091" b="2891" fs="10">through</wd>
			<wd l="2124" t="2821" r="2189" b="2874" fs="10">to</wd>
		</ln>
		<ln lx="653" ly="2910" rx="910" ry="2987">
			<wd l="653" t="2910" r="910" b="2987" fs="10">August.</wd>
		</ln>
		<ln lx="651" ly="3068" rx="2191" ry="3151">
			<wd l="651" t="3073" r="1032" b="3151" fs="10">Etymology</wd>
			<wd l="1039" t="3091" r="1054" b="3133" fs="10">:</wd>
			<wd l="1096" t="3071" r="1245" b="3132" fs="10">This</wd>
			<wd l="1284" t="3070" r="1651" b="3149" fs="10">subspecies</wd>
			<wd l="1690" t="3070" r="1743" b="3131" fs="10">is</wd>
			<wd l="1779" t="3069" r="1927" b="3131" fs="10">here</wd>
			<wd l="1963" t="3068" r="2191" b="3130" fs="10">named</wd>
		</ln>
		<ln lx="660" ly="3161" rx="2188" ry="3238">
			<wd l="660" t="3165" r="1003" b="3238" fs="10">'australis',</wd>
			<wd l="1023" t="3164" r="1285" b="3226" fs="10">because</wd>
			<wd l="1305" t="3163" r="1382" b="3225" fs="10">of</wd>
			<wd l="1390" t="3164" r="1464" b="3225" fs="10">its</wd>
			<wd l="1485" t="3163" r="1771" b="3224" fs="10">southern</wd>
			<wd l="1789" t="3161" r="2188" b="3224" fs="10">distribution.</wd>
		</ln>
		<ln lx="649" ly="3325" rx="2194" ry="3407">
			<wd l="649" t="3330" r="972" b="3407" fs="10">Affinities</wd>
			<wd l="978" t="3348" r="993" b="3389" fs="10">:</wd>
			<wd l="1017" t="3328" r="1143" b="3389" fs="10">The</wd>
			<wd l="1162" t="3328" r="1308" b="3406" fs="10">only</wd>
			<wd l="1326" t="3327" r="1496" b="3388" fs="10">other</wd>
			<wd l="1511" t="3326" r="1816" b="3405" fs="10">presently</wd>
			<wd l="1832" t="3325" r="2194" b="3403" fs="10">recognised</wd>
		</ln>
		<ln lx="657" ly="3417" rx="2189" ry="3500">
			<wd l="657" t="3421" r="887" b="3500" fs="10">species</wd>
			<wd l="919" t="3421" r="995" b="3482" fs="10">of</wd>
			<wd l="1019" t="3420" r="1243" b="3481" fs="10">Rothia</wd>
			<wd l="1246" t="3470" r="1260" b="3493" fs="10">,</wd>
			<wd l="1290" t="3422" r="1354" b="3481" fs="10">R.</wd>
			<wd l="1394" t="3420" r="1630" b="3480" fs="10">hirsuta</wd>
			<wd l="1661" t="3418" r="1875" b="3496" fs="10">(Guill.</wd>
			<wd l="1911" t="3419" r="1971" b="3479" fs="10"><![CDATA[&]]></wd>
			<wd l="2003" t="3417" r="2189" b="3494" fs="10">Perr.)</wd>
		</ln>
		<ln lx="655" ly="3510" rx="2195" ry="3591">
			<wd l="655" t="3514" r="892" b="3587" fs="10">Baker,</wd>
			<wd l="938" t="3532" r="1060" b="3574" fs="10">can</wd>
			<wd l="1103" t="3512" r="1316" b="3591" fs="10">easily</wd>
			<wd l="1356" t="3512" r="1438" b="3573" fs="10">be</wd>
			<wd l="1483" t="3510" r="1979" b="3590" fs="10">distinguished</wd>
			<wd l="2023" t="3510" r="2195" b="3571" fs="10">from</wd>
		</ln>
		<ln lx="652" ly="3602" rx="2192" ry="3683">
			<wd l="652" t="3609" r="716" b="3667" fs="10">R.</wd>
			<wd l="760" t="3606" r="964" b="3667" fs="10">indica</wd>
			<wd l="994" t="3605" r="1076" b="3683" fs="10">by</wd>
			<wd l="1106" t="3605" r="1207" b="3666" fs="10">the</wd>
			<wd l="1239" t="3604" r="1395" b="3683" fs="10">pods</wd>
			<wd l="1428" t="3604" r="1633" b="3665" fs="10">which</wd>
			<wd l="1665" t="3623" r="1763" b="3665" fs="10">are</wd>
			<wd l="1798" t="3603" r="2035" b="3675" fs="10">falcate,</wd>
			<wd l="2072" t="3602" r="2192" b="3663" fs="10">less</wd>
		</ln>
		<ln lx="655" ly="3695" rx="2191" ry="3776">
			<wd l="655" t="3699" r="804" b="3760" fs="10">than</wd>
			<wd l="849" t="3699" r="922" b="3758" fs="10">12</wd>
			<wd l="960" t="3717" r="1090" b="3758" fs="10">mm</wd>
			<wd l="1128" t="3697" r="1280" b="3776" fs="10">long</wd>
			<wd l="1318" t="3696" r="1441" b="3758" fs="10">and</wd>
			<wd l="1476" t="3695" r="1735" b="3775" fs="10">tapered</wd>
			<wd l="1772" t="3703" r="1832" b="3757" fs="10">at</wd>
			<wd l="1867" t="3695" r="1972" b="3756" fs="10">the</wd>
			<wd l="2011" t="3714" r="2191" b="3773" fs="10">apex.</wd>
		</ln>
		<ln lx="653" ly="3788" rx="2196" ry="3868">
			<wd l="653" t="3794" r="717" b="3852" fs="10">R.</wd>
			<wd l="748" t="3791" r="951" b="3852" fs="10">indica</wd>
			<wd l="968" t="3790" r="1077" b="3851" fs="10">has</wd>
			<wd l="1096" t="3790" r="1252" b="3868" fs="10">pods</wd>
			<wd l="1272" t="3789" r="1476" b="3850" fs="10">which</wd>
			<wd l="1495" t="3808" r="1593" b="3849" fs="10">are</wd>
			<wd l="1615" t="3788" r="1820" b="3860" fs="10">linear,</wd>
			<wd l="1842" t="3789" r="2045" b="3848" fs="10">20-55</wd>
			<wd l="2068" t="3806" r="2196" b="3846" fs="10">mm</wd>
		</ln>
		<ln lx="658" ly="3881" rx="1545" ry="3961">
			<wd l="658" t="3883" r="803" b="3961" fs="10">long</wd>
			<wd l="828" t="3882" r="946" b="3943" fs="10">and</wd>
			<wd l="970" t="3889" r="1142" b="3943" fs="10">acute</wd>
			<wd l="1168" t="3890" r="1225" b="3942" fs="10">at</wd>
			<wd l="1246" t="3881" r="1347" b="3942" fs="10">the</wd>
			<wd l="1373" t="3900" r="1545" b="3959" fs="10">apex.</wd>
		</ln>
	</region>
	<region article-doi="10.2307/41729922" region-id="2">
		<rc l="2324" t="845" r="3876" b="1817"/>
		<ln lx="2329" ly="850" rx="3018" ry="925">
			<wd l="2329" t="850" r="3018" b="925" fs="10">Acknowledgements</wd>
		</ln>
		<ln lx="2331" ly="1009" rx="3869" ry="1090">
			<wd l="2331" t="1016" r="2355" b="1073" fs="10">I</wd>
			<wd l="2399" t="1032" r="2502" b="1074" fs="10">am</wd>
			<wd l="2545" t="1012" r="2914" b="1090" fs="10">especially</wd>
			<wd l="2957" t="1011" r="3244" b="1089" fs="10">grateful</wd>
			<wd l="3289" t="1011" r="3394" b="1071" fs="10">for</wd>
			<wd l="3435" t="1009" r="3869" b="1070" fs="10">information</wd>
		</ln>
		<ln lx="2331" ly="1100" rx="3868" ry="1182">
			<wd l="2331" t="1104" r="2657" b="1167" fs="10">obtained</wd>
			<wd l="2756" t="1104" r="2845" b="1182" fs="10">by</wd>
			<wd l="2946" t="1106" r="3053" b="1164" fs="10">Mr</wd>
			<wd l="3153" t="1105" r="3282" b="1164" fs="10">Les</wd>
			<wd l="3384" t="1102" r="3638" b="1180" fs="10">Pedley</wd>
			<wd l="3739" t="1100" r="3868" b="1162" fs="10">and</wd>
		</ln>
		<ln lx="2330" ly="1193" rx="3866" ry="1274">
			<wd l="2330" t="1200" r="2438" b="1258" fs="10">Mr</wd>
			<wd l="2503" t="1197" r="2747" b="1258" fs="10">Laurie</wd>
			<wd l="2815" t="1199" r="3059" b="1274" fs="10">Jessup</wd>
			<wd l="3127" t="1195" r="3333" b="1256" fs="10">while</wd>
			<wd l="3400" t="1195" r="3690" b="1272" fs="10">visiting</wd>
			<wd l="3755" t="1193" r="3866" b="1254" fs="10">the</wd>
		</ln>
		<ln lx="2330" ly="1285" rx="3871" ry="1367">
			<wd l="2330" t="1289" r="2713" b="1362" fs="10">Herbarium,</wd>
			<wd l="2739" t="1288" r="2938" b="1367" fs="10">Royal</wd>
			<wd l="2962" t="1288" r="3222" b="1349" fs="10">Botanic</wd>
			<wd l="3247" t="1287" r="3544" b="1359" fs="10">Gardens,</wd>
			<wd l="3570" t="1289" r="3728" b="1347" fs="10">Kew</wd>
			<wd l="3751" t="1285" r="3871" b="1347" fs="10">and</wd>
		</ln>
		<ln lx="2330" ly="1380" rx="3866" ry="1454">
			<wd l="2330" t="1390" r="2392" b="1443" fs="10">to</wd>
			<wd l="2415" t="1381" r="2517" b="1443" fs="10">the</wd>
			<wd l="2542" t="1381" r="2833" b="1443" fs="10">directors</wd>
			<wd l="2858" t="1380" r="2936" b="1442" fs="10">of</wd>
			<wd l="2948" t="1382" r="3026" b="1454" fs="10">K,</wd>
			<wd l="3051" t="1382" r="3114" b="1453" fs="10">P,</wd>
			<wd l="3140" t="1381" r="3423" b="1452" fs="10">PERTH,</wd>
			<wd l="3448" t="1380" r="3647" b="1452" fs="10">DNA,</wd>
			<wd l="3672" t="1380" r="3866" b="1451" fs="10">MEL,</wd>
		</ln>
		<ln lx="2330" ly="1470" rx="3870" ry="1550">
			<wd l="2330" t="1476" r="2449" b="1535" fs="10">AD</wd>
			<wd l="2476" t="1474" r="2595" b="1535" fs="10">and</wd>
			<wd l="2619" t="1475" r="2847" b="1535" fs="10">CANB</wd>
			<wd l="2875" t="1473" r="2972" b="1534" fs="10">for</wd>
			<wd l="2993" t="1473" r="3094" b="1534" fs="10">the</wd>
			<wd l="3121" t="1472" r="3263" b="1533" fs="10">loan</wd>
			<wd l="3287" t="1472" r="3365" b="1533" fs="10">of</wd>
			<wd l="3380" t="1472" r="3725" b="1550" fs="10">specimens</wd>
			<wd l="3751" t="1470" r="3870" b="1531" fs="10">and</wd>
		</ln>
		<ln lx="2330" ly="1563" rx="3870" ry="1645">
			<wd l="2330" t="1567" r="2431" b="1628" fs="10">the</wd>
			<wd l="2449" t="1567" r="2768" b="1645" fs="10">provision</wd>
			<wd l="2787" t="1566" r="2864" b="1627" fs="10">of</wd>
			<wd l="2871" t="1565" r="3306" b="1644" fs="10">photographs,</wd>
			<wd l="3326" t="1564" r="3731" b="1642" fs="10">photocopies</wd>
			<wd l="3752" t="1563" r="3870" b="1624" fs="10">and</wd>
		</ln>
		<ln lx="2332" ly="1655" rx="3870" ry="1734">
			<wd l="2332" t="1658" r="2776" b="1719" fs="10">informaton.</wd>
			<wd l="2847" t="1657" r="3009" b="1718" fs="10">Will</wd>
			<wd l="3080" t="1656" r="3297" b="1717" fs="10">Smith</wd>
			<wd l="3361" t="1655" r="3694" b="1734" fs="10">prepared</wd>
			<wd l="3759" t="1655" r="3870" b="1715" fs="10">the</wd>
		</ln>
		<ln lx="2333" ly="1751" rx="2747" ry="1812">
			<wd l="2333" t="1751" r="2747" b="1812" fs="10">illustrations.</wd>
		</ln>
	</region>
	<region article-doi="10.2307/41729922" region-id="3">
		<rc l="2327" t="1911" r="2725" b="1981"/>
		<ln lx="2332" ly="1916" rx="2720" ry="1976">
			<wd l="2332" t="1916" r="2720" b="1976" fs="10">References</wd>
		</ln>
	</region>
	<region article-doi="10.2307/41729922" region-id="4">
		<rc l="2327" t="2071" r="3874" b="2208"/>
		<ln lx="2332" ly="2076" rx="3869" ry="2139">
			<wd l="2332" t="2081" r="2586" b="2137" fs="10">Bentham,</wd>
			<wd l="2607" t="2079" r="2665" b="2127" fs="10">G.</wd>
			<wd l="2687" t="2078" r="2873" b="2139" fs="10">(1864).</wd>
			<wd l="2894" t="2077" r="3259" b="2139" fs="10">Leguminosae.</wd>
			<wd l="3297" t="2078" r="3350" b="2124" fs="10">In</wd>
			<wd l="3362" t="2077" r="3513" b="2124" fs="10">Flora</wd>
			<wd l="3526" t="2076" r="3869" b="2124" fs="10">Australiensis</wd>
		</ln>
		<ln lx="2523" ly="2152" rx="3336" ry="2203">
			<wd l="2523" t="2154" r="2684" b="2203" fs="10">2:185.</wd>
			<wd l="2704" t="2153" r="2923" b="2202" fs="10">London:</wd>
			<wd l="2943" t="2154" r="3162" b="2202" fs="10">L.Reeve</wd>
			<wd l="3181" t="2152" r="3229" b="2201" fs="10"><![CDATA[&]]></wd>
			<wd l="3249" t="2152" r="3336" b="2201" fs="10">Co.</wd>
		</ln>
	</region>
	<region article-doi="10.2307/41729922" region-id="5">
		<rc l="2327" t="2294" r="3878" b="2593"/>
		<ln lx="2332" ly="2299" rx="3873" ry="2362">
			<wd l="2332" t="2303" r="2551" b="2360" fs="10">Hooker,</wd>
			<wd l="2577" t="2303" r="2677" b="2350" fs="10">J.D.</wd>
			<wd l="2704" t="2301" r="2868" b="2362" fs="10">(1859,</wd>
			<wd l="2898" t="2300" r="3100" b="2361" fs="10">'I860').</wd>
			<wd l="3137" t="2300" r="3230" b="2348" fs="10">The</wd>
			<wd l="3255" t="2300" r="3432" b="2361" fs="10">botany</wd>
			<wd l="3456" t="2299" r="3519" b="2361" fs="10">of</wd>
			<wd l="3530" t="2299" r="3607" b="2347" fs="10">the</wd>
			<wd l="3627" t="2300" r="3873" b="2347" fs="10">Antarctic</wd>
		</ln>
		<ln lx="2523" ly="2374" rx="3873" ry="2439">
			<wd l="2523" t="2393" r="2705" b="2439" fs="10">voyage</wd>
			<wd l="2717" t="2376" r="2781" b="2438" fs="10">of</wd>
			<wd l="2775" t="2377" r="3171" b="2437" fs="10">H.M.Discovery</wd>
			<wd l="3180" t="2375" r="3313" b="2437" fs="10">ships</wd>
			<wd l="3326" t="2374" r="3540" b="2423" fs="10">'Erebus'</wd>
			<wd l="3553" t="2374" r="3654" b="2422" fs="10">and</wd>
			<wd l="3673" t="2376" r="3682" b="2391" fs="10">'</wd>
			<wd l="3685" t="2375" r="3853" b="2421" fs="10">Terror</wd>
			<wd l="3864" t="2375" r="3873" b="2390" fs="10">'</wd>
		</ln>
		<ln lx="2525" ly="2449" rx="3871" ry="2514">
			<wd l="2525" t="2456" r="2573" b="2501" fs="10">in</wd>
			<wd l="2600" t="2452" r="2678" b="2500" fs="10">the</wd>
			<wd l="2696" t="2468" r="2844" b="2514" fs="10">years</wd>
			<wd l="2874" t="2452" r="3176" b="2499" fs="10">1839-1843.</wd>
			<wd l="3215" t="2452" r="3322" b="2499" fs="10">Part</wd>
			<wd l="3348" t="2451" r="3374" b="2498" fs="10">3</wd>
			<wd l="3405" t="2450" r="3546" b="2499" fs="10">Flora</wd>
			<wd l="3571" t="2449" r="3871" b="2507" fs="10">Tasmaniae,</wd>
		</ln>
		<ln lx="2523" ly="2525" rx="3370" ry="2588">
			<wd l="2523" t="2527" r="2732" b="2576" fs="10">Volume</wd>
			<wd l="2759" t="2528" r="2776" b="2575" fs="10">1</wd>
			<wd l="2803" t="2526" r="3184" b="2588" fs="10">Dicotlyledons,</wd>
			<wd l="3204" t="2525" r="3370" b="2587" fs="10">p.xliii.</wd>
		</ln>
	</region>
	<region article-doi="10.2307/41729922" region-id="6">
		<rc l="2329" t="2665" r="3880" b="2878"/>
		<ln lx="2334" ly="2670" rx="3875" ry="2735">
			<wd l="2334" t="2675" r="2519" b="2732" fs="10">Thuan,</wd>
			<wd l="2533" t="2675" r="2595" b="2722" fs="10">N.</wd>
			<wd l="2600" t="2675" r="2711" b="2722" fs="10">V.et</wd>
			<wd l="2725" t="2673" r="2783" b="2722" fs="10">al.</wd>
			<wd l="2802" t="2673" r="2846" b="2735" fs="10">(1</wd>
			<wd l="2857" t="2673" r="2989" b="2734" fs="10">987).</wd>
			<wd l="3006" t="2674" r="3060" b="2721" fs="10">In</wd>
			<wd l="3066" t="2672" r="3217" b="2720" fs="10">Flora</wd>
			<wd l="3231" t="2672" r="3296" b="2720" fs="10">du</wd>
			<wd l="3312" t="2671" r="3594" b="2733" fs="10">Cambodge</wd>
			<wd l="3608" t="2670" r="3673" b="2719" fs="10">du</wd>
			<wd l="3684" t="2672" r="3814" b="2719" fs="10">Laos</wd>
			<wd l="3828" t="2678" r="3875" b="2718" fs="10">et</wd>
		</ln>
		<ln lx="2524" ly="2746" rx="3872" ry="2798">
			<wd l="2524" t="2749" r="2592" b="2798" fs="10">du</wd>
			<wd l="2632" t="2751" r="2861" b="2798" fs="10">Viêtnam</wd>
			<wd l="2894" t="2749" r="3108" b="2797" fs="10">23:197.</wd>
			<wd l="3143" t="2747" r="3304" b="2796" fs="10">Paris:</wd>
			<wd l="3339" t="2748" r="3585" b="2796" fs="10">Muséum</wd>
			<wd l="3614" t="2746" r="3872" b="2795" fs="10">National</wd>
		</ln>
		<ln lx="2525" ly="2824" rx="2816" ry="2873">
			<wd l="2525" t="2824" r="2816" b="2873" fs="10">d'Histoire.</wd>
		</ln>
	</region>
</ocr-page>
