<?xml version="1.0" encoding="UTF-8"?>
<ocr-page type="coords" ocr-vers="1.0" creation-date="20130321" res="600" height="6300" width="4500">
	<region article-doi="10.2307/41729923" region-id="0">
		<rc l="621" t="732" r="3794" b="946"/>
		<ln lx="626" ly="737" rx="3789" ry="800">
			<wd l="626" t="743" r="687" b="791" fs="10">98</wd>
			<wd l="2851" t="737" r="3229" b="800" fs="10">Austrobaileya</wd>
			<wd l="3248" t="738" r="3371" b="799" fs="10">5(1):</wd>
			<wd l="3394" t="738" r="3592" b="786" fs="10">97-102</wd>
			<wd l="3614" t="738" r="3789" b="799" fs="10">(1997)</wd>
		</ln>
		<ln lx="1993" ly="864" rx="2491" ry="941">
			<wd l="1993" t="865" r="2135" b="941" fs="10">Key</wd>
			<wd l="2158" t="870" r="2224" b="923" fs="10">to</wd>
			<wd l="2249" t="864" r="2491" b="941" fs="10">species</wd>
		</ln>
	</region>
	<region article-doi="10.2307/41729923" region-id="1">
		<rc l="630" t="1021" r="3844" b="3028"/>
		<ln lx="646" ly="1026" rx="3087" ry="1106">
			<wd l="646" t="1030" r="667" b="1088" fs="10">1</wd>
			<wd l="683" t="1078" r="694" b="1089" fs="10">.</wd>
			<wd l="756" t="1030" r="961" b="1106" fs="10">Ovary</wd>
			<wd l="986" t="1028" r="1104" b="1089" fs="10">and</wd>
			<wd l="1128" t="1028" r="1497" b="1106" fs="10">developing</wd>
			<wd l="1520" t="1028" r="1677" b="1106" fs="10">pods</wd>
			<wd l="1701" t="1027" r="2055" b="1106" fs="10">pubescent;</wd>
			<wd l="2084" t="1027" r="2320" b="1088" fs="10">leaflets</wd>
			<wd l="2344" t="1026" r="2660" b="1104" fs="10">markedly</wd>
			<wd l="2685" t="1026" r="3087" b="1099" fs="10">discolorous,</wd>
		</ln>
		<ln lx="834" ly="1118" rx="3827" ry="1197">
			<wd l="834" t="1121" r="1031" b="1180" fs="10">14-24</wd>
			<wd l="1055" t="1139" r="1183" b="1180" fs="10">mm</wd>
			<wd l="1212" t="1121" r="1459" b="1180" fs="10">*10-16</wd>
			<wd l="1484" t="1139" r="1630" b="1192" fs="10">mm,</wd>
			<wd l="1666" t="1121" r="1905" b="1180" fs="10">1.3-1.7</wd>
			<wd l="1930" t="1118" r="2108" b="1180" fs="10">times</wd>
			<wd l="2135" t="1118" r="2347" b="1197" fs="10">longer</wd>
			<wd l="2369" t="1118" r="2513" b="1179" fs="10">than</wd>
			<wd l="2536" t="1118" r="2697" b="1179" fs="10">wide</wd>
			<wd l="2731" t="1168" r="3203" b="1179" fs="10">
			</wd>
			<wd l="3255" t="1119" r="3331" b="1178" fs="10">C.</wd>
			<wd l="3359" t="1120" r="3827" b="1195" fs="10">erythrocarpa</wd>
		</ln>
		<ln lx="756" ly="1210" rx="3121" ry="1290">
			<wd l="756" t="1214" r="961" b="1290" fs="10">Ovary</wd>
			<wd l="986" t="1212" r="1104" b="1273" fs="10">and</wd>
			<wd l="1128" t="1212" r="1497" b="1290" fs="10">developing</wd>
			<wd l="1520" t="1212" r="1676" b="1290" fs="10">pods</wd>
			<wd l="1702" t="1212" r="2009" b="1290" fs="10">glabrous;</wd>
			<wd l="2037" t="1211" r="2273" b="1273" fs="10">leaflets</wd>
			<wd l="2299" t="1211" r="2683" b="1272" fs="10">discolorous</wd>
			<wd l="2709" t="1230" r="2777" b="1272" fs="10">or</wd>
			<wd l="2798" t="1219" r="2923" b="1284" fs="10">not,</wd>
			<wd l="2951" t="1210" r="3121" b="1272" fs="10">often</wd>
		</ln>
		<ln lx="827" ly="1304" rx="3831" ry="1382">
			<wd l="827" t="1304" r="1068" b="1365" fs="10">smaller</wd>
			<wd l="1091" t="1304" r="1209" b="1365" fs="10">and</wd>
			<wd l="1231" t="1324" r="1400" b="1365" fs="10">more</wd>
			<wd l="1427" t="1304" r="1705" b="1382" fs="10">elongate</wd>
			<wd l="1723" t="1352" r="3745" b="1365" fs="10">
			</wd>
			<wd l="3795" t="1304" r="3831" b="1362" fs="10">2</wd>
		</ln>
		<ln lx="637" ly="1488" rx="3829" ry="1567">
			<wd l="637" t="1490" r="693" b="1550" fs="10">2.</wd>
			<wd l="754" t="1489" r="978" b="1550" fs="10">Pinnae</wd>
			<wd l="1004" t="1490" r="1117" b="1550" fs="10">6-1</wd>
			<wd l="1137" t="1490" r="1159" b="1549" fs="10">1</wd>
			<wd l="1190" t="1489" r="1350" b="1567" fs="10">pairs</wd>
			<wd l="1374" t="1489" r="1522" b="1550" fs="10">with</wd>
			<wd l="1554" t="1490" r="1751" b="1550" fs="10">10-22</wd>
			<wd l="1778" t="1488" r="2013" b="1550" fs="10">leaflets</wd>
			<wd l="2037" t="1508" r="2145" b="1567" fs="10">per</wd>
			<wd l="2165" t="1488" r="2353" b="1567" fs="10">pinna</wd>
			<wd l="2395" t="1537" r="3746" b="1549" fs="10">
			</wd>
			<wd l="3797" t="1489" r="3829" b="1548" fs="10">3</wd>
		</ln>
		<ln lx="754" ly="1581" rx="3839" ry="1660">
			<wd l="754" t="1582" r="978" b="1643" fs="10">Pinnae</wd>
			<wd l="1003" t="1582" r="1027" b="1659" fs="10">(</wd>
			<wd l="1039" t="1583" r="1061" b="1641" fs="10">1</wd>
			<wd l="1074" t="1582" r="1212" b="1659" fs="10">-)2-</wd>
			<wd l="1215" t="1582" r="1248" b="1643" fs="10">8</wd>
			<wd l="1273" t="1582" r="1434" b="1660" fs="10">pairs</wd>
			<wd l="1458" t="1581" r="1606" b="1642" fs="10">with</wd>
			<wd l="1629" t="1583" r="1794" b="1642" fs="10">4-14</wd>
			<wd l="1820" t="1581" r="2040" b="1660" fs="10">(rarely</wd>
			<wd l="2072" t="1581" r="2172" b="1658" fs="10">16)</wd>
			<wd l="2198" t="1581" r="2434" b="1642" fs="10">leaflets</wd>
			<wd l="2457" t="1601" r="2566" b="1659" fs="10">per</wd>
			<wd l="2586" t="1581" r="2774" b="1659" fs="10">pinna</wd>
			<wd l="2814" t="1631" r="3752" b="1642" fs="10">
			</wd>
			<wd l="3801" t="1581" r="3839" b="1640" fs="10">4</wd>
		</ln>
		<ln lx="637" ly="1745" rx="3300" ry="1824">
			<wd l="637" t="1747" r="693" b="1807" fs="10">3.</wd>
			<wd l="757" t="1745" r="1049" b="1807" fs="10">Standard</wd>
			<wd l="1074" t="1747" r="1316" b="1807" fs="10">3.5-4.3</wd>
			<wd l="1345" t="1765" r="1472" b="1806" fs="10">mm</wd>
			<wd l="1498" t="1745" r="1662" b="1824" fs="10">long,</wd>
			<wd l="1687" t="1746" r="1788" b="1807" fs="10">the</wd>
			<wd l="1813" t="1746" r="1969" b="1807" fs="10">claw</wd>
			<wd l="2001" t="1747" r="2023" b="1806" fs="10">1</wd>
			<wd l="2039" t="1748" r="2224" b="1807" fs="10">.5mm</wd>
			<wd l="2249" t="1745" r="2395" b="1824" fs="10">long</wd>
			<wd l="2420" t="1745" r="2678" b="1806" fs="10">inrolled</wd>
			<wd l="2703" t="1753" r="2761" b="1806" fs="10">at</wd>
			<wd l="2782" t="1753" r="2888" b="1823" fs="10">top</wd>
			<wd l="2912" t="1745" r="3060" b="1806" fs="10">with</wd>
			<wd l="3082" t="1745" r="3199" b="1806" fs="10">tuft</wd>
			<wd l="3223" t="1745" r="3300" b="1806" fs="10">of</wd>
		</ln>
		<ln lx="823" ly="1838" rx="3830" ry="1916">
			<wd l="823" t="1838" r="982" b="1899" fs="10">hairs</wd>
			<wd l="1008" t="1839" r="1071" b="1898" fs="10">in</wd>
			<wd l="1093" t="1838" r="1193" b="1899" fs="10">the</wd>
			<wd l="1216" t="1839" r="1380" b="1911" fs="10">tube;</wd>
			<wd l="1405" t="1838" r="1532" b="1916" fs="10">pod</wd>
			<wd l="1556" t="1840" r="1741" b="1899" fs="10">3.5^4-</wd>
			<wd l="1766" t="1858" r="1865" b="1899" fs="10">cm</wd>
			<wd l="1891" t="1838" r="2054" b="1916" fs="10">long,</wd>
			<wd l="2082" t="1858" r="2133" b="1899" fs="10">c.</wd>
			<wd l="2161" t="1840" r="2258" b="1899" fs="10">2.5</wd>
			<wd l="2289" t="1858" r="2387" b="1899" fs="10">cm</wd>
			<wd l="2410" t="1838" r="2571" b="1899" fs="10">wide</wd>
			<wd l="2608" t="1888" r="3417" b="1899" fs="10">
			</wd>
			<wd l="3484" t="1839" r="3560" b="1899" fs="10">C.</wd>
			<wd l="3587" t="1839" r="3830" b="1915" fs="10">traceyi</wd>
		</ln>
		<ln lx="757" ly="1930" rx="3223" ry="2008">
			<wd l="757" t="1930" r="1049" b="1991" fs="10">Standard</wd>
			<wd l="1080" t="1931" r="1197" b="1991" fs="10">7-8</wd>
			<wd l="1229" t="1949" r="1357" b="1990" fs="10">mm</wd>
			<wd l="1387" t="1930" r="1551" b="2008" fs="10">long,</wd>
			<wd l="1582" t="1930" r="1682" b="1991" fs="10">the</wd>
			<wd l="1714" t="1930" r="1869" b="1991" fs="10">claw</wd>
			<wd l="1898" t="1931" r="2020" b="1991" fs="10">3-4</wd>
			<wd l="2049" t="1949" r="2177" b="1990" fs="10">mm</wd>
			<wd l="2208" t="1930" r="2353" b="2008" fs="10">long</wd>
			<wd l="2381" t="1930" r="2722" b="2008" fs="10">prolonged</wd>
			<wd l="2752" t="1930" r="2878" b="1991" fs="10">into</wd>
			<wd l="2910" t="1949" r="2945" b="1991" fs="10">a</wd>
			<wd l="2971" t="1930" r="3223" b="1991" fs="10">bilobed</wd>
		</ln>
		<ln lx="823" ly="2022" rx="3829" ry="2100">
			<wd l="823" t="2030" r="885" b="2083" fs="10">to</wd>
			<wd l="912" t="2022" r="1149" b="2083" fs="10">dentate</wd>
			<wd l="1175" t="2022" r="1360" b="2100" fs="10">ligule</wd>
			<wd l="1387" t="2042" r="1437" b="2083" fs="10">c.</wd>
			<wd l="1474" t="2024" r="1496" b="2082" fs="10">1</wd>
			<wd l="1528" t="2041" r="1656" b="2082" fs="10">mm</wd>
			<wd l="1681" t="2022" r="1847" b="2100" fs="10">long;</wd>
			<wd l="1873" t="2022" r="1999" b="2100" fs="10">pod</wd>
			<wd l="2024" t="2023" r="2137" b="2083" fs="10">6-1</wd>
			<wd l="2151" t="2024" r="2290" b="2083" fs="10">5cm</wd>
			<wd l="2315" t="2022" r="2480" b="2100" fs="10">long,</wd>
			<wd l="2507" t="2023" r="2629" b="2082" fs="10">2-4</wd>
			<wd l="2656" t="2041" r="2755" b="2083" fs="10">cm</wd>
			<wd l="2778" t="2022" r="2939" b="2083" fs="10">wide</wd>
			<wd l="2986" t="2072" r="3206" b="2083" fs="10">
			</wd>
			<wd l="3243" t="2023" r="3319" b="2083" fs="10">C.</wd>
			<wd l="3347" t="2024" r="3829" b="2100" fs="10">hymenocarpa</wd>
		</ln>
		<ln lx="635" ly="2206" rx="3222" ry="2280">
			<wd l="635" t="2208" r="692" b="2268" fs="10">4.</wd>
			<wd l="754" t="2206" r="1018" b="2268" fs="10">Leaflets</wd>
			<wd l="1050" t="2208" r="1212" b="2268" fs="10">9-12</wd>
			<wd l="1243" t="2226" r="1371" b="2267" fs="10">mm</wd>
			<wd l="1405" t="2222" r="1439" b="2256" fs="10">x</wd>
			<wd l="1474" t="2208" r="1719" b="2268" fs="10">4.5-6.5</wd>
			<wd l="1753" t="2226" r="1901" b="2280" fs="10">mm;</wd>
			<wd l="1962" t="2207" r="2208" b="2268" fs="10">flowers</wd>
			<wd l="2241" t="2207" r="2436" b="2280" fs="10">small,</wd>
			<wd l="2494" t="2215" r="2724" b="2268" fs="10">mature</wd>
			<wd l="2754" t="2207" r="2910" b="2268" fs="10">buds</wd>
			<wd l="2941" t="2208" r="3061" b="2268" fs="10">4-5</wd>
			<wd l="3094" t="2226" r="3222" b="2267" fs="10">mm</wd>
		</ln>
		<ln lx="826" ly="2299" rx="3829" ry="2376">
			<wd l="826" t="2299" r="990" b="2376" fs="10">long;</wd>
			<wd l="1015" t="2299" r="1172" b="2376" fs="10">pods</wd>
			<wd l="1195" t="2307" r="1258" b="2359" fs="10">to</wd>
			<wd l="1284" t="2300" r="1317" b="2359" fs="10">3</wd>
			<wd l="1348" t="2319" r="1446" b="2359" fs="10">cm</wd>
			<wd l="1469" t="2299" r="1629" b="2360" fs="10">wide</wd>
			<wd l="1683" t="2348" r="3288" b="2360" fs="10">
			</wd>
			<wd l="3351" t="2301" r="3427" b="2359" fs="10">C.</wd>
			<wd l="3452" t="2301" r="3829" b="2376" fs="10">subtropica</wd>
		</ln>
		<ln lx="754" ly="2390" rx="3221" ry="2469">
			<wd l="754" t="2390" r="1019" b="2451" fs="10">Leaflets</wd>
			<wd l="1064" t="2392" r="1182" b="2451" fs="10">10-</wd>
			<wd l="1191" t="2391" r="1432" b="2468" fs="10">15(-30)</wd>
			<wd l="1467" t="2410" r="1595" b="2451" fs="10">mm</wd>
			<wd l="1634" t="2405" r="1668" b="2439" fs="10">x</wd>
			<wd l="1711" t="2392" r="1823" b="2452" fs="10">5-1</wd>
			<wd l="1838" t="2391" r="2043" b="2468" fs="10">5(-20)</wd>
			<wd l="2078" t="2410" r="2226" b="2463" fs="10">mm;</wd>
			<wd l="2265" t="2390" r="2513" b="2451" fs="10">flowers</wd>
			<wd l="2550" t="2391" r="2762" b="2469" fs="10">larger,</wd>
			<wd l="2798" t="2399" r="3030" b="2451" fs="10">mature</wd>
			<wd l="3064" t="2390" r="3221" b="2451" fs="10">buds</wd>
		</ln>
		<ln lx="827" ly="2483" rx="3834" ry="2562">
			<wd l="827" t="2485" r="945" b="2545" fs="10">5-6</wd>
			<wd l="970" t="2502" r="1097" b="2544" fs="10">mm</wd>
			<wd l="1123" t="2483" r="1288" b="2562" fs="10">long;</wd>
			<wd l="1314" t="2483" r="1471" b="2562" fs="10">pods</wd>
			<wd l="1498" t="2483" r="1726" b="2561" fs="10">(where</wd>
			<wd l="1751" t="2483" r="2005" b="2561" fs="10">known)</wd>
			<wd l="2032" t="2485" r="2319" b="2545" fs="10">3.5-5cm</wd>
			<wd l="2343" t="2483" r="2503" b="2545" fs="10">wide</wd>
			<wd l="2523" t="2533" r="3750" b="2545" fs="10">
			</wd>
			<wd l="3802" t="2485" r="3834" b="2545" fs="10">5</wd>
		</ln>
		<ln lx="638" ly="2668" rx="3218" ry="2747">
			<wd l="638" t="2671" r="692" b="2730" fs="10">5.</wd>
			<wd l="753" t="2669" r="977" b="2730" fs="10">Pinnae</wd>
			<wd l="1008" t="2669" r="1256" b="2746" fs="10">2-4(-5)</wd>
			<wd l="1286" t="2669" r="1468" b="2747" fs="10">pairs;</wd>
			<wd l="1502" t="2669" r="1738" b="2730" fs="10">leaflets</wd>
			<wd l="1771" t="2669" r="2060" b="2746" fs="10">(2-)4-10</wd>
			<wd l="2090" t="2688" r="2198" b="2747" fs="10">per</wd>
			<wd l="2226" t="2668" r="2429" b="2747" fs="10">pinna,</wd>
			<wd l="2462" t="2668" r="2748" b="2747" fs="10">glabrous</wd>
			<wd l="2781" t="2688" r="2849" b="2729" fs="10">or</wd>
			<wd l="2878" t="2668" r="3099" b="2730" fs="10">almost</wd>
			<wd l="3129" t="2688" r="3218" b="2742" fs="10">so,</wd>
		</ln>
		<ln lx="822" ly="2761" rx="3828" ry="2839">
			<wd l="822" t="2762" r="996" b="2822" fs="10">veins</wd>
			<wd l="1023" t="2770" r="1309" b="2839" fs="10">apparent</wd>
			<wd l="1331" t="2761" r="1609" b="2834" fs="10">beneath,</wd>
			<wd l="1638" t="2761" r="1881" b="2839" fs="10">shining</wd>
			<wd l="1907" t="2761" r="2122" b="2834" fs="10">above,</wd>
			<wd l="2148" t="2761" r="2415" b="2839" fs="10">margins</wd>
			<wd l="2441" t="2761" r="2733" b="2822" fs="10">incurved</wd>
			<wd l="2775" t="2811" r="3457" b="2822" fs="10">
			</wd>
			<wd l="3518" t="2763" r="3594" b="2822" fs="10">C.</wd>
			<wd l="3620" t="2763" r="3828" b="2821" fs="10">nitens</wd>
		</ln>
		<ln lx="753" ly="2853" rx="3222" ry="2931">
			<wd l="753" t="2853" r="983" b="2914" fs="10">Pinnae</wd>
			<wd l="1020" t="2853" r="1429" b="2930" fs="10">(3-)4-8(-9);</wd>
			<wd l="1470" t="2853" r="1714" b="2914" fs="10">leaflets</wd>
			<wd l="1760" t="2854" r="1880" b="2914" fs="10">10-</wd>
			<wd l="1890" t="2853" r="2137" b="2930" fs="10">14(-16)</wd>
			<wd l="2173" t="2872" r="2284" b="2931" fs="10">per</wd>
			<wd l="2317" t="2853" r="2527" b="2931" fs="10">pinna,</wd>
			<wd l="2568" t="2853" r="2847" b="2931" fs="10">sparsely</wd>
			<wd l="2884" t="2853" r="3222" b="2931" fs="10">appressed</wd>
		</ln>
		<ln lx="822" ly="2945" rx="3831" ry="3023">
			<wd l="822" t="2945" r="1157" b="3023" fs="10">pubescent</wd>
			<wd l="1179" t="2945" r="1456" b="3018" fs="10">beneath,</wd>
			<wd l="1482" t="2945" r="1657" b="3006" fs="10">veins</wd>
			<wd l="1681" t="2954" r="1788" b="3006" fs="10">not</wd>
			<wd l="1812" t="2953" r="2116" b="3023" fs="10">apparent,</wd>
			<wd l="2141" t="2954" r="2249" b="3006" fs="10">not</wd>
			<wd l="2274" t="2945" r="2517" b="3023" fs="10">shining</wd>
			<wd l="2543" t="2945" r="2739" b="3006" fs="10">above</wd>
			<wd l="2775" t="2995" r="3290" b="3006" fs="10">
			</wd>
			<wd l="3318" t="2947" r="3394" b="3006" fs="10">C.</wd>
			<wd l="3419" t="2946" r="3831" b="3006" fs="10">scortechinii</wd>
		</ln>
	</region>
	<region article-doi="10.2307/41729923" region-id="2">
		<rc l="628" t="3292" r="2181" b="5537"/>
		<ln lx="635" ly="3297" rx="2167" ry="3375">
			<wd l="635" t="3299" r="1054" b="3375" fs="10">Caesalpinia</wd>
			<wd l="1092" t="3299" r="1569" b="3375" fs="10">erythrocarpa</wd>
			<wd l="1600" t="3297" r="1840" b="3375" fs="10">Pedley,</wd>
			<wd l="1886" t="3315" r="1982" b="3375" fs="10">sp.</wd>
			<wd l="2021" t="3315" r="2167" b="3358" fs="10">nov.</wd>
		</ln>
		<ln lx="824" ly="3389" rx="2173" ry="3466">
			<wd l="824" t="3389" r="1035" b="3450" fs="10">afflnis</wd>
			<wd l="1056" t="3391" r="1119" b="3450" fs="10">C.</wd>
			<wd l="1146" t="3389" r="1543" b="3450" fs="10">scortechinii</wd>
			<wd l="1560" t="3389" r="1901" b="3466" fs="10">(F.Muell.)</wd>
			<wd l="1922" t="3389" r="2173" b="3450" fs="10">Hattink</wd>
		</ln>
		<ln lx="824" ly="3482" rx="2171" ry="3561">
			<wd l="824" t="3501" r="860" b="3543" fs="10">a</wd>
			<wd l="879" t="3501" r="999" b="3561" fs="10">qua</wd>
			<wd l="1019" t="3482" r="1250" b="3543" fs="10">foliolis</wd>
			<wd l="1271" t="3482" r="1627" b="3561" fs="10">plerumque</wd>
			<wd l="1648" t="3482" r="1850" b="3543" fs="10">minus</wd>
			<wd l="1873" t="3482" r="2171" b="3560" fs="10">elongatis</wd>
		</ln>
		<ln lx="822" ly="3574" rx="2175" ry="3653">
			<wd l="822" t="3575" r="1179" b="3653" fs="10">plerumque</wd>
			<wd l="1212" t="3575" r="1355" b="3653" fs="10">pilis</wd>
			<wd l="1389" t="3575" r="1639" b="3636" fs="10">minutis</wd>
			<wd l="1676" t="3574" r="1981" b="3653" fs="10">appressis</wd>
			<wd l="2017" t="3575" r="2175" b="3635" fs="10">infra</wd>
		</ln>
		<ln lx="825" ly="3666" rx="2173" ry="3745">
			<wd l="825" t="3667" r="965" b="3728" fs="10">sine</wd>
			<wd l="1005" t="3666" r="1160" b="3745" fs="10">pilis</wd>
			<wd l="1204" t="3667" r="1421" b="3745" fs="10">longis</wd>
			<wd l="1462" t="3666" r="1836" b="3745" fs="10">patentibus</wd>
			<wd l="1879" t="3667" r="1945" b="3726" fs="10">in</wd>
			<wd l="1984" t="3666" r="2173" b="3727" fs="10">venis</wd>
		</ln>
		<ln lx="824" ly="3759" rx="2170" ry="3838">
			<wd l="824" t="3760" r="1089" b="3821" fs="10">obtectis</wd>
			<wd l="1126" t="3759" r="1530" b="3838" fs="10">paucioribus</wd>
			<wd l="1569" t="3759" r="1633" b="3820" fs="10">in</wd>
			<wd l="1670" t="3779" r="1922" b="3838" fs="10">quoque</wd>
			<wd l="1958" t="3759" r="2170" b="3838" fs="10">pinna,</wd>
		</ln>
		<ln lx="824" ly="3852" rx="2171" ry="3930">
			<wd l="824" t="3852" r="1039" b="3913" fs="10">ovario</wd>
			<wd l="1076" t="3852" r="1464" b="3930" fs="10">pubescenti,</wd>
			<wd l="1505" t="3852" r="1926" b="3930" fs="10">leguminibus</wd>
			<wd l="1962" t="3852" r="2171" b="3913" fs="10">nervis</wd>
		</ln>
		<ln lx="822" ly="3944" rx="2164" ry="4022">
			<wd l="822" t="3945" r="1127" b="4005" fs="10">tenuibus</wd>
			<wd l="1204" t="3945" r="1447" b="4005" fs="10">ornatis</wd>
			<wd l="1525" t="3944" r="1772" b="4005" fs="10">differì.</wd>
			<wd l="1895" t="3946" r="2164" b="4022" fs="10">Typus:</wd>
		</ln>
		<ln lx="824" ly="4036" rx="2175" ry="4112">
			<wd l="824" t="4036" r="1233" b="4110" fs="10">Queensland.</wd>
			<wd l="1259" t="4037" r="1439" b="4096" fs="10">Cook</wd>
			<wd l="1458" t="4036" r="1726" b="4095" fs="10">District:</wd>
			<wd l="1751" t="4036" r="1969" b="4112" fs="10">Rocky</wd>
			<wd l="1989" t="4036" r="2175" b="4095" fs="10">River</wd>
		</ln>
		<ln lx="825" ly="4126" rx="2171" ry="4204">
			<wd l="825" t="4146" r="875" b="4187" fs="10">c.</wd>
			<wd l="905" t="4127" r="1185" b="4198" fs="10">13°50'S,</wd>
			<wd l="1214" t="4127" r="1541" b="4198" fs="10">143°25'E,</wd>
			<wd l="1563" t="4127" r="1599" b="4187" fs="10">6</wd>
			<wd l="1622" t="4126" r="1972" b="4204" fs="10">September</wd>
			<wd l="1997" t="4127" r="2171" b="4198" fs="10">1973,</wd>
		</ln>
		<ln lx="820" ly="4217" rx="2168" ry="4295">
			<wd l="820" t="4218" r="1197" b="4295" fs="10">B.Hyland6</wd>
			<wd l="1204" t="4219" r="1322" b="4278" fs="10">812</wd>
			<wd l="1347" t="4217" r="1539" b="4294" fs="10">(holo:</wd>
			<wd l="1564" t="4219" r="1722" b="4289" fs="10">BRI;</wd>
			<wd l="1746" t="4217" r="1840" b="4278" fs="10">iso</wd>
			<wd l="1861" t="4218" r="1939" b="4289" fs="10">K,</wd>
			<wd l="1964" t="4217" r="2168" b="4293" fs="10">QRS).</wd>
		</ln>
		<ln lx="637" ly="4379" rx="2169" ry="4456">
			<wd l="637" t="4382" r="699" b="4441" fs="10">C.</wd>
			<wd l="740" t="4380" r="1130" b="4441" fs="10">scortechinii</wd>
			<wd l="1171" t="4388" r="1324" b="4440" fs="10">auct.</wd>
			<wd l="1361" t="4399" r="1487" b="4440" fs="10">non</wd>
			<wd l="1522" t="4379" r="1864" b="4456" fs="10">(F.Muell.)</wd>
			<wd l="1898" t="4379" r="2169" b="4451" fs="10">Hattink;</wd>
		</ln>
		<ln lx="823" ly="4471" rx="2175" ry="4548">
			<wd l="823" t="4471" r="1090" b="4544" fs="10">Hattink,</wd>
			<wd l="1116" t="4471" r="1525" b="4532" fs="10">Reinwardtia</wd>
			<wd l="1548" t="4472" r="1692" b="4532" fs="10">9:52</wd>
			<wd l="1719" t="4471" r="1960" b="4547" fs="10">(1974);</wd>
			<wd l="2008" t="4471" r="2175" b="4548" fs="10">Ding</wd>
		</ln>
		<ln lx="823" ly="4562" rx="2171" ry="4639">
			<wd l="823" t="4565" r="991" b="4636" fs="10">Hou,</wd>
			<wd l="1032" t="4563" r="1121" b="4623" fs="10">Fl.</wd>
			<wd l="1163" t="4563" r="1525" b="4623" fs="10">Malesiana</wd>
			<wd l="1563" t="4564" r="1749" b="4623" fs="10">ser.l.</wd>
			<wd l="1800" t="4562" r="2002" b="4639" fs="10">12(2):</wd>
			<wd l="2048" t="4563" r="2171" b="4623" fs="10">552</wd>
		</ln>
		<ln lx="825" ly="4656" rx="1063" ry="4732">
			<wd l="825" t="4656" r="1063" b="4732" fs="10">(1996).</wd>
		</ln>
		<ln lx="635" ly="4816" rx="2176" ry="4895">
			<wd l="635" t="4820" r="823" b="4895" fs="10">Large</wd>
			<wd l="842" t="4818" r="1199" b="4895" fs="10">scrambling</wd>
			<wd l="1214" t="4817" r="1371" b="4889" fs="10">vine,</wd>
			<wd l="1389" t="4817" r="1645" b="4895" fs="10">prickles</wd>
			<wd l="1663" t="4817" r="1843" b="4895" fs="10">along</wd>
			<wd l="1861" t="4825" r="2041" b="4877" fs="10">stems</wd>
			<wd l="2059" t="4816" r="2176" b="4877" fs="10">and</wd>
		</ln>
		<ln lx="636" ly="4908" rx="2173" ry="4985">
			<wd l="636" t="4909" r="1067" b="4981" fs="10">leaf-rachises;</wd>
			<wd l="1086" t="4909" r="1422" b="4969" fs="10">branchlets</wd>
			<wd l="1439" t="4909" r="1586" b="4969" fs="10">with</wd>
			<wd l="1601" t="4909" r="1971" b="4985" fs="10">moderately</wd>
			<wd l="1989" t="4908" r="2173" b="4968" fs="10">dense</wd>
		</ln>
		<ln lx="636" ly="4999" rx="2176" ry="5078">
			<wd l="636" t="5001" r="875" b="5078" fs="10">crisped</wd>
			<wd l="896" t="5001" r="1075" b="5073" fs="10">hairs,</wd>
			<wd l="1101" t="5000" r="1497" b="5078" fs="10">glabrescent.</wd>
			<wd l="1544" t="5002" r="1777" b="5060" fs="10">Leaves</wd>
			<wd l="1803" t="4999" r="2083" b="5077" fs="10">opposite</wd>
			<wd l="2108" t="5018" r="2176" b="5059" fs="10">or</wd>
		</ln>
		<ln lx="637" ly="5091" rx="2175" ry="5169">
			<wd l="637" t="5092" r="1059" b="5169" fs="10">subopposite;</wd>
			<wd l="1097" t="5092" r="1229" b="5151" fs="10">axis</wd>
			<wd l="1274" t="5093" r="1473" b="5151" fs="10">15-20</wd>
			<wd l="1511" t="5111" r="1610" b="5151" fs="10">cm</wd>
			<wd l="1646" t="5091" r="1793" b="5168" fs="10">long</wd>
			<wd l="1829" t="5091" r="2175" b="5167" fs="10">(including</wd>
		</ln>
		<ln lx="633" ly="5182" rx="2174" ry="5261">
			<wd l="633" t="5183" r="865" b="5261" fs="10">petiole</wd>
			<wd l="903" t="5184" r="1026" b="5243" fs="10">3-4</wd>
			<wd l="1065" t="5184" r="1192" b="5259" fs="10">cm)</wd>
			<wd l="1228" t="5183" r="1379" b="5243" fs="10">with</wd>
			<wd l="1416" t="5182" r="1670" b="5243" fs="10">fulvous</wd>
			<wd l="1708" t="5182" r="1954" b="5259" fs="10">crisped</wd>
			<wd l="1988" t="5182" r="2174" b="5253" fs="10">hairs,</wd>
		</ln>
		<ln lx="633" ly="5273" rx="2176" ry="5351">
			<wd l="633" t="5274" r="998" b="5351" fs="10">becoming</wd>
			<wd l="1046" t="5274" r="1392" b="5351" fs="10">glabrous,</wd>
			<wd l="1441" t="5273" r="1622" b="5334" fs="10">hairs</wd>
			<wd l="1669" t="5273" r="2042" b="5351" fs="10">persisting</wd>
			<wd l="2089" t="5292" r="2176" b="5333" fs="10">on</wd>
		</ln>
		<ln lx="636" ly="5363" rx="2175" ry="5442">
			<wd l="636" t="5364" r="969" b="5442" fs="10">secondary</wd>
			<wd l="987" t="5383" r="1151" b="5437" fs="10">axes;</wd>
			<wd l="1170" t="5364" r="1389" b="5442" fs="10">pinnae</wd>
			<wd l="1409" t="5364" r="1570" b="5441" fs="10">(4-)6</wd>
			<wd l="1588" t="5364" r="1767" b="5442" fs="10">pairs,</wd>
			<wd l="1788" t="5363" r="1917" b="5424" fs="10">axis</wd>
			<wd l="1936" t="5365" r="2053" b="5424" fs="10">4-5</wd>
			<wd l="2077" t="5382" r="2175" b="5424" fs="10">cm</wd>
		</ln>
		<ln lx="636" ly="5454" rx="2174" ry="5532">
			<wd l="636" t="5455" r="798" b="5532" fs="10">long;</wd>
			<wd l="818" t="5455" r="1047" b="5515" fs="10">leaflets</wd>
			<wd l="1066" t="5455" r="1360" b="5527" fs="10">alternate,</wd>
			<wd l="1381" t="5456" r="1463" b="5515" fs="10">6-</wd>
			<wd l="1471" t="5455" r="1706" b="5530" fs="10">10(-14)</wd>
			<wd l="1724" t="5454" r="1786" b="5514" fs="10">in</wd>
			<wd l="1803" t="5454" r="1898" b="5526" fs="10">all,</wd>
			<wd l="1919" t="5454" r="2174" b="5514" fs="10">obovate</wd>
		</ln>
	</region>
	<region article-doi="10.2307/41729923" region-id="3">
		<rc l="2307" t="3291" r="3866" b="5359"/>
		<ln lx="2312" ly="3296" rx="3855" ry="3374">
			<wd l="2312" t="3304" r="2377" b="3357" fs="10">to</wd>
			<wd l="2418" t="3296" r="2662" b="3374" fs="10">oblong</wd>
			<wd l="2701" t="3296" r="3175" b="3373" fs="10">(occasionally</wd>
			<wd l="3214" t="3296" r="3446" b="3357" fs="10">almost</wd>
			<wd l="3485" t="3296" r="3855" b="3372" fs="10">orbicular),</wd>
		</ln>
		<ln lx="2312" ly="3386" rx="3858" ry="3464">
			<wd l="2312" t="3386" r="2638" b="3459" fs="10">rounded,</wd>
			<wd l="2683" t="3394" r="2983" b="3447" fs="10">truncate</wd>
			<wd l="3028" t="3406" r="3101" b="3447" fs="10">or</wd>
			<wd l="3145" t="3386" r="3533" b="3447" fs="10">sometimes</wd>
			<wd l="3579" t="3386" r="3858" b="3464" fs="10">slightly</wd>
		</ln>
		<ln lx="2315" ly="3477" rx="3856" ry="3555">
			<wd l="2315" t="3477" r="2682" b="3555" fs="10">emarginate</wd>
			<wd l="2704" t="3485" r="2762" b="3538" fs="10">at</wd>
			<wd l="2782" t="3496" r="2955" b="3555" fs="10">apex,</wd>
			<wd l="2979" t="3477" r="3523" b="3554" fs="10">(14-)16-20(-24)</wd>
			<wd l="3542" t="3496" r="3671" b="3537" fs="10">mm</wd>
			<wd l="3692" t="3477" r="3856" b="3555" fs="10">long,</wd>
		</ln>
		<ln lx="2322" ly="3568" rx="3860" ry="3646">
			<wd l="2322" t="3570" r="2344" b="3628" fs="10">1</wd>
			<wd l="2356" t="3569" r="2469" b="3629" fs="10">0-1</wd>
			<wd l="2479" t="3569" r="2571" b="3645" fs="10">4(-</wd>
			<wd l="2584" t="3569" r="2606" b="3628" fs="10">1</wd>
			<wd l="2618" t="3569" r="2683" b="3645" fs="10">6)</wd>
			<wd l="2700" t="3587" r="2827" b="3628" fs="10">mm</wd>
			<wd l="2842" t="3568" r="3019" b="3641" fs="10">wide,</wd>
			<wd l="3048" t="3569" r="3283" b="3629" fs="10">1.3-1.7</wd>
			<wd l="3301" t="3568" r="3476" b="3629" fs="10">times</wd>
			<wd l="3495" t="3568" r="3704" b="3646" fs="10">longer</wd>
			<wd l="3718" t="3568" r="3860" b="3628" fs="10">than</wd>
		</ln>
		<ln lx="2313" ly="3658" rx="3857" ry="3736">
			<wd l="2313" t="3659" r="2490" b="3732" fs="10">wide,</wd>
			<wd l="2509" t="3658" r="2820" b="3736" fs="10">markedly</wd>
			<wd l="2838" t="3658" r="3215" b="3719" fs="10">discolorous</wd>
			<wd l="3233" t="3658" r="3413" b="3719" fs="10">when</wd>
			<wd l="3430" t="3658" r="3555" b="3736" fs="10">dry,</wd>
			<wd l="3575" t="3658" r="3857" b="3736" fs="10">glabrous</wd>
		</ln>
		<ln lx="2315" ly="3749" rx="3854" ry="3828">
			<wd l="2315" t="3750" r="2530" b="3823" fs="10">above,</wd>
			<wd l="2558" t="3768" r="2763" b="3828" fs="10">sparse</wd>
			<wd l="2786" t="3749" r="3017" b="3810" fs="10">minute</wd>
			<wd l="3042" t="3749" r="3371" b="3827" fs="10">appressed</wd>
			<wd l="3392" t="3749" r="3553" b="3810" fs="10">hairs</wd>
			<wd l="3576" t="3749" r="3854" b="3810" fs="10">beneath.</wd>
		</ln>
		<ln lx="2313" ly="3840" rx="3857" ry="3918">
			<wd l="2313" t="3840" r="2581" b="3901" fs="10">Flowers</wd>
			<wd l="2604" t="3840" r="2667" b="3900" fs="10">in</wd>
			<wd l="2685" t="3859" r="2958" b="3902" fs="10">racemes</wd>
			<wd l="2980" t="3840" r="3248" b="3918" fs="10">forming</wd>
			<wd l="3267" t="3840" r="3544" b="3901" fs="10">terminal</wd>
			<wd l="3564" t="3840" r="3857" b="3918" fs="10">panicles,</wd>
		</ln>
		<ln lx="2312" ly="3931" rx="3858" ry="4009">
			<wd l="2312" t="3931" r="2624" b="3992" fs="10">branches</wd>
			<wd l="2665" t="3931" r="2982" b="4009" fs="10">opposite,</wd>
			<wd l="3022" t="3950" r="3106" b="4008" fs="10">up</wd>
			<wd l="3145" t="3939" r="3209" b="3991" fs="10">to</wd>
			<wd l="3250" t="3932" r="3328" b="3991" fs="10">25</wd>
			<wd l="3373" t="3950" r="3474" b="3991" fs="10">cm</wd>
			<wd l="3513" t="3931" r="3666" b="4008" fs="10">long</wd>
			<wd l="3704" t="3931" r="3858" b="3991" fs="10">with</wd>
		</ln>
		<ln lx="2312" ly="4020" rx="3861" ry="4097">
			<wd l="2312" t="4020" r="2692" b="4097" fs="10">moderately</wd>
			<wd l="2727" t="4021" r="2916" b="4080" fs="10">dense</wd>
			<wd l="2953" t="4021" r="3204" b="4080" fs="10">fulvous</wd>
			<wd l="3239" t="4021" r="3421" b="4092" fs="10">hairs,</wd>
			<wd l="3458" t="4021" r="3658" b="4080" fs="10">bracts</wd>
			<wd l="3695" t="4021" r="3861" b="4096" fs="10">early</wd>
		</ln>
		<ln lx="2315" ly="4109" rx="3854" ry="4187">
			<wd l="2315" t="4110" r="2671" b="4182" fs="10">deciduous,</wd>
			<wd l="2704" t="4109" r="2976" b="4187" fs="10">pedicels</wd>
			<wd l="3011" t="4110" r="3175" b="4185" fs="10">3(-5)</wd>
			<wd l="3207" t="4128" r="3335" b="4168" fs="10">mm</wd>
			<wd l="3368" t="4109" r="3531" b="4186" fs="10">long.</wd>
			<wd l="3566" t="4109" r="3854" b="4169" fs="10">Flowers:</wd>
		</ln>
		<ln lx="2315" ly="4198" rx="3857" ry="4276">
			<wd l="2315" t="4200" r="2531" b="4276" fs="10">sepals,</wd>
			<wd l="2549" t="4199" r="2696" b="4259" fs="10">with</wd>
			<wd l="2710" t="4199" r="3081" b="4276" fs="10">moderately</wd>
			<wd l="3098" t="4199" r="3283" b="4259" fs="10">dense</wd>
			<wd l="3302" t="4198" r="3546" b="4259" fs="10">fulvous</wd>
			<wd l="3563" t="4199" r="3740" b="4271" fs="10">hairs,</wd>
			<wd l="3758" t="4199" r="3857" b="4258" fs="10">the</wd>
		</ln>
		<ln lx="2315" ly="4288" rx="3857" ry="4366">
			<wd l="2315" t="4289" r="2555" b="4366" fs="10">longest</wd>
			<wd l="2575" t="4308" r="2626" b="4349" fs="10">c.</wd>
			<wd l="2652" t="4291" r="2687" b="4349" fs="10">7</wd>
			<wd l="2709" t="4307" r="2837" b="4348" fs="10">mm</wd>
			<wd l="2858" t="4289" r="3023" b="4365" fs="10">long,</wd>
			<wd l="3044" t="4288" r="3145" b="4349" fs="10">the</wd>
			<wd l="3165" t="4297" r="3286" b="4349" fs="10">rest</wd>
			<wd l="3306" t="4307" r="3357" b="4349" fs="10">c.</wd>
			<wd l="3383" t="4290" r="3419" b="4348" fs="10">6</wd>
			<wd l="3440" t="4308" r="3568" b="4348" fs="10">mm</wd>
			<wd l="3590" t="4289" r="3753" b="4365" fs="10">long,</wd>
			<wd l="3778" t="4288" r="3857" b="4348" fs="10">all</wd>
		</ln>
		<ln lx="2315" ly="4378" rx="3857" ry="4451">
			<wd l="2315" t="4398" r="2366" b="4439" fs="10">c.</wd>
			<wd l="2402" t="4380" r="2498" b="4439" fs="10">3.3</wd>
			<wd l="2533" t="4397" r="2661" b="4438" fs="10">mm</wd>
			<wd l="2691" t="4378" r="2873" b="4451" fs="10">wide;</wd>
			<wd l="2908" t="4378" r="3140" b="4438" fs="10">corolla</wd>
			<wd l="3168" t="4378" r="3317" b="4438" fs="10">with</wd>
			<wd l="3348" t="4378" r="3630" b="4438" fs="10">standard</wd>
			<wd l="3663" t="4380" r="3695" b="4438" fs="10">5</wd>
			<wd l="3730" t="4397" r="3857" b="4437" fs="10">mm</wd>
		</ln>
		<ln lx="2315" ly="4467" rx="3856" ry="4546">
			<wd l="2315" t="4469" r="2479" b="4546" fs="10">long,</wd>
			<wd l="2505" t="4469" r="2543" b="4527" fs="10">4</wd>
			<wd l="2566" t="4487" r="2694" b="4527" fs="10">mm</wd>
			<wd l="2716" t="4468" r="2896" b="4540" fs="10">wide,</wd>
			<wd l="2920" t="4468" r="3021" b="4528" fs="10">the</wd>
			<wd l="3043" t="4476" r="3164" b="4528" fs="10">rest</wd>
			<wd l="3187" t="4487" r="3238" b="4528" fs="10">c.</wd>
			<wd l="3266" t="4469" r="3302" b="4528" fs="10">6</wd>
			<wd l="3325" t="4487" r="3454" b="4527" fs="10">mm</wd>
			<wd l="3482" t="4482" r="3515" b="4515" fs="10">x</wd>
			<wd l="3543" t="4469" r="3582" b="4526" fs="10">4</wd>
			<wd l="3605" t="4487" r="3750" b="4539" fs="10">mm,</wd>
			<wd l="3777" t="4467" r="3856" b="4527" fs="10">all</wd>
		</ln>
		<ln lx="2315" ly="4557" rx="3859" ry="4630">
			<wd l="2315" t="4558" r="2574" b="4619" fs="10">clawed</wd>
			<wd l="2617" t="4566" r="2680" b="4618" fs="10">at</wd>
			<wd l="2721" t="4558" r="2831" b="4618" fs="10">the</wd>
			<wd l="2875" t="4557" r="3060" b="4630" fs="10">base,</wd>
			<wd l="3105" t="4557" r="3215" b="4618" fs="10">the</wd>
			<wd l="3260" t="4557" r="3575" b="4618" fs="10">standard</wd>
			<wd l="3617" t="4557" r="3780" b="4617" fs="10">with</wd>
			<wd l="3824" t="4576" r="3859" b="4617" fs="10">a</wd>
		</ln>
		<ln lx="2313" ly="4647" rx="3857" ry="4726">
			<wd l="2313" t="4649" r="2671" b="4726" fs="10">prominent</wd>
			<wd l="2708" t="4648" r="2922" b="4725" fs="10">flange</wd>
			<wd l="2961" t="4648" r="3165" b="4708" fs="10">above</wd>
			<wd l="3201" t="4648" r="3305" b="4708" fs="10">the</wd>
			<wd l="3344" t="4648" r="3526" b="4720" fs="10">claw;</wd>
			<wd l="3568" t="4647" r="3857" b="4708" fs="10">staminal</wd>
		</ln>
		<ln lx="2316" ly="4737" rx="3855" ry="4815">
			<wd l="2316" t="4738" r="2659" b="4799" fs="10">filaments</wd>
			<wd l="2704" t="4758" r="2760" b="4799" fs="10">c.</wd>
			<wd l="2810" t="4740" r="2842" b="4798" fs="10">5</wd>
			<wd l="2889" t="4757" r="3022" b="4797" fs="10">mm</wd>
			<wd l="3066" t="4738" r="3226" b="4815" fs="10">long</wd>
			<wd l="3269" t="4738" r="3431" b="4798" fs="10">with</wd>
			<wd l="3475" t="4738" r="3635" b="4815" fs="10">long</wd>
			<wd l="3677" t="4737" r="3855" b="4797" fs="10">hairs</wd>
		</ln>
		<ln lx="2315" ly="4827" rx="3855" ry="4905">
			<wd l="2315" t="4829" r="2392" b="4905" fs="10">(c.</wd>
			<wd l="2415" t="4829" r="2509" b="4889" fs="10">0.5</wd>
			<wd l="2529" t="4847" r="2656" b="4888" fs="10">mm</wd>
			<wd l="2674" t="4828" r="2843" b="4905" fs="10">long)</wd>
			<wd l="2861" t="4828" r="2923" b="4887" fs="10">in</wd>
			<wd l="2940" t="4828" r="3126" b="4888" fs="10">lower</wd>
			<wd l="3139" t="4836" r="3285" b="4905" fs="10">part;</wd>
			<wd l="3306" t="4847" r="3490" b="4905" fs="10">ovary</wd>
			<wd l="3508" t="4827" r="3653" b="4905" fs="10">felty</wd>
			<wd l="3668" t="4827" r="3855" b="4905" fs="10">hairy;</wd>
		</ln>
		<ln lx="2316" ly="4917" rx="3858" ry="4995">
			<wd l="2316" t="4918" r="2468" b="4995" fs="10">style</wd>
			<wd l="2487" t="4918" r="2791" b="4995" fs="10">glabrous,</wd>
			<wd l="2814" t="4917" r="3033" b="4994" fs="10">stigma</wd>
			<wd l="3048" t="4917" r="3349" b="4994" fs="10">narrowly</wd>
			<wd l="3368" t="4917" r="3858" b="4993" fs="10">funnel-shaped.</wd>
		</ln>
		<ln lx="2314" ly="5006" rx="3857" ry="5083">
			<wd l="2314" t="5008" r="2451" b="5068" fs="10">Pod</wd>
			<wd l="2500" t="5009" r="2655" b="5068" fs="10">1-or</wd>
			<wd l="2695" t="5008" r="2732" b="5067" fs="10">2</wd>
			<wd l="2776" t="5043" r="2798" b="5051" fs="10">-</wd>
			<wd l="2843" t="5006" r="3106" b="5079" fs="10">seeded,</wd>
			<wd l="3151" t="5007" r="3486" b="5083" fs="10">(3-)4.5-5</wd>
			<wd l="3534" t="5025" r="3636" b="5067" fs="10">cm</wd>
			<wd l="3678" t="5006" r="3857" b="5083" fs="10">long,</wd>
		</ln>
		<ln lx="2315" ly="5096" rx="3861" ry="5174">
			<wd l="2315" t="5099" r="2495" b="5157" fs="10">2.5-3</wd>
			<wd l="2519" t="5117" r="2617" b="5157" fs="10">cm</wd>
			<wd l="2634" t="5097" r="2812" b="5169" fs="10">wide,</wd>
			<wd l="2832" t="5097" r="2931" b="5157" fs="10">the</wd>
			<wd l="2949" t="5097" r="3115" b="5174" fs="10">wing</wd>
			<wd l="3133" t="5097" r="3254" b="5156" fs="10">4-6</wd>
			<wd l="3273" t="5116" r="3400" b="5155" fs="10">mm</wd>
			<wd l="3417" t="5096" r="3596" b="5168" fs="10">wide,</wd>
			<wd l="3619" t="5096" r="3861" b="5173" fs="10">shining</wd>
		</ln>
		<ln lx="2314" ly="5186" rx="3860" ry="5263">
			<wd l="2314" t="5187" r="2471" b="5247" fs="10">with</wd>
			<wd l="2512" t="5187" r="2719" b="5263" fs="10">finely</wd>
			<wd l="2757" t="5186" r="3094" b="5246" fs="10">reticulate</wd>
			<wd l="3133" t="5194" r="3496" b="5258" fs="10">nervature,</wd>
			<wd l="3541" t="5186" r="3860" b="5246" fs="10">scattered</wd>
		</ln>
		<ln lx="2315" ly="5277" rx="3494" ry="5354">
			<wd l="2315" t="5277" r="2644" b="5354" fs="10">appressed</wd>
			<wd l="2666" t="5277" r="2826" b="5337" fs="10">hairs</wd>
			<wd l="2850" t="5277" r="3032" b="5337" fs="10">when</wd>
			<wd l="3053" t="5296" r="3280" b="5354" fs="10">young.</wd>
			<wd l="3308" t="5277" r="3435" b="5354" fs="10">Fig.</wd>
			<wd l="3472" t="5279" r="3494" b="5336" fs="10">1</wd>
		</ln>
	</region>
</ocr-page>
