<?xml version="1.0" encoding="UTF-8"?>
<ocr-page type="coords" ocr-vers="1.0" creation-date="20130321" res="600" height="6300" width="4500">
	<region article-doi="10.2307/41729919" region-id="0">
		<rc l="642" t="733" r="3845" b="2683"/>
		<ln lx="647" ly="738" rx="3791" ry="800">
			<wd l="647" t="743" r="710" b="790" fs="10">64</wd>
			<wd l="2890" t="738" r="3265" b="800" fs="10">Austrobaileya</wd>
			<wd l="3285" t="739" r="3407" b="799" fs="10">5(1):</wd>
			<wd l="3430" t="739" r="3595" b="786" fs="10">63-69</wd>
			<wd l="3616" t="739" r="3791" b="799" fs="10">(1997)</wd>
		</ln>
		<ln lx="649" ly="858" rx="3837" ry="938">
			<wd l="649" t="862" r="697" b="922" fs="10">6.</wd>
			<wd l="764" t="860" r="1017" b="921" fs="10">Petioles</wd>
			<wd l="1036" t="861" r="1277" b="921" fs="10">2.0-5.0</wd>
			<wd l="1296" t="879" r="1393" b="921" fs="10">cm</wd>
			<wd l="1411" t="859" r="1554" b="938" fs="10">long</wd>
			<wd l="1607" t="907" r="3331" b="920" fs="10">
			</wd>
			<wd l="3375" t="858" r="3554" b="917" fs="10">ll.A.</wd>
			<wd l="3574" t="858" r="3837" b="917" fs="10">latifolia</wd>
		</ln>
		<ln lx="764" ly="951" rx="3836" ry="1029">
			<wd l="764" t="953" r="1017" b="1013" fs="10">Petioles</wd>
			<wd l="1037" t="954" r="1208" b="1013" fs="10">0.6-1</wd>
			<wd l="1224" t="954" r="1273" b="1013" fs="10">.3</wd>
			<wd l="1296" t="972" r="1393" b="1013" fs="10">cm</wd>
			<wd l="1411" t="952" r="1554" b="1029" fs="10">long</wd>
			<wd l="1608" t="999" r="3289" b="1012" fs="10">
			</wd>
			<wd l="3337" t="951" r="3429" b="1010" fs="10">10.</wd>
			<wd l="3441" t="952" r="3517" b="1009" fs="10">A.</wd>
			<wd l="3537" t="951" r="3836" b="1009" fs="10">umbrosa</wd>
		</ln>
		<ln lx="650" ly="1113" rx="3838" ry="1177">
			<wd l="650" t="1119" r="697" b="1177" fs="10">7.</wd>
			<wd l="765" t="1119" r="996" b="1177" fs="10">Leaves</wd>
			<wd l="1018" t="1116" r="1136" b="1177" fs="10">less</wd>
			<wd l="1155" t="1116" r="1298" b="1176" fs="10">than</wd>
			<wd l="1319" t="1118" r="1353" b="1176" fs="10">7</wd>
			<wd l="1373" t="1135" r="1500" b="1175" fs="10">mm</wd>
			<wd l="1519" t="1115" r="1678" b="1176" fs="10">wide</wd>
			<wd l="1733" t="1162" r="3748" b="1175" fs="10">
			</wd>
			<wd l="3805" t="1113" r="3838" b="1172" fs="10">8</wd>
		</ln>
		<ln lx="765" ly="1206" rx="3840" ry="1285">
			<wd l="765" t="1211" r="988" b="1269" fs="10">Leaves</wd>
			<wd l="1005" t="1209" r="1206" b="1285" fs="10">(6-)7-</wd>
			<wd l="1212" t="1210" r="1234" b="1268" fs="10">1</wd>
			<wd l="1245" t="1210" r="1277" b="1269" fs="10">3</wd>
			<wd l="1297" t="1228" r="1422" b="1268" fs="10">mm</wd>
			<wd l="1436" t="1208" r="1591" b="1268" fs="10">wide</wd>
			<wd l="1608" t="1254" r="3749" b="1268" fs="10">
			</wd>
			<wd l="3804" t="1206" r="3840" b="1265" fs="10">9</wd>
		</ln>
		<ln lx="651" ly="1370" rx="3222" ry="1449">
			<wd l="651" t="1374" r="697" b="1433" fs="10">8.</wd>
			<wd l="765" t="1375" r="996" b="1433" fs="10">Leaves</wd>
			<wd l="1027" t="1374" r="1208" b="1433" fs="10">3.5-7</wd>
			<wd l="1239" t="1391" r="1365" b="1431" fs="10">mm</wd>
			<wd l="1392" t="1372" r="1570" b="1444" fs="10">wide,</wd>
			<wd l="1601" t="1371" r="1857" b="1449" fs="10">petioles</wd>
			<wd l="1887" t="1372" r="2008" b="1431" fs="10">4-6</wd>
			<wd l="2038" t="1390" r="2165" b="1430" fs="10">mm</wd>
			<wd l="2195" t="1371" r="2359" b="1447" fs="10">long;</wd>
			<wd l="2391" t="1370" r="2832" b="1430" fs="10">inflorescence</wd>
			<wd l="2871" t="1371" r="2942" b="1429" fs="10">16</wd>
			<wd l="2969" t="1371" r="3093" b="1429" fs="10">-30</wd>
			<wd l="3124" t="1389" r="3222" b="1429" fs="10">cm</wd>
		</ln>
		<ln lx="837" ly="1461" rx="3837" ry="1541">
			<wd l="837" t="1464" r="983" b="1541" fs="10">long</wd>
			<wd l="1025" t="1510" r="3164" b="1524" fs="10">
			</wd>
			<wd l="3240" t="1461" r="3837" b="1537" fs="10">6.A.biddulphiana</wd>
		</ln>
		<ln lx="765" ly="1553" rx="3053" ry="1633">
			<wd l="765" t="1558" r="993" b="1617" fs="10">Leaves</wd>
			<wd l="1012" t="1557" r="1251" b="1616" fs="10">2.2-3.5</wd>
			<wd l="1273" t="1575" r="1398" b="1615" fs="10">mm</wd>
			<wd l="1414" t="1555" r="1591" b="1628" fs="10">wide,</wd>
			<wd l="1610" t="1555" r="1862" b="1633" fs="10">petioles</wd>
			<wd l="1882" t="1556" r="1964" b="1615" fs="10">3-</wd>
			<wd l="1979" t="1556" r="2017" b="1614" fs="10">4</wd>
			<wd l="2034" t="1574" r="2161" b="1614" fs="10">mm</wd>
			<wd l="2180" t="1554" r="2342" b="1631" fs="10">long;</wd>
			<wd l="2363" t="1553" r="2797" b="1614" fs="10">inflorescence</wd>
			<wd l="2817" t="1554" r="2936" b="1613" fs="10">3-9</wd>
			<wd l="2955" t="1572" r="3053" b="1613" fs="10">cm</wd>
		</ln>
		<ln lx="837" ly="1646" rx="3837" ry="1727">
			<wd l="837" t="1649" r="983" b="1727" fs="10">long</wd>
			<wd l="1025" t="1695" r="3290" b="1709" fs="10">
			</wd>
			<wd l="3329" t="1646" r="3837" b="1723" fs="10">7.A.pauciflora</wd>
		</ln>
		<ln lx="649" ly="1811" rx="3838" ry="1891">
			<wd l="649" t="1815" r="697" b="1874" fs="10">9.</wd>
			<wd l="765" t="1816" r="996" b="1874" fs="10">Leaves</wd>
			<wd l="1027" t="1814" r="1309" b="1891" fs="10">glabrous</wd>
			<wd l="1340" t="1832" r="1420" b="1873" fs="10">on</wd>
			<wd l="1447" t="1813" r="1594" b="1873" fs="10">both</wd>
			<wd l="1624" t="1812" r="1892" b="1873" fs="10">surfaces</wd>
			<wd l="1943" t="1860" r="3415" b="1872" fs="10">
			</wd>
			<wd l="3454" t="1811" r="3510" b="1870" fs="10">8.</wd>
			<wd l="3523" t="1811" r="3598" b="1869" fs="10">A.</wd>
			<wd l="3617" t="1812" r="3838" b="1887" fs="10">glabra</wd>
		</ln>
		<ln lx="765" ly="1902" rx="3837" ry="1966">
			<wd l="765" t="1908" r="997" b="1966" fs="10">Leaves</wd>
			<wd l="1018" t="1905" r="1165" b="1966" fs="10">with</wd>
			<wd l="1185" t="1905" r="1371" b="1966" fs="10">dense</wd>
			<wd l="1394" t="1905" r="1624" b="1965" fs="10">stellate</wd>
			<wd l="1644" t="1913" r="1981" b="1965" fs="10">tomentum</wd>
			<wd l="2002" t="1923" r="2084" b="1964" fs="10">on</wd>
			<wd l="2105" t="1903" r="2341" b="1964" fs="10">abaxial</wd>
			<wd l="2365" t="1903" r="2601" b="1963" fs="10">surface</wd>
			<wd l="2653" t="1951" r="3708" b="1963" fs="10">
			</wd>
			<wd l="3775" t="1902" r="3837" b="1961" fs="10">10</wd>
		</ln>
		<ln lx="657" ly="2067" rx="3839" ry="2146">
			<wd l="657" t="2071" r="735" b="2130" fs="10">10.</wd>
			<wd l="766" t="2069" r="1018" b="2130" fs="10">Petioles</wd>
			<wd l="1036" t="2070" r="1321" b="2145" fs="10">(15-)23-</wd>
			<wd l="1322" t="2070" r="1399" b="2129" fs="10">30</wd>
			<wd l="1417" t="2088" r="1543" b="2128" fs="10">mm</wd>
			<wd l="1561" t="2068" r="1722" b="2146" fs="10">long;</wd>
			<wd l="1743" t="2068" r="1983" b="2128" fs="10">flowers</wd>
			<wd l="1999" t="2067" r="2206" b="2145" fs="10">purple</wd>
			<wd l="2236" t="2115" r="3207" b="2127" fs="10">
			</wd>
			<wd l="3249" t="2067" r="3839" b="2142" fs="10">5.A.brachyandra</wd>
		</ln>
		<ln lx="766" ly="2158" rx="3830" ry="2238">
			<wd l="766" t="2161" r="1021" b="2222" fs="10">Petioles</wd>
			<wd l="1040" t="2163" r="1151" b="2222" fs="10">3-1</wd>
			<wd l="1165" t="2163" r="1196" b="2222" fs="10">5</wd>
			<wd l="1218" t="2180" r="1345" b="2221" fs="10">mm</wd>
			<wd l="1363" t="2160" r="1526" b="2238" fs="10">long;</wd>
			<wd l="1547" t="2160" r="1789" b="2221" fs="10">flowers</wd>
			<wd l="1806" t="2160" r="1987" b="2220" fs="10">white</wd>
			<wd l="2027" t="2206" r="3708" b="2220" fs="10">
			</wd>
			<wd l="3776" t="2158" r="3830" b="2216" fs="10">11</wd>
		</ln>
		<ln lx="657" ly="2321" rx="3221" ry="2395">
			<wd l="657" t="2327" r="735" b="2385" fs="10">11.</wd>
			<wd l="766" t="2327" r="1122" b="2385" fs="10">Tomentum</wd>
			<wd l="1148" t="2344" r="1229" b="2384" fs="10">on</wd>
			<wd l="1256" t="2333" r="1440" b="2384" fs="10">stems</wd>
			<wd l="1468" t="2324" r="1586" b="2384" fs="10">and</wd>
			<wd l="1613" t="2324" r="1816" b="2383" fs="10">leaves</wd>
			<wd l="1845" t="2324" r="2035" b="2395" fs="10">loose,</wd>
			<wd l="2065" t="2322" r="2399" b="2383" fs="10">individual</wd>
			<wd l="2425" t="2322" r="2584" b="2382" fs="10">hairs</wd>
			<wd l="2613" t="2341" r="2664" b="2382" fs="10">c.</wd>
			<wd l="2702" t="2323" r="2723" b="2381" fs="10">1</wd>
			<wd l="2758" t="2341" r="2885" b="2381" fs="10">mm</wd>
			<wd l="2912" t="2321" r="3221" b="2393" fs="10">diameter;</wd>
		</ln>
		<ln lx="838" ly="2414" rx="3840" ry="2494">
			<wd l="838" t="2417" r="1036" b="2478" fs="10">leaves</wd>
			<wd l="1062" t="2419" r="1083" b="2476" fs="10">1</wd>
			<wd l="1103" t="2418" r="1256" b="2477" fs="10">1-20</wd>
			<wd l="1273" t="2436" r="1399" b="2476" fs="10">mm</wd>
			<wd l="1415" t="2416" r="1592" b="2489" fs="10">wide;</wd>
			<wd l="1610" t="2416" r="1875" b="2494" fs="10">pedicels</wd>
			<wd l="1894" t="2417" r="2071" b="2476" fs="10">3-9.5</wd>
			<wd l="2092" t="2435" r="2219" b="2475" fs="10">mm</wd>
			<wd l="2237" t="2415" r="2379" b="2492" fs="10">long</wd>
			<wd l="2403" t="2463" r="3291" b="2475" fs="10">
			</wd>
			<wd l="3340" t="2414" r="3432" b="2473" fs="10">10.</wd>
			<wd l="3444" t="2415" r="3520" b="2473" fs="10">A.</wd>
			<wd l="3539" t="2415" r="3840" b="2473" fs="10">umbrosa</wd>
		</ln>
		<ln lx="766" ly="2506" rx="2854" ry="2586">
			<wd l="766" t="2512" r="1122" b="2570" fs="10">Tomentum</wd>
			<wd l="1141" t="2529" r="1222" b="2570" fs="10">on</wd>
			<wd l="1242" t="2517" r="1426" b="2569" fs="10">stems</wd>
			<wd l="1446" t="2508" r="1565" b="2569" fs="10">and</wd>
			<wd l="1584" t="2508" r="1787" b="2569" fs="10">leaves</wd>
			<wd l="1806" t="2508" r="1976" b="2586" fs="10">tight,</wd>
			<wd l="1999" t="2507" r="2333" b="2568" fs="10">individual</wd>
			<wd l="2351" t="2506" r="2511" b="2567" fs="10">hairs</wd>
			<wd l="2532" t="2526" r="2583" b="2567" fs="10">c.</wd>
			<wd l="2607" t="2507" r="2703" b="2567" fs="10">0.5</wd>
			<wd l="2726" t="2526" r="2854" b="2566" fs="10">mm</wd>
		</ln>
		<ln lx="852" ly="2598" rx="3840" ry="2678">
			<wd l="852" t="2602" r="1153" b="2674" fs="10">diameter;</wd>
			<wd l="1174" t="2601" r="1373" b="2662" fs="10">leaves</wd>
			<wd l="1392" t="2601" r="1597" b="2677" fs="10">(6-)7-</wd>
			<wd l="1605" t="2602" r="1626" b="2660" fs="10">1</wd>
			<wd l="1646" t="2602" r="1668" b="2660" fs="10">1</wd>
			<wd l="1693" t="2620" r="1820" b="2660" fs="10">mm</wd>
			<wd l="1835" t="2600" r="2013" b="2673" fs="10">wide;</wd>
			<wd l="2031" t="2599" r="2296" b="2678" fs="10">pedicels</wd>
			<wd l="2317" t="2601" r="2427" b="2660" fs="10">8-1</wd>
			<wd l="2441" t="2601" r="2472" b="2659" fs="10">5</wd>
			<wd l="2494" t="2618" r="2620" b="2658" fs="10">mm</wd>
			<wd l="2638" t="2599" r="2781" b="2676" fs="10">long</wd>
			<wd l="2821" t="2648" r="3292" b="2659" fs="10">
			</wd>
			<wd l="3350" t="2599" r="3405" b="2658" fs="10">9.</wd>
			<wd l="3419" t="2600" r="3495" b="2658" fs="10">A.</wd>
			<wd l="3515" t="2598" r="3840" b="2674" fs="10">longifolia</wd>
		</ln>
	</region>
	<region article-doi="10.2307/41729919" region-id="1">
		<rc l="637" t="2936" r="2193" b="5493"/>
		<ln lx="642" ly="2941" rx="2178" ry="3021">
			<wd l="642" t="2945" r="1032" b="3005" fs="10">Astrotricha</wd>
			<wd l="1052" t="2943" r="1220" b="3021" fs="10">subg.</wd>
			<wd l="1238" t="2944" r="1607" b="3004" fs="10">Hexocenia</wd>
			<wd l="1626" t="2942" r="1873" b="3015" fs="10">Domin,</wd>
			<wd l="1893" t="2941" r="2178" b="3002" fs="10">Biblioth.</wd>
		</ln>
		<ln lx="837" ly="3034" rx="2182" ry="3112">
			<wd l="837" t="3038" r="972" b="3096" fs="10">Bot.</wd>
			<wd l="1010" t="3037" r="1107" b="3096" fs="10">89:</wd>
			<wd l="1144" t="3037" r="1261" b="3096" fs="10">485</wd>
			<wd l="1300" t="3036" r="1536" b="3112" fs="10">(1928).</wd>
			<wd l="1574" t="3037" r="1768" b="3112" fs="10">Type:</wd>
			<wd l="1801" t="3034" r="2182" b="3095" fs="10">Astrotricha</wd>
		</ln>
		<ln lx="826" ly="3128" rx="1449" ry="3206">
			<wd l="826" t="3140" r="1205" b="3206" fs="10">pterocarpa</wd>
			<wd l="1236" t="3128" r="1449" b="3188" fs="10">Benth.</wd>
		</ln>
		<ln lx="747" ly="3290" rx="2181" ry="3370">
			<wd l="747" t="3292" r="1152" b="3370" fs="10">Monopodial</wd>
			<wd l="1172" t="3291" r="1404" b="3364" fs="10">shrubs,</wd>
			<wd l="1424" t="3290" r="1836" b="3368" fs="10">monocarpic;</wd>
			<wd l="1856" t="3290" r="2181" b="3367" fs="10">mericarps</wd>
		</ln>
		<ln lx="838" ly="3382" rx="2179" ry="3461">
			<wd l="838" t="3384" r="1147" b="3456" fs="10">3-locular,</wd>
			<wd l="1169" t="3383" r="1338" b="3444" fs="10">fruits</wd>
			<wd l="1355" t="3383" r="1599" b="3461" fs="10">winged</wd>
			<wd l="1617" t="3383" r="1706" b="3459" fs="10">(in</wd>
			<wd l="1722" t="3391" r="1882" b="3443" fs="10">most</wd>
			<wd l="1900" t="3382" r="2179" b="3460" fs="10">species).</wd>
		</ln>
		<ln lx="652" ly="3546" rx="2179" ry="3625">
			<wd l="652" t="3551" r="705" b="3609" fs="10">1.</wd>
			<wd l="749" t="3550" r="1151" b="3609" fs="10">Astrotricha</wd>
			<wd l="1169" t="3554" r="1553" b="3625" fs="10">pterocarpa</wd>
			<wd l="1571" t="3546" r="1803" b="3619" fs="10">Benth.,</wd>
			<wd l="1823" t="3546" r="1906" b="3607" fs="10">Fl.</wd>
			<wd l="1922" t="3546" r="2179" b="3607" fs="10">Austral.</wd>
		</ln>
		<ln lx="838" ly="3638" rx="2184" ry="3717">
			<wd l="838" t="3642" r="895" b="3701" fs="10">3:</wd>
			<wd l="926" t="3641" r="1046" b="3701" fs="10">379</wd>
			<wd l="1073" t="3640" r="1310" b="3717" fs="10">(1867).</wd>
			<wd l="1340" t="3641" r="1534" b="3717" fs="10">Type:</wd>
			<wd l="1566" t="3638" r="1974" b="3714" fs="10">Queensland.</wd>
			<wd l="2005" t="3639" r="2184" b="3698" fs="10">Cook</wd>
		</ln>
		<ln lx="837" ly="3731" rx="2179" ry="3811">
			<wd l="837" t="3736" r="1125" b="3794" fs="10">District:</wd>
			<wd l="1145" t="3733" r="1378" b="3811" fs="10">Fitzroy</wd>
			<wd l="1394" t="3732" r="1607" b="3805" fs="10">Island,</wd>
			<wd l="1635" t="3731" r="1833" b="3792" fs="10">WHill</wd>
			<wd l="1848" t="3751" r="1953" b="3792" fs="10">s.n.</wd>
			<wd l="1993" t="3731" r="2179" b="3808" fs="10">(holo:</wd>
		</ln>
		<ln lx="838" ly="3827" rx="931" ry="3903">
			<wd l="838" t="3827" r="931" b="3903" fs="10">K).</wd>
		</ln>
		<ln lx="648" ly="3989" rx="2184" ry="4067">
			<wd l="648" t="3993" r="707" b="4050" fs="10">A</wd>
			<wd l="735" t="3991" r="1103" b="4067" fs="10">description</wd>
			<wd l="1130" t="3990" r="1207" b="4050" fs="10">of</wd>
			<wd l="1222" t="3990" r="1340" b="4050" fs="10">this</wd>
			<wd l="1370" t="3990" r="1605" b="4066" fs="10">species</wd>
			<wd l="1635" t="3989" r="1686" b="4049" fs="10">is</wd>
			<wd l="1715" t="3989" r="1899" b="4065" fs="10">given</wd>
			<wd l="1926" t="3989" r="1988" b="4047" fs="10">in</wd>
			<wd l="2015" t="3991" r="2184" b="4048" fs="10">Bean</wd>
		</ln>
		<ln lx="650" ly="4081" rx="862" ry="4157">
			<wd l="650" t="4081" r="862" b="4157" fs="10">(1991).</wd>
		</ln>
		<ln lx="646" ly="4239" rx="2183" ry="4318">
			<wd l="646" t="4244" r="1080" b="4303" fs="10">Distribution</wd>
			<wd l="1118" t="4243" r="1254" b="4303" fs="10">and</wd>
			<wd l="1285" t="4243" r="1538" b="4302" fs="10">habitat</wd>
			<wd l="1544" t="4260" r="1558" b="4301" fs="10">:</wd>
			<wd l="1596" t="4243" r="1663" b="4301" fs="10">A.</wd>
			<wd l="1698" t="4252" r="2092" b="4318" fs="10">pterocarpa</wd>
			<wd l="2130" t="4239" r="2183" b="4300" fs="10">is</wd>
		</ln>
		<ln lx="651" ly="4331" rx="2183" ry="4408">
			<wd l="651" t="4334" r="940" b="4395" fs="10">confined</wd>
			<wd l="958" t="4343" r="1021" b="4394" fs="10">to</wd>
			<wd l="1040" t="4334" r="1216" b="4394" fs="10">north</wd>
			<wd l="1236" t="4333" r="1627" b="4408" fs="10">Queensland</wd>
			<wd l="1646" t="4332" r="1848" b="4392" fs="10">where</wd>
			<wd l="1869" t="4332" r="1913" b="4392" fs="10">it</wd>
			<wd l="1932" t="4331" r="2183" b="4392" fs="10">extends</wd>
		</ln>
		<ln lx="651" ly="4423" rx="2185" ry="4502">
			<wd l="651" t="4426" r="806" b="4486" fs="10">from</wd>
			<wd l="819" t="4426" r="916" b="4486" fs="10">the</wd>
			<wd l="932" t="4425" r="1199" b="4485" fs="10">Melville</wd>
			<wd l="1216" t="4427" r="1420" b="4502" fs="10">Range</wd>
			<wd l="1437" t="4443" r="1570" b="4484" fs="10">area</wd>
			<wd l="1582" t="4424" r="1752" b="4484" fs="10">north</wd>
			<wd l="1768" t="4423" r="1843" b="4483" fs="10">of</wd>
			<wd l="1849" t="4423" r="2185" b="4483" fs="10">Cooktown</wd>
		</ln>
		<ln lx="653" ly="4514" rx="2186" ry="4591">
			<wd l="653" t="4517" r="1030" b="4578" fs="10">southwards</wd>
			<wd l="1063" t="4525" r="1126" b="4577" fs="10">to</wd>
			<wd l="1161" t="4516" r="1453" b="4576" fs="10">Pentland</wd>
			<wd l="1488" t="4515" r="1607" b="4576" fs="10">and</wd>
			<wd l="1639" t="4534" r="1784" b="4575" fs="10">near</wd>
			<wd l="1816" t="4514" r="2098" b="4591" fs="10">Mackay.</wd>
			<wd l="2137" t="4516" r="2186" b="4573" fs="10">It</wd>
		</ln>
		<ln lx="652" ly="4606" rx="2187" ry="4687">
			<wd l="652" t="4629" r="851" b="4687" fs="10">grows</wd>
			<wd l="874" t="4609" r="936" b="4668" fs="10">in</wd>
			<wd l="957" t="4609" r="1213" b="4669" fs="10">shallow</wd>
			<wd l="1234" t="4608" r="1424" b="4685" fs="10">sandy</wd>
			<wd l="1446" t="4607" r="1580" b="4679" fs="10">soil,</wd>
			<wd l="1605" t="4626" r="1751" b="4667" fs="10">over</wd>
			<wd l="1772" t="4606" r="2096" b="4667" fs="10">sandstone</wd>
			<wd l="2118" t="4625" r="2187" b="4665" fs="10">or</wd>
		</ln>
		<ln lx="652" ly="4699" rx="1651" ry="4779">
			<wd l="652" t="4701" r="898" b="4779" fs="10">granite,</wd>
			<wd l="923" t="4701" r="985" b="4760" fs="10">in</wd>
			<wd l="1006" t="4700" r="1286" b="4777" fs="10">eucalypt</wd>
			<wd l="1305" t="4699" r="1651" b="4760" fs="10">woodland.</wd>
		</ln>
		<ln lx="652" ly="4862" rx="2182" ry="4931">
			<wd l="652" t="4866" r="712" b="4925" fs="10">2.</wd>
			<wd l="775" t="4865" r="1235" b="4924" fs="10">Astrotricha</wd>
			<wd l="1301" t="4863" r="1734" b="4922" fs="10">intermedia</wd>
			<wd l="1795" t="4862" r="1876" b="4921" fs="10">A.</wd>
			<wd l="1887" t="4863" r="1963" b="4920" fs="10">R.</wd>
			<wd l="1975" t="4862" r="2182" b="4931" fs="10">Bean,</wd>
		</ln>
		<ln lx="840" ly="4952" rx="2180" ry="5031">
			<wd l="840" t="4954" r="1313" b="5031" fs="10">Austrobaileya</wd>
			<wd l="1347" t="4954" r="1504" b="5029" fs="10">3(3):</wd>
			<wd l="1546" t="4954" r="1666" b="5013" fs="10">524</wd>
			<wd l="1703" t="4952" r="1944" b="5028" fs="10">(1991).</wd>
			<wd l="1984" t="4954" r="2180" b="5028" fs="10">Type:</wd>
		</ln>
		<ln lx="842" ly="5045" rx="2188" ry="5121">
			<wd l="842" t="5046" r="1241" b="5121" fs="10">Queensland.</wd>
			<wd l="1261" t="5048" r="1641" b="5105" fs="10">Leichhardt</wd>
			<wd l="1656" t="5047" r="1947" b="5104" fs="10">District:</wd>
			<wd l="1966" t="5045" r="2188" b="5120" fs="10">Nogoa</wd>
		</ln>
		<ln lx="840" ly="5135" rx="2187" ry="5214">
			<wd l="840" t="5138" r="1043" b="5198" fs="10">River</wd>
			<wd l="1085" t="5136" r="1395" b="5214" fs="10">camping</wd>
			<wd l="1439" t="5155" r="1611" b="5208" fs="10">area,</wd>
			<wd l="1660" t="5135" r="1966" b="5195" fs="10">Salvator</wd>
			<wd l="2007" t="5136" r="2187" b="5194" fs="10">Rosa</wd>
		</ln>
		<ln lx="838" ly="5226" rx="2183" ry="5299">
			<wd l="838" t="5228" r="1160" b="5289" fs="10">National</wd>
			<wd l="1213" t="5228" r="1403" b="5299" fs="10">Park,</wd>
			<wd l="1459" t="5229" r="1495" b="5287" fs="10">9</wd>
			<wd l="1549" t="5226" r="1928" b="5287" fs="10">December</wd>
			<wd l="1988" t="5227" r="2183" b="5297" fs="10">1989,</wd>
		</ln>
		<ln lx="838" ly="5318" rx="2184" ry="5395">
			<wd l="838" t="5323" r="899" b="5381" fs="10">R.</wd>
			<wd l="912" t="5321" r="1298" b="5381" fs="10">O.Makinson</wd>
			<wd l="1315" t="5321" r="1431" b="5380" fs="10">600</wd>
			<wd l="1448" t="5319" r="1630" b="5395" fs="10">(holo:</wd>
			<wd l="1649" t="5321" r="1800" b="5390" fs="10">BRI;</wd>
			<wd l="1818" t="5318" r="1925" b="5378" fs="10">iso:</wd>
			<wd l="1944" t="5319" r="2184" b="5389" fs="10">CANB,</wd>
		</ln>
		<ln lx="838" ly="5413" rx="1059" ry="5488">
			<wd l="838" t="5413" r="1059" b="5488" fs="10">NSW).</wd>
		</ln>
	</region>
	<region article-doi="10.2307/41729919" region-id="2">
		<rc l="2317" t="2933" r="3888" b="5602"/>
		<ln lx="2322" ly="2938" rx="3861" ry="3013">
			<wd l="2322" t="2942" r="2730" b="3001" fs="10">Illustration</wd>
			<wd l="2741" t="2959" r="2756" b="3000" fs="10">:</wd>
			<wd l="2799" t="2939" r="3128" b="3012" fs="10">Williams,</wd>
			<wd l="3165" t="2939" r="3395" b="3000" fs="10">Native</wd>
			<wd l="3432" t="2939" r="3520" b="2999" fs="10">PI.</wd>
			<wd l="3562" t="2938" r="3861" b="3013" fs="10">Queensl.</wd>
		</ln>
		<ln lx="2328" ly="3033" rx="3306" ry="3109">
			<wd l="2328" t="3035" r="2361" b="3094" fs="10">3</wd>
			<wd l="2374" t="3053" r="2385" b="3094" fs="10">:</wd>
			<wd l="2407" t="3034" r="2440" b="3094" fs="10">3</wd>
			<wd l="2456" t="3034" r="2477" b="3092" fs="10">1</wd>
			<wd l="2505" t="3033" r="2528" b="3109" fs="10">(</wd>
			<wd l="2540" t="3034" r="2561" b="3092" fs="10">1</wd>
			<wd l="2573" t="3033" r="2740" b="3108" fs="10">987),</wd>
			<wd l="2761" t="3052" r="2825" b="3093" fs="10">as</wd>
			<wd l="2840" t="3034" r="2905" b="3092" fs="10">A.</wd>
			<wd l="2920" t="3043" r="3306" b="3109" fs="10">pterocarpa.</wd>
		</ln>
		<ln lx="2323" ly="3194" rx="3863" ry="3257">
			<wd l="2323" t="3197" r="2739" b="3257" fs="10">Distribution</wd>
			<wd l="2758" t="3197" r="2892" b="3256" fs="10">and</wd>
			<wd l="2903" t="3196" r="3146" b="3256" fs="10">habitat</wd>
			<wd l="3149" t="3214" r="3164" b="3255" fs="10">:</wd>
			<wd l="3182" t="3196" r="3248" b="3255" fs="10">A.</wd>
			<wd l="3277" t="3194" r="3633" b="3255" fs="10">intermedia</wd>
			<wd l="3651" t="3213" r="3863" b="3254" fs="10">occurs</wd>
		</ln>
		<ln lx="2328" ly="3287" rx="3865" ry="3366">
			<wd l="2328" t="3289" r="2513" b="3366" fs="10">along</wd>
			<wd l="2546" t="3289" r="2648" b="3349" fs="10">the</wd>
			<wd l="2685" t="3288" r="2911" b="3349" fs="10">central</wd>
			<wd l="2948" t="3287" r="3345" b="3363" fs="10">Queensland</wd>
			<wd l="3380" t="3295" r="3551" b="3347" fs="10">coast</wd>
			<wd l="3584" t="3287" r="3865" b="3347" fs="10">between</wd>
		</ln>
		<ln lx="2327" ly="3379" rx="3866" ry="3458">
			<wd l="2327" t="3380" r="2768" b="3458" fs="10">Marlborough</wd>
			<wd l="2801" t="3380" r="2920" b="3441" fs="10">and</wd>
			<wd l="2952" t="3379" r="3274" b="3452" fs="10">Rosedale,</wd>
			<wd l="3311" t="3379" r="3429" b="3440" fs="10">and</wd>
			<wd l="3461" t="3387" r="3613" b="3439" fs="10">west</wd>
			<wd l="3647" t="3379" r="3866" b="3439" fs="10">almost</wd>
		</ln>
		<ln lx="2329" ly="3471" rx="3867" ry="3550">
			<wd l="2329" t="3493" r="2395" b="3534" fs="10">as</wd>
			<wd l="2436" t="3473" r="2531" b="3534" fs="10">far</wd>
			<wd l="2568" t="3492" r="2634" b="3534" fs="10">as</wd>
			<wd l="2673" t="3472" r="2929" b="3533" fs="10">Tambo.</wd>
			<wd l="2972" t="3474" r="3023" b="3532" fs="10">It</wd>
			<wd l="3060" t="3491" r="3268" b="3550" fs="10">grows</wd>
			<wd l="3309" t="3471" r="3373" b="3531" fs="10">in</wd>
			<wd l="3411" t="3490" r="3578" b="3549" fs="10">open</wd>
			<wd l="3616" t="3471" r="3867" b="3548" fs="10">eucalyt</wd>
		</ln>
		<ln lx="2327" ly="3564" rx="3867" ry="3642">
			<wd l="2327" t="3566" r="2674" b="3638" fs="10">woodland,</wd>
			<wd l="2697" t="3565" r="2759" b="3625" fs="10">in</wd>
			<wd l="2780" t="3565" r="3037" b="3625" fs="10">shallow</wd>
			<wd l="3058" t="3564" r="3248" b="3642" fs="10">sandy</wd>
			<wd l="3270" t="3564" r="3417" b="3625" fs="10">soils</wd>
			<wd l="3439" t="3564" r="3687" b="3624" fs="10">derived</wd>
			<wd l="3707" t="3564" r="3867" b="3624" fs="10">from</wd>
		</ln>
		<ln lx="2330" ly="3655" rx="3834" ry="3735">
			<wd l="2330" t="3658" r="2674" b="3730" fs="10">sandstone,</wd>
			<wd l="2702" t="3657" r="2931" b="3735" fs="10">granite</wd>
			<wd l="2958" t="3676" r="3026" b="3717" fs="10">or</wd>
			<wd l="3051" t="3656" r="3402" b="3717" fs="10">sometimes</wd>
			<wd l="3430" t="3655" r="3834" b="3734" fs="10">serpentinite.</wd>
		</ln>
		<ln lx="2328" ly="3820" rx="3870" ry="3897">
			<wd l="2328" t="3825" r="2383" b="3884" fs="10">3.</wd>
			<wd l="2407" t="3824" r="2796" b="3883" fs="10">Astrotricha</wd>
			<wd l="2813" t="3824" r="3071" b="3882" fs="10">cordata</wd>
			<wd l="3081" t="3823" r="3155" b="3882" fs="10">A.</wd>
			<wd l="3158" t="3823" r="3411" b="3893" fs="10">R.Bean,</wd>
			<wd l="3423" t="3820" r="3870" b="3897" fs="10">Austrobaileya</wd>
		</ln>
		<ln lx="2520" ly="3913" rx="3864" ry="3992">
			<wd l="2520" t="3915" r="2695" b="3992" fs="10">3(3):</wd>
			<wd l="3083" t="3914" r="3208" b="3974" fs="10">523</wd>
			<wd l="3595" t="3913" r="3864" b="3989" fs="10">(1991).</wd>
		</ln>
		<ln lx="2519" ly="4007" rx="3863" ry="4083">
			<wd l="2519" t="4010" r="2712" b="4083" fs="10">Type:</wd>
			<wd l="2736" t="4007" r="3143" b="4080" fs="10">Queensland.</wd>
			<wd l="3165" t="4009" r="3550" b="4065" fs="10">Leichhardt</wd>
			<wd l="3566" t="4008" r="3863" b="4064" fs="10">District:</wd>
		</ln>
		<ln lx="2519" ly="4095" rx="3867" ry="4167">
			<wd l="2519" t="4097" r="2929" b="4157" fs="10">Blackdown</wd>
			<wd l="2968" t="4096" r="3346" b="4167" fs="10">Tableland,</wd>
			<wd l="3391" t="4115" r="3446" b="4155" fs="10">c.</wd>
			<wd l="3492" t="4097" r="3571" b="4155" fs="10">35</wd>
			<wd l="3618" t="4095" r="3727" b="4153" fs="10">km</wd>
			<wd l="3772" t="4096" r="3867" b="4154" fs="10">SE</wd>
		</ln>
		<ln lx="2520" ly="4186" rx="3865" ry="4264">
			<wd l="2520" t="4188" r="2602" b="4248" fs="10">of</wd>
			<wd l="2666" t="4188" r="3111" b="4259" fs="10">Blackwater,</wd>
			<wd l="3192" t="4186" r="3587" b="4264" fs="10">September</wd>
			<wd l="3669" t="4187" r="3865" b="4257" fs="10">1971,</wd>
		</ln>
		<ln lx="2516" ly="4280" rx="3867" ry="4354">
			<wd l="2516" t="4283" r="2643" b="4340" fs="10">R.J.</wd>
			<wd l="2686" t="4280" r="3069" b="4340" fs="10">Henderson</wd>
			<wd l="3106" t="4281" r="3199" b="4338" fs="10">HI</wd>
			<wd l="3214" t="4280" r="3287" b="4338" fs="10">01</wd>
			<wd l="3304" t="4280" r="3360" b="4350" fs="10">8,</wd>
			<wd l="3396" t="4280" r="3867" b="4354" fs="10">L.Durrington</wd>
		</ln>
		<ln lx="2520" ly="4370" rx="3315" ry="4447">
			<wd l="2520" t="4373" r="2580" b="4431" fs="10"><![CDATA[&]]></wd>
			<wd l="2596" t="4373" r="2649" b="4431" fs="10">P.</wd>
			<wd l="2674" t="4371" r="2907" b="4447" fs="10">Sharpe</wd>
			<wd l="2925" t="4370" r="3114" b="4446" fs="10">(holo:</wd>
			<wd l="3135" t="4370" r="3315" b="4445" fs="10">BRI).</wd>
		</ln>
		<ln lx="2325" ly="4530" rx="3864" ry="4605">
			<wd l="2325" t="4535" r="2759" b="4594" fs="10">Illustrations</wd>
			<wd l="2768" t="4552" r="2782" b="4593" fs="10">:</wd>
			<wd l="2823" t="4532" r="3145" b="4603" fs="10">Williams,</wd>
			<wd l="3181" t="4532" r="3407" b="4591" fs="10">Native</wd>
			<wd l="3443" t="4531" r="3529" b="4590" fs="10">PI.</wd>
			<wd l="3570" t="4530" r="3864" b="4605" fs="10">Queensl.</wd>
		</ln>
		<ln lx="2330" ly="4625" rx="3314" ry="4701">
			<wd l="2330" t="4627" r="2387" b="4685" fs="10">2:</wd>
			<wd l="2409" t="4626" r="2487" b="4685" fs="10">47</wd>
			<wd l="2507" t="4625" r="2743" b="4701" fs="10">(1984),</wd>
			<wd l="2764" t="4643" r="2828" b="4684" fs="10">as</wd>
			<wd l="2842" t="4625" r="2908" b="4684" fs="10">A.</wd>
			<wd l="2923" t="4635" r="3314" b="4701" fs="10">pterocarpa.</wd>
		</ln>
		<ln lx="2326" ly="4784" rx="3867" ry="4848">
			<wd l="2326" t="4789" r="2795" b="4848" fs="10">Distribution</wd>
			<wd l="2840" t="4788" r="2983" b="4847" fs="10">and</wd>
			<wd l="3020" t="4787" r="3291" b="4846" fs="10">habitat</wd>
			<wd l="3300" t="4804" r="3315" b="4845" fs="10">:</wd>
			<wd l="3358" t="4787" r="3428" b="4845" fs="10">A.</wd>
			<wd l="3481" t="4784" r="3766" b="4845" fs="10">cordata</wd>
			<wd l="3810" t="4784" r="3867" b="4843" fs="10">is</wd>
		</ln>
		<ln lx="2332" ly="4876" rx="3871" ry="4957">
			<wd l="2332" t="4879" r="2795" b="4957" fs="10">sporadically</wd>
			<wd l="2887" t="4877" r="3294" b="4938" fs="10">distributed</wd>
			<wd l="3386" t="4877" r="3454" b="4936" fs="10">in</wd>
			<wd l="3548" t="4876" r="3871" b="4936" fs="10">southern</wd>
		</ln>
		<ln lx="2331" ly="4967" rx="3870" ry="5045">
			<wd l="2331" t="4970" r="2744" b="5045" fs="10">Queensland</wd>
			<wd l="2783" t="4969" r="2948" b="5029" fs="10">from</wd>
			<wd l="2987" t="4968" r="3384" b="5029" fs="10">Blackdown</wd>
			<wd l="3421" t="4967" r="3767" b="5027" fs="10">Tableland</wd>
			<wd l="3804" t="4975" r="3870" b="5026" fs="10">to</wd>
		</ln>
		<ln lx="2330" ly="5059" rx="3870" ry="5136">
			<wd l="2330" t="5061" r="2786" b="5122" fs="10">Mundubbera</wd>
			<wd l="2825" t="5060" r="2950" b="5120" fs="10">and</wd>
			<wd l="2989" t="5059" r="3395" b="5136" fs="10">Biggenden,</wd>
			<wd l="3440" t="5059" r="3564" b="5119" fs="10">and</wd>
			<wd l="3603" t="5067" r="3766" b="5118" fs="10">west</wd>
			<wd l="3804" t="5067" r="3870" b="5117" fs="10">to</wd>
		</ln>
		<ln lx="2334" ly="5150" rx="3873" ry="5214">
			<wd l="2334" t="5153" r="2641" b="5214" fs="10">Salvator</wd>
			<wd l="2682" t="5155" r="2864" b="5213" fs="10">Rosa</wd>
			<wd l="2903" t="5154" r="3053" b="5213" fs="10">N.P.</wd>
			<wd l="3098" t="5151" r="3308" b="5212" fs="10">There</wd>
			<wd l="3353" t="5150" r="3409" b="5211" fs="10">is</wd>
			<wd l="3455" t="5170" r="3581" b="5211" fs="10">one</wd>
			<wd l="3625" t="5150" r="3873" b="5211" fs="10">known</wd>
		</ln>
		<ln lx="2330" ly="5242" rx="3883" ry="5323">
			<wd l="2330" t="5245" r="2686" b="5323" fs="10">population</wd>
			<wd l="2709" t="5244" r="2771" b="5303" fs="10">in</wd>
			<wd l="2790" t="5246" r="2948" b="5304" fs="10">New</wd>
			<wd l="2973" t="5243" r="3163" b="5303" fs="10">South</wd>
			<wd l="3184" t="5243" r="3399" b="5314" fs="10">Wales,</wd>
			<wd l="3423" t="5242" r="3783" b="5302" fs="10">north-west</wd>
			<wd l="3805" t="5242" r="3883" b="5301" fs="10">of</wd>
		</ln>
		<ln lx="2332" ly="5333" rx="3873" ry="5397">
			<wd l="2332" t="5336" r="2606" b="5397" fs="10">Grafton.</wd>
			<wd l="2633" t="5338" r="2683" b="5396" fs="10">It</wd>
			<wd l="2705" t="5335" r="2966" b="5396" fs="10">inhabits</wd>
			<wd l="2991" t="5334" r="3241" b="5395" fs="10">skeletal</wd>
			<wd l="3267" t="5334" r="3414" b="5394" fs="10">soils</wd>
			<wd l="3439" t="5333" r="3689" b="5394" fs="10">derived</wd>
			<wd l="3712" t="5333" r="3873" b="5393" fs="10">from</wd>
		</ln>
		<ln lx="2334" ly="5425" rx="3873" ry="5504">
			<wd l="2334" t="5429" r="2678" b="5499" fs="10">sandstone,</wd>
			<wd l="2708" t="5427" r="2936" b="5504" fs="10">granite</wd>
			<wd l="2965" t="5446" r="3034" b="5486" fs="10">or</wd>
			<wd l="3060" t="5426" r="3475" b="5502" fs="10">occasionally</wd>
			<wd l="3501" t="5425" r="3780" b="5501" fs="10">rhyolite,</wd>
			<wd l="3811" t="5425" r="3873" b="5483" fs="10">in</wd>
		</ln>
		<ln lx="2333" ly="5517" rx="3154" ry="5597">
			<wd l="2333" t="5539" r="2492" b="5597" fs="10">open</wd>
			<wd l="2522" t="5527" r="2780" b="5595" fs="10">eucaypt</wd>
			<wd l="2807" t="5517" r="3154" b="5578" fs="10">woodland.</wd>
		</ln>
	</region>
</ocr-page>
