<?xml version="1.0" encoding="UTF-8"?>
<ocr-page type="coords" ocr-vers="1.0" creation-date="20130321" res="600" height="6300" width="4500">
	<region article-doi="10.2307/41729929" region-id="0">
		<rc l="614" t="733" r="3812" b="804"/>
		<ln lx="619" ly="738" rx="3807" ry="799">
			<wd l="619" t="740" r="709" b="787" fs="10">140</wd>
			<wd l="2840" t="738" r="3216" b="799" fs="10">Austrobaileya</wd>
			<wd l="3235" t="739" r="3357" b="798" fs="10">5(1):</wd>
			<wd l="3386" t="738" r="3609" b="786" fs="10">137-143</wd>
			<wd l="3633" t="738" r="3807" b="798" fs="10">(1997)</wd>
		</ln>
	</region>
	<region article-doi="10.2307/41729929" region-id="1">
		<rc l="622" t="5267" r="3834" b="5487"/>
		<ln lx="627" ly="5272" rx="3613" ry="5334">
			<wd l="627" t="5274" r="732" b="5334" fs="10">Fig.</wd>
			<wd l="753" t="5273" r="799" b="5321" fs="10">2.</wd>
			<wd l="821" t="5273" r="1058" b="5334" fs="10">Close-up</wd>
			<wd l="1079" t="5272" r="1140" b="5321" fs="10">of</wd>
			<wd l="1151" t="5273" r="1384" b="5334" fs="10">holotype</wd>
			<wd l="1404" t="5273" r="1466" b="5321" fs="10">of</wd>
			<wd l="1472" t="5273" r="1775" b="5334" fs="10">Leptochloa</wd>
			<wd l="1792" t="5273" r="2121" b="5321" fs="10">southwoodii</wd>
			<wd l="2135" t="5273" r="2266" b="5334" fs="10">prior</wd>
			<wd l="2282" t="5280" r="2333" b="5321" fs="10">to</wd>
			<wd l="2352" t="5272" r="2575" b="5334" fs="10">pressing</wd>
			<wd l="2594" t="5272" r="2674" b="5333" fs="10">(cf</wd>
			<wd l="2684" t="5273" r="2789" b="5334" fs="10">Fig.</wd>
			<wd l="2814" t="5273" r="2863" b="5333" fs="10">1)</wd>
			<wd l="2885" t="5272" r="3110" b="5334" fs="10">showing</wd>
			<wd l="3128" t="5272" r="3374" b="5321" fs="10">moderate</wd>
			<wd l="3392" t="5279" r="3442" b="5320" fs="10">to</wd>
			<wd l="3464" t="5272" r="3613" b="5320" fs="10">dense</wd>
		</ln>
		<ln lx="628" ly="5347" rx="3829" ry="5409">
			<wd l="628" t="5347" r="859" b="5408" fs="10">covering</wd>
			<wd l="879" t="5347" r="941" b="5395" fs="10">of</wd>
			<wd l="951" t="5347" r="1340" b="5395" fs="10">tubercle-based</wd>
			<wd l="1361" t="5347" r="1612" b="5409" fs="10">divergent</wd>
			<wd l="1630" t="5347" r="1789" b="5408" fs="10">pilose</wd>
			<wd l="1808" t="5347" r="1936" b="5395" fs="10">hairs</wd>
			<wd l="1958" t="5362" r="2022" b="5395" fs="10">on</wd>
			<wd l="2041" t="5347" r="2121" b="5395" fs="10">the</wd>
			<wd l="2143" t="5347" r="2248" b="5395" fs="10">leaf</wd>
			<wd l="2262" t="5347" r="2470" b="5405" fs="10">sheaths,</wd>
			<wd l="2491" t="5347" r="2653" b="5395" fs="10">which</wd>
			<wd l="2674" t="5347" r="2990" b="5408" fs="10">consistently</wd>
			<wd l="3012" t="5347" r="3273" b="5408" fs="10">diagnoses</wd>
			<wd l="3292" t="5347" r="3373" b="5395" fs="10">the</wd>
			<wd l="3395" t="5347" r="3583" b="5408" fs="10">species</wd>
			<wd l="3605" t="5347" r="3730" b="5395" fs="10">from</wd>
			<wd l="3749" t="5347" r="3829" b="5395" fs="10">the</wd>
		</ln>
		<ln lx="629" ly="5421" rx="2004" ry="5482">
			<wd l="629" t="5421" r="776" b="5482" fs="10">likely</wd>
			<wd l="799" t="5421" r="937" b="5469" fs="10">sister</wd>
			<wd l="959" t="5421" r="1163" b="5482" fs="10">species,</wd>
			<wd l="1183" t="5421" r="1485" b="5482" fs="10">Leptochloa</wd>
			<wd l="1506" t="5421" r="1712" b="5482" fs="10">ligulata</wd>
			<wd l="1732" t="5421" r="2004" b="5469" fs="10">Lazarides.</wd>
		</ln>
	</region>
</ocr-page>
