<?xml version="1.0" encoding="UTF-8"?>
<ocr-page type="coords" ocr-vers="1.0" creation-date="20130321" res="600" height="6300" width="4500">
	<region article-doi="10.2307/41729925" region-id="0">
		<rc l="631" t="732" r="3830" b="805"/>
		<ln lx="636" ly="737" rx="3825" ry="800">
			<wd l="636" t="740" r="653" b="788" fs="10">1</wd>
			<wd l="670" t="740" r="726" b="789" fs="10">10</wd>
			<wd l="2856" t="737" r="3232" b="800" fs="10">Austrobaileya</wd>
			<wd l="3252" t="737" r="3374" b="799" fs="10">5(1):</wd>
			<wd l="3403" t="738" r="3555" b="785" fs="10">107-1</wd>
			<wd l="3572" t="738" r="3589" b="785" fs="10">1</wd>
			<wd l="3606" t="738" r="3623" b="786" fs="10">1</wd>
			<wd l="3650" t="737" r="3825" b="798" fs="10">(1997)</wd>
		</ln>
	</region>
	<region article-doi="10.2307/41729925" region-id="1">
		<rc l="618" t="851" r="2178" b="2025"/>
		<ln lx="629" ly="856" rx="2170" ry="918">
			<wd l="629" t="860" r="725" b="918" fs="10">Mt</wd>
			<wd l="780" t="857" r="1079" b="918" fs="10">Coulston</wd>
			<wd l="1107" t="857" r="1170" b="917" fs="10">in</wd>
			<wd l="1197" t="857" r="1296" b="918" fs="10">the</wd>
			<wd l="1325" t="857" r="1501" b="917" fs="10">north</wd>
			<wd l="1529" t="865" r="1591" b="917" fs="10">to</wd>
			<wd l="1620" t="857" r="1853" b="917" fs="10">Acacia</wd>
			<wd l="1881" t="856" r="2079" b="917" fs="10">Creek</wd>
			<wd l="2108" t="856" r="2170" b="916" fs="10">in</wd>
		</ln>
		<ln lx="628" ly="949" rx="2168" ry="1028">
			<wd l="628" t="949" r="728" b="1011" fs="10">the</wd>
			<wd l="752" t="949" r="929" b="1010" fs="10">south</wd>
			<wd l="950" t="950" r="1126" b="1028" fs="10">(Map</wd>
			<wd l="1157" t="950" r="1233" b="1026" fs="10">1).</wd>
			<wd l="1276" t="949" r="1629" b="1027" fs="10">According</wd>
			<wd l="1648" t="957" r="1711" b="1010" fs="10">to</wd>
			<wd l="1733" t="949" r="1927" b="1027" fs="10">Floyd</wd>
			<wd l="1949" t="949" r="2168" b="1026" fs="10">(1989)</wd>
		</ln>
		<ln lx="628" ly="1042" rx="2171" ry="1120">
			<wd l="628" t="1042" r="749" b="1103" fs="10">this</wd>
			<wd l="787" t="1042" r="1028" b="1120" fs="10">species</wd>
			<wd l="1065" t="1062" r="1283" b="1103" fs="10">occurs</wd>
			<wd l="1321" t="1042" r="1483" b="1103" fs="10">from</wd>
			<wd l="1517" t="1042" r="1619" b="1103" fs="10">the</wd>
			<wd l="1655" t="1042" r="1946" b="1119" fs="10">Macleay</wd>
			<wd l="1982" t="1042" r="2171" b="1102" fs="10">River</wd>
		</ln>
		<ln lx="628" ly="1133" rx="2171" ry="1195">
			<wd l="628" t="1134" r="805" b="1194" fs="10">north</wd>
			<wd l="829" t="1142" r="892" b="1195" fs="10">to</wd>
			<wd l="918" t="1134" r="1150" b="1195" fs="10">Acacia</wd>
			<wd l="1175" t="1134" r="1373" b="1195" fs="10">Creek</wd>
			<wd l="1398" t="1134" r="1461" b="1193" fs="10">in</wd>
			<wd l="1485" t="1136" r="1645" b="1194" fs="10">New</wd>
			<wd l="1674" t="1133" r="1865" b="1194" fs="10">South</wd>
			<wd l="1892" t="1133" r="2116" b="1194" fs="10">Wales.</wd>
			<wd l="2147" t="1136" r="2171" b="1193" fs="10">I</wd>
		</ln>
		<ln lx="628" ly="1225" rx="2171" ry="1303">
			<wd l="628" t="1226" r="784" b="1286" fs="10">have</wd>
			<wd l="818" t="1234" r="925" b="1286" fs="10">not</wd>
			<wd l="960" t="1245" r="1105" b="1286" fs="10">seen</wd>
			<wd l="1139" t="1245" r="1256" b="1303" fs="10">any</wd>
			<wd l="1292" t="1226" r="1636" b="1303" fs="10">specimens</wd>
			<wd l="1670" t="1234" r="1733" b="1286" fs="10">to</wd>
			<wd l="1770" t="1234" r="2020" b="1303" fs="10">support</wd>
			<wd l="2052" t="1225" r="2171" b="1286" fs="10">this</wd>
		</ln>
		<ln lx="631" ly="1326" rx="963" ry="1378">
			<wd l="631" t="1326" r="963" b="1378" fs="10">statement.</wd>
		</ln>
		<ln lx="868" ly="1481" rx="2168" ry="1559">
			<wd l="868" t="1482" r="1178" b="1559" fs="10">Capparis</wd>
			<wd l="1216" t="1481" r="1488" b="1542" fs="10">velutina</wd>
			<wd l="1522" t="1501" r="1741" b="1542" fs="10">occurs</wd>
			<wd l="1779" t="1481" r="1842" b="1541" fs="10">in</wd>
			<wd l="1878" t="1481" r="2168" b="1559" fs="10">complex</wd>
		</ln>
		<ln lx="628" ly="1573" rx="2171" ry="1651">
			<wd l="628" t="1573" r="944" b="1651" fs="10">notophyll</wd>
			<wd l="961" t="1573" r="1294" b="1634" fs="10">vineforest</wd>
			<wd l="1327" t="1573" r="1592" b="1651" fs="10">(usually</wd>
			<wd l="1611" t="1573" r="1982" b="1650" fs="10">araucarian)</wd>
			<wd l="2002" t="1573" r="2171" b="1634" fs="10">often</wd>
		</ln>
		<ln lx="630" ly="1665" rx="2173" ry="1743">
			<wd l="630" t="1684" r="710" b="1725" fs="10">on</wd>
			<wd l="725" t="1665" r="829" b="1725" fs="10">red</wd>
			<wd l="847" t="1665" r="990" b="1725" fs="10">soils</wd>
			<wd l="1008" t="1665" r="1251" b="1725" fs="10">derived</wd>
			<wd l="1268" t="1665" r="1424" b="1725" fs="10">from</wd>
			<wd l="1439" t="1665" r="1690" b="1743" fs="10">rhyolite</wd>
			<wd l="1708" t="1685" r="1776" b="1725" fs="10">or</wd>
			<wd l="1790" t="1665" r="2011" b="1726" fs="10">related</wd>
			<wd l="2026" t="1665" r="2173" b="1726" fs="10">rock</wd>
		</ln>
		<ln lx="631" ly="1757" rx="2172" ry="1818">
			<wd l="631" t="1757" r="1024" b="1818" fs="10">substrates.</wd>
			<wd l="1080" t="1757" r="1296" b="1818" fs="10">These</wd>
			<wd l="1347" t="1757" r="1765" b="1818" fs="10">vineforests</wd>
			<wd l="1819" t="1777" r="1928" b="1818" fs="10">are</wd>
			<wd l="1981" t="1757" r="2172" b="1818" fs="10">often</wd>
		</ln>
		<ln lx="630" ly="1849" rx="2167" ry="1928">
			<wd l="630" t="1849" r="976" b="1911" fs="10">dominated</wd>
			<wd l="1029" t="1849" r="1111" b="1928" fs="10">by</wd>
			<wd l="1142" t="1850" r="1376" b="1928" fs="10">species</wd>
			<wd l="1407" t="1849" r="1483" b="1911" fs="10">of</wd>
			<wd l="1500" t="1850" r="2020" b="1928" fs="10">Argyrodendron</wd>
			<wd l="2049" t="1850" r="2167" b="1911" fs="10">and</wd>
		</ln>
		<ln lx="623" ly="1942" rx="1466" ry="2020">
			<wd l="623" t="1943" r="969" b="2002" fs="10">Araucaria</wd>
			<wd l="994" t="1942" r="1466" b="2020" fs="10">cunninghamii.</wd>
		</ln>
	</region>
	<region article-doi="10.2307/41729925" region-id="2">
		<rc l="2300" t="867" r="3859" b="2525"/>
		<ln lx="2305" ly="872" rx="3850" ry="951">
			<wd l="2305" t="875" r="2505" b="934" fs="10">Notes</wd>
			<wd l="2513" t="892" r="2527" b="934" fs="10">:</wd>
			<wd l="2561" t="874" r="2870" b="951" fs="10">Capparis</wd>
			<wd l="2897" t="873" r="3167" b="934" fs="10">velutina</wd>
			<wd l="3192" t="892" r="3447" b="951" fs="10">appears</wd>
			<wd l="3473" t="881" r="3535" b="933" fs="10">to</wd>
			<wd l="3561" t="873" r="3639" b="933" fs="10">be</wd>
			<wd l="3666" t="872" r="3850" b="933" fs="10">allied</wd>
		</ln>
		<ln lx="2308" ly="964" rx="3851" ry="1043">
			<wd l="2308" t="973" r="2373" b="1026" fs="10">to</wd>
			<wd l="2397" t="966" r="2460" b="1026" fs="10">C.</wd>
			<wd l="2490" t="965" r="2761" b="1026" fs="10">arborea</wd>
			<wd l="2783" t="965" r="2902" b="1026" fs="10">and</wd>
			<wd l="2940" t="965" r="3085" b="1043" fs="10">they</wd>
			<wd l="3107" t="984" r="3294" b="1026" fs="10">occur</wd>
			<wd l="3316" t="964" r="3771" b="1043" fs="10">sympatrically</wd>
			<wd l="3793" t="973" r="3851" b="1026" fs="10">at</wd>
		</ln>
		<ln lx="2309" ly="1058" rx="3846" ry="1136">
			<wd l="2309" t="1078" r="2499" b="1136" fs="10">many</wd>
			<wd l="2538" t="1058" r="2874" b="1119" fs="10">localities.</wd>
			<wd l="2915" t="1058" r="3180" b="1119" fs="10">Maiden</wd>
			<wd l="3217" t="1060" r="3277" b="1119" fs="10"><![CDATA[&]]></wd>
			<wd l="3317" t="1058" r="3556" b="1119" fs="10">Betche</wd>
			<wd l="3596" t="1059" r="3846" b="1135" fs="10">(1905),</wd>
		</ln>
		<ln lx="2309" ly="1150" rx="3843" ry="1228">
			<wd l="2309" t="1150" r="2493" b="1211" fs="10">when</wd>
			<wd l="2528" t="1150" r="2881" b="1228" fs="10">discussing</wd>
			<wd l="2927" t="1152" r="2991" b="1211" fs="10">C.</wd>
			<wd l="3037" t="1150" r="3269" b="1211" fs="10">nobilis</wd>
			<wd l="3303" t="1170" r="3425" b="1211" fs="10">var.</wd>
			<wd l="3462" t="1150" r="3824" b="1228" fs="10">pubescens</wd>
			<wd l="3830" t="1200" r="3843" b="1223" fs="10">,</wd>
		</ln>
		<ln lx="2309" ly="1242" rx="3845" ry="1319">
			<wd l="2309" t="1242" r="2502" b="1303" fs="10">noted</wd>
			<wd l="2538" t="1242" r="2669" b="1303" fs="10">that</wd>
			<wd l="2706" t="1242" r="2752" b="1303" fs="10">it</wd>
			<wd l="2790" t="1242" r="3066" b="1303" fs="10">differed</wd>
			<wd l="3104" t="1242" r="3268" b="1303" fs="10">from</wd>
			<wd l="3317" t="1244" r="3382" b="1303" fs="10">C.</wd>
			<wd l="3428" t="1242" r="3709" b="1303" fs="10">arborea</wd>
			<wd l="3747" t="1243" r="3845" b="1319" fs="10">(as</wd>
		</ln>
		<ln lx="2313" ly="1335" rx="3847" ry="1413">
			<wd l="2313" t="1336" r="2378" b="1395" fs="10">C.</wd>
			<wd l="2427" t="1335" r="2700" b="1411" fs="10">nobilis)</wd>
			<wd l="2742" t="1335" r="2808" b="1394" fs="10">in</wd>
			<wd l="2845" t="1335" r="2951" b="1395" fs="10">the</wd>
			<wd l="2993" t="1335" r="3307" b="1413" fs="10">climbing</wd>
			<wd l="3345" t="1335" r="3544" b="1408" fs="10">habit,</wd>
			<wd l="3589" t="1335" r="3847" b="1395" fs="10">smaller</wd>
		</ln>
		<ln lx="2311" ly="1426" rx="3848" ry="1505">
			<wd l="2311" t="1426" r="2583" b="1487" fs="10">flowers</wd>
			<wd l="2625" t="1426" r="2786" b="1487" fs="10">with</wd>
			<wd l="2826" t="1426" r="2976" b="1505" fs="10">pale</wd>
			<wd l="3018" t="1427" r="3172" b="1488" fs="10">blue</wd>
			<wd l="3217" t="1435" r="3528" b="1500" fs="10">stamens,</wd>
			<wd l="3574" t="1426" r="3700" b="1488" fs="10">and</wd>
			<wd l="3740" t="1426" r="3848" b="1487" fs="10">the</wd>
		</ln>
		<ln lx="2309" ly="1519" rx="3851" ry="1597">
			<wd l="2309" t="1519" r="2608" b="1580" fs="10">branches</wd>
			<wd l="2634" t="1519" r="2753" b="1580" fs="10">and</wd>
			<wd l="2796" t="1519" r="3124" b="1580" fs="10">underside</wd>
			<wd l="3149" t="1519" r="3227" b="1579" fs="10">of</wd>
			<wd l="3238" t="1519" r="3339" b="1580" fs="10">the</wd>
			<wd l="3365" t="1519" r="3571" b="1580" fs="10">leaves</wd>
			<wd l="3597" t="1519" r="3851" b="1597" fs="10">densely</wd>
		</ln>
		<ln lx="2311" ly="1611" rx="3852" ry="1689">
			<wd l="2311" t="1611" r="2577" b="1672" fs="10">covered</wd>
			<wd l="2597" t="1611" r="2747" b="1672" fs="10">with</wd>
			<wd l="2770" t="1611" r="2936" b="1672" fs="10">short</wd>
			<wd l="2959" t="1612" r="3083" b="1673" fs="10">soft</wd>
			<wd l="3102" t="1612" r="3283" b="1672" fs="10">hairs.</wd>
			<wd l="3309" t="1611" r="3476" b="1672" fs="10">With</wd>
			<wd l="3496" t="1612" r="3596" b="1672" fs="10">the</wd>
			<wd l="3619" t="1620" r="3852" b="1689" fs="10">greater</wd>
		</ln>
		<ln lx="2309" ly="1703" rx="3851" ry="1781">
			<wd l="2309" t="1703" r="2567" b="1764" fs="10">number</wd>
			<wd l="2589" t="1703" r="2668" b="1764" fs="10">of</wd>
			<wd l="2681" t="1703" r="3027" b="1781" fs="10">specimens</wd>
			<wd l="3051" t="1723" r="3196" b="1764" fs="10">now</wd>
			<wd l="3219" t="1703" r="3539" b="1776" fs="10">available,</wd>
			<wd l="3565" t="1703" r="3610" b="1764" fs="10">it</wd>
			<wd l="3632" t="1703" r="3684" b="1764" fs="10">is</wd>
			<wd l="3706" t="1722" r="3851" b="1764" fs="10">now</wd>
		</ln>
		<ln lx="2308" ly="1795" rx="3852" ry="1874">
			<wd l="2308" t="1795" r="2579" b="1874" fs="10">possible</wd>
			<wd l="2595" t="1804" r="2658" b="1857" fs="10">to</wd>
			<wd l="2679" t="1803" r="2825" b="1857" fs="10">state</wd>
			<wd l="2842" t="1795" r="2966" b="1857" fs="10">that</wd>
			<wd l="2981" t="1795" r="3081" b="1857" fs="10">the</wd>
			<wd l="3098" t="1804" r="3220" b="1857" fs="10">two</wd>
			<wd l="3237" t="1804" r="3377" b="1857" fs="10">taxa</wd>
			<wd l="3393" t="1795" r="3576" b="1857" fs="10">differ</wd>
			<wd l="3592" t="1796" r="3654" b="1856" fs="10">in</wd>
			<wd l="3670" t="1815" r="3852" b="1874" fs="10">many</wd>
		</ln>
		<ln lx="2311" ly="1888" rx="3849" ry="1967">
			<wd l="2311" t="1888" r="2662" b="1949" fs="10">character</wd>
			<wd l="2709" t="1897" r="2942" b="1950" fs="10">states.</wd>
			<wd l="2992" t="1889" r="3219" b="1967" fs="10">Major</wd>
			<wd l="3266" t="1889" r="3690" b="1950" fs="10">differences</wd>
			<wd l="3739" t="1908" r="3849" b="1949" fs="10">are</wd>
		</ln>
		<ln lx="2312" ly="1980" rx="3848" ry="2042">
			<wd l="2312" t="1980" r="2740" b="2041" fs="10">summarised</wd>
			<wd l="2780" t="1980" r="2847" b="2040" fs="10">in</wd>
			<wd l="2887" t="1980" r="3086" b="2042" fs="10">Table</wd>
			<wd l="3136" t="1982" r="3187" b="2041" fs="10">1.</wd>
			<wd l="3230" t="1982" r="3324" b="2041" fs="10">As</wd>
			<wd l="3365" t="1980" r="3516" b="2041" fs="10">well</wd>
			<wd l="3558" t="2000" r="3626" b="2042" fs="10">as</wd>
			<wd l="3666" t="1980" r="3848" b="2041" fs="10">these</wd>
		</ln>
		<ln lx="2311" ly="2073" rx="3847" ry="2151">
			<wd l="2311" t="2073" r="2696" b="2145" fs="10">differences,</wd>
			<wd l="2739" t="2074" r="2802" b="2134" fs="10">C.</wd>
			<wd l="2843" t="2073" r="3113" b="2134" fs="10">velutina</wd>
			<wd l="3144" t="2073" r="3276" b="2134" fs="10">also</wd>
			<wd l="3310" t="2093" r="3563" b="2151" fs="10">appears</wd>
			<wd l="3595" t="2082" r="3658" b="2134" fs="10">to</wd>
			<wd l="3690" t="2073" r="3847" b="2134" fs="10">have</wd>
		</ln>
		<ln lx="2312" ly="2165" rx="3849" ry="2243">
			<wd l="2312" t="2165" r="2588" b="2225" fs="10">smaller</wd>
			<wd l="2636" t="2165" r="2918" b="2226" fs="10">flowers</wd>
			<wd l="2968" t="2165" r="3410" b="2243" fs="10">(supporting</wd>
			<wd l="3457" t="2165" r="3740" b="2226" fs="10">Maiden</wd>
			<wd l="3789" t="2167" r="3849" b="2226" fs="10"><![CDATA[&]]></wd>
		</ln>
		<ln lx="2309" ly="2257" rx="3854" ry="2335">
			<wd l="2309" t="2257" r="2567" b="2318" fs="10">Betche'</wd>
			<wd l="2579" t="2276" r="2606" b="2318" fs="10">s</wd>
			<wd l="2644" t="2257" r="3104" b="2335" fs="10">observations)</wd>
			<wd l="3143" t="2257" r="3263" b="2318" fs="10">and</wd>
			<wd l="3297" t="2257" r="3578" b="2330" fs="10">broader,</wd>
			<wd l="3615" t="2257" r="3854" b="2318" fs="10">thicker</wd>
		</ln>
		<ln lx="2311" ly="2349" rx="3850" ry="2423">
			<wd l="2311" t="2349" r="2516" b="2410" fs="10">leaves</wd>
			<wd l="2536" t="2349" r="2681" b="2410" fs="10">than</wd>
			<wd l="2696" t="2351" r="2758" b="2410" fs="10">C.</wd>
			<wd l="2784" t="2350" r="3052" b="2410" fs="10">arborea</wd>
			<wd l="3055" t="2400" r="3070" b="2423" fs="10">,</wd>
			<wd l="3088" t="2350" r="3195" b="2411" fs="10">but</wd>
			<wd l="3212" t="2352" r="3236" b="2410" fs="10">I</wd>
			<wd l="3254" t="2350" r="3409" b="2410" fs="10">have</wd>
			<wd l="3427" t="2359" r="3533" b="2411" fs="10">not</wd>
			<wd l="3551" t="2350" r="3850" b="2411" fs="10">observed</wd>
		</ln>
		<ln lx="2308" ly="2441" rx="2950" ry="2520">
			<wd l="2308" t="2441" r="2447" b="2520" fs="10">pale</wd>
			<wd l="2471" t="2441" r="2615" b="2503" fs="10">blue</wd>
			<wd l="2664" t="2450" r="2950" b="2503" fs="10">stamens.</wd>
		</ln>
	</region>
	<region article-doi="10.2307/41729925" region-id="3">
		<rc l="623" t="5085" r="2244" b="5159"/>
		<ln lx="628" ly="5090" rx="2239" ry="5154">
			<wd l="628" t="5093" r="760" b="5154" fs="10">Map</wd>
			<wd l="782" t="5092" r="825" b="5140" fs="10">1.</wd>
			<wd l="844" t="5091" r="1164" b="5140" fs="10">Distribution</wd>
			<wd l="1184" t="5090" r="1245" b="5139" fs="10">of</wd>
			<wd l="1258" t="5091" r="1502" b="5153" fs="10">Capparis</wd>
			<wd l="1522" t="5090" r="1734" b="5139" fs="10">velutina</wd>
			<wd l="1754" t="5090" r="1803" b="5138" fs="10">in</wd>
			<wd l="1829" t="5091" r="1879" b="5137" fs="10">Io</wd>
			<wd l="1900" t="5090" r="2007" b="5152" fs="10">grid</wd>
			<wd l="2028" t="5105" r="2239" b="5152" fs="10">squares.</wd>
		</ln>
	</region>
</ocr-page>
