<?xml version="1.0" encoding="UTF-8"?>
<ocr-page type="coords" ocr-vers="1.0" creation-date="20130321" res="600" height="6300" width="4500">
	<region article-doi="10.2307/41729914" region-id="0">
		<rc l="626" t="728" r="3844" b="798"/>
		<ln lx="631" ly="733" rx="3839" ry="793">
			<wd l="631" t="736" r="829" b="793" fs="10">Forster,</wd>
			<wd l="854" t="735" r="1141" b="783" fs="10">Dissiliaria</wd>
			<wd l="3784" t="733" r="3839" b="779" fs="10">13</wd>
		</ln>
	</region>
	<region article-doi="10.2307/41729914" region-id="1">
		<rc l="646" t="5185" r="3889" b="5559"/>
		<ln lx="652" ly="5190" rx="3878" ry="5254">
			<wd l="652" t="5193" r="756" b="5254" fs="10">Fig.</wd>
			<wd l="788" t="5193" r="830" b="5241" fs="10">1.</wd>
			<wd l="854" t="5192" r="1140" b="5240" fs="10">Dissiliaria</wd>
			<wd l="1166" t="5192" r="1521" b="5254" fs="10">baloghioides.</wd>
			<wd l="1548" t="5193" r="1609" b="5241" fs="10">A.</wd>
			<wd l="1640" t="5192" r="1898" b="5254" fs="10">flowering</wd>
			<wd l="1922" t="5191" r="2041" b="5254" fs="10">twig</wd>
			<wd l="2071" t="5203" r="2098" b="5230" fs="10">x</wd>
			<wd l="2135" t="5193" r="2173" b="5241" fs="10">1.</wd>
			<wd l="2201" t="5193" r="2258" b="5241" fs="10">B.</wd>
			<wd l="2288" t="5191" r="2433" b="5241" fs="10">detail</wd>
			<wd l="2460" t="5191" r="2522" b="5241" fs="10">of</wd>
			<wd l="2540" t="5191" r="2730" b="5241" fs="10">adaxial</wd>
			<wd l="2758" t="5191" r="2863" b="5241" fs="10">leaf</wd>
			<wd l="2882" t="5191" r="3072" b="5240" fs="10">surface</wd>
			<wd l="3102" t="5202" r="3128" b="5229" fs="10">x</wd>
			<wd l="3166" t="5191" r="3204" b="5240" fs="10">1.</wd>
			<wd l="3234" t="5191" r="3289" b="5240" fs="10">C.</wd>
			<wd l="3319" t="5190" r="3497" b="5240" fs="10">female</wd>
			<wd l="3525" t="5190" r="3878" b="5239" fs="10">inflorescence</wd>
		</ln>
		<ln lx="656" ly="5265" rx="3884" ry="5328">
			<wd l="656" t="5279" r="682" b="5305" fs="10">X</wd>
			<wd l="705" t="5268" r="749" b="5316" fs="10">2.</wd>
			<wd l="769" t="5269" r="829" b="5316" fs="10">D.</wd>
			<wd l="851" t="5267" r="1028" b="5317" fs="10">female</wd>
			<wd l="1047" t="5268" r="1221" b="5317" fs="10">flower</wd>
			<wd l="1241" t="5279" r="1268" b="5306" fs="10">x</wd>
			<wd l="1291" t="5268" r="1335" b="5316" fs="10">6.</wd>
			<wd l="1356" t="5269" r="1408" b="5316" fs="10">E.</wd>
			<wd l="1429" t="5268" r="1556" b="5317" fs="10">male</wd>
			<wd l="1575" t="5267" r="1749" b="5317" fs="10">flower</wd>
			<wd l="1769" t="5279" r="1796" b="5306" fs="10">x</wd>
			<wd l="1819" t="5268" r="1863" b="5316" fs="10">6.</wd>
			<wd l="1883" t="5269" r="1933" b="5316" fs="10">F.</wd>
			<wd l="1956" t="5274" r="2141" b="5316" fs="10">stamen</wd>
			<wd l="2163" t="5279" r="2189" b="5305" fs="10">x</wd>
			<wd l="2214" t="5268" r="2257" b="5316" fs="10">8.</wd>
			<wd l="2278" t="5267" r="2337" b="5316" fs="10">G.</wd>
			<wd l="2360" t="5266" r="2522" b="5316" fs="10">lateral</wd>
			<wd l="2540" t="5266" r="2670" b="5316" fs="10">view</wd>
			<wd l="2688" t="5266" r="2749" b="5316" fs="10">of</wd>
			<wd l="2760" t="5266" r="2873" b="5315" fs="10">finit</wd>
			<wd l="2894" t="5278" r="2921" b="5305" fs="10">x</wd>
			<wd l="2950" t="5267" r="2967" b="5314" fs="10">1</wd>
			<wd l="2981" t="5306" r="2989" b="5315" fs="10">.</wd>
			<wd l="3009" t="5268" r="3069" b="5315" fs="10">H.</wd>
			<wd l="3091" t="5266" r="3248" b="5328" fs="10">apical</wd>
			<wd l="3265" t="5266" r="3395" b="5315" fs="10">view</wd>
			<wd l="3413" t="5265" r="3475" b="5315" fs="10">of</wd>
			<wd l="3486" t="5265" r="3599" b="5314" fs="10">finit</wd>
			<wd l="3620" t="5277" r="3645" b="5304" fs="10">x</wd>
			<wd l="3674" t="5267" r="3768" b="5314" fs="10">l.l.</wd>
			<wd l="3790" t="5281" r="3884" b="5314" fs="10">one</wd>
		</ln>
		<ln lx="651" ly="5340" rx="3872" ry="5405">
			<wd l="651" t="5343" r="880" b="5392" fs="10">bivalved</wd>
			<wd l="897" t="5358" r="1076" b="5392" fs="10">coccus</wd>
			<wd l="1092" t="5342" r="1154" b="5392" fs="10">of</wd>
			<wd l="1163" t="5342" r="1276" b="5392" fs="10">fruit</wd>
			<wd l="1296" t="5354" r="1322" b="5381" fs="10">x</wd>
			<wd l="1343" t="5343" r="1388" b="5391" fs="10">2.</wd>
			<wd l="1407" t="5344" r="1445" b="5391" fs="10">J.</wd>
			<wd l="1463" t="5342" r="1702" b="5405" fs="10">persisent</wd>
			<wd l="1717" t="5342" r="1979" b="5391" fs="10">columella</wd>
			<wd l="1995" t="5342" r="2056" b="5391" fs="10">of</wd>
			<wd l="2065" t="5342" r="2297" b="5391" fs="10">dehisced</wd>
			<wd l="2314" t="5342" r="2428" b="5391" fs="10">fruit</wd>
			<wd l="2447" t="5354" r="2473" b="5380" fs="10">x</wd>
			<wd l="2494" t="5343" r="2539" b="5391" fs="10">2.</wd>
			<wd l="2557" t="5343" r="2618" b="5390" fs="10">K.</wd>
			<wd l="2638" t="5341" r="2801" b="5391" fs="10">lateral</wd>
			<wd l="2817" t="5341" r="2946" b="5390" fs="10">view</wd>
			<wd l="2963" t="5341" r="3025" b="5390" fs="10">of</wd>
			<wd l="3034" t="5341" r="3150" b="5390" fs="10">seed</wd>
			<wd l="3170" t="5353" r="3196" b="5379" fs="10">x</wd>
			<wd l="3217" t="5342" r="3262" b="5390" fs="10">2.</wd>
			<wd l="3280" t="5343" r="3333" b="5390" fs="10">L.</wd>
			<wd l="3352" t="5340" r="3536" b="5390" fs="10">ventral</wd>
			<wd l="3552" t="5341" r="3681" b="5390" fs="10">view</wd>
			<wd l="3698" t="5340" r="3759" b="5389" fs="10">of</wd>
			<wd l="3768" t="5340" r="3872" b="5389" fs="10">seed</wd>
		</ln>
		<ln lx="657" ly="5415" rx="3872" ry="5478">
			<wd l="657" t="5430" r="683" b="5455" fs="10">x</wd>
			<wd l="714" t="5419" r="758" b="5466" fs="10">2.</wd>
			<wd l="787" t="5419" r="1003" b="5476" fs="10">A,B,E,F</wd>
			<wd l="1032" t="5418" r="1158" b="5466" fs="10">from</wd>
			<wd l="1188" t="5419" r="1384" b="5466" fs="10">Forster</wd>
			<wd l="1423" t="5418" r="1621" b="5466" fs="10">13126B</wd>
			<wd l="1649" t="5418" r="1697" b="5466" fs="10"><![CDATA[&]]></wd>
			<wd l="1730" t="5417" r="1928" b="5465" fs="10">Machin</wd>
			<wd l="1963" t="5418" r="2131" b="5478" fs="10">(BRI);</wd>
			<wd l="2160" t="5418" r="2266" b="5475" fs="10">C,D</wd>
			<wd l="2294" t="5417" r="2419" b="5465" fs="10">from</wd>
			<wd l="2450" t="5418" r="2647" b="5465" fs="10">Forster</wd>
			<wd l="2685" t="5417" r="2888" b="5465" fs="10">13126A</wd>
			<wd l="2914" t="5417" r="2962" b="5465" fs="10"><![CDATA[&]]></wd>
			<wd l="2996" t="5416" r="3193" b="5464" fs="10">Machin</wd>
			<wd l="3228" t="5416" r="3396" b="5477" fs="10">(BRI);</wd>
			<wd l="3426" t="5416" r="3486" b="5474" fs="10">G,</wd>
			<wd l="3489" t="5417" r="3536" b="5464" fs="10">H</wd>
			<wd l="3563" t="5415" r="3689" b="5465" fs="10">from</wd>
			<wd l="3720" t="5415" r="3872" b="5464" fs="10">Smith</wd>
		</ln>
		<ln lx="656" ly="5492" rx="2508" ry="5554">
			<wd l="656" t="5493" r="798" b="5553" fs="10">[AQ3</wd>
			<wd l="811" t="5493" r="989" b="5553" fs="10">16164]</wd>
			<wd l="1012" t="5493" r="1181" b="5554" fs="10">(BRI);</wd>
			<wd l="1203" t="5494" r="1296" b="5540" fs="10">I-L</wd>
			<wd l="1318" t="5492" r="1444" b="5541" fs="10">from</wd>
			<wd l="1468" t="5493" r="1698" b="5541" fs="10">Williams</wd>
			<wd l="1736" t="5493" r="1892" b="5541" fs="10">83091</wd>
			<wd l="1920" t="5493" r="2087" b="5553" fs="10">(BRI).</wd>
			<wd l="2109" t="5492" r="2218" b="5541" fs="10">Del.</wd>
			<wd l="2242" t="5494" r="2315" b="5541" fs="10">W.</wd>
			<wd l="2340" t="5492" r="2508" b="5541" fs="10">Smith.</wd>
		</ln>
	</region>
</ocr-page>
