<?xml version="1.0" encoding="UTF-8"?>
<ocr-page type="coords" ocr-vers="1.0" creation-date="20130321" res="600" height="6300" width="4500">
	<region article-doi="10.2307/41729915" region-id="0">
		<rc l="620" t="734" r="3848" b="3423"/>
		<ln lx="626" ly="739" rx="3843" ry="802">
			<wd l="626" t="741" r="826" b="798" fs="10">Forster,</wd>
			<wd l="849" t="739" r="1000" b="789" fs="10">Three</wd>
			<wd l="1021" t="755" r="1130" b="789" fs="10">new</wd>
			<wd l="1152" t="739" r="1340" b="802" fs="10">species</wd>
			<wd l="1362" t="739" r="1424" b="789" fs="10">of</wd>
			<wd l="1430" t="741" r="1706" b="789" fs="10">Fontainea</wd>
			<wd l="1726" t="740" r="1913" b="790" fs="10">Heckel</wd>
			<wd l="3782" t="744" r="3843" b="791" fs="10">37</wd>
		</ln>
		<ln lx="1547" ly="876" rx="2957" ry="950">
			<wd l="1547" t="876" r="1689" b="950" fs="10">Key</wd>
			<wd l="1713" t="880" r="1779" b="933" fs="10">to</wd>
			<wd l="1804" t="876" r="1912" b="934" fs="10">the</wd>
			<wd l="1936" t="876" r="2315" b="934" fs="10">Australian</wd>
			<wd l="2341" t="881" r="2491" b="935" fs="10">taxa</wd>
			<wd l="2517" t="876" r="2591" b="935" fs="10">of</wd>
			<wd l="2601" t="877" r="2957" b="935" fs="10">Fontainea</wd>
		</ln>
		<ln lx="636" ly="1035" rx="3212" ry="1114">
			<wd l="636" t="1037" r="656" b="1094" fs="10">1</wd>
			<wd l="671" t="1085" r="682" b="1095" fs="10">.</wd>
			<wd l="743" t="1035" r="903" b="1095" fs="10">Leaf</wd>
			<wd l="909" t="1036" r="1164" b="1113" fs="10">petioles</wd>
			<wd l="1185" t="1036" r="1430" b="1113" fs="10">slightly</wd>
			<wd l="1450" t="1036" r="1706" b="1097" fs="10">swollen</wd>
			<wd l="1724" t="1045" r="1782" b="1097" fs="10">at</wd>
			<wd l="1797" t="1037" r="1944" b="1097" fs="10">base</wd>
			<wd l="1964" t="1037" r="2082" b="1097" fs="10">and</wd>
			<wd l="2101" t="1057" r="2275" b="1114" fs="10">apex;</wd>
			<wd l="2295" t="1038" r="2454" b="1098" fs="10">male</wd>
			<wd l="2474" t="1038" r="2690" b="1098" fs="10">flower</wd>
			<wd l="2708" t="1038" r="2845" b="1099" fs="10">disk</wd>
			<wd l="2860" t="1039" r="3008" b="1099" fs="10">with</wd>
			<wd l="3026" t="1039" r="3212" b="1099" fs="10">dense</wd>
		</ln>
		<ln lx="834" ly="1127" rx="3818" ry="1192">
			<wd l="834" t="1127" r="1159" b="1187" fs="10">trichomes</wd>
			<wd l="1212" t="1177" r="3732" b="1192" fs="10">
			</wd>
			<wd l="3782" t="1133" r="3818" b="1191" fs="10">2</wd>
		</ln>
		<ln lx="743" ly="1219" rx="3215" ry="1300">
			<wd l="743" t="1219" r="903" b="1280" fs="10">Leaf</wd>
			<wd l="920" t="1219" r="1177" b="1297" fs="10">petioles</wd>
			<wd l="1208" t="1220" r="1285" b="1281" fs="10">of</wd>
			<wd l="1301" t="1220" r="1570" b="1281" fs="10">uniform</wd>
			<wd l="1597" t="1220" r="1908" b="1282" fs="10">thickness</wd>
			<wd l="1938" t="1241" r="2007" b="1282" fs="10">or</wd>
			<wd l="2035" t="1221" r="2283" b="1299" fs="10">slightly</wd>
			<wd l="2313" t="1222" r="2571" b="1283" fs="10">swollen</wd>
			<wd l="2599" t="1222" r="2745" b="1300" fs="10">only</wd>
			<wd l="2774" t="1231" r="2831" b="1283" fs="10">at</wd>
			<wd l="2857" t="1222" r="3026" b="1296" fs="10">base;</wd>
			<wd l="3056" t="1223" r="3215" b="1284" fs="10">male</wd>
		</ln>
		<ln lx="815" ly="1312" rx="3828" ry="1390">
			<wd l="815" t="1312" r="1030" b="1372" fs="10">flower</wd>
			<wd l="1054" t="1312" r="1191" b="1373" fs="10">disk</wd>
			<wd l="1214" t="1312" r="1499" b="1390" fs="10">glabrous</wd>
			<wd l="1548" t="1363" r="3741" b="1378" fs="10">
			</wd>
			<wd l="3790" t="1318" r="3828" b="1376" fs="10">4</wd>
		</ln>
		<ln lx="626" ly="1476" rx="3214" ry="1558">
			<wd l="626" t="1477" r="682" b="1535" fs="10">2.</wd>
			<wd l="743" t="1476" r="903" b="1536" fs="10">Leaf</wd>
			<wd l="919" t="1476" r="1176" b="1553" fs="10">petioles</wd>
			<wd l="1204" t="1485" r="1311" b="1537" fs="10">not</wd>
			<wd l="1338" t="1477" r="1700" b="1554" fs="10">geniculate;</wd>
			<wd l="1730" t="1477" r="2122" b="1538" fs="10">basilaminar</wd>
			<wd l="2148" t="1478" r="2364" b="1556" fs="10">glands</wd>
			<wd l="2392" t="1479" r="2708" b="1556" fs="10">marginal;</wd>
			<wd l="2740" t="1479" r="2882" b="1540" fs="10">finit</wd>
			<wd l="2909" t="1480" r="3214" b="1558" fs="10">endocarp</wd>
		</ln>
		<ln lx="812" ly="1567" rx="3821" ry="1651">
			<wd l="812" t="1567" r="1047" b="1628" fs="10">beaked</wd>
			<wd l="1086" t="1618" r="3238" b="1633" fs="10">
			</wd>
			<wd l="3282" t="1575" r="3349" b="1633" fs="10">F.</wd>
			<wd l="3375" t="1574" r="3821" b="1651" fs="10">picrosperma</wd>
		</ln>
		<ln lx="743" ly="1660" rx="3211" ry="1743">
			<wd l="743" t="1660" r="901" b="1721" fs="10">Leaf</wd>
			<wd l="907" t="1661" r="1162" b="1738" fs="10">petioles</wd>
			<wd l="1174" t="1671" r="1218" b="1715" fs="10">±</wd>
			<wd l="1249" t="1661" r="1603" b="1739" fs="10">geniculate;</wd>
			<wd l="1622" t="1662" r="2005" b="1723" fs="10">basilaminar</wd>
			<wd l="2021" t="1663" r="2233" b="1741" fs="10">glands</wd>
			<wd l="2252" t="1663" r="2690" b="1742" fs="10">intramarginal</wd>
			<wd l="2707" t="1673" r="2768" b="1725" fs="10">to</wd>
			<wd l="2788" t="1664" r="3211" b="1743" fs="10">submarginal;</wd>
		</ln>
		<ln lx="814" ly="1752" rx="3823" ry="1831">
			<wd l="814" t="1752" r="954" b="1813" fs="10">fruit</wd>
			<wd l="979" t="1753" r="1281" b="1831" fs="10">endocarp</wd>
			<wd l="1306" t="1762" r="1413" b="1814" fs="10">not</wd>
			<wd l="1436" t="1753" r="1672" b="1814" fs="10">beaked</wd>
			<wd l="1715" t="1804" r="3740" b="1818" fs="10">
			</wd>
			<wd l="3791" t="1760" r="3823" b="1818" fs="10">3</wd>
		</ln>
		<ln lx="626" ly="1916" rx="3214" ry="1996">
			<wd l="626" t="1917" r="681" b="1976" fs="10">3.</wd>
			<wd l="742" t="1916" r="902" b="1976" fs="10">Fruit</wd>
			<wd l="924" t="1916" r="1179" b="1993" fs="10">broadly</wd>
			<wd l="1205" t="1917" r="1411" b="1989" fs="10">ovoid,</wd>
			<wd l="1439" t="1919" r="1644" b="1978" fs="10">27-27</wd>
			<wd l="1671" t="1937" r="1798" b="1977" fs="10">mm</wd>
			<wd l="1824" t="1918" r="1990" b="1995" fs="10">long;</wd>
			<wd l="2019" t="1919" r="2323" b="1996" fs="10">endocarp</wd>
			<wd l="2350" t="1919" r="2727" b="1980" fs="10">intersutural</wd>
			<wd l="2776" t="1920" r="2943" b="1980" fs="10">faces</wd>
			<wd l="2971" t="1921" r="3214" b="1981" fs="10">smooth</wd>
		</ln>
		<ln lx="836" ly="2014" rx="3820" ry="2073">
			<wd l="836" t="2057" r="3365" b="2072" fs="10">
			</wd>
			<wd l="3405" t="2015" r="3472" b="2073" fs="10">F.</wd>
			<wd l="3520" t="2014" r="3820" b="2073" fs="10">australis</wd>
		</ln>
		<ln lx="742" ly="2100" rx="3211" ry="2182">
			<wd l="742" t="2100" r="902" b="2160" fs="10">Fruit</wd>
			<wd l="920" t="2100" r="1176" b="2178" fs="10">globose</wd>
			<wd l="1194" t="2109" r="1256" b="2161" fs="10">to</wd>
			<wd l="1277" t="2101" r="1912" b="2179" fs="10">depressed-globose,</wd>
			<wd l="1942" t="2104" r="1964" b="2162" fs="10">1</wd>
			<wd l="1979" t="2104" r="2140" b="2163" fs="10">8-22</wd>
			<wd l="2159" t="2123" r="2287" b="2163" fs="10">mm</wd>
			<wd l="2307" t="2103" r="2472" b="2181" fs="10">long;</wd>
			<wd l="2510" t="2104" r="2813" b="2182" fs="10">endocarp</wd>
			<wd l="2834" t="2104" r="3211" b="2165" fs="10">intersutural</wd>
		</ln>
		<ln lx="814" ly="2192" rx="3820" ry="2270">
			<wd l="814" t="2192" r="979" b="2253" fs="10">faces</wd>
			<wd l="1004" t="2212" r="1225" b="2270" fs="10">rugose</wd>
			<wd l="1254" t="2243" r="3448" b="2258" fs="10">
			</wd>
			<wd l="3508" t="2200" r="3574" b="2258" fs="10">F.</wd>
			<wd l="3602" t="2200" r="3820" b="2258" fs="10">oraria</wd>
		</ln>
		<ln lx="625" ly="2356" rx="3209" ry="2437">
			<wd l="625" t="2357" r="681" b="2416" fs="10">4.</wd>
			<wd l="742" t="2356" r="906" b="2416" fs="10">Leaf</wd>
			<wd l="932" t="2356" r="1336" b="2417" fs="10">basilaminar</wd>
			<wd l="1372" t="2357" r="1595" b="2435" fs="10">glands</wd>
			<wd l="1633" t="2358" r="1959" b="2436" fs="10">marginal,</wd>
			<wd l="2001" t="2367" r="2060" b="2419" fs="10">at</wd>
			<wd l="2087" t="2359" r="2381" b="2436" fs="10">junction</wd>
			<wd l="2419" t="2360" r="2497" b="2420" fs="10">of</wd>
			<wd l="2523" t="2360" r="2757" b="2437" fs="10">petiole</wd>
			<wd l="2797" t="2360" r="2918" b="2421" fs="10">and</wd>
			<wd l="2956" t="2360" r="3209" b="2433" fs="10">lamina;</wd>
		</ln>
		<ln lx="813" ly="2448" rx="3186" ry="2527">
			<wd l="813" t="2448" r="1115" b="2527" fs="10">endocarp</wd>
			<wd l="1139" t="2457" r="1246" b="2510" fs="10">not</wd>
			<wd l="1268" t="2449" r="1523" b="2523" fs="10">beaked,</wd>
			<wd l="1551" t="2450" r="1929" b="2511" fs="10">intersutural</wd>
			<wd l="1956" t="2451" r="2123" b="2512" fs="10">faces</wd>
			<wd l="2150" t="2452" r="2393" b="2512" fs="10">smooth</wd>
			<wd l="2416" t="2452" r="2564" b="2513" fs="10">with</wd>
			<wd l="2590" t="2452" r="2883" b="2513" fs="10">scattered</wd>
			<wd l="2905" t="2453" r="3186" b="2514" fs="10">vascular</wd>
		</ln>
		<ln lx="813" ly="2542" rx="3820" ry="2608">
			<wd l="813" t="2542" r="1111" b="2603" fs="10">foramina</wd>
			<wd l="1125" t="2593" r="3445" b="2607" fs="10">
			</wd>
			<wd l="3489" t="2549" r="3555" b="2608" fs="10">F.</wd>
			<wd l="3580" t="2566" r="3820" b="2608" fs="10">venosa</wd>
		</ln>
		<ln lx="741" ly="2634" rx="3215" ry="2715">
			<wd l="741" t="2634" r="903" b="2694" fs="10">Leaf</wd>
			<wd l="926" t="2634" r="1324" b="2695" fs="10">basilaminar</wd>
			<wd l="1358" t="2635" r="1577" b="2712" fs="10">glands</wd>
			<wd l="1615" t="2636" r="2072" b="2714" fs="10">intramarginal</wd>
			<wd l="2107" t="2645" r="2171" b="2697" fs="10">to</wd>
			<wd l="2210" t="2637" r="2646" b="2715" fs="10">submarginal,</wd>
			<wd l="2685" t="2639" r="2851" b="2698" fs="10">2-22</wd>
			<wd l="2887" t="2658" r="3016" b="2698" fs="10">mm</wd>
			<wd l="3053" t="2639" r="3215" b="2699" fs="10">from</wd>
		</ln>
		<ln lx="813" ly="2726" rx="3825" ry="2808">
			<wd l="813" t="2726" r="1037" b="2787" fs="10">lamina</wd>
			<wd l="1058" t="2726" r="1226" b="2799" fs="10">base;</wd>
			<wd l="1254" t="2727" r="1557" b="2805" fs="10">endocarp</wd>
			<wd l="1582" t="2728" r="1820" b="2788" fs="10">beaked</wd>
			<wd l="1867" t="2728" r="1963" b="2789" fs="10">for</wd>
			<wd l="1994" t="2730" r="2104" b="2789" fs="10">1-3</wd>
			<wd l="2133" t="2749" r="2279" b="2802" fs="10">mm,</wd>
			<wd l="2329" t="2730" r="2706" b="2790" fs="10">intersutural</wd>
			<wd l="2733" t="2730" r="2900" b="2791" fs="10">faces</wd>
			<wd l="2924" t="2750" r="3147" b="2808" fs="10">rugose</wd>
			<wd l="3186" t="2781" r="3742" b="2792" fs="10">
			</wd>
			<wd l="3794" t="2734" r="3825" b="2792" fs="10">5</wd>
		</ln>
		<ln lx="626" ly="2889" rx="3211" ry="2970">
			<wd l="626" t="2891" r="679" b="2949" fs="10">5.</wd>
			<wd l="740" t="2889" r="901" b="2950" fs="10">Leaf</wd>
			<wd l="917" t="2889" r="1174" b="2967" fs="10">petioles</wd>
			<wd l="1205" t="2890" r="1282" b="2950" fs="10">of</wd>
			<wd l="1298" t="2890" r="1567" b="2951" fs="10">uniform</wd>
			<wd l="1594" t="2891" r="1926" b="2964" fs="10">thickness;</wd>
			<wd l="1958" t="2891" r="2100" b="2952" fs="10">fruit</wd>
			<wd l="2128" t="2892" r="2432" b="2970" fs="10">endocarp</wd>
			<wd l="2460" t="2893" r="2697" b="2953" fs="10">beaked</wd>
			<wd l="2726" t="2893" r="2822" b="2954" fs="10">for</wd>
			<wd l="2857" t="2895" r="3034" b="2954" fs="10">1-1.7</wd>
			<wd l="3063" t="2914" r="3211" b="2967" fs="10">mm;</wd>
		</ln>
		<ln lx="814" ly="2982" rx="3215" ry="3063">
			<wd l="814" t="2982" r="1117" b="3060" fs="10">endocarp</wd>
			<wd l="1147" t="2982" r="1524" b="3043" fs="10">intersutural</wd>
			<wd l="1554" t="2983" r="1721" b="3044" fs="10">faces</wd>
			<wd l="1749" t="2984" r="1990" b="3062" fs="10">weakly</wd>
			<wd l="2016" t="3004" r="2258" b="3062" fs="10">rugose,</wd>
			<wd l="2297" t="2986" r="2494" b="3046" fs="10">15-17</wd>
			<wd l="2523" t="3005" r="2650" b="3045" fs="10">mm</wd>
			<wd l="2679" t="2986" r="2842" b="3063" fs="10">long,</wd>
			<wd l="2876" t="2988" r="3055" b="3047" fs="10">8-9.5</wd>
			<wd l="3087" t="3006" r="3215" b="3046" fs="10">mm</wd>
		</ln>
		<ln lx="810" ly="3074" rx="3820" ry="3157">
			<wd l="810" t="3074" r="969" b="3134" fs="10">wide</wd>
			<wd l="1001" t="3124" r="3489" b="3140" fs="10">
			</wd>
			<wd l="3530" t="3082" r="3596" b="3140" fs="10">F.</wd>
			<wd l="3624" t="3081" r="3820" b="3157" fs="10">fugax</wd>
		</ln>
		<ln lx="740" ly="3166" rx="3207" ry="3247">
			<wd l="740" t="3166" r="900" b="3226" fs="10">Leaf</wd>
			<wd l="913" t="3166" r="1171" b="3243" fs="10">petioles</wd>
			<wd l="1199" t="3167" r="1445" b="3245" fs="10">slightly</wd>
			<wd l="1472" t="3167" r="1730" b="3228" fs="10">swollen</wd>
			<wd l="1756" t="3176" r="1813" b="3229" fs="10">at</wd>
			<wd l="1836" t="3168" r="2004" b="3241" fs="10">base;</wd>
			<wd l="2033" t="3169" r="2175" b="3229" fs="10">fruit</wd>
			<wd l="2200" t="3169" r="2504" b="3247" fs="10">endocarp</wd>
			<wd l="2529" t="3170" r="2766" b="3231" fs="10">beaked</wd>
			<wd l="2792" t="3170" r="2888" b="3231" fs="10">for</wd>
			<wd l="2912" t="3172" r="3030" b="3231" fs="10">2-3</wd>
			<wd l="3060" t="3190" r="3207" b="3244" fs="10">mm;</wd>
		</ln>
		<ln lx="812" ly="3258" rx="3214" ry="3340">
			<wd l="812" t="3258" r="1114" b="3336" fs="10">endocarp</wd>
			<wd l="1137" t="3259" r="1516" b="3320" fs="10">intersutural</wd>
			<wd l="1539" t="3260" r="1706" b="3320" fs="10">faces</wd>
			<wd l="1731" t="3261" r="2003" b="3338" fs="10">strongly</wd>
			<wd l="2023" t="3280" r="2265" b="3338" fs="10">rugose,</wd>
			<wd l="2290" t="3263" r="2492" b="3322" fs="10">20-23</wd>
			<wd l="2518" t="3281" r="2646" b="3321" fs="10">mm</wd>
			<wd l="2669" t="3262" r="2832" b="3340" fs="10">long,</wd>
			<wd l="2866" t="3264" r="2887" b="3322" fs="10">1</wd>
			<wd l="2908" t="3264" r="3060" b="3323" fs="10">1-13</wd>
			<wd l="3086" t="3283" r="3214" b="3323" fs="10">mm</wd>
		</ln>
		<ln lx="810" ly="3351" rx="3819" ry="3418">
			<wd l="810" t="3351" r="969" b="3412" fs="10">wide</wd>
			<wd l="1001" t="3401" r="3405" b="3417" fs="10">
			</wd>
			<wd l="3442" t="3358" r="3508" b="3417" fs="10">F.</wd>
			<wd l="3537" t="3364" r="3819" b="3418" fs="10">rostrata</wd>
		</ln>
	</region>
	<region article-doi="10.2307/41729915" region-id="1">
		<rc l="614" t="3702" r="2181" b="4959"/>
		<ln lx="621" ly="3707" rx="1308" ry="3782">
			<wd l="621" t="3707" r="1308" b="3782" fs="10">Acknowledgements</wd>
		</ln>
		<ln lx="623" ly="3867" rx="2176" ry="3946">
			<wd l="623" t="3867" r="857" b="3929" fs="10">Thanks</wd>
			<wd l="874" t="3876" r="934" b="3929" fs="10">to</wd>
			<wd l="953" t="3870" r="1045" b="3929" fs="10">W.</wd>
			<wd l="1069" t="3868" r="1258" b="3929" fs="10">Smith</wd>
			<wd l="1275" t="3869" r="1461" b="3946" fs="10">(BRI)</wd>
			<wd l="1480" t="3869" r="1574" b="3930" fs="10">for</wd>
			<wd l="1588" t="3869" r="1685" b="3931" fs="10">the</wd>
			<wd l="1704" t="3870" r="2080" b="3932" fs="10">illustrations</wd>
			<wd l="2099" t="3871" r="2176" b="3932" fs="10">of</wd>
		</ln>
		<ln lx="622" ly="3960" rx="2173" ry="4041">
			<wd l="622" t="3962" r="681" b="4021" fs="10">F.</wd>
			<wd l="693" t="3960" r="902" b="4038" fs="10">fugax,</wd>
			<wd l="924" t="3961" r="1217" b="4022" fs="10">P.Robins</wd>
			<wd l="1239" t="3962" r="1424" b="4038" fs="10">(BRI)</wd>
			<wd l="1447" t="3962" r="1540" b="4022" fs="10">for</wd>
			<wd l="1557" t="3962" r="1654" b="4023" fs="10">the</wd>
			<wd l="1674" t="3963" r="2075" b="4041" fs="10">photographs</wd>
			<wd l="2097" t="3964" r="2173" b="4024" fs="10">of</wd>
		</ln>
		<ln lx="624" ly="4053" rx="2165" ry="4132">
			<wd l="624" t="4053" r="1018" b="4130" fs="10">specimens,</wd>
			<wd l="1064" t="4053" r="1190" b="4114" fs="10">and</wd>
			<wd l="1238" t="4055" r="1669" b="4115" fs="10">L.A.Craven</wd>
			<wd l="1711" t="4056" r="2016" b="4132" fs="10">(CANB)</wd>
			<wd l="2061" t="4056" r="2165" b="4116" fs="10">for</wd>
		</ln>
		<ln lx="621" ly="4144" rx="2161" ry="4222">
			<wd l="621" t="4144" r="958" b="4204" fs="10">translation</wd>
			<wd l="989" t="4144" r="1065" b="4205" fs="10">of</wd>
			<wd l="1084" t="4145" r="1181" b="4205" fs="10">the</wd>
			<wd l="1214" t="4145" r="1530" b="4222" fs="10">diagnoses</wd>
			<wd l="1563" t="4146" r="1685" b="4206" fs="10">into</wd>
			<wd l="1717" t="4147" r="1887" b="4207" fs="10">Latin</wd>
			<wd l="1918" t="4147" r="2035" b="4207" fs="10">and</wd>
			<wd l="2063" t="4147" r="2161" b="4207" fs="10">the</wd>
		</ln>
		<ln lx="622" ly="4236" rx="2164" ry="4300">
			<wd l="622" t="4236" r="1306" b="4298" fs="10">Directors/Curators</wd>
			<wd l="1352" t="4238" r="1433" b="4298" fs="10">of</wd>
			<wd l="1466" t="4240" r="1526" b="4297" fs="10">K</wd>
			<wd l="1570" t="4238" r="1696" b="4299" fs="10">and</wd>
			<wd l="1740" t="4241" r="1788" b="4298" fs="10">L</wd>
			<wd l="1834" t="4238" r="1938" b="4299" fs="10">for</wd>
			<wd l="1983" t="4239" r="2164" b="4300" fs="10">loan/</wd>
		</ln>
		<ln lx="622" ly="4329" rx="2165" ry="4408">
			<wd l="622" t="4329" r="1000" b="4390" fs="10">information</wd>
			<wd l="1032" t="4329" r="1202" b="4391" fs="10">of/on</wd>
			<wd l="1236" t="4330" r="1586" b="4408" fs="10">specimens.</wd>
			<wd l="1623" t="4331" r="1747" b="4392" fs="10">The</wd>
			<wd l="1781" t="4332" r="2165" b="4407" fs="10">Queensland</wd>
		</ln>
		<ln lx="621" ly="4421" rx="2163" ry="4500">
			<wd l="621" t="4422" r="823" b="4480" fs="10">Forest</wd>
			<wd l="857" t="4421" r="1096" b="4480" fs="10">Service</wd>
			<wd l="1130" t="4421" r="1206" b="4481" fs="10">of</wd>
			<wd l="1226" t="4421" r="1325" b="4481" fs="10">the</wd>
			<wd l="1359" t="4422" r="1745" b="4496" fs="10">Queensland</wd>
			<wd l="1777" t="4425" r="2163" b="4500" fs="10">Department</wd>
		</ln>
		<ln lx="622" ly="4511" rx="2164" ry="4591">
			<wd l="622" t="4511" r="700" b="4571" fs="10">of</wd>
			<wd l="727" t="4512" r="1004" b="4588" fs="10">Primary</wd>
			<wd l="1042" t="4513" r="1386" b="4573" fs="10">Industries</wd>
			<wd l="1427" t="4513" r="1479" b="4573" fs="10">is</wd>
			<wd l="1520" t="4514" r="2025" b="4591" fs="10">acknowledged</wd>
			<wd l="2064" t="4515" r="2164" b="4575" fs="10">for</wd>
		</ln>
		<ln lx="619" ly="4603" rx="2161" ry="4679">
			<wd l="619" t="4603" r="858" b="4679" fs="10">permits</wd>
			<wd l="886" t="4611" r="948" b="4663" fs="10">to</wd>
			<wd l="979" t="4603" r="1192" b="4663" fs="10">collect</wd>
			<wd l="1221" t="4604" r="1337" b="4664" fs="10">and</wd>
			<wd l="1363" t="4613" r="1619" b="4665" fs="10">traverse</wd>
			<wd l="1650" t="4605" r="1711" b="4664" fs="10">in</wd>
			<wd l="1743" t="4607" r="1899" b="4666" fs="10">State</wd>
			<wd l="1928" t="4608" r="2161" b="4666" fs="10">Forests</wd>
		</ln>
		<ln lx="621" ly="4693" rx="2162" ry="4774">
			<wd l="621" t="4693" r="735" b="4753" fs="10">and</wd>
			<wd l="753" t="4694" r="990" b="4754" fs="10">Timber</wd>
			<wd l="1022" t="4697" r="1329" b="4755" fs="10">Reserves.</wd>
			<wd l="1351" t="4695" r="1491" b="4755" fs="10">This</wd>
			<wd l="1509" t="4696" r="1678" b="4756" fs="10">work</wd>
			<wd l="1694" t="4716" r="1819" b="4756" fs="10">was</wd>
			<wd l="1840" t="4697" r="2064" b="4757" fs="10">funded</wd>
			<wd l="2080" t="4697" r="2162" b="4774" fs="10">by</wd>
		</ln>
		<ln lx="619" ly="4785" rx="2161" ry="4866">
			<wd l="619" t="4785" r="719" b="4845" fs="10">the</wd>
			<wd l="755" t="4786" r="1113" b="4846" fs="10">Australian</wd>
			<wd l="1148" t="4787" r="1504" b="4864" fs="10">Biological</wd>
			<wd l="1573" t="4790" r="1924" b="4848" fs="10">Resources</wd>
			<wd l="1965" t="4789" r="2161" b="4866" fs="10">Study</wd>
		</ln>
		<ln lx="620" ly="4876" rx="1234" ry="4954">
			<wd l="620" t="4876" r="828" b="4954" fs="10">during</wd>
			<wd l="862" t="4878" r="1234" b="4938" fs="10">1992-1994.</wd>
		</ln>
	</region>
	<region article-doi="10.2307/41729915" region-id="2">
		<rc l="2300" t="3705" r="2621" b="3763"/>
		<ln lx="2305" ly="3710" rx="2616" ry="3758">
			<wd l="2305" t="3710" r="2616" b="3758" fs="10">References</wd>
		</ln>
	</region>
	<region article-doi="10.2307/41729915" region-id="3">
		<rc l="2298" t="3851" r="3847" b="3987"/>
		<ln lx="2303" ly="3856" rx="3842" ry="3919">
			<wd l="2303" t="3856" r="2431" b="3903" fs="10">Airy</wd>
			<wd l="2461" t="3856" r="2620" b="3914" fs="10">Shaw,</wd>
			<wd l="2649" t="3857" r="2774" b="3905" fs="10">H.K.</wd>
			<wd l="2805" t="3856" r="2994" b="3918" fs="10">(1974).</wd>
			<wd l="3025" t="3857" r="3125" b="3906" fs="10">The</wd>
			<wd l="3153" t="3872" r="3307" b="3919" fs="10">genus</wd>
			<wd l="3338" t="3859" r="3614" b="3906" fs="10">Fontainea</wd>
			<wd l="3642" t="3858" r="3690" b="3906" fs="10">in</wd>
			<wd l="3716" t="3860" r="3842" b="3907" fs="10">New</wd>
		</ln>
		<ln lx="2494" ly="3931" rx="3436" ry="3982">
			<wd l="2494" t="3931" r="2698" b="3980" fs="10">Guinea.</wd>
			<wd l="2719" t="3934" r="2838" b="3980" fs="10">Kew</wd>
			<wd l="2855" t="3932" r="3068" b="3980" fs="10">Bulletin</wd>
			<wd l="3087" t="3934" r="3166" b="3981" fs="10">29:</wd>
			<wd l="3190" t="3934" r="3436" b="3982" fs="10">326-328.</wd>
		</ln>
	</region>
	<region article-doi="10.2307/41729915" region-id="4">
		<rc l="2298" t="4074" r="3847" b="4296"/>
		<ln lx="2303" ly="4079" rx="3842" ry="4142">
			<wd l="2303" t="4079" r="2433" b="4125" fs="10">Airy</wd>
			<wd l="2467" t="4079" r="2631" b="4136" fs="10">Shaw,</wd>
			<wd l="2662" t="4080" r="2789" b="4127" fs="10">H.K.</wd>
			<wd l="2823" t="4079" r="3018" b="4140" fs="10">(1980).</wd>
			<wd l="3051" t="4079" r="3154" b="4128" fs="10">The</wd>
			<wd l="3188" t="4080" r="3614" b="4142" fs="10">Euphorbiaceae</wd>
			<wd l="3644" t="4081" r="3709" b="4142" fs="10">of</wd>
			<wd l="3721" t="4083" r="3842" b="4129" fs="10">New</wd>
		</ln>
		<ln lx="2496" ly="4154" rx="3842" ry="4204">
			<wd l="2496" t="4154" r="2714" b="4202" fs="10">Guinea.</wd>
			<wd l="2749" t="4155" r="2877" b="4202" fs="10">Kew</wd>
			<wd l="2908" t="4154" r="3138" b="4203" fs="10">Bulletin</wd>
			<wd l="3169" t="4155" r="3474" b="4204" fs="10">Additional</wd>
			<wd l="3509" t="4156" r="3677" b="4204" fs="10">Series</wd>
			<wd l="3709" t="4158" r="3842" b="4204" fs="10">VIII.</wd>
		</ln>
		<ln lx="2493" ly="4228" rx="3555" ry="4291">
			<wd l="2493" t="4228" r="2715" b="4277" fs="10">London:</wd>
			<wd l="2738" t="4229" r="2895" b="4291" fs="10">Royal</wd>
			<wd l="2916" t="4229" r="3123" b="4278" fs="10">Botanic</wd>
			<wd l="3144" t="4230" r="3379" b="4288" fs="10">Gardens,</wd>
			<wd l="3418" t="4232" r="3555" b="4279" fs="10">Kew.</wd>
		</ln>
	</region>
	<region article-doi="10.2307/41729915" region-id="5">
		<rc l="2297" t="4372" r="3850" b="4591"/>
		<ln lx="2302" ly="4377" rx="3838" ry="4437">
			<wd l="2302" t="4377" r="2533" b="4433" fs="10">Forster,</wd>
			<wd l="2562" t="4378" r="2669" b="4434" fs="10">P.I.,</wd>
			<wd l="2699" t="4378" r="2945" b="4434" fs="10">Bostock,</wd>
			<wd l="2975" t="4379" r="3108" b="4435" fs="10">P.D.,</wd>
			<wd l="3138" t="4379" r="3277" b="4435" fs="10">Bird,</wd>
			<wd l="3307" t="4380" r="3425" b="4427" fs="10">L.H.</wd>
			<wd l="3456" t="4379" r="3504" b="4427" fs="10"><![CDATA[&]]></wd>
			<wd l="3533" t="4380" r="3686" b="4437" fs="10">Bean,</wd>
			<wd l="3716" t="4380" r="3838" b="4428" fs="10">A.R.</wd>
		</ln>
		<ln lx="2494" ly="4451" rx="3845" ry="4514">
			<wd l="2494" t="4451" r="2691" b="4511" fs="10">(1991).</wd>
			<wd l="2741" t="4451" r="3033" b="4512" fs="10">Vineforest</wd>
			<wd l="3061" t="4452" r="3219" b="4499" fs="10">Plant</wd>
			<wd l="3246" t="4452" r="3395" b="4500" fs="10">Atlas</wd>
			<wd l="3415" t="4452" r="3509" b="4514" fs="10">for</wd>
			<wd l="3539" t="4453" r="3845" b="4501" fs="10">South-east</wd>
		</ln>
		<ln lx="2495" ly="4526" rx="3790" ry="4586">
			<wd l="2495" t="4526" r="2823" b="4586" fs="10">Queensland.</wd>
			<wd l="2863" t="4526" r="3116" b="4575" fs="10">Brisbane:</wd>
			<wd l="3158" t="4527" r="3472" b="4586" fs="10">Queensland</wd>
			<wd l="3491" t="4528" r="3790" b="4576" fs="10">Herbarium.</wd>
		</ln>
	</region>
	<region article-doi="10.2307/41729915" region-id="6">
		<rc l="2297" t="4666" r="3855" b="4887"/>
		<ln lx="2302" ly="4671" rx="3850" ry="4733">
			<wd l="2302" t="4671" r="2493" b="4728" fs="10">Jessup,</wd>
			<wd l="2527" t="4672" r="2665" b="4719" fs="10">L.W.</wd>
			<wd l="2701" t="4672" r="2749" b="4719" fs="10"><![CDATA[&]]></wd>
			<wd l="2784" t="4672" r="3024" b="4729" fs="10">Guymer,</wd>
			<wd l="3059" t="4672" r="3177" b="4720" fs="10">G.P.</wd>
			<wd l="3213" t="4673" r="3415" b="4733" fs="10">(1985).</wd>
			<wd l="3449" t="4674" r="3496" b="4720" fs="10">A</wd>
			<wd l="3527" t="4673" r="3754" b="4722" fs="10">revision</wd>
			<wd l="3787" t="4673" r="3850" b="4722" fs="10">of</wd>
		</ln>
		<ln lx="2491" ly="4746" rx="3840" ry="4809">
			<wd l="2491" t="4746" r="2780" b="4793" fs="10">Fontainea</wd>
			<wd l="2810" t="4746" r="3006" b="4795" fs="10">Heckel</wd>
			<wd l="3039" t="4747" r="3498" b="4808" fs="10">(Euphorbiaceae:</wd>
			<wd l="3534" t="4748" r="3840" b="4809" fs="10">Cluytieae).</wd>
		</ln>
		<ln lx="2489" ly="4820" rx="3200" ry="4882">
			<wd l="2489" t="4820" r="2866" b="4882" fs="10">Austrobaileya</wd>
			<wd l="2884" t="4822" r="2930" b="4869" fs="10">2:</wd>
			<wd l="2959" t="4822" r="3200" b="4870" fs="10">112-125.</wd>
		</ln>
	</region>
	<region article-doi="10.2307/41729915" region-id="7">
		<rc l="2299" t="4962" r="3848" b="5171"/>
		<ln lx="2304" ly="4967" rx="3843" ry="5030">
			<wd l="2304" t="4967" r="2572" b="5023" fs="10">Webster,</wd>
			<wd l="2608" t="4967" r="2733" b="5014" fs="10">G.L.</wd>
			<wd l="2771" t="4967" r="2979" b="5027" fs="10">(1994).</wd>
			<wd l="3018" t="4968" r="3277" b="5029" fs="10">Synopsis</wd>
			<wd l="3312" t="4968" r="3376" b="5016" fs="10">of</wd>
			<wd l="3400" t="4969" r="3486" b="5017" fs="10">the</wd>
			<wd l="3520" t="4984" r="3712" b="5030" fs="10">genera</wd>
			<wd l="3744" t="4970" r="3843" b="5018" fs="10">and</wd>
		</ln>
		<ln lx="2493" ly="5041" rx="3838" ry="5105">
			<wd l="2493" t="5041" r="2832" b="5102" fs="10">suprageneric</wd>
			<wd l="2861" t="5048" r="2973" b="5090" fs="10">taxa</wd>
			<wd l="2989" t="5042" r="3050" b="5090" fs="10">of</wd>
			<wd l="3057" t="5042" r="3469" b="5103" fs="10">Euphorbiaceae.</wd>
			<wd l="3492" t="5044" r="3679" b="5091" fs="10">Annals</wd>
			<wd l="3694" t="5044" r="3758" b="5105" fs="10">of</wd>
			<wd l="3759" t="5044" r="3838" b="5092" fs="10">the</wd>
		</ln>
		<ln lx="2491" ly="5116" rx="3577" ry="5166">
			<wd l="2491" t="5116" r="2730" b="5163" fs="10">Missouri</wd>
			<wd l="2744" t="5117" r="3008" b="5164" fs="10">Botanical</wd>
			<wd l="3027" t="5117" r="3227" b="5165" fs="10">Garden</wd>
			<wd l="3263" t="5118" r="3341" b="5165" fs="10">81:</wd>
			<wd l="3365" t="5118" r="3577" b="5166" fs="10">33-144.</wd>
		</ln>
	</region>
</ocr-page>
