<?xml version="1.0" encoding="UTF-8"?>
<ocr-page type="coords" ocr-vers="1.0" creation-date="20130321" res="600" height="6300" width="4500">
	<region article-doi="10.2307/41729924" region-id="0">
		<rc l="637" t="730" r="3837" b="802"/>
		<ln lx="642" ly="735" rx="3832" ry="797">
			<wd l="642" t="740" r="732" b="787" fs="10">104</wd>
			<wd l="2862" t="735" r="3239" b="797" fs="10">Austrobaileya</wd>
			<wd l="3258" t="735" r="3381" b="796" fs="10">5(1):</wd>
			<wd l="3410" t="735" r="3633" b="783" fs="10">103-105</wd>
			<wd l="3657" t="735" r="3832" b="795" fs="10">(1997)</wd>
		</ln>
	</region>
	<region article-doi="10.2307/41729924" region-id="1">
		<rc l="626" t="862" r="2187" b="5615"/>
		<ln lx="637" ly="867" rx="2169" ry="947">
			<wd l="637" t="869" r="1025" b="947" fs="10">apomorphic</wd>
			<wd l="1042" t="869" r="1203" b="929" fs="10">traits</wd>
			<wd l="1223" t="869" r="1285" b="928" fs="10">in</wd>
			<wd l="1297" t="870" r="1514" b="940" fs="10">Guioa,</wd>
			<wd l="1532" t="868" r="1762" b="945" fs="10">though</wd>
			<wd l="1776" t="867" r="2169" b="945" fs="10">parallelisms</wd>
		</ln>
		<ln lx="637" ly="959" rx="2176" ry="1038">
			<wd l="637" t="980" r="734" b="1021" fs="10">are</wd>
			<wd l="752" t="960" r="1041" b="1038" fs="10">possible.</wd>
			<wd l="1063" t="960" r="1126" b="1020" fs="10">If</wd>
			<wd l="1133" t="960" r="1233" b="1021" fs="10">the</wd>
			<wd l="1251" t="968" r="1373" b="1020" fs="10">two</wd>
			<wd l="1395" t="960" r="1631" b="1037" fs="10">species</wd>
			<wd l="1652" t="979" r="1750" b="1020" fs="10">are</wd>
			<wd l="1768" t="959" r="2012" b="1031" fs="10">related,</wd>
			<wd l="2032" t="959" r="2176" b="1020" fs="10">then</wd>
		</ln>
		<ln lx="637" ly="1051" rx="2174" ry="1130">
			<wd l="637" t="1073" r="672" b="1114" fs="10">a</wd>
			<wd l="685" t="1052" r="986" b="1114" fs="10">historical</wd>
			<wd l="1002" t="1052" r="1527" b="1130" fs="10">biogeographical</wd>
			<wd l="1545" t="1052" r="1925" b="1130" fs="10">explanation</wd>
			<wd l="1942" t="1051" r="2018" b="1112" fs="10">of</wd>
			<wd l="2023" t="1051" r="2174" b="1112" fs="10">their</wd>
		</ln>
		<ln lx="637" ly="1144" rx="2174" ry="1222">
			<wd l="637" t="1145" r="1050" b="1206" fs="10">distributions</wd>
			<wd l="1077" t="1144" r="1204" b="1205" fs="10">will</wd>
			<wd l="1230" t="1144" r="1307" b="1206" fs="10">be</wd>
			<wd l="1336" t="1164" r="1371" b="1206" fs="10">a</wd>
			<wd l="1396" t="1144" r="1665" b="1206" fs="10">difficult</wd>
			<wd l="1689" t="1144" r="1796" b="1205" fs="10">but</wd>
			<wd l="1823" t="1144" r="2174" b="1222" fs="10">interesting</wd>
		</ln>
		<ln lx="637" ly="1237" rx="918" ry="1316">
			<wd l="637" t="1237" r="918" b="1316" fs="10">analysis.</wd>
		</ln>
		<ln lx="636" ly="1404" rx="1015" ry="1478">
			<wd l="636" t="1404" r="1015" b="1478" fs="10">Taxonomy</wd>
		</ln>
		<ln lx="638" ly="1564" rx="2167" ry="1643">
			<wd l="638" t="1566" r="858" b="1626" fs="10">Guioa</wd>
			<wd l="897" t="1566" r="1500" b="1643" fs="10">sarcopterifructa</wd>
			<wd l="1548" t="1564" r="1823" b="1637" fs="10">Welzen,</wd>
			<wd l="1874" t="1583" r="1973" b="1642" fs="10">sp.</wd>
			<wd l="2015" t="1583" r="2167" b="1625" fs="10">nov.</wd>
		</ln>
		<ln lx="824" ly="1657" rx="2173" ry="1718">
			<wd l="824" t="1657" r="1050" b="1718" fs="10">Folioli</wd>
			<wd l="1088" t="1657" r="1317" b="1718" fs="10">crenati</wd>
			<wd l="1355" t="1657" r="1629" b="1718" fs="10">domatia</wd>
			<wd l="1665" t="1657" r="2071" b="1718" fs="10">sacciformes</wd>
			<wd l="2109" t="1657" r="2173" b="1717" fs="10">in</wd>
		</ln>
		<ln lx="825" ly="1749" rx="2172" ry="1826">
			<wd l="825" t="1749" r="1009" b="1809" fs="10">axilla</wd>
			<wd l="1028" t="1749" r="1198" b="1809" fs="10">nervi</wd>
			<wd l="1223" t="1749" r="1414" b="1826" fs="10">quarti</wd>
			<wd l="1439" t="1749" r="1797" b="1809" fs="10">laminarum</wd>
			<wd l="1821" t="1768" r="1962" b="1809" fs="10">cum</wd>
			<wd l="1983" t="1768" r="2172" b="1809" fs="10">nervo</wd>
		</ln>
		<ln lx="825" ly="1840" rx="2170" ry="1918">
			<wd l="825" t="1840" r="1053" b="1901" fs="10">eodem</wd>
			<wd l="1092" t="1840" r="1170" b="1901" fs="10">ad</wd>
			<wd l="1209" t="1840" r="1506" b="1918" fs="10">angulam</wd>
			<wd l="1545" t="1840" r="1895" b="1901" fs="10">acutiorem</wd>
			<wd l="1931" t="1840" r="2170" b="1918" fs="10">patenti</wd>
		</ln>
		<ln lx="825" ly="1932" rx="2174" ry="2011">
			<wd l="825" t="1952" r="1009" b="2011" fs="10">quam</wd>
			<wd l="1043" t="1952" r="1267" b="1993" fs="10">nervos</wd>
			<wd l="1305" t="1932" r="1481" b="2006" fs="10">alios,</wd>
			<wd l="1518" t="1933" r="1828" b="2011" fs="10">margines</wd>
			<wd l="1865" t="1933" r="2174" b="1994" fs="10">fructuum</wd>
		</ln>
		<ln lx="825" ly="2025" rx="2170" ry="2103">
			<wd l="825" t="2025" r="983" b="2085" fs="10">acuti</wd>
			<wd l="1004" t="2025" r="1283" b="2103" fs="10">alatique.</wd>
			<wd l="1298" t="2027" r="1539" b="2103" fs="10">Typus:</wd>
			<wd l="1563" t="2025" r="1974" b="2100" fs="10">Queensland.</wd>
			<wd l="1993" t="2026" r="2170" b="2086" fs="10">Cook</wd>
		</ln>
		<ln lx="823" ly="2117" rx="2168" ry="2196">
			<wd l="823" t="2119" r="1162" b="2178" fs="10">District:</wd>
			<wd l="1214" t="2117" r="1343" b="2196" fs="10">Big</wd>
			<wd l="1391" t="2117" r="1788" b="2191" fs="10">Tableland,</wd>
			<wd l="1848" t="2119" r="2168" b="2191" fs="10">15°42'S,</wd>
		</ln>
		<ln lx="832" ly="2210" rx="2159" ry="2283">
			<wd l="832" t="2211" r="1162" b="2282" fs="10">145°16'E,</wd>
			<wd l="1184" t="2212" r="1221" b="2270" fs="10">9</wd>
			<wd l="1241" t="2212" r="1351" b="2271" fs="10">Jan</wd>
			<wd l="1377" t="2211" r="1553" b="2283" fs="10">'996,</wd>
			<wd l="1564" t="2210" r="2159" b="2271" fs="10">K.R.McDonaldll</wd>
		</ln>
		<ln lx="825" ly="2302" rx="1486" ry="2379">
			<wd l="825" t="2302" r="1017" b="2378" fs="10">(holo:</wd>
			<wd l="1046" t="2303" r="1225" b="2377" fs="10">QRS;</wd>
			<wd l="1252" t="2302" r="1364" b="2363" fs="10">iso:</wd>
			<wd l="1392" t="2302" r="1486" b="2379" fs="10">L).</wd>
		</ln>
		<ln lx="758" ly="2467" rx="2169" ry="2544">
			<wd l="758" t="2468" r="829" b="2527" fs="10">G.</wd>
			<wd l="913" t="2467" r="1357" b="2544" fs="10">crenifoliola</wd>
			<wd l="1431" t="2475" r="1605" b="2527" fs="10">auct.</wd>
			<wd l="1683" t="2486" r="1820" b="2527" fs="10">non</wd>
			<wd l="1893" t="2468" r="2169" b="2527" fs="10"><![CDATA[Merr.&]]></wd>
		</ln>
		<ln lx="824" ly="2558" rx="2176" ry="2636">
			<wd l="824" t="2558" r="1668" b="2636" fs="10">L.M.PerryiS.T.Reynolds,</wd>
			<wd l="1704" t="2558" r="2176" b="2636" fs="10">Austrobaileya</wd>
		</ln>
		<ln lx="824" ly="2650" rx="2182" ry="2728">
			<wd l="824" t="2652" r="885" b="2711" fs="10">2:</wd>
			<wd l="931" t="2651" r="1168" b="2727" fs="10">(1984)</wd>
			<wd l="1212" t="2652" r="1317" b="2723" fs="10">37,</wd>
			<wd l="1362" t="2650" r="1479" b="2728" fs="10">fig.</wd>
			<wd l="1524" t="2651" r="1631" b="2723" fs="10">2k,</wd>
			<wd l="1677" t="2651" r="1719" b="2723" fs="10">1;</wd>
			<wd l="1764" t="2650" r="1830" b="2710" fs="10">in</wd>
			<wd l="1870" t="2651" r="2061" b="2711" fs="10">Flora</wd>
			<wd l="2101" t="2650" r="2182" b="2711" fs="10">of</wd>
		</ln>
		<ln lx="822" ly="2742" rx="1915" ry="2820">
			<wd l="822" t="2742" r="1128" b="2803" fs="10">Australia</wd>
			<wd l="1151" t="2744" r="1250" b="2803" fs="10">25:</wd>
			<wd l="1279" t="2744" r="1378" b="2815" fs="10">47,</wd>
			<wd l="1404" t="2762" r="1545" b="2820" fs="10">map</wd>
			<wd l="1573" t="2744" r="1651" b="2803" fs="10">56</wd>
			<wd l="1677" t="2743" r="1915" b="2819" fs="10">(1985).</wd>
		</ln>
		<ln lx="757" ly="2906" rx="2174" ry="2984">
			<wd l="757" t="2908" r="823" b="2967" fs="10">G.</wd>
			<wd l="865" t="2907" r="1216" b="2984" fs="10">pteropoda</wd>
			<wd l="1238" t="2914" r="1390" b="2967" fs="10">auct.</wd>
			<wd l="1415" t="2926" r="1541" b="2967" fs="10">non</wd>
			<wd l="1563" t="2906" r="1800" b="2967" fs="10">Radlk.:</wd>
			<wd l="1828" t="2907" r="2174" b="2984" fs="10">W.Cooper</wd>
		</ln>
		<ln lx="824" ly="2998" rx="2174" ry="3076">
			<wd l="824" t="2999" r="884" b="3059" fs="10"><![CDATA[&]]></wd>
			<wd l="908" t="3000" r="1341" b="3076" fs="10">W.T.Cooper,</wd>
			<wd l="1364" t="2998" r="1557" b="3059" fs="10">Fruits</wd>
			<wd l="1580" t="2998" r="1657" b="3059" fs="10">of</wd>
			<wd l="1666" t="2998" r="1767" b="3059" fs="10">the</wd>
			<wd l="1789" t="2998" r="1945" b="3059" fs="10">Rain</wd>
			<wd l="1965" t="3001" r="2174" b="3059" fs="10">Forest</wd>
		</ln>
		<ln lx="826" ly="3091" rx="1537" ry="3168">
			<wd l="826" t="3093" r="965" b="3163" fs="10">510,</wd>
			<wd l="1016" t="3091" r="1122" b="3168" fs="10">fig.</wd>
			<wd l="1152" t="3092" r="1537" b="3167" fs="10">310(1994).</wd>
		</ln>
		<ln lx="631" ly="3254" rx="2169" ry="3333">
			<wd l="631" t="3256" r="1069" b="3316" fs="10">Illustrations</wd>
			<wd l="1076" t="3274" r="1091" b="3316" fs="10">:</wd>
			<wd l="1133" t="3256" r="1383" b="3333" fs="10">Cooper</wd>
			<wd l="1418" t="3256" r="1478" b="3316" fs="10"><![CDATA[&]]></wd>
			<wd l="1517" t="3256" r="1768" b="3333" fs="10">Cooper</wd>
			<wd l="1803" t="3255" r="2020" b="3332" fs="10">(1994,</wd>
			<wd l="2060" t="3254" r="2169" b="3333" fs="10">fig.</wd>
		</ln>
		<ln lx="636" ly="3348" rx="2170" ry="3426">
			<wd l="636" t="3349" r="804" b="3425" fs="10">310);</wd>
			<wd l="824" t="3348" r="1132" b="3426" fs="10">Reynolds</wd>
			<wd l="1151" t="3349" r="1359" b="3425" fs="10">(1984,</wd>
			<wd l="1380" t="3348" r="1485" b="3426" fs="10">fig.</wd>
			<wd l="1507" t="3348" r="1605" b="3420" fs="10">2k,</wd>
			<wd l="1627" t="3348" r="1666" b="3421" fs="10">1;</wd>
			<wd l="1694" t="3349" r="1868" b="3420" fs="10">1985,</wd>
			<wd l="1887" t="3367" r="2027" b="3426" fs="10">map</wd>
			<wd l="2048" t="3348" r="2170" b="3424" fs="10">56).</wd>
		</ln>
		<ln lx="638" ly="3512" rx="2172" ry="3589">
			<wd l="638" t="3512" r="826" b="3572" fs="10">Small</wd>
			<wd l="850" t="3520" r="992" b="3584" fs="10">tree,</wd>
			<wd l="1019" t="3531" r="1101" b="3589" fs="10">up</wd>
			<wd l="1126" t="3520" r="1189" b="3572" fs="10">to</wd>
			<wd l="1217" t="3513" r="1253" b="3572" fs="10">6</wd>
			<wd l="1279" t="3531" r="1342" b="3571" fs="10">m</wd>
			<wd l="1365" t="3512" r="1488" b="3572" fs="10">tall.</wd>
			<wd l="1518" t="3514" r="1752" b="3572" fs="10">Leaves</wd>
			<wd l="1777" t="3512" r="2172" b="3589" fs="10">paripinnate,</wd>
		</ln>
		<ln lx="636" ly="3600" rx="2171" ry="3678">
			<wd l="636" t="3601" r="937" b="3673" fs="10">alternate,</wd>
			<wd l="973" t="3601" r="1349" b="3678" fs="10">4-6-jugate;</wd>
			<wd l="1382" t="3600" r="1580" b="3661" fs="10">rachis</wd>
			<wd l="1616" t="3601" r="1837" b="3661" fs="10">7-12.5</wd>
			<wd l="1876" t="3619" r="1974" b="3661" fs="10">cm</wd>
			<wd l="2008" t="3600" r="2171" b="3678" fs="10">long,</wd>
		</ln>
		<ln lx="637" ly="3688" rx="2171" ry="3767">
			<wd l="637" t="3688" r="919" b="3767" fs="10">slightly</wd>
			<wd l="991" t="3688" r="1288" b="3767" fs="10">winged;</wd>
			<wd l="1365" t="3688" r="1638" b="3749" fs="10">leaflets</wd>
			<wd l="1713" t="3688" r="2030" b="3767" fs="10">opposite</wd>
			<wd l="2103" t="3696" r="2171" b="3749" fs="10">to</wd>
		</ln>
		<ln lx="637" ly="3777" rx="2168" ry="3855">
			<wd l="637" t="3777" r="1096" b="3855" fs="10">subopposite,</wd>
			<wd l="1142" t="3777" r="1598" b="3853" fs="10">(sub)sessile,</wd>
			<wd l="1644" t="3777" r="1924" b="3854" fs="10">elliptic,</wd>
			<wd l="1971" t="3778" r="2168" b="3837" fs="10">3-5.5</wd>
		</ln>
		<ln lx="640" ly="3864" rx="2170" ry="3943">
			<wd l="640" t="3879" r="673" b="3913" fs="10">X</wd>
			<wd l="690" t="3866" r="796" b="3925" fs="10">1-1</wd>
			<wd l="811" t="3867" r="862" b="3926" fs="10">.5</wd>
			<wd l="886" t="3884" r="1002" b="3938" fs="10">cm,</wd>
			<wd l="1023" t="3864" r="1423" b="3943" fs="10">asymmetric,</wd>
			<wd l="1444" t="3864" r="1796" b="3943" fs="10">acroscopic</wd>
			<wd l="1817" t="3864" r="1946" b="3925" fs="10">side</wd>
			<wd l="1964" t="3864" r="2170" b="3937" fs="10">wider,</wd>
		</ln>
		<ln lx="634" ly="3953" rx="2175" ry="4031">
			<wd l="634" t="3954" r="782" b="4014" fs="10">base</wd>
			<wd l="820" t="3953" r="1094" b="4031" fs="10">strongly</wd>
			<wd l="1130" t="3953" r="1538" b="4031" fs="10">asymmetric,</wd>
			<wd l="1577" t="3961" r="1899" b="4025" fs="10">attenuate,</wd>
			<wd l="1936" t="3953" r="2175" b="4030" fs="10">margin</wd>
		</ln>
		<ln lx="636" ly="4040" rx="2172" ry="4117">
			<wd l="636" t="4049" r="892" b="4112" fs="10">crenate,</wd>
			<wd l="929" t="4060" r="1083" b="4117" fs="10">apex</wd>
			<wd l="1118" t="4040" r="1475" b="4111" fs="10">acuminate,</wd>
			<wd l="1509" t="4059" r="1658" b="4116" fs="10">very</wd>
			<wd l="1691" t="4059" r="1847" b="4116" fs="10">apex</wd>
			<wd l="1879" t="4040" r="2172" b="4110" fs="10">rounded,</wd>
		</ln>
		<ln lx="636" ly="4126" rx="2174" ry="4205">
			<wd l="636" t="4127" r="981" b="4205" fs="10">glabrous,</wd>
			<wd l="1052" t="4127" r="1261" b="4188" fs="10">lower</wd>
			<wd l="1328" t="4126" r="1596" b="4187" fs="10">surface</wd>
			<wd l="1665" t="4126" r="1913" b="4204" fs="10">lighter</wd>
			<wd l="1977" t="4126" r="2174" b="4187" fs="10">when</wd>
		</ln>
		<ln lx="637" ly="4214" rx="2177" ry="4292">
			<wd l="637" t="4215" r="763" b="4292" fs="10">dry,</wd>
			<wd l="794" t="4215" r="1061" b="4275" fs="10">domatia</wd>
			<wd l="1087" t="4215" r="1298" b="4275" fs="10">absent</wd>
			<wd l="1325" t="4234" r="1394" b="4275" fs="10">or</wd>
			<wd l="1420" t="4234" r="1455" b="4275" fs="10">a</wd>
			<wd l="1483" t="4214" r="1678" b="4292" fs="10">single</wd>
			<wd l="1707" t="4214" r="1870" b="4291" fs="10">large</wd>
			<wd l="1900" t="4233" r="2002" b="4274" fs="10">sac</wd>
			<wd l="2029" t="4214" r="2177" b="4274" fs="10">with</wd>
		</ln>
		<ln lx="636" ly="4301" rx="2177" ry="4380">
			<wd l="636" t="4302" r="833" b="4380" fs="10">apical</wd>
			<wd l="866" t="4322" r="1014" b="4380" fs="10">pore</wd>
			<wd l="1050" t="4302" r="1113" b="4362" fs="10">in</wd>
			<wd l="1148" t="4302" r="1269" b="4363" fs="10">axil</wd>
			<wd l="1305" t="4302" r="1382" b="4362" fs="10">of</wd>
			<wd l="1408" t="4301" r="1611" b="4362" fs="10">fourth</wd>
			<wd l="1644" t="4321" r="1851" b="4374" fs="10">nerve;</wd>
			<wd l="1887" t="4301" r="2177" b="4362" fs="10">venation</wd>
		</ln>
		<ln lx="634" ly="4388" rx="2176" ry="4467">
			<wd l="634" t="4410" r="791" b="4467" fs="10">very</wd>
			<wd l="832" t="4390" r="1189" b="4462" fs="10">indistinct,</wd>
			<wd l="1231" t="4409" r="1463" b="4450" fs="10">nerves</wd>
			<wd l="1503" t="4389" r="1893" b="4466" fs="10">marginally</wd>
			<wd l="1935" t="4388" r="2176" b="4466" fs="10">looped</wd>
		</ln>
		<ln lx="637" ly="4476" rx="2177" ry="4555">
			<wd l="637" t="4478" r="755" b="4538" fs="10">and</wd>
			<wd l="769" t="4477" r="1003" b="4555" fs="10">joined,</wd>
			<wd l="1028" t="4496" r="1211" b="4537" fs="10">nerve</wd>
			<wd l="1234" t="4477" r="1438" b="4537" fs="10">below</wd>
			<wd l="1462" t="4476" r="1797" b="4537" fs="10">domatium</wd>
			<wd l="1818" t="4476" r="2177" b="4554" fs="10">possessing</wd>
		</ln>
		<ln lx="638" ly="4563" rx="2176" ry="4642">
			<wd l="638" t="4565" r="913" b="4642" fs="10">sharper</wd>
			<wd l="974" t="4564" r="1172" b="4641" fs="10">angle</wd>
			<wd l="1233" t="4564" r="1396" b="4624" fs="10">with</wd>
			<wd l="1455" t="4563" r="1702" b="4624" fs="10">midrib</wd>
			<wd l="1763" t="4563" r="1923" b="4624" fs="10">than</wd>
			<wd l="1985" t="4563" r="2176" b="4624" fs="10">other</wd>
		</ln>
		<ln lx="635" ly="4651" rx="2174" ry="4728">
			<wd l="635" t="4672" r="870" b="4713" fs="10">nerves.</wd>
			<wd l="892" t="4652" r="1408" b="4712" fs="10">Infructescences</wd>
			<wd l="1430" t="4651" r="1885" b="4728" fs="10">subterminally</wd>
			<wd l="1904" t="4651" r="2174" b="4728" fs="10">axillary,</wd>
		</ln>
		<ln lx="635" ly="4738" rx="2172" ry="4817">
			<wd l="635" t="4739" r="1040" b="4817" fs="10">presumably</wd>
			<wd l="1076" t="4739" r="1382" b="4816" fs="10">thyrsoid,</wd>
			<wd l="1421" t="4758" r="1504" b="4816" fs="10">up</wd>
			<wd l="1542" t="4747" r="1606" b="4799" fs="10">to</wd>
			<wd l="1647" t="4758" r="1699" b="4799" fs="10">c.</wd>
			<wd l="1749" t="4740" r="1823" b="4798" fs="10">10</wd>
			<wd l="1863" t="4757" r="1963" b="4798" fs="10">cm</wd>
			<wd l="2002" t="4738" r="2172" b="4815" fs="10">long.</wd>
		</ln>
		<ln lx="636" ly="4826" rx="2172" ry="4903">
			<wd l="636" t="4828" r="913" b="4888" fs="10">Flowers</wd>
			<wd l="951" t="4835" r="1062" b="4887" fs="10">not</wd>
			<wd l="1100" t="4846" r="1269" b="4887" fs="10">seen.</wd>
			<wd l="1313" t="4826" r="1534" b="4903" fs="10">Sepals</wd>
			<wd l="1575" t="4828" r="1632" b="4898" fs="10">5,</wd>
			<wd l="1674" t="4834" r="1880" b="4898" fs="10">ovate,</wd>
			<wd l="1921" t="4834" r="2099" b="4885" fs="10">outer</wd>
			<wd l="2136" t="4826" r="2172" b="4884" fs="10">2</wd>
		</ln>
		<ln lx="639" ly="4912" rx="2174" ry="4989">
			<wd l="639" t="4914" r="906" b="4986" fs="10">smaller,</wd>
			<wd l="946" t="4915" r="1197" b="4974" fs="10">2.2-2.5</wd>
			<wd l="1244" t="4927" r="1277" b="4961" fs="10">x</wd>
			<wd l="1320" t="4914" r="1440" b="4973" fs="10">2-3</wd>
			<wd l="1480" t="4932" r="1629" b="4985" fs="10">mm,</wd>
			<wd l="1669" t="4913" r="1845" b="4973" fs="10">inner</wd>
			<wd l="1881" t="4914" r="1914" b="4972" fs="10">3</wd>
			<wd l="1957" t="4912" r="2174" b="4989" fs="10">larger,</wd>
		</ln>
		<ln lx="637" ly="4999" rx="2178" ry="5077">
			<wd l="637" t="5003" r="885" b="5062" fs="10">2.2-2.8</wd>
			<wd l="929" t="5015" r="962" b="5049" fs="10">X</wd>
			<wd l="1003" t="5002" r="1188" b="5061" fs="10">2.5-4</wd>
			<wd l="1223" t="5020" r="1369" b="5072" fs="10">mm,</wd>
			<wd l="1405" t="5000" r="1644" b="5077" fs="10">margin</wd>
			<wd l="1676" t="4999" r="1826" b="5060" fs="10">with</wd>
			<wd l="1859" t="4999" r="2178" b="5077" fs="10">glandular</wd>
		</ln>
		<ln lx="636" ly="5086" rx="2177" ry="5164">
			<wd l="636" t="5089" r="815" b="5149" fs="10">hairs.</wd>
			<wd l="840" t="5088" r="1057" b="5148" fs="10">Petals:</wd>
			<wd l="1084" t="5088" r="1230" b="5164" fs="10">only</wd>
			<wd l="1251" t="5096" r="1554" b="5147" fs="10">remnants</wd>
			<wd l="1580" t="5106" r="1744" b="5159" fs="10">seen,</wd>
			<wd l="1770" t="5087" r="2014" b="5147" fs="10">smaller</wd>
			<wd l="2033" t="5086" r="2177" b="5146" fs="10">than</wd>
		</ln>
		<ln lx="639" ly="5174" rx="2172" ry="5254">
			<wd l="639" t="5176" r="855" b="5254" fs="10">sepals.</wd>
			<wd l="889" t="5176" r="1039" b="5236" fs="10">Disc</wd>
			<wd l="1072" t="5175" r="1342" b="5253" fs="10">strongly</wd>
			<wd l="1371" t="5174" r="1878" b="5247" fs="10">horseshoe-like,</wd>
			<wd l="1912" t="5174" r="2172" b="5246" fs="10">smooth,</wd>
		</ln>
		<ln lx="637" ly="5262" rx="2174" ry="5341">
			<wd l="637" t="5264" r="943" b="5341" fs="10">glabrous.</wd>
			<wd l="981" t="5263" r="1144" b="5324" fs="10">Fruit</wd>
			<wd l="1178" t="5263" r="1474" b="5340" fs="10">capsular,</wd>
			<wd l="1513" t="5262" r="1786" b="5335" fs="10">3-lobed,</wd>
			<wd l="1825" t="5262" r="2174" b="5334" fs="10">obcordate,</wd>
		</ln>
		<ln lx="637" ly="5350" rx="2174" ry="5428">
			<wd l="637" t="5371" r="691" b="5412" fs="10">c.</wd>
			<wd l="734" t="5353" r="835" b="5412" fs="10">2.5</wd>
			<wd l="880" t="5370" r="980" b="5411" fs="10">cm</wd>
			<wd l="1017" t="5351" r="1193" b="5428" fs="10">high,</wd>
			<wd l="1234" t="5352" r="1339" b="5411" fs="10">2.7</wd>
			<wd l="1380" t="5370" r="1481" b="5411" fs="10">cm</wd>
			<wd l="1518" t="5350" r="1739" b="5422" fs="10">broad,</wd>
			<wd l="1782" t="5350" r="2174" b="5422" fs="10">loculicidal,</wd>
		</ln>
		<ln lx="638" ly="5440" rx="2177" ry="5519">
			<wd l="638" t="5441" r="921" b="5519" fs="10">leathery,</wd>
			<wd l="955" t="5441" r="1353" b="5513" fs="10">thin-walled,</wd>
			<wd l="1391" t="5440" r="1651" b="5513" fs="10">smooth,</wd>
			<wd l="1687" t="5440" r="1993" b="5518" fs="10">glabrous,</wd>
			<wd l="2027" t="5440" r="2177" b="5518" fs="10">pink</wd>
		</ln>
		<ln lx="636" ly="5531" rx="2173" ry="5610">
			<wd l="636" t="5542" r="699" b="5594" fs="10">to</wd>
			<wd l="736" t="5533" r="863" b="5605" fs="10">red,</wd>
			<wd l="900" t="5533" r="1173" b="5610" fs="10">margins</wd>
			<wd l="1212" t="5533" r="1413" b="5610" fs="10">sharp,</wd>
			<wd l="1451" t="5532" r="1720" b="5610" fs="10">winged.</wd>
			<wd l="1763" t="5532" r="1925" b="5592" fs="10">Seed</wd>
			<wd l="1961" t="5531" r="2173" b="5604" fs="10">ovoid,</wd>
		</ln>
	</region>
	<region article-doi="10.2307/41729924" region-id="2">
		<rc l="2302" t="860" r="3868" b="5605"/>
		<ln lx="2313" ly="865" rx="3856" ry="943">
			<wd l="2313" t="886" r="2364" b="927" fs="10">c.</wd>
			<wd l="2393" t="868" r="2426" b="927" fs="10">8</wd>
			<wd l="2458" t="881" r="2491" b="914" fs="10">X</wd>
			<wd l="2521" t="868" r="2557" b="927" fs="10">6</wd>
			<wd l="2580" t="886" r="2726" b="939" fs="10">mm,</wd>
			<wd l="2750" t="866" r="3030" b="927" fs="10">blackish</wd>
			<wd l="3050" t="866" r="3285" b="938" fs="10">brown;</wd>
			<wd l="3311" t="865" r="3654" b="943" fs="10">enveloped</wd>
			<wd l="3675" t="865" r="3757" b="942" fs="10">by</wd>
			<wd l="3780" t="884" r="3856" b="925" fs="10">an</wd>
		</ln>
		<ln lx="2313" ly="956" rx="3855" ry="1036">
			<wd l="2313" t="978" r="2540" b="1036" fs="10">orange</wd>
			<wd l="2577" t="958" r="2854" b="1030" fs="10">arillode;</wd>
			<wd l="2894" t="958" r="3065" b="1018" fs="10">latter</wd>
			<wd l="3099" t="957" r="3364" b="1035" fs="10">apically</wd>
			<wd l="3400" t="976" r="3581" b="1034" fs="10">open,</wd>
			<wd l="3618" t="956" r="3855" b="1034" fs="10">basally</wd>
		</ln>
		<ln lx="2311" ly="1049" rx="3850" ry="1128">
			<wd l="2311" t="1051" r="2460" b="1112" fs="10">with</wd>
			<wd l="2483" t="1070" r="2519" b="1112" fs="10">a</wd>
			<wd l="2541" t="1050" r="2748" b="1111" fs="10">curled</wd>
			<wd l="2772" t="1050" r="3091" b="1111" fs="10">extension</wd>
			<wd l="3114" t="1049" r="3418" b="1128" fs="10">attaching</wd>
			<wd l="3440" t="1058" r="3503" b="1111" fs="10">to</wd>
			<wd l="3529" t="1049" r="3850" b="1127" fs="10">endocarp,</wd>
		</ln>
		<ln lx="2314" ly="1142" rx="3849" ry="1221">
			<wd l="2314" t="1143" r="2475" b="1204" fs="10">seed</wd>
			<wd l="2519" t="1143" r="2846" b="1221" fs="10">dangling</wd>
			<wd l="2892" t="1143" r="3066" b="1204" fs="10">from</wd>
			<wd l="3110" t="1142" r="3160" b="1203" fs="10">it</wd>
			<wd l="3204" t="1142" r="3375" b="1203" fs="10">after</wd>
			<wd l="3419" t="1142" r="3849" b="1203" fs="10">dehiscence.</wd>
		</ln>
		<ln lx="2313" ly="1234" rx="3856" ry="1314">
			<wd l="2313" t="1235" r="2707" b="1314" fs="10">Cotyledons</wd>
			<wd l="2744" t="1235" r="3040" b="1314" fs="10">unequal,</wd>
			<wd l="3081" t="1235" r="3296" b="1297" fs="10">curled</wd>
			<wd l="3332" t="1234" r="3619" b="1313" fs="10">together</wd>
			<wd l="3656" t="1234" r="3781" b="1296" fs="10">like</wd>
			<wd l="3820" t="1254" r="3856" b="1296" fs="10">a</wd>
		</ln>
		<ln lx="2311" ly="1328" rx="3850" ry="1406">
			<wd l="2311" t="1329" r="2733" b="1390" fs="10">hand-shake.</wd>
			<wd l="2779" t="1329" r="3116" b="1406" fs="10">Seedlings</wd>
			<wd l="3157" t="1328" r="3431" b="1406" fs="10">epigeal;</wd>
			<wd l="3473" t="1328" r="3850" b="1405" fs="10">cotyledons</wd>
		</ln>
		<ln lx="2311" ly="1419" rx="3851" ry="1498">
			<wd l="2311" t="1421" r="2496" b="1493" fs="10">thick,</wd>
			<wd l="2520" t="1440" r="2570" b="1482" fs="10">c.</wd>
			<wd l="2602" t="1422" r="2673" b="1481" fs="10">17</wd>
			<wd l="2700" t="1435" r="2734" b="1468" fs="10">X</wd>
			<wd l="2759" t="1422" r="2878" b="1481" fs="10">4-5</wd>
			<wd l="2902" t="1440" r="3047" b="1493" fs="10">mm,</wd>
			<wd l="3070" t="1420" r="3374" b="1498" fs="10">irregular,</wd>
			<wd l="3395" t="1420" r="3612" b="1480" fs="10">keeled</wd>
			<wd l="3630" t="1419" r="3851" b="1492" fs="10">below,</wd>
		</ln>
		<ln lx="2311" ly="1512" rx="3851" ry="1591">
			<wd l="2311" t="1513" r="2549" b="1591" fs="10">margin</wd>
			<wd l="2569" t="1513" r="2756" b="1574" fs="10">entire</wd>
			<wd l="2779" t="1532" r="2847" b="1574" fs="10">or</wd>
			<wd l="2865" t="1513" r="3013" b="1573" fs="10">with</wd>
			<wd l="3034" t="1532" r="3070" b="1574" fs="10">a</wd>
			<wd l="3089" t="1513" r="3213" b="1573" fs="10">few</wd>
			<wd l="3234" t="1512" r="3409" b="1573" fs="10">small</wd>
			<wd l="3429" t="1512" r="3608" b="1585" fs="10">teeth,</wd>
			<wd l="3632" t="1512" r="3851" b="1585" fs="10">ciliate,</wd>
		</ln>
		<ln lx="2311" ly="1605" rx="3850" ry="1684">
			<wd l="2311" t="1606" r="2597" b="1667" fs="10">venation</wd>
			<wd l="2614" t="1606" r="2938" b="1679" fs="10">indistinct;</wd>
			<wd l="2960" t="1606" r="3090" b="1667" fs="10">first</wd>
			<wd l="3104" t="1606" r="3234" b="1684" fs="10">pair</wd>
			<wd l="3250" t="1605" r="3327" b="1666" fs="10">of</wd>
			<wd l="3335" t="1605" r="3537" b="1666" fs="10">leaves</wd>
			<wd l="3556" t="1605" r="3850" b="1683" fs="10">opposite,</wd>
		</ln>
		<ln lx="2313" ly="1697" rx="3851" ry="1776">
			<wd l="2313" t="1698" r="2775" b="1776" fs="10">imparipinnate</wd>
			<wd l="2804" t="1698" r="2952" b="1759" fs="10">with</wd>
			<wd l="2981" t="1718" r="3032" b="1759" fs="10">c.</wd>
			<wd l="3065" t="1699" r="3103" b="1758" fs="10">4</wd>
			<wd l="3124" t="1698" r="3331" b="1776" fs="10">jugae,</wd>
			<wd l="3361" t="1698" r="3558" b="1759" fs="10">rachis</wd>
			<wd l="3588" t="1697" r="3851" b="1775" fs="10">winged,</wd>
		</ln>
		<ln lx="2314" ly="1790" rx="3827" ry="1867">
			<wd l="2314" t="1790" r="2551" b="1851" fs="10">leaflets</wd>
			<wd l="2576" t="1790" r="2724" b="1850" fs="10">with</wd>
			<wd l="2748" t="1791" r="2870" b="1850" fs="10">2-4</wd>
			<wd l="2896" t="1790" r="3050" b="1867" fs="10">deep</wd>
			<wd l="3074" t="1790" r="3254" b="1862" fs="10">teeth,</wd>
			<wd l="3281" t="1790" r="3549" b="1850" fs="10">domatia</wd>
			<wd l="3569" t="1798" r="3827" b="1867" fs="10">present.</wd>
		</ln>
		<ln lx="2307" ly="1954" rx="3850" ry="2016">
			<wd l="2307" t="1954" r="2636" b="2003" fs="10">Additional</wd>
			<wd l="2663" t="1954" r="2973" b="2016" fs="10">specimens</wd>
			<wd l="3004" t="1954" r="3238" b="2003" fs="10">studied:</wd>
			<wd l="3278" t="1954" r="3660" b="2013" fs="10">Queensland.</wd>
			<wd l="3696" t="1954" r="3850" b="2002" fs="10">Cook</wd>
		</ln>
		<ln lx="2312" ly="2029" rx="3848" ry="2092">
			<wd l="2312" t="2031" r="2551" b="2078" fs="10">District:</wd>
			<wd l="2570" t="2029" r="2666" b="2092" fs="10">Big</wd>
			<wd l="2682" t="2029" r="2963" b="2088" fs="10">Tableland,</wd>
			<wd l="2981" t="2031" r="3082" b="2078" fs="10">Jan.</wd>
			<wd l="3107" t="2030" r="3248" b="2088" fs="10">1994,</wd>
			<wd l="3262" t="2030" r="3463" b="2091" fs="10">Cooper</wd>
			<wd l="3473" t="2030" r="3521" b="2078" fs="10"><![CDATA[&]]></wd>
			<wd l="3541" t="2030" r="3742" b="2091" fs="10">Cooper</wd>
			<wd l="3753" t="2030" r="3848" b="2077" fs="10">734</wd>
		</ln>
		<ln lx="2314" ly="2104" rx="3855" ry="2167">
			<wd l="2314" t="2105" r="2498" b="2167" fs="10">(QRS);</wd>
			<wd l="2515" t="2105" r="2740" b="2154" fs="10">Windsor</wd>
			<wd l="2752" t="2104" r="3011" b="2154" fs="10">Tableland</wd>
			<wd l="3025" t="2105" r="3299" b="2167" fs="10">(Northeast</wd>
			<wd l="3312" t="2104" r="3373" b="2154" fs="10">of</wd>
			<wd l="3377" t="2106" r="3466" b="2154" fs="10">Mt.</wd>
			<wd l="3482" t="2104" r="3722" b="2166" fs="10">Carbine),</wd>
			<wd l="3737" t="2106" r="3855" b="2154" fs="10">June</wd>
		</ln>
		<ln lx="2319" ly="2181" rx="3851" ry="2243">
			<wd l="2319" t="2182" r="2454" b="2239" fs="10">1969,</wd>
			<wd l="2486" t="2181" r="2689" b="2243" fs="10">Hyland</wd>
			<wd l="2710" t="2182" r="2834" b="2229" fs="10">2311</wd>
			<wd l="2870" t="2181" r="3039" b="2242" fs="10">(BRI);</wd>
			<wd l="3069" t="2181" r="3200" b="2230" fs="10">Gold</wd>
			<wd l="3226" t="2181" r="3328" b="2229" fs="10">Hill</wd>
			<wd l="3355" t="2196" r="3470" b="2229" fs="10">near</wd>
			<wd l="3496" t="2181" r="3654" b="2229" fs="10">China</wd>
			<wd l="3680" t="2181" r="3851" b="2242" fs="10">Camp,</wd>
		</ln>
		<ln lx="2313" ly="2256" rx="3400" ry="2318">
			<wd l="2313" t="2256" r="2422" b="2318" fs="10">July</wd>
			<wd l="2448" t="2257" r="2589" b="2314" fs="10">1973,</wd>
			<wd l="2616" t="2256" r="2758" b="2304" fs="10">Webb</wd>
			<wd l="2780" t="2257" r="2826" b="2305" fs="10"><![CDATA[&]]></wd>
			<wd l="2849" t="2258" r="3032" b="2318" fs="10">Tracey</wd>
			<wd l="3055" t="2257" r="3212" b="2304" fs="10">13314</wd>
			<wd l="3234" t="2257" r="3400" b="2317" fs="10">(BRI).</wd>
		</ln>
		<ln lx="2309" ly="2404" rx="3344" ry="2464">
			<wd l="2309" t="2404" r="2787" b="2464" fs="10">Distribution</wd>
			<wd l="2849" t="2404" r="2993" b="2464" fs="10">and</wd>
			<wd l="3048" t="2404" r="3323" b="2464" fs="10">habitat</wd>
			<wd l="3329" t="2422" r="3344" b="2463" fs="10">:</wd>
		</ln>
		<ln lx="2317" ly="2495" rx="3852" ry="2573">
			<wd l="2317" t="2497" r="2542" b="2556" fs="10">Guioa</wd>
			<wd l="2603" t="2495" r="3227" b="2573" fs="10">sarcopterifructa</wd>
			<wd l="3288" t="2495" r="3344" b="2555" fs="10">is</wd>
			<wd l="3409" t="2495" r="3719" b="2555" fs="10">endemic</wd>
			<wd l="3784" t="2495" r="3852" b="2554" fs="10">in</wd>
		</ln>
		<ln lx="2312" ly="2587" rx="3857" ry="2662">
			<wd l="2312" t="2588" r="2743" b="2648" fs="10">northeastern.</wd>
			<wd l="2773" t="2587" r="3184" b="2662" fs="10">Queensland,</wd>
			<wd l="3213" t="2587" r="3501" b="2648" fs="10">Windsor</wd>
			<wd l="3525" t="2587" r="3857" b="2648" fs="10">Tableland</wd>
		</ln>
		<ln lx="2312" ly="2679" rx="3853" ry="2757">
			<wd l="2312" t="2687" r="2376" b="2740" fs="10">to</wd>
			<wd l="2415" t="2679" r="2537" b="2757" fs="10">Big</wd>
			<wd l="2575" t="2679" r="2941" b="2751" fs="10">Tableland,</wd>
			<wd l="2981" t="2679" r="3046" b="2739" fs="10">in</wd>
			<wd l="3081" t="2679" r="3317" b="2757" fs="10">upland</wd>
			<wd l="3353" t="2679" r="3710" b="2751" fs="10">rainforest;</wd>
			<wd l="3751" t="2679" r="3853" b="2739" fs="10">alt.</wd>
		</ln>
		<ln lx="2313" ly="2772" rx="2754" ry="2832">
			<wd l="2313" t="2772" r="2646" b="2832" fs="10">400-1000</wd>
			<wd l="2673" t="2791" r="2754" b="2832" fs="10">m.</wd>
		</ln>
		<ln lx="2310" ly="2934" rx="3854" ry="3013">
			<wd l="2310" t="2936" r="2681" b="3013" fs="10">Etymology</wd>
			<wd l="2686" t="2954" r="2701" b="2995" fs="10">:</wd>
			<wd l="2737" t="2935" r="2864" b="2995" fs="10">The</wd>
			<wd l="2898" t="2935" r="3153" b="3013" fs="10">specific</wd>
			<wd l="3187" t="2935" r="3412" b="3013" fs="10">epithet</wd>
			<wd l="3440" t="2935" r="3629" b="2995" fs="10">refers</wd>
			<wd l="3660" t="2943" r="3723" b="2995" fs="10">to</wd>
			<wd l="3754" t="2934" r="3854" b="2995" fs="10">the</wd>
		</ln>
		<ln lx="2314" ly="3027" rx="3853" ry="3105">
			<wd l="2314" t="3027" r="2482" b="3088" fs="10">close</wd>
			<wd l="2507" t="3027" r="2923" b="3088" fs="10">resemblance</wd>
			<wd l="2948" t="3027" r="3097" b="3088" fs="10">with</wd>
			<wd l="3119" t="3027" r="3219" b="3088" fs="10">the</wd>
			<wd l="3246" t="3027" r="3418" b="3088" fs="10">fruits</wd>
			<wd l="3445" t="3027" r="3522" b="3088" fs="10">of</wd>
			<wd l="3535" t="3027" r="3635" b="3088" fs="10">the</wd>
			<wd l="3661" t="3047" r="3853" b="3105" fs="10">genus</wd>
		</ln>
		<ln lx="2312" ly="3119" rx="3230" ry="3198">
			<wd l="2312" t="3121" r="2718" b="3198" fs="10">Sarcopteryx</wd>
			<wd l="2741" t="3119" r="3230" b="3198" fs="10">(Sapindaceae).</wd>
		</ln>
		<ln lx="2309" ly="3283" rx="3856" ry="3362">
			<wd l="2309" t="3286" r="2475" b="3345" fs="10">Note</wd>
			<wd l="2481" t="3303" r="2496" b="3345" fs="10">:</wd>
			<wd l="2524" t="3283" r="2651" b="3345" fs="10">The</wd>
			<wd l="2673" t="3283" r="2793" b="3362" fs="10">key</wd>
			<wd l="2813" t="3292" r="2876" b="3345" fs="10">to</wd>
			<wd l="2898" t="3283" r="2999" b="3345" fs="10">the</wd>
			<wd l="3022" t="3303" r="3245" b="3362" fs="10">genera</wd>
			<wd l="3266" t="3283" r="3343" b="3344" fs="10">of</wd>
			<wd l="3357" t="3283" r="3770" b="3362" fs="10">Sapindaceae</wd>
			<wd l="3794" t="3283" r="3856" b="3343" fs="10">in</wd>
		</ln>
		<ln lx="2312" ly="3376" rx="3852" ry="3454">
			<wd l="2312" t="3376" r="2407" b="3437" fs="10">the</wd>
			<wd l="2442" t="3376" r="2634" b="3437" fs="10">Flora</wd>
			<wd l="2667" t="3376" r="2748" b="3454" fs="10">of</wd>
			<wd l="2757" t="3376" r="3072" b="3437" fs="10">Australia</wd>
			<wd l="3103" t="3376" r="3442" b="3454" fs="10">(Reynolds</wd>
			<wd l="3485" t="3376" r="3668" b="3452" fs="10">1985)</wd>
			<wd l="3703" t="3376" r="3852" b="3436" fs="10">does</wd>
		</ln>
		<ln lx="2312" ly="3468" rx="3853" ry="3546">
			<wd l="2312" t="3477" r="2420" b="3529" fs="10">not</wd>
			<wd l="2446" t="3469" r="2602" b="3529" fs="10">have</wd>
			<wd l="2631" t="3477" r="2694" b="3529" fs="10">to</wd>
			<wd l="2722" t="3468" r="2800" b="3529" fs="10">be</wd>
			<wd l="2830" t="3468" r="3125" b="3546" fs="10">changed,</wd>
			<wd l="3155" t="3468" r="3262" b="3529" fs="10">but</wd>
			<wd l="3291" t="3468" r="3468" b="3528" fs="10">floral</wd>
			<wd l="3499" t="3468" r="3853" b="3540" fs="10">characters,</wd>
		</ln>
		<ln lx="2313" ly="3560" rx="3854" ry="3632">
			<wd l="2313" t="3560" r="2518" b="3621" fs="10">which</wd>
			<wd l="2547" t="3580" r="2645" b="3621" fs="10">are</wd>
			<wd l="2676" t="3560" r="2772" b="3621" fs="10">for</wd>
			<wd l="2800" t="3560" r="3071" b="3621" fs="10">instance</wd>
			<wd l="3099" t="3560" r="3336" b="3621" fs="10">needed</wd>
			<wd l="3365" t="3560" r="3428" b="3619" fs="10">in</wd>
			<wd l="3458" t="3560" r="3594" b="3620" fs="10">lead</wd>
			<wd l="3623" t="3561" r="3723" b="3632" fs="10">20,</wd>
			<wd l="3755" t="3561" r="3854" b="3632" fs="10">21,</wd>
		</ln>
		<ln lx="2315" ly="3652" rx="3857" ry="3714">
			<wd l="2315" t="3672" r="2413" b="3714" fs="10">are</wd>
			<wd l="2445" t="3652" r="2565" b="3714" fs="10">still</wd>
			<wd l="2596" t="3652" r="2824" b="3714" fs="10">absent.</wd>
			<wd l="2858" t="3655" r="2906" b="3713" fs="10">It</wd>
			<wd l="2935" t="3652" r="2987" b="3714" fs="10">is</wd>
			<wd l="3015" t="3652" r="3329" b="3713" fs="10">unknown</wd>
			<wd l="3356" t="3652" r="3626" b="3713" fs="10">whether</wd>
			<wd l="3655" t="3672" r="3723" b="3713" fs="10">or</wd>
			<wd l="3750" t="3661" r="3857" b="3713" fs="10">not</wd>
		</ln>
		<ln lx="2318" ly="3744" rx="3328" ry="3823">
			<wd l="2318" t="3746" r="2384" b="3806" fs="10">G.</wd>
			<wd l="2414" t="3745" r="2959" b="3823" fs="10">sarcopterifructa</wd>
			<wd l="2979" t="3745" r="3089" b="3805" fs="10">has</wd>
			<wd l="3115" t="3744" r="3328" b="3805" fs="10">scales.</wd>
		</ln>
		<ln lx="2505" ly="3905" rx="3853" ry="3983">
			<wd l="2505" t="3906" r="2640" b="3967" fs="10">The</wd>
			<wd l="2694" t="3905" r="2823" b="3983" fs="10">key</wd>
			<wd l="2875" t="3914" r="2942" b="3966" fs="10">to</wd>
			<wd l="2996" t="3905" r="3105" b="3966" fs="10">the</wd>
			<wd l="3161" t="3905" r="3424" b="3983" fs="10">species</wd>
			<wd l="3480" t="3905" r="3561" b="3966" fs="10">of</wd>
			<wd l="3629" t="3906" r="3853" b="3966" fs="10">Guioa</wd>
		</ln>
		<ln lx="2315" ly="3993" rx="3859" ry="4071">
			<wd l="2315" t="3994" r="2684" b="4071" fs="10">(Reynolds</wd>
			<wd l="2734" t="3995" r="2925" b="4054" fs="10">1985:</wd>
			<wd l="2970" t="3994" r="3086" b="4069" fs="10">47)</wd>
			<wd l="3129" t="3993" r="3286" b="4069" fs="10">only</wd>
			<wd l="3325" t="3993" r="3528" b="4053" fs="10">needs</wd>
			<wd l="3572" t="4013" r="3607" b="4053" fs="10">a</wd>
			<wd l="3645" t="3993" r="3859" b="4053" fs="10">minor</wd>
		</ln>
		<ln lx="2315" ly="4079" rx="3852" ry="4157">
			<wd l="2315" t="4080" r="2572" b="4157" fs="10">change,</wd>
			<wd l="2608" t="4080" r="2710" b="4140" fs="10">the</wd>
			<wd l="2745" t="4099" r="2925" b="4140" fs="10">name</wd>
			<wd l="2975" t="4081" r="3043" b="4140" fs="10">G.</wd>
			<wd l="3089" t="4079" r="3491" b="4156" fs="10">crenifoliola</wd>
			<wd l="3524" t="4079" r="3636" b="4139" fs="10">has</wd>
			<wd l="3673" t="4087" r="3737" b="4139" fs="10">to</wd>
			<wd l="3774" t="4079" r="3852" b="4139" fs="10">be</wd>
		</ln>
		<ln lx="2315" ly="4166" rx="3855" ry="4245">
			<wd l="2315" t="4167" r="2589" b="4245" fs="10">changed</wd>
			<wd l="2604" t="4175" r="2666" b="4228" fs="10">to</wd>
			<wd l="2687" t="4168" r="2753" b="4228" fs="10">G.</wd>
			<wd l="2777" t="4167" r="3326" b="4245" fs="10">sarcopterifructa.</wd>
			<wd l="3348" t="4166" r="3473" b="4227" fs="10">The</wd>
			<wd l="3492" t="4166" r="3855" b="4244" fs="10">description</wd>
		</ln>
		<ln lx="2315" ly="4254" rx="3853" ry="4332">
			<wd l="2315" t="4274" r="2429" b="4315" fs="10">can</wd>
			<wd l="2451" t="4255" r="2528" b="4315" fs="10">be</wd>
			<wd l="2551" t="4254" r="2835" b="4332" fs="10">replaced</wd>
			<wd l="2857" t="4254" r="3005" b="4314" fs="10">with</wd>
			<wd l="3027" t="4254" r="3127" b="4314" fs="10">the</wd>
			<wd l="3153" t="4273" r="3270" b="4314" fs="10">one</wd>
			<wd l="3293" t="4254" r="3614" b="4331" fs="10">presented</wd>
			<wd l="3639" t="4254" r="3853" b="4313" fs="10">above.</wd>
		</ln>
		<ln lx="2313" ly="4415" rx="3003" ry="4489">
			<wd l="2313" t="4415" r="3003" b="4489" fs="10">Acknowledgements</wd>
		</ln>
		<ln lx="2318" ly="4569" rx="3856" ry="4648">
			<wd l="2318" t="4571" r="2497" b="4648" fs="10">Sally</wd>
			<wd l="2536" t="4570" r="2872" b="4648" fs="10">Reynolds</wd>
			<wd l="2946" t="4570" r="3216" b="4648" fs="10">pointed</wd>
			<wd l="3289" t="4589" r="3397" b="4647" fs="10">my</wd>
			<wd l="3438" t="4569" r="3752" b="4630" fs="10">attention</wd>
			<wd l="3790" t="4578" r="3856" b="4629" fs="10">to</wd>
		</ln>
		<ln lx="2314" ly="4656" rx="3858" ry="4735">
			<wd l="2314" t="4658" r="2418" b="4719" fs="10">the</wd>
			<wd l="2459" t="4658" r="2588" b="4719" fs="10">fact</wd>
			<wd l="2623" t="4658" r="2755" b="4718" fs="10">that</wd>
			<wd l="2793" t="4657" r="3056" b="4735" fs="10">fruiting</wd>
			<wd l="3096" t="4657" r="3455" b="4734" fs="10">specimens</wd>
			<wd l="3494" t="4657" r="3656" b="4717" fs="10">have</wd>
			<wd l="3694" t="4656" r="3858" b="4717" fs="10">been</wd>
		</ln>
		<ln lx="2316" ly="4744" rx="3854" ry="4806">
			<wd l="2316" t="4745" r="2531" b="4806" fs="10">found</wd>
			<wd l="2585" t="4745" r="2667" b="4806" fs="10">of</wd>
			<wd l="2710" t="4745" r="2889" b="4806" fs="10">what</wd>
			<wd l="2941" t="4764" r="3079" b="4805" fs="10">was</wd>
			<wd l="3133" t="4744" r="3427" b="4805" fs="10">hitherto</wd>
			<wd l="3482" t="4744" r="3730" b="4804" fs="10">known</wd>
			<wd l="3785" t="4763" r="3854" b="4804" fs="10">as</wd>
		</ln>
		<ln lx="2319" ly="4830" rx="3863" ry="4909">
			<wd l="2319" t="4834" r="2524" b="4893" fs="10">Guioa</wd>
			<wd l="2546" t="4832" r="2935" b="4909" fs="10">crenifoliola</wd>
			<wd l="2955" t="4851" r="3024" b="4892" fs="10">or</wd>
			<wd l="3046" t="4833" r="3112" b="4892" fs="10">G.</wd>
			<wd l="3132" t="4831" r="3500" b="4908" fs="10">pteropoda.</wd>
			<wd l="3526" t="4832" r="3626" b="4891" fs="10">On</wd>
			<wd l="3645" t="4830" r="3863" b="4891" fs="10">behalf</wd>
		</ln>
		<ln lx="2316" ly="4917" rx="3858" ry="4996">
			<wd l="2316" t="4920" r="2394" b="4980" fs="10">of</wd>
			<wd l="2409" t="4919" r="2630" b="4980" fs="10">Bernie</wd>
			<wd l="2657" t="4919" r="2920" b="4996" fs="10">Hyland,</wd>
			<wd l="2949" t="4918" r="3141" b="4979" fs="10">Rebel</wd>
			<wd l="3168" t="4918" r="3343" b="4978" fs="10">Elick</wd>
			<wd l="3367" t="4937" r="3495" b="4978" fs="10">was</wd>
			<wd l="3525" t="4937" r="3594" b="4978" fs="10">so</wd>
			<wd l="3621" t="4917" r="3771" b="4978" fs="10">kind</wd>
			<wd l="3795" t="4925" r="3858" b="4977" fs="10">to</wd>
		</ln>
		<ln lx="2317" ly="5004" rx="3860" ry="5084">
			<wd l="2317" t="5007" r="2468" b="5067" fs="10">send</wd>
			<wd l="2493" t="5026" r="2529" b="5067" fs="10">a</wd>
			<wd l="2554" t="5006" r="2866" b="5084" fs="10">specimen</wd>
			<wd l="2891" t="5006" r="2988" b="5066" fs="10">for</wd>
			<wd l="3013" t="5005" r="3207" b="5083" fs="10">study.</wd>
			<wd l="3236" t="5007" r="3260" b="5064" fs="10">I</wd>
			<wd l="3287" t="5024" r="3386" b="5066" fs="10">am</wd>
			<wd l="3411" t="5005" r="3541" b="5065" fs="10">also</wd>
			<wd l="3568" t="5005" r="3711" b="5082" fs="10">glad</wd>
			<wd l="3735" t="5004" r="3860" b="5065" fs="10">that</wd>
		</ln>
		<ln lx="2315" ly="5092" rx="3858" ry="5170">
			<wd l="2315" t="5094" r="2793" b="5154" fs="10">Hans-Joachim</wd>
			<wd l="2823" t="5096" r="3004" b="5153" fs="10">Esser</wd>
			<wd l="3032" t="5112" r="3159" b="5152" fs="10">was</wd>
			<wd l="3190" t="5092" r="3426" b="5170" fs="10">willing</wd>
			<wd l="3454" t="5101" r="3517" b="5152" fs="10">to</wd>
			<wd l="3548" t="5092" r="3728" b="5152" fs="10">make</wd>
			<wd l="3757" t="5092" r="3858" b="5151" fs="10">the</wd>
		</ln>
		<ln lx="2316" ly="5179" rx="3860" ry="5259">
			<wd l="2316" t="5182" r="2510" b="5242" fs="10">Latin</wd>
			<wd l="2554" t="5181" r="2993" b="5259" fs="10">description.</wd>
			<wd l="3039" t="5180" r="3284" b="5241" fs="10">Bernie</wd>
			<wd l="3328" t="5180" r="3598" b="5258" fs="10">Hyland</wd>
			<wd l="3642" t="5179" r="3860" b="5240" fs="10">added</wd>
		</ln>
		<ln lx="2316" ly="5268" rx="3862" ry="5347">
			<wd l="2316" t="5269" r="2710" b="5330" fs="10">information</wd>
			<wd l="2735" t="5288" r="2817" b="5330" fs="10">on</wd>
			<wd l="2844" t="5269" r="3150" b="5347" fs="10">seedlings</wd>
			<wd l="3178" t="5268" r="3297" b="5329" fs="10">and</wd>
			<wd l="3323" t="5268" r="3652" b="5347" fs="10">suggested</wd>
			<wd l="3678" t="5287" r="3714" b="5329" fs="10">a</wd>
			<wd l="3739" t="5268" r="3862" b="5329" fs="10">few</wd>
		</ln>
		<ln lx="2316" ly="5356" rx="3859" ry="5435">
			<wd l="2316" t="5358" r="2791" b="5435" fs="10">improvements</wd>
			<wd l="2820" t="5365" r="2883" b="5417" fs="10">to</wd>
			<wd l="2913" t="5357" r="3013" b="5417" fs="10">the</wd>
			<wd l="3043" t="5357" r="3432" b="5434" fs="10">manuscript,</wd>
			<wd l="3463" t="5356" r="3669" b="5417" fs="10">which</wd>
			<wd l="3697" t="5376" r="3859" b="5416" fs="10">were</wd>
		</ln>
		<ln lx="2316" ly="5447" rx="3861" ry="5526">
			<wd l="2316" t="5448" r="2520" b="5526" fs="10">gladly</wd>
			<wd l="2538" t="5448" r="2750" b="5508" fs="10">added.</wd>
			<wd l="2770" t="5449" r="2872" b="5507" fs="10">An</wd>
			<wd l="2889" t="5467" r="3266" b="5525" fs="10">anonymous</wd>
			<wd l="3284" t="5447" r="3511" b="5508" fs="10">referee</wd>
			<wd l="3530" t="5447" r="3581" b="5508" fs="10">is</wd>
			<wd l="3598" t="5447" r="3861" b="5508" fs="10">thanked</wd>
		</ln>
		<ln lx="2317" ly="5539" rx="3141" ry="5600">
			<wd l="2317" t="5539" r="2413" b="5600" fs="10">for</wd>
			<wd l="2435" t="5539" r="2530" b="5600" fs="10">his</wd>
			<wd l="2554" t="5539" r="2758" b="5600" fs="10">useful</wd>
			<wd l="2784" t="5547" r="3141" b="5599" fs="10">comments.</wd>
		</ln>
	</region>
</ocr-page>
