<?xml version="1.0" encoding="UTF-8"?>
<ocr-page type="coords" ocr-vers="1.0" creation-date="20130321" res="600" height="6300" width="4500">
	<region article-doi="10.2307/41729916" region-id="0">
		<rc l="632" t="730" r="3771" b="803"/>
		<ln lx="637" ly="735" rx="3766" ry="798">
			<wd l="637" t="743" r="698" b="791" fs="10">50</wd>
			<wd l="2863" t="736" r="3240" b="798" fs="10">Austrobaileya</wd>
			<wd l="3259" t="736" r="3382" b="797" fs="10">5(1):</wd>
			<wd l="3405" t="736" r="3563" b="784" fs="10">39-51</wd>
			<wd l="3591" t="735" r="3766" b="797" fs="10">(1997)</wd>
		</ln>
	</region>
	<region article-doi="10.2307/41729916" region-id="1">
		<rc l="627" t="853" r="2198" b="5608"/>
		<ln lx="635" ly="858" rx="2173" ry="939">
			<wd l="635" t="861" r="930" b="938" fs="10">Hook.f.)</wd>
			<wd l="968" t="860" r="1196" b="939" fs="10">plains,</wd>
			<wd l="1238" t="860" r="1437" b="938" fs="10">shady</wd>
			<wd l="1475" t="859" r="1706" b="938" fs="10">gullies</wd>
			<wd l="1747" t="858" r="1869" b="920" fs="10">and</wd>
			<wd l="1908" t="858" r="2173" b="920" fs="10">dolerite</wd>
		</ln>
		<ln lx="637" ly="954" rx="824" ry="1015">
			<wd l="637" t="954" r="824" b="1015" fs="10">cliffs.</wd>
		</ln>
		<ln lx="632" ly="1114" rx="2170" ry="1195">
			<wd l="632" t="1118" r="1010" b="1195" fs="10">Phenology</wd>
			<wd l="1017" t="1135" r="1031" b="1177" fs="10">:</wd>
			<wd l="1069" t="1119" r="1134" b="1177" fs="10">R.</wd>
			<wd l="1175" t="1121" r="1534" b="1194" fs="10">gunnianus</wd>
			<wd l="1568" t="1114" r="1878" b="1193" fs="10">produces</wd>
			<wd l="1916" t="1114" r="2170" b="1175" fs="10">flowers</wd>
		</ln>
		<ln lx="636" ly="1206" rx="2173" ry="1286">
			<wd l="636" t="1211" r="804" b="1271" fs="10">from</wd>
			<wd l="841" t="1208" r="1571" b="1286" fs="10">November-February</wd>
			<wd l="1612" t="1207" r="1736" b="1269" fs="10">and</wd>
			<wd l="1777" t="1207" r="1963" b="1268" fs="10">fruits</wd>
			<wd l="2005" t="1206" r="2173" b="1267" fs="10">from</wd>
		</ln>
		<ln lx="635" ly="1301" rx="1116" ry="1380">
			<wd l="635" t="1301" r="1116" b="1380" fs="10">January-April.</wd>
		</ln>
		<ln lx="632" ly="1462" rx="2169" ry="1543">
			<wd l="632" t="1469" r="833" b="1527" fs="10">Notes</wd>
			<wd l="840" t="1485" r="855" b="1526" fs="10">:</wd>
			<wd l="892" t="1468" r="957" b="1526" fs="10">R.</wd>
			<wd l="997" t="1470" r="1352" b="1543" fs="10">gunnianus</wd>
			<wd l="1386" t="1464" r="1498" b="1525" fs="10">has</wd>
			<wd l="1534" t="1483" r="1616" b="1525" fs="10">no</wd>
			<wd l="1655" t="1463" r="1826" b="1524" fs="10">close</wd>
			<wd l="1861" t="1462" r="2169" b="1524" fs="10">relatives.</wd>
		</ln>
		<ln lx="637" ly="1554" rx="2167" ry="1634">
			<wd l="637" t="1558" r="847" b="1620" fs="10">While</wd>
			<wd l="886" t="1557" r="1097" b="1618" fs="10">Focke</wd>
			<wd l="1137" t="1557" r="1369" b="1634" fs="10">(1910)</wd>
			<wd l="1407" t="1555" r="1637" b="1634" fs="10">placed</wd>
			<wd l="1676" t="1555" r="1722" b="1616" fs="10">it</wd>
			<wd l="1760" t="1555" r="1825" b="1615" fs="10">in</wd>
			<wd l="1868" t="1557" r="1934" b="1615" fs="10">R.</wd>
			<wd l="1985" t="1554" r="2167" b="1632" fs="10">subg.</wd>
		</ln>
		<ln lx="634" ly="1649" rx="2171" ry="1727">
			<wd l="634" t="1650" r="983" b="1713" fs="10">Dalibarda</wd>
			<wd l="986" t="1701" r="1000" b="1724" fs="10">,</wd>
			<wd l="1033" t="1650" r="1110" b="1712" fs="10">he</wd>
			<wd l="1145" t="1649" r="1274" b="1711" fs="10">also</wd>
			<wd l="1310" t="1649" r="1502" b="1711" fs="10">stated</wd>
			<wd l="1532" t="1649" r="1658" b="1710" fs="10">that</wd>
			<wd l="1689" t="1650" r="1784" b="1710" fs="10">"R.</wd>
			<wd l="1821" t="1652" r="2171" b="1727" fs="10">gunnianus</wd>
		</ln>
		<ln lx="639" ly="1740" rx="2173" ry="1820">
			<wd l="639" t="1744" r="752" b="1806" fs="10">and</wd>
			<wd l="820" t="1746" r="888" b="1805" fs="10">R.</wd>
			<wd l="953" t="1742" r="1322" b="1804" fs="10">dalibarda</wd>
			<wd l="1376" t="1741" r="1555" b="1820" fs="10">truly</wd>
			<wd l="1613" t="1740" r="1982" b="1803" fs="10">constitute</wd>
			<wd l="2038" t="1748" r="2173" b="1801" fs="10">two</wd>
		</ln>
		<ln lx="640" ly="1835" rx="1496" ry="1914">
			<wd l="640" t="1836" r="1079" b="1899" fs="10">characteristic</wd>
			<wd l="1106" t="1835" r="1496" b="1914" fs="10">subgenera".</wd>
		</ln>
		<ln lx="826" ly="1996" rx="2175" ry="2077">
			<wd l="826" t="2002" r="885" b="2060" fs="10">A</wd>
			<wd l="927" t="2019" r="1075" b="2060" fs="10">new</wd>
			<wd l="1119" t="1999" r="1457" b="2077" fs="10">subgenus</wd>
			<wd l="1501" t="1998" r="1558" b="2059" fs="10">is</wd>
			<wd l="1600" t="1998" r="1757" b="2059" fs="10">here</wd>
			<wd l="1801" t="1996" r="2067" b="2058" fs="10">erected</wd>
			<wd l="2108" t="2005" r="2175" b="2057" fs="10">to</wd>
		</ln>
		<ln lx="640" ly="2088" rx="2173" ry="2170">
			<wd l="640" t="2092" r="1098" b="2155" fs="10">accommodate</wd>
			<wd l="1140" t="2094" r="1205" b="2153" fs="10">R.</wd>
			<wd l="1247" t="2096" r="1605" b="2170" fs="10">gunnianus</wd>
			<wd l="1610" t="2140" r="1624" b="2163" fs="10">,</wd>
			<wd l="1664" t="2109" r="1730" b="2151" fs="10">as</wd>
			<wd l="1768" t="2090" r="1814" b="2151" fs="10">it</wd>
			<wd l="1847" t="2088" r="1959" b="2150" fs="10">has</wd>
			<wd l="1999" t="2108" r="2173" b="2150" fs="10">some</wd>
		</ln>
		<ln lx="640" ly="2181" rx="2172" ry="2262">
			<wd l="640" t="2185" r="1112" b="2247" fs="10">characteristics</wd>
			<wd l="1135" t="2184" r="1362" b="2262" fs="10">unique</wd>
			<wd l="1387" t="2184" r="1484" b="2245" fs="10">for</wd>
			<wd l="1499" t="2183" r="1708" b="2244" fs="10">Rubus</wd>
			<wd l="1713" t="2232" r="1726" b="2256" fs="10">,</wd>
			<wd l="1753" t="2202" r="1821" b="2243" fs="10">or</wd>
			<wd l="1844" t="2190" r="1902" b="2243" fs="10">at</wd>
			<wd l="1925" t="2181" r="2075" b="2242" fs="10">least</wd>
			<wd l="2097" t="2181" r="2172" b="2242" fs="10">its</wd>
		</ln>
		<ln lx="637" ly="2273" rx="2176" ry="2355">
			<wd l="637" t="2277" r="1018" b="2355" fs="10">non-woody</wd>
			<wd l="1044" t="2276" r="1365" b="2337" fs="10">members.</wd>
			<wd l="1398" t="2275" r="1594" b="2336" fs="10">These</wd>
			<wd l="1624" t="2274" r="1866" b="2336" fs="10">include</wd>
			<wd l="1895" t="2274" r="1942" b="2351" fs="10">i)</wd>
			<wd l="1973" t="2273" r="2176" b="2334" fs="10">leaves</wd>
		</ln>
		<ln lx="639" ly="2365" rx="2179" ry="2446">
			<wd l="639" t="2371" r="704" b="2431" fs="10">in</wd>
			<wd l="740" t="2378" r="1029" b="2443" fs="10">rosettes,</wd>
			<wd l="1072" t="2369" r="1250" b="2430" fs="10">often</wd>
			<wd l="1288" t="2368" r="1526" b="2446" fs="10">arising</wd>
			<wd l="1565" t="2367" r="1832" b="2445" fs="10">directly</wd>
			<wd l="1871" t="2366" r="2038" b="2427" fs="10">from</wd>
			<wd l="2074" t="2365" r="2179" b="2427" fs="10">the</wd>
		</ln>
		<ln lx="637" ly="2458" rx="2176" ry="2535">
			<wd l="637" t="2463" r="947" b="2535" fs="10">rhizome,</wd>
			<wd l="990" t="2481" r="1061" b="2523" fs="10">or</wd>
			<wd l="1098" t="2461" r="1254" b="2522" fs="10">with</wd>
			<wd l="1295" t="2461" r="1470" b="2522" fs="10">short</wd>
			<wd l="1510" t="2468" r="1681" b="2521" fs="10">erect</wd>
			<wd l="1718" t="2458" r="2058" b="2531" fs="10">branches;</wd>
			<wd l="2101" t="2458" r="2176" b="2535" fs="10">ii)</wd>
		</ln>
		<ln lx="640" ly="2550" rx="2181" ry="2632">
			<wd l="640" t="2555" r="901" b="2617" fs="10">absence</wd>
			<wd l="933" t="2554" r="1011" b="2615" fs="10">of</wd>
			<wd l="1033" t="2553" r="1283" b="2632" fs="10">stipules</wd>
			<wd l="1316" t="2552" r="1549" b="2630" fs="10">(unlike</wd>
			<wd l="1582" t="2551" r="1661" b="2613" fs="10">all</wd>
			<wd l="1694" t="2551" r="1865" b="2613" fs="10">other</wd>
			<wd l="1895" t="2550" r="2181" b="2628" fs="10">creeping</wd>
		</ln>
		<ln lx="636" ly="2643" rx="2180" ry="2725">
			<wd l="636" t="2648" r="894" b="2725" fs="10">Rubus);</wd>
			<wd l="929" t="2647" r="1041" b="2725" fs="10">iii),</wd>
			<wd l="1074" t="2646" r="1265" b="2708" fs="10">broad</wd>
			<wd l="1295" t="2645" r="1554" b="2725" fs="10">petioles</wd>
			<wd l="1589" t="2644" r="1907" b="2723" fs="10">sheathing</wd>
			<wd l="1939" t="2652" r="1997" b="2705" fs="10">at</wd>
			<wd l="2026" t="2643" r="2180" b="2705" fs="10">their</wd>
		</ln>
		<ln lx="639" ly="2736" rx="2177" ry="2819">
			<wd l="639" t="2742" r="845" b="2815" fs="10">bases;</wd>
			<wd l="884" t="2741" r="975" b="2819" fs="10">iv)</wd>
			<wd l="1011" t="2739" r="1364" b="2819" fs="10">prominent</wd>
			<wd l="1399" t="2738" r="1621" b="2818" fs="10">glands</wd>
			<wd l="1659" t="2757" r="1742" b="2800" fs="10">on</wd>
			<wd l="1776" t="2737" r="1879" b="2799" fs="10">the</wd>
			<wd l="1917" t="2736" r="2177" b="2816" fs="10">carpels,</wd>
		</ln>
		<ln lx="639" ly="2829" rx="2172" ry="2909">
			<wd l="639" t="2834" r="846" b="2895" fs="10">unlike</wd>
			<wd l="876" t="2833" r="954" b="2894" fs="10">all</wd>
			<wd l="983" t="2833" r="1153" b="2894" fs="10">other</wd>
			<wd l="1178" t="2832" r="1553" b="2893" fs="10">herbaceous</wd>
			<wd l="1585" t="2831" r="1820" b="2909" fs="10">species</wd>
			<wd l="1851" t="2830" r="1927" b="2890" fs="10">of</wd>
			<wd l="1942" t="2829" r="2152" b="2890" fs="10">Rubus</wd>
			<wd l="2158" t="2848" r="2172" b="2901" fs="10">;</wd>
		</ln>
		<ln lx="639" ly="2921" rx="2178" ry="3004">
			<wd l="639" t="2927" r="707" b="3004" fs="10">v)</wd>
			<wd l="743" t="2926" r="989" b="2987" fs="10">flowers</wd>
			<wd l="1025" t="2925" r="1195" b="2986" fs="10">often</wd>
			<wd l="1229" t="2924" r="1513" b="3003" fs="10">(perhaps</wd>
			<wd l="1550" t="2923" r="1806" b="3001" fs="10">always)</wd>
			<wd l="1839" t="2921" r="2178" b="2994" fs="10">unisexual,</wd>
		</ln>
		<ln lx="640" ly="3013" rx="2180" ry="3095">
			<wd l="640" t="3019" r="785" b="3080" fs="10">with</wd>
			<wd l="802" t="3018" r="986" b="3080" fs="10">either</wd>
			<wd l="1003" t="3026" r="1261" b="3079" fs="10">stamens</wd>
			<wd l="1280" t="3036" r="1347" b="3078" fs="10">or</wd>
			<wd l="1363" t="3016" r="1591" b="3095" fs="10">carpels</wd>
			<wd l="1607" t="3015" r="1790" b="3093" fs="10">being</wd>
			<wd l="1807" t="3013" r="2180" b="3093" fs="10">imperfectly</wd>
		</ln>
		<ln lx="642" ly="3105" rx="2182" ry="3189">
			<wd l="642" t="3111" r="984" b="3189" fs="10">developed</wd>
			<wd l="1011" t="3110" r="1238" b="3187" fs="10">(Curtis</wd>
			<wd l="1275" t="3111" r="1453" b="3182" fs="10">1956;</wd>
			<wd l="1482" t="3108" r="1760" b="3186" fs="10">Rodway</wd>
			<wd l="1787" t="3107" r="1850" b="3167" fs="10">in</wd>
			<wd l="1877" t="3107" r="2033" b="3184" fs="10">litt.),</wd>
			<wd l="2063" t="3105" r="2182" b="3167" fs="10">and</wd>
		</ln>
		<ln lx="640" ly="3198" rx="2183" ry="3266">
			<wd l="640" t="3205" r="758" b="3266" fs="10">this</wd>
			<wd l="778" t="3223" r="890" b="3265" fs="10">can</wd>
			<wd l="905" t="3203" r="982" b="3265" fs="10">be</wd>
			<wd l="1002" t="3202" r="1299" b="3264" fs="10">observed</wd>
			<wd l="1317" t="3202" r="1380" b="3262" fs="10">in</wd>
			<wd l="1395" t="3201" r="1495" b="3263" fs="10">the</wd>
			<wd l="1512" t="3200" r="1869" b="3262" fs="10">herbarium.</wd>
			<wd l="1890" t="3199" r="1994" b="3260" fs="10">All</wd>
			<wd l="2013" t="3198" r="2183" b="3260" fs="10">other</wd>
		</ln>
		<ln lx="641" ly="3292" rx="2183" ry="3369">
			<wd l="641" t="3297" r="1062" b="3358" fs="10">herbaceous</wd>
			<wd l="1125" t="3295" r="1301" b="3356" fs="10">Rubi</wd>
			<wd l="1365" t="3314" r="1474" b="3355" fs="10">are</wd>
			<wd l="1535" t="3292" r="1875" b="3365" fs="10">bisexual,</wd>
			<wd l="1941" t="3300" r="2183" b="3369" fs="10">except</wd>
		</ln>
		<ln lx="639" ly="3383" rx="2181" ry="3461">
			<wd l="639" t="3391" r="703" b="3450" fs="10">R.</wd>
			<wd l="730" t="3389" r="1191" b="3450" fs="10">chamaemorus</wd>
			<wd l="1208" t="3389" r="1295" b="3460" fs="10">L.,</wd>
			<wd l="1314" t="3385" r="1518" b="3447" fs="10">which</wd>
			<wd l="1535" t="3385" r="1586" b="3446" fs="10">is</wd>
			<wd l="1606" t="3384" r="1921" b="3446" fs="10">dioecious</wd>
			<wd l="1940" t="3383" r="2181" b="3461" fs="10">(Bailey</wd>
		</ln>
		<ln lx="651" ly="3476" rx="2184" ry="3558">
			<wd l="651" t="3481" r="857" b="3558" fs="10">1941);</wd>
			<wd l="879" t="3480" r="970" b="3558" fs="10">vi)</wd>
			<wd l="992" t="3480" r="1118" b="3541" fs="10">The</wd>
			<wd l="1138" t="3479" r="1333" b="3557" fs="10">major</wd>
			<wd l="1353" t="3478" r="1558" b="3540" fs="10">lateral</wd>
			<wd l="1577" t="3477" r="1753" b="3539" fs="10">veins</wd>
			<wd l="1775" t="3477" r="1838" b="3537" fs="10">in</wd>
			<wd l="1856" t="3476" r="1956" b="3538" fs="10">the</wd>
			<wd l="1979" t="3476" r="2184" b="3537" fs="10">leaves</wd>
		</ln>
		<ln lx="641" ly="3568" rx="2187" ry="3636">
			<wd l="641" t="3574" r="955" b="3636" fs="10">terminate</wd>
			<wd l="990" t="3581" r="1048" b="3634" fs="10">at</wd>
			<wd l="1081" t="3592" r="1117" b="3634" fs="10">a</wd>
			<wd l="1150" t="3573" r="1335" b="3634" fs="10">sinus.</wd>
			<wd l="1373" t="3571" r="1518" b="3632" fs="10">This</wd>
			<wd l="1553" t="3590" r="1769" b="3632" fs="10">occurs</wd>
			<wd l="1804" t="3570" r="1867" b="3630" fs="10">in</wd>
			<wd l="1898" t="3589" r="1980" b="3630" fs="10">no</wd>
			<wd l="2016" t="3568" r="2187" b="3630" fs="10">other</wd>
		</ln>
		<ln lx="640" ly="3661" rx="2182" ry="3744">
			<wd l="640" t="3667" r="849" b="3728" fs="10">Rubus</wd>
			<wd l="871" t="3666" r="1106" b="3744" fs="10">species</wd>
			<wd l="1125" t="3665" r="1250" b="3726" fs="10">that</wd>
			<wd l="1268" t="3667" r="1293" b="3725" fs="10">I</wd>
			<wd l="1311" t="3665" r="1468" b="3725" fs="10">have</wd>
			<wd l="1489" t="3662" r="1829" b="3735" fs="10">examined,</wd>
			<wd l="1852" t="3661" r="1971" b="3723" fs="10">and</wd>
			<wd l="1988" t="3661" r="2182" b="3722" fs="10">hence</wd>
		</ln>
		<ln lx="642" ly="3753" rx="2182" ry="3837">
			<wd l="642" t="3760" r="761" b="3820" fs="10">this</wd>
			<wd l="793" t="3759" r="844" b="3820" fs="10">is</wd>
			<wd l="874" t="3757" r="1153" b="3837" fs="10">possibly</wd>
			<wd l="1184" t="3756" r="1434" b="3818" fs="10">another</wd>
			<wd l="1460" t="3755" r="1688" b="3834" fs="10">unique</wd>
			<wd l="1720" t="3753" r="2182" b="3826" fs="10">characteristic,</wd>
		</ln>
		<ln lx="646" ly="3846" rx="2114" ry="3930">
			<wd l="646" t="3851" r="936" b="3930" fs="10">although</wd>
			<wd l="958" t="3851" r="1058" b="3912" fs="10">the</wd>
			<wd l="1084" t="3849" r="1382" b="3912" fs="10">available</wd>
			<wd l="1408" t="3849" r="1546" b="3911" fs="10">data</wd>
			<wd l="1569" t="3868" r="1667" b="3910" fs="10">are</wd>
			<wd l="1691" t="3867" r="1839" b="3926" fs="10">very</wd>
			<wd l="1864" t="3846" r="2114" b="3908" fs="10">limited.</wd>
		</ln>
		<ln lx="833" ly="4013" rx="2180" ry="4090">
			<wd l="833" t="4015" r="1184" b="4090" fs="10">According</wd>
			<wd l="1199" t="4023" r="1262" b="4073" fs="10">to</wd>
			<wd l="1280" t="4016" r="1323" b="4072" fs="10">F</wd>
			<wd l="1328" t="4013" r="1481" b="4072" fs="10">ocke</wd>
			<wd l="1501" t="4013" r="1525" b="4087" fs="10">(</wd>
			<wd l="1536" t="4014" r="1558" b="4071" fs="10">1</wd>
			<wd l="1570" t="4014" r="1607" b="4072" fs="10">9</wd>
			<wd l="1620" t="4014" r="1642" b="4070" fs="10">1</wd>
			<wd l="1655" t="4013" r="1739" b="4086" fs="10">0),</wd>
			<wd l="1749" t="4014" r="1812" b="4070" fs="10">R.</wd>
			<wd l="1834" t="4015" r="2180" b="4087" fs="10">gunnianus</wd>
		</ln>
		<ln lx="646" ly="4102" rx="1819" ry="4179">
			<wd l="646" t="4106" r="698" b="4167" fs="10">is</wd>
			<wd l="721" t="4106" r="821" b="4167" fs="10">the</wd>
			<wd l="848" t="4104" r="1118" b="4166" fs="10">smallest</wd>
			<wd l="1141" t="4104" r="1218" b="4164" fs="10">of</wd>
			<wd l="1233" t="4103" r="1312" b="4164" fs="10">all</wd>
			<wd l="1329" t="4103" r="1538" b="4163" fs="10">Rubus</wd>
			<wd l="1564" t="4102" r="1819" b="4179" fs="10">species.</wd>
		</ln>
		<ln lx="652" ly="4261" rx="2187" ry="4345">
			<wd l="652" t="4268" r="1076" b="4345" fs="10">Typification</wd>
			<wd l="1084" t="4285" r="1099" b="4326" fs="10">:</wd>
			<wd l="1142" t="4265" r="1270" b="4326" fs="10">The</wd>
			<wd l="1309" t="4265" r="1622" b="4341" fs="10">lectotype</wd>
			<wd l="1660" t="4262" r="2005" b="4340" fs="10">comprises</wd>
			<wd l="2044" t="4261" r="2187" b="4321" fs="10">four</wd>
		</ln>
		<ln lx="649" ly="4353" rx="2186" ry="4437">
			<wd l="649" t="4367" r="918" b="4437" fs="10">separate</wd>
			<wd l="945" t="4358" r="1152" b="4436" fs="10">pieces</wd>
			<wd l="1182" t="4358" r="1331" b="4433" fs="10">(two</wd>
			<wd l="1359" t="4355" r="1610" b="4433" fs="10">bearing</wd>
			<wd l="1640" t="4354" r="1887" b="4415" fs="10">flowers</wd>
			<wd l="1917" t="4353" r="2036" b="4414" fs="10">and</wd>
			<wd l="2062" t="4361" r="2186" b="4413" fs="10">two</wd>
		</ln>
		<ln lx="646" ly="4444" rx="2186" ry="4528">
			<wd l="646" t="4451" r="897" b="4528" fs="10">bearing</wd>
			<wd l="930" t="4449" r="1117" b="4526" fs="10">fruit),</wd>
			<wd l="1153" t="4449" r="1216" b="4509" fs="10">in</wd>
			<wd l="1249" t="4468" r="1285" b="4509" fs="10">a</wd>
			<wd l="1314" t="4447" r="1652" b="4508" fs="10">horizontal</wd>
			<wd l="1684" t="4465" r="1815" b="4506" fs="10">row</wd>
			<wd l="1848" t="4464" r="2053" b="4506" fs="10">across</wd>
			<wd l="2085" t="4444" r="2186" b="4505" fs="10">the</wd>
		</ln>
		<ln lx="649" ly="4535" rx="2190" ry="4612">
			<wd l="649" t="4551" r="847" b="4603" fs="10">centre</wd>
			<wd l="867" t="4542" r="943" b="4602" fs="10">of</wd>
			<wd l="949" t="4541" r="1049" b="4601" fs="10">the</wd>
			<wd l="1069" t="4540" r="1253" b="4612" fs="10">sheet,</wd>
			<wd l="1275" t="4539" r="1392" b="4600" fs="10">and</wd>
			<wd l="1410" t="4538" r="1670" b="4599" fs="10">labelled</wd>
			<wd l="1687" t="4539" r="1825" b="4597" fs="10">"Mr</wd>
			<wd l="1842" t="4538" r="2025" b="4597" fs="10">Gunn</wd>
			<wd l="2043" t="4537" r="2121" b="4596" fs="10">27</wd>
			<wd l="2134" t="4535" r="2190" b="4595" fs="10">1/</wd>
		</ln>
		<ln lx="657" ly="4627" rx="2192" ry="4708">
			<wd l="657" t="4636" r="679" b="4694" fs="10">1</wd>
			<wd l="693" t="4635" r="831" b="4706" fs="10">837,</wd>
			<wd l="851" t="4635" r="989" b="4694" fs="10">Van</wd>
			<wd l="1005" t="4634" r="1081" b="4692" fs="10">D.</wd>
			<wd l="1102" t="4631" r="1289" b="4704" fs="10">Land,</wd>
			<wd l="1308" t="4631" r="1435" b="4708" fs="10">ripe</wd>
			<wd l="1455" t="4629" r="1595" b="4690" fs="10">fruit</wd>
			<wd l="1613" t="4637" r="1671" b="4690" fs="10">at</wd>
			<wd l="1688" t="4627" r="1952" b="4700" fs="10">Chilton,</wd>
			<wd l="1975" t="4628" r="2192" b="4704" fs="10">Surrey</wd>
		</ln>
		<ln lx="648" ly="4721" rx="2187" ry="4799">
			<wd l="648" t="4726" r="827" b="4799" fs="10">Hills,</wd>
			<wd l="862" t="4724" r="1162" b="4786" fs="10">16/2/37".</wd>
			<wd l="1190" t="4726" r="1339" b="4784" fs="10">Two</wd>
			<wd l="1365" t="4722" r="1443" b="4784" fs="10">of</wd>
			<wd l="1455" t="4722" r="1625" b="4783" fs="10">these</wd>
			<wd l="1648" t="4721" r="1855" b="4799" fs="10">pieces</wd>
			<wd l="1882" t="4738" r="2103" b="4797" fs="10">appear</wd>
			<wd l="2124" t="4727" r="2187" b="4779" fs="10">to</wd>
		</ln>
		<ln lx="650" ly="4811" rx="2190" ry="4889">
			<wd l="650" t="4819" r="807" b="4879" fs="10">form</wd>
			<wd l="822" t="4817" r="920" b="4878" fs="10">the</wd>
			<wd l="936" t="4816" r="1098" b="4877" fs="10">basis</wd>
			<wd l="1117" t="4816" r="1193" b="4876" fs="10">of</wd>
			<wd l="1197" t="4815" r="1296" b="4876" fs="10">the</wd>
			<wd l="1314" t="4813" r="1695" b="4875" fs="10">illustrations</wd>
			<wd l="1714" t="4811" r="2190" b="4889" fs="10">accompanying</wd>
		</ln>
		<ln lx="648" ly="4902" rx="2192" ry="4987">
			<wd l="648" t="4910" r="748" b="4971" fs="10">the</wd>
			<wd l="778" t="4908" r="1158" b="4987" fs="10">protologue.</wd>
			<wd l="1193" t="4906" r="1382" b="4968" fs="10">Other</wd>
			<wd l="1413" t="4905" r="1756" b="4984" fs="10">specimens</wd>
			<wd l="1786" t="4902" r="2079" b="4964" fs="10">mounted</wd>
			<wd l="2110" t="4921" r="2192" b="4963" fs="10">on</wd>
		</ln>
		<ln lx="648" ly="4994" rx="2192" ry="5067">
			<wd l="648" t="5002" r="748" b="5062" fs="10">the</wd>
			<wd l="780" t="5020" r="946" b="5062" fs="10">same</wd>
			<wd l="978" t="5000" r="1147" b="5061" fs="10">sheet</wd>
			<wd l="1176" t="5018" r="1274" b="5059" fs="10">are</wd>
			<wd l="1305" t="4998" r="1484" b="5059" fs="10">dated</wd>
			<wd l="1520" t="4998" r="1677" b="5057" fs="10">1840</wd>
			<wd l="1709" t="4995" r="1827" b="5057" fs="10">and</wd>
			<wd l="1864" t="4996" r="2040" b="5067" fs="10">1845,</wd>
			<wd l="2074" t="4994" r="2192" b="5054" fs="10">and</wd>
		</ln>
		<ln lx="650" ly="5085" rx="2191" ry="5166">
			<wd l="650" t="5092" r="831" b="5154" fs="10">could</wd>
			<wd l="846" t="5100" r="953" b="5153" fs="10">not</wd>
			<wd l="967" t="5091" r="1122" b="5153" fs="10">have</wd>
			<wd l="1139" t="5090" r="1295" b="5152" fs="10">been</wd>
			<wd l="1310" t="5088" r="1462" b="5151" fs="10">used</wd>
			<wd l="1477" t="5088" r="1560" b="5166" fs="10">by</wd>
			<wd l="1576" t="5087" r="1825" b="5148" fs="10">Hooker</wd>
			<wd l="1842" t="5086" r="1905" b="5146" fs="10">in</wd>
			<wd l="1922" t="5085" r="2191" b="5163" fs="10">drawing</wd>
		</ln>
		<ln lx="648" ly="5176" rx="2193" ry="5263">
			<wd l="648" t="5205" r="730" b="5263" fs="10">up</wd>
			<wd l="765" t="5185" r="861" b="5245" fs="10">his</wd>
			<wd l="898" t="5183" r="1289" b="5260" fs="10">description.</wd>
			<wd l="1327" t="5184" r="1541" b="5241" fs="10">Hence</wd>
			<wd l="1575" t="5180" r="1720" b="5257" fs="10">they</wd>
			<wd l="1755" t="5198" r="1854" b="5239" fs="10">are</wd>
			<wd l="1890" t="5176" r="2193" b="5238" fs="10">excluded</wd>
		</ln>
		<ln lx="651" ly="5273" rx="1655" ry="5352">
			<wd l="651" t="5278" r="810" b="5337" fs="10">from</wd>
			<wd l="836" t="5276" r="1102" b="5352" fs="10">forming</wd>
			<wd l="1125" t="5282" r="1256" b="5352" fs="10">part</wd>
			<wd l="1280" t="5273" r="1357" b="5334" fs="10">of</wd>
			<wd l="1370" t="5273" r="1470" b="5333" fs="10">the</wd>
			<wd l="1494" t="5281" r="1655" b="5349" fs="10">type.</wd>
		</ln>
		<ln lx="842" ly="5430" rx="2191" ry="5512">
			<wd l="842" t="5437" r="968" b="5497" fs="10">The</wd>
			<wd l="994" t="5436" r="1394" b="5512" fs="10">isolectotype</wd>
			<wd l="1421" t="5442" r="1479" b="5495" fs="10">at</wd>
			<wd l="1499" t="5435" r="1688" b="5494" fs="10">NSW</wd>
			<wd l="1713" t="5431" r="1974" b="5493" fs="10">consists</wd>
			<wd l="2001" t="5430" r="2078" b="5491" fs="10">of</wd>
			<wd l="2091" t="5430" r="2191" b="5491" fs="10">the</wd>
		</ln>
		<ln lx="652" ly="5522" rx="2192" ry="5603">
			<wd l="652" t="5528" r="951" b="5590" fs="10">mounted</wd>
			<wd l="985" t="5527" r="1264" b="5588" fs="10">material</wd>
			<wd l="1301" t="5526" r="1469" b="5603" fs="10">only.</wd>
			<wd l="1509" t="5525" r="1638" b="5585" fs="10">The</wd>
			<wd l="1674" t="5522" r="1953" b="5584" fs="10">material</wd>
			<wd l="1991" t="5522" r="2055" b="5582" fs="10">in</wd>
			<wd l="2089" t="5522" r="2192" b="5582" fs="10">the</wd>
		</ln>
	</region>
	<region article-doi="10.2307/41729916" region-id="2">
		<rc l="2306" t="861" r="3871" b="2921"/>
		<ln lx="2311" ly="866" rx="3855" ry="948">
			<wd l="2311" t="869" r="2527" b="948" fs="10">packet</wd>
			<wd l="2542" t="888" r="2669" b="930" fs="10">was</wd>
			<wd l="2688" t="867" r="2982" b="929" fs="10">collected</wd>
			<wd l="2997" t="867" r="3079" b="945" fs="10">by</wd>
			<wd l="3096" t="870" r="3143" b="928" fs="10">J.</wd>
			<wd l="3163" t="867" r="3446" b="945" fs="10">Milligan</wd>
			<wd l="3463" t="866" r="3580" b="927" fs="10">and</wd>
			<wd l="3597" t="866" r="3648" b="927" fs="10">is</wd>
			<wd l="3665" t="866" r="3855" b="926" fs="10">hence</wd>
		</ln>
		<ln lx="2314" ly="961" rx="2633" ry="1023">
			<wd l="2314" t="961" r="2633" b="1023" fs="10">excluded.</wd>
		</ln>
		<ln lx="2317" ly="1120" rx="3853" ry="1200">
			<wd l="2317" t="1126" r="2771" b="1186" fs="10">Conservation</wd>
			<wd l="2792" t="1133" r="2993" b="1184" fs="10">status</wd>
			<wd l="2998" t="1142" r="3013" b="1184" fs="10">:</wd>
			<wd l="3037" t="1125" r="3101" b="1184" fs="10">R.</wd>
			<wd l="3128" t="1127" r="3479" b="1200" fs="10">gunnianus</wd>
			<wd l="3501" t="1122" r="3552" b="1182" fs="10">is</wd>
			<wd l="3574" t="1120" r="3853" b="1199" fs="10">reported</wd>
		</ln>
		<ln lx="2312" ly="1213" rx="3856" ry="1294">
			<wd l="2312" t="1226" r="2376" b="1279" fs="10">to</wd>
			<wd l="2410" t="1217" r="2488" b="1278" fs="10">be</wd>
			<wd l="2524" t="1236" r="2816" b="1278" fs="10">common</wd>
			<wd l="2848" t="1215" r="3221" b="1294" fs="10">throughout</wd>
			<wd l="3255" t="1215" r="3330" b="1276" fs="10">its</wd>
			<wd l="3365" t="1214" r="3613" b="1287" fs="10">habitat,</wd>
			<wd l="3651" t="1213" r="3770" b="1275" fs="10">and</wd>
			<wd l="3805" t="1213" r="3856" b="1274" fs="10">is</wd>
		</ln>
		<ln lx="2313" ly="1306" rx="3856" ry="1388">
			<wd l="2313" t="1318" r="2567" b="1388" fs="10">present</wd>
			<wd l="2604" t="1310" r="2669" b="1369" fs="10">in</wd>
			<wd l="2707" t="1317" r="2767" b="1370" fs="10">at</wd>
			<wd l="2805" t="1309" r="2963" b="1369" fs="10">least</wd>
			<wd l="2998" t="1316" r="3126" b="1369" fs="10">two</wd>
			<wd l="3163" t="1307" r="3464" b="1368" fs="10">National</wd>
			<wd l="3502" t="1306" r="3714" b="1367" fs="10">Parks.</wd>
			<wd l="3753" t="1308" r="3856" b="1366" fs="10">No</wd>
		</ln>
		<ln lx="2315" ly="1398" rx="3585" ry="1478">
			<wd l="2315" t="1401" r="2743" b="1463" fs="10">conservation</wd>
			<wd l="2768" t="1400" r="2993" b="1478" fs="10">coding</wd>
			<wd l="3019" t="1400" r="3070" b="1461" fs="10">is</wd>
			<wd l="3095" t="1398" r="3585" b="1460" fs="10">recommended.</wd>
		</ln>
		<ln lx="2314" ly="1566" rx="3004" ry="1642">
			<wd l="2314" t="1566" r="3004" b="1642" fs="10">Acknowledgements</wd>
		</ln>
		<ln lx="2319" ly="1725" rx="3860" ry="1808">
			<wd l="2319" t="1729" r="2681" b="1808" fs="10">Specimens</wd>
			<wd l="2720" t="1728" r="2882" b="1789" fs="10">from</wd>
			<wd l="2919" t="1727" r="3156" b="1789" fs="10">several</wd>
			<wd l="3191" t="1726" r="3473" b="1788" fs="10">herbaria</wd>
			<wd l="3505" t="1726" r="3664" b="1787" fs="10">have</wd>
			<wd l="3699" t="1725" r="3860" b="1786" fs="10">been</wd>
		</ln>
		<ln lx="2317" ly="1818" rx="3856" ry="1895">
			<wd l="2317" t="1822" r="2659" b="1895" fs="10">examined;</wd>
			<wd l="2689" t="1824" r="2713" b="1882" fs="10">I</wd>
			<wd l="2739" t="1820" r="2949" b="1882" fs="10">would</wd>
			<wd l="2975" t="1820" r="3096" b="1881" fs="10">like</wd>
			<wd l="3121" t="1829" r="3184" b="1881" fs="10">to</wd>
			<wd l="3210" t="1819" r="3398" b="1881" fs="10">thank</wd>
			<wd l="3421" t="1819" r="3521" b="1880" fs="10">the</wd>
			<wd l="3548" t="1818" r="3856" b="1879" fs="10">Directors</wd>
		</ln>
		<ln lx="2317" ly="1910" rx="3861" ry="1988">
			<wd l="2317" t="1916" r="2394" b="1977" fs="10">of</wd>
			<wd l="2406" t="1917" r="2544" b="1988" fs="10">AD,</wd>
			<wd l="2570" t="1917" r="2716" b="1987" fs="10">BM,</wd>
			<wd l="2742" t="1915" r="2880" b="1987" fs="10">HO,</wd>
			<wd l="2905" t="1916" r="2982" b="1986" fs="10">K,</wd>
			<wd l="3008" t="1915" r="3201" b="1985" fs="10">MEL,</wd>
			<wd l="3224" t="1914" r="3430" b="1985" fs="10">NSW,</wd>
			<wd l="3455" t="1913" r="3718" b="1971" fs="10">PERTH</wd>
			<wd l="3743" t="1910" r="3861" b="1971" fs="10">and</wd>
		</ln>
		<ln lx="2317" ly="2001" rx="3860" ry="2084">
			<wd l="2317" t="2008" r="2475" b="2082" fs="10">QRS</wd>
			<wd l="2515" t="2007" r="2612" b="2067" fs="10">for</wd>
			<wd l="2647" t="2006" r="2963" b="2084" fs="10">specimen</wd>
			<wd l="2999" t="2005" r="3192" b="2065" fs="10">loans.</wd>
			<wd l="3231" t="2004" r="3449" b="2064" fs="10">Laurie</wd>
			<wd l="3485" t="2006" r="3703" b="2080" fs="10">Jessup</wd>
			<wd l="3740" t="2001" r="3860" b="2063" fs="10">and</wd>
		</ln>
		<ln lx="2316" ly="2096" rx="3860" ry="2177">
			<wd l="2316" t="2102" r="2504" b="2177" fs="10">Barry</wd>
			<wd l="2522" t="2100" r="2701" b="2160" fs="10">Conn</wd>
			<wd l="2720" t="2097" r="3008" b="2159" fs="10">searched</wd>
			<wd l="3026" t="2097" r="3122" b="2158" fs="10">for</wd>
			<wd l="3137" t="2105" r="3277" b="2175" fs="10">type</wd>
			<wd l="3298" t="2096" r="3638" b="2174" fs="10">specimens</wd>
			<wd l="3658" t="2114" r="3740" b="2156" fs="10">on</wd>
			<wd l="3755" t="2114" r="3860" b="2172" fs="10">my</wd>
		</ln>
		<ln lx="2316" ly="2187" rx="3863" ry="2268">
			<wd l="2316" t="2191" r="2561" b="2253" fs="10">behalf</wd>
			<wd l="2597" t="2191" r="2839" b="2268" fs="10">during</wd>
			<wd l="2882" t="2190" r="3057" b="2251" fs="10">their</wd>
			<wd l="3099" t="2198" r="3304" b="2250" fs="10">terms</wd>
			<wd l="3350" t="2208" r="3421" b="2249" fs="10">as</wd>
			<wd l="3465" t="2187" r="3863" b="2249" fs="10">Australian</wd>
		</ln>
		<ln lx="2317" ly="2279" rx="3861" ry="2359">
			<wd l="2317" t="2283" r="2632" b="2345" fs="10">Botanical</wd>
			<wd l="2650" t="2282" r="2898" b="2344" fs="10">Liaison</wd>
			<wd l="2915" t="2281" r="3169" b="2343" fs="10">Officer.</wd>
			<wd l="3190" t="2280" r="3385" b="2359" fs="10">Philip</wd>
			<wd l="3406" t="2280" r="3632" b="2358" fs="10">Sharpe</wd>
			<wd l="3650" t="2279" r="3861" b="2357" fs="10">kindly</wd>
		</ln>
		<ln lx="2316" ly="2373" rx="3853" ry="2452">
			<wd l="2316" t="2376" r="2637" b="2438" fs="10">translated</wd>
			<wd l="2652" t="2376" r="2949" b="2436" fs="10">Kuntze's</wd>
			<wd l="2966" t="2393" r="3151" b="2452" fs="10">paper</wd>
			<wd l="3165" t="2373" r="3417" b="2451" fs="10">relating</wd>
			<wd l="3432" t="2381" r="3494" b="2434" fs="10">to</wd>
			<wd l="3502" t="2375" r="3568" b="2433" fs="10">R.</wd>
			<wd l="3590" t="2393" r="3631" b="2432" fs="10">x</wd>
			<wd l="3647" t="2393" r="3853" b="2433" fs="10">novus.</wd>
		</ln>
		<ln lx="2317" ly="2463" rx="3864" ry="2544">
			<wd l="2317" t="2468" r="2465" b="2530" fs="10">Paul</wd>
			<wd l="2500" t="2470" r="2739" b="2529" fs="10">Forster</wd>
			<wd l="2773" t="2466" r="3075" b="2528" fs="10">collected</wd>
			<wd l="3110" t="2466" r="3455" b="2544" fs="10">specimens</wd>
			<wd l="3492" t="2465" r="3652" b="2525" fs="10">from</wd>
			<wd l="3685" t="2463" r="3864" b="2524" fs="10">north</wd>
		</ln>
		<ln lx="2320" ly="2557" rx="3863" ry="2637">
			<wd l="2320" t="2559" r="2721" b="2637" fs="10">Queensland</wd>
			<wd l="2756" t="2567" r="2815" b="2620" fs="10">at</wd>
			<wd l="2848" t="2578" r="2954" b="2637" fs="10">my</wd>
			<wd l="2988" t="2566" r="3252" b="2636" fs="10">request.</wd>
			<wd l="3292" t="2557" r="3551" b="2618" fs="10">Gordon</wd>
			<wd l="3587" t="2557" r="3863" b="2634" fs="10">Guymer</wd>
		</ln>
		<ln lx="2320" ly="2650" rx="3864" ry="2729">
			<wd l="2320" t="2653" r="2724" b="2716" fs="10">commented</wd>
			<wd l="2762" t="2672" r="2847" b="2714" fs="10">on</wd>
			<wd l="2885" t="2672" r="2921" b="2714" fs="10">a</wd>
			<wd l="2958" t="2651" r="3122" b="2713" fs="10">draft</wd>
			<wd l="3160" t="2651" r="3240" b="2712" fs="10">of</wd>
			<wd l="3266" t="2650" r="3391" b="2712" fs="10">this</wd>
			<wd l="3429" t="2669" r="3643" b="2729" fs="10">paper.</wd>
			<wd l="3684" t="2651" r="3864" b="2710" fs="10">Peter</wd>
		</ln>
		<ln lx="2319" ly="2742" rx="3866" ry="2809">
			<wd l="2319" t="2746" r="2588" b="2809" fs="10">Bostock</wd>
			<wd l="2604" t="2745" r="2856" b="2808" fs="10">assisted</wd>
			<wd l="2872" t="2745" r="2934" b="2806" fs="10">in</wd>
			<wd l="2948" t="2745" r="3047" b="2806" fs="10">the</wd>
			<wd l="3063" t="2743" r="3408" b="2806" fs="10">translation</wd>
			<wd l="3424" t="2743" r="3501" b="2805" fs="10">of</wd>
			<wd l="3509" t="2762" r="3677" b="2804" fs="10">some</wd>
			<wd l="3694" t="2742" r="3866" b="2803" fs="10">Latin</wd>
		</ln>
		<ln lx="2318" ly="2836" rx="3620" ry="2916">
			<wd l="2318" t="2848" r="2461" b="2912" fs="10">text,</wd>
			<wd l="2488" t="2839" r="2608" b="2900" fs="10">and</wd>
			<wd l="2629" t="2837" r="2929" b="2916" fs="10">provided</wd>
			<wd l="2950" t="2837" r="3051" b="2898" fs="10">the</wd>
			<wd l="3076" t="2837" r="3251" b="2897" fs="10">Latin</wd>
			<wd l="3275" t="2836" r="3620" b="2913" fs="10">diagnoses.</wd>
		</ln>
	</region>
	<region article-doi="10.2307/41729916" region-id="3">
		<rc l="2315" t="3000" r="2713" b="3069"/>
		<ln lx="2320" ly="3005" rx="2708" ry="3064">
			<wd l="2320" t="3005" r="2708" b="3064" fs="10">References</wd>
		</ln>
	</region>
	<region article-doi="10.2307/41729916" region-id="4">
		<rc l="2315" t="3158" r="3869" b="3298"/>
		<ln lx="2320" ly="3163" rx="3864" ry="3229">
			<wd l="2320" t="3170" r="2522" b="3227" fs="10">Bailey,</wd>
			<wd l="2550" t="3168" r="2676" b="3217" fs="10">F.M.</wd>
			<wd l="2706" t="3166" r="2896" b="3229" fs="10">(1900).</wd>
			<wd l="2932" t="3165" r="3115" b="3214" fs="10">Rubus.</wd>
			<wd l="3143" t="3166" r="3195" b="3213" fs="10">In</wd>
			<wd l="3233" t="3164" r="3330" b="3213" fs="10">The</wd>
			<wd l="3360" t="3163" r="3687" b="3227" fs="10">Queensland</wd>
			<wd l="3708" t="3163" r="3864" b="3211" fs="10">Flora</wd>
		</ln>
		<ln lx="2512" ly="3240" rx="3590" ry="3293">
			<wd l="2512" t="3244" r="2558" b="3293" fs="10">2:</wd>
			<wd l="2583" t="3244" r="2750" b="3292" fs="10">526-8.</wd>
			<wd l="2771" t="3242" r="3024" b="3291" fs="10">Brisbane:</wd>
			<wd l="3046" t="3243" r="3150" b="3290" fs="10">H.J.</wd>
			<wd l="3172" t="3240" r="3411" b="3289" fs="10">Diddams</wd>
			<wd l="3431" t="3241" r="3479" b="3289" fs="10"><![CDATA[&]]></wd>
			<wd l="3501" t="3240" r="3590" b="3289" fs="10">Co.</wd>
		</ln>
	</region>
	<region article-doi="10.2307/41729916" region-id="5">
		<rc l="2316" t="3380" r="3868" b="3594"/>
		<ln lx="2321" ly="3385" rx="3863" ry="3450">
			<wd l="2321" t="3392" r="2520" b="3448" fs="10">Bailey,</wd>
			<wd l="2540" t="3391" r="2659" b="3438" fs="10">L.H.</wd>
			<wd l="2682" t="3389" r="2872" b="3450" fs="10">(1941).</wd>
			<wd l="2897" t="3387" r="3097" b="3450" fs="10">Species</wd>
			<wd l="3117" t="3389" r="3364" b="3436" fs="10">Batorum:</wd>
			<wd l="3388" t="3386" r="3489" b="3435" fs="10">The</wd>
			<wd l="3511" t="3386" r="3679" b="3435" fs="10">Genus</wd>
			<wd l="3695" t="3385" r="3863" b="3433" fs="10">Rubus</wd>
		</ln>
		<ln lx="2514" ly="3461" rx="3863" ry="3525">
			<wd l="2514" t="3465" r="2565" b="3514" fs="10">in</wd>
			<wd l="2595" t="3464" r="2763" b="3514" fs="10">North</wd>
			<wd l="2794" t="3463" r="3040" b="3513" fs="10">America</wd>
			<wd l="3071" t="3462" r="3246" b="3525" fs="10">(north</wd>
			<wd l="3279" t="3461" r="3343" b="3511" fs="10">of</wd>
			<wd l="3366" t="3461" r="3624" b="3523" fs="10">Mexico).</wd>
			<wd l="3667" t="3461" r="3863" b="3509" fs="10">Gentes</wd>
		</ln>
		<ln lx="2510" ly="3539" rx="3055" ry="3589">
			<wd l="2510" t="3541" r="2790" b="3589" fs="10">Herbarum</wd>
			<wd l="2809" t="3541" r="2854" b="3588" fs="10">5:</wd>
			<wd l="2881" t="3539" r="3055" b="3588" fs="10">1-932.</wd>
		</ln>
	</region>
	<region article-doi="10.2307/41729916" region-id="6">
		<rc l="2317" t="3678" r="3872" b="3904"/>
		<ln lx="2322" ly="3683" rx="3861" ry="3749">
			<wd l="2322" t="3691" r="2493" b="3747" fs="10">Bean,</wd>
			<wd l="2539" t="3690" r="2672" b="3737" fs="10">A.R.</wd>
			<wd l="2721" t="3688" r="2933" b="3749" fs="10">(1995).</wd>
			<wd l="2980" t="3688" r="3027" b="3734" fs="10">A</wd>
			<wd l="3072" t="3686" r="3313" b="3735" fs="10">revision</wd>
			<wd l="3358" t="3685" r="3423" b="3734" fs="10">of</wd>
			<wd l="3475" t="3685" r="3660" b="3733" fs="10">Rubus</wd>
			<wd l="3707" t="3683" r="3861" b="3745" fs="10">subg.</wd>
		</ln>
		<ln lx="2512" ly="3758" rx="3867" ry="3823">
			<wd l="2512" t="3762" r="2947" b="3812" fs="10">Micranthobatus</wd>
			<wd l="2974" t="3761" r="3183" b="3823" fs="10">(Focke)</wd>
			<wd l="3211" t="3760" r="3459" b="3810" fs="10">Kalkman</wd>
			<wd l="3488" t="3759" r="3786" b="3821" fs="10">(Rosaceae)</wd>
			<wd l="3817" t="3758" r="3867" b="3806" fs="10">in</wd>
		</ln>
		<ln lx="2513" ly="3836" rx="3437" ry="3899">
			<wd l="2513" t="3838" r="2770" b="3889" fs="10">Australia.</wd>
			<wd l="2789" t="3837" r="3168" b="3899" fs="10">Austrobaileya</wd>
			<wd l="3187" t="3837" r="3233" b="3885" fs="10">4:</wd>
			<wd l="3258" t="3836" r="3437" b="3885" fs="10">321-8.</wd>
		</ln>
	</region>
	<region article-doi="10.2307/41729916" region-id="7">
		<rc l="2318" t="3977" r="3871" b="4200"/>
		<ln lx="2323" ly="3982" rx="3865" ry="4048">
			<wd l="2323" t="4017" r="2428" b="4022" fs="10">
			</wd>
			<wd l="2484" t="3988" r="2684" b="4048" fs="10">(1997).</wd>
			<wd l="2717" t="3988" r="2764" b="4034" fs="10">A</wd>
			<wd l="2794" t="3985" r="3044" b="4034" fs="10">Revision</wd>
			<wd l="3075" t="3984" r="3138" b="4033" fs="10">of</wd>
			<wd l="3164" t="3984" r="3341" b="4032" fs="10">Rubus</wd>
			<wd l="3371" t="3983" r="3511" b="4044" fs="10">subg.</wd>
			<wd l="3548" t="3982" r="3865" b="4030" fs="10">Idaeobatus</wd>
		</ln>
		<ln lx="2516" ly="4055" rx="3866" ry="4121">
			<wd l="2516" t="4060" r="2750" b="4121" fs="10">(Focke)</wd>
			<wd l="2809" t="4059" r="2991" b="4107" fs="10">Focke</wd>
			<wd l="3052" t="4058" r="3390" b="4119" fs="10">(Rosaceae)</wd>
			<wd l="3452" t="4057" r="3505" b="4104" fs="10">in</wd>
			<wd l="3563" t="4055" r="3866" b="4104" fs="10">Australia.</wd>
		</ln>
		<ln lx="2512" ly="4133" rx="3204" ry="4195">
			<wd l="2512" t="4134" r="2897" b="4195" fs="10">Austrobaileya</wd>
			<wd l="2916" t="4134" r="2963" b="4181" fs="10">4:</wd>
			<wd l="2988" t="4133" r="3204" b="4180" fs="10">677-89.</wd>
		</ln>
	</region>
	<region article-doi="10.2307/41729916" region-id="8">
		<rc l="2320" t="4268" r="3876" b="4482"/>
		<ln lx="2325" ly="4273" rx="3868" ry="4339">
			<wd l="2325" t="4282" r="2565" b="4338" fs="10">Bennett,</wd>
			<wd l="2582" t="4281" r="2711" b="4328" fs="10">E.M.</wd>
			<wd l="2731" t="4278" r="2922" b="4339" fs="10">(1987).</wd>
			<wd l="2940" t="4279" r="3206" b="4326" fs="10">Rosaceae.</wd>
			<wd l="3225" t="4278" r="3280" b="4324" fs="10">In</wd>
			<wd l="3294" t="4275" r="3565" b="4333" fs="10">Marchant,</wd>
			<wd l="3580" t="4275" r="3708" b="4323" fs="10">N.G.</wd>
			<wd l="3729" t="4281" r="3775" b="4322" fs="10">et</wd>
			<wd l="3791" t="4273" r="3868" b="4331" fs="10">al.,</wd>
		</ln>
		<ln lx="2516" ly="4349" rx="3871" ry="4413">
			<wd l="2516" t="4354" r="2655" b="4403" fs="10">Flora</wd>
			<wd l="2668" t="4353" r="2729" b="4402" fs="10">of</wd>
			<wd l="2732" t="4353" r="2812" b="4402" fs="10">the</wd>
			<wd l="2825" t="4352" r="2964" b="4401" fs="10">Perth</wd>
			<wd l="2976" t="4351" r="3180" b="4413" fs="10">Region,</wd>
			<wd l="3202" t="4352" r="3219" b="4399" fs="10">1</wd>
			<wd l="3233" t="4366" r="3241" b="4400" fs="10">:</wd>
			<wd l="3259" t="4351" r="3414" b="4399" fs="10">207-1</wd>
			<wd l="3430" t="4351" r="3448" b="4398" fs="10">1</wd>
			<wd l="3460" t="4389" r="3468" b="4399" fs="10">.</wd>
			<wd l="3484" t="4349" r="3636" b="4398" fs="10">Perth:</wd>
			<wd l="3654" t="4350" r="3871" b="4397" fs="10">Western</wd>
		</ln>
		<ln lx="2516" ly="4427" rx="3119" ry="4477">
			<wd l="2516" t="4428" r="2795" b="4477" fs="10">Australian</wd>
			<wd l="2817" t="4427" r="3119" b="4476" fs="10">Herbarium.</wd>
		</ln>
	</region>
	<region article-doi="10.2307/41729916" region-id="9">
		<rc l="2321" t="4564" r="3874" b="4703"/>
		<ln lx="2326" ly="4569" rx="3869" ry="4634">
			<wd l="2326" t="4577" r="2603" b="4632" fs="10">Bentham,</wd>
			<wd l="2637" t="4575" r="2698" b="4623" fs="10">G.</wd>
			<wd l="2734" t="4573" r="2936" b="4634" fs="10">(1864).</wd>
			<wd l="2975" t="4572" r="3170" b="4620" fs="10">Rubus.</wd>
			<wd l="3202" t="4573" r="3256" b="4619" fs="10">In</wd>
			<wd l="3292" t="4571" r="3456" b="4618" fs="10">Flora</wd>
			<wd l="3484" t="4569" r="3869" b="4617" fs="10">Australiensis</wd>
		</ln>
		<ln lx="2518" ly="4645" rx="3484" ry="4698">
			<wd l="2518" t="4650" r="2565" b="4698" fs="10">2:</wd>
			<wd l="2587" t="4649" r="2801" b="4697" fs="10">429-32.</wd>
			<wd l="2822" t="4647" r="3045" b="4696" fs="10">London:</wd>
			<wd l="3067" t="4648" r="3120" b="4695" fs="10">L.</wd>
			<wd l="3141" t="4648" r="3306" b="4695" fs="10">Reeve</wd>
			<wd l="3326" t="4646" r="3374" b="4694" fs="10"><![CDATA[&]]></wd>
			<wd l="3395" t="4645" r="3484" b="4694" fs="10">Co.</wd>
		</ln>
	</region>
	<region article-doi="10.2307/41729916" region-id="10">
		<rc l="2322" t="4784" r="3877" b="5011"/>
		<ln lx="2327" ly="4789" rx="3872" ry="4854">
			<wd l="2327" t="4798" r="2551" b="4854" fs="10">Britten,</wd>
			<wd l="2570" t="4797" r="2608" b="4844" fs="10">J.</wd>
			<wd l="2628" t="4796" r="2676" b="4844" fs="10"><![CDATA[&]]></wd>
			<wd l="2693" t="4796" r="2940" b="4852" fs="10">Boulger,</wd>
			<wd l="2960" t="4794" r="3073" b="4842" fs="10">G.S.</wd>
			<wd l="3093" t="4793" r="3285" b="4854" fs="10">(1931).</wd>
			<wd l="3296" t="4793" r="3335" b="4840" fs="10">,4</wd>
			<wd l="3352" t="4789" r="3710" b="4853" fs="10">Biographical</wd>
			<wd l="3722" t="4789" r="3872" b="4837" fs="10">Index</wd>
		</ln>
		<ln lx="2519" ly="4864" rx="3868" ry="4932">
			<wd l="2519" t="4870" r="2583" b="4932" fs="10">of</wd>
			<wd l="2579" t="4869" r="2843" b="4918" fs="10">Deceased</wd>
			<wd l="2848" t="4868" r="3028" b="4916" fs="10">British</wd>
			<wd l="3042" t="4867" r="3145" b="4916" fs="10">and</wd>
			<wd l="3150" t="4867" r="3275" b="4915" fs="10">Irish</wd>
			<wd l="3287" t="4868" r="3543" b="4921" fs="10">Botanists,</wd>
			<wd l="3564" t="4864" r="3667" b="4913" fs="10">2nd</wd>
			<wd l="3676" t="4864" r="3868" b="4912" fs="10">edition.</wd>
		</ln>
		<ln lx="2518" ly="4942" rx="3240" ry="5006">
			<wd l="2518" t="4945" r="2742" b="4994" fs="10">London:</wd>
			<wd l="2765" t="4943" r="2943" b="5006" fs="10">Taylor</wd>
			<wd l="2962" t="4944" r="3010" b="4992" fs="10"><![CDATA[&]]></wd>
			<wd l="3029" t="4942" r="3240" b="4991" fs="10">Francis.</wd>
		</ln>
	</region>
	<region article-doi="10.2307/41729916" region-id="11">
		<rc l="2326" t="5079" r="3873" b="5219"/>
		<ln lx="2331" ly="5084" rx="3868" ry="5151">
			<wd l="2331" t="5092" r="2523" b="5149" fs="10">Curtis,</wd>
			<wd l="2550" t="5091" r="2698" b="5140" fs="10">W.M.</wd>
			<wd l="2727" t="5089" r="2914" b="5151" fs="10">(1956).</wd>
			<wd l="2950" t="5088" r="3045" b="5136" fs="10">The</wd>
			<wd l="3068" t="5087" r="3317" b="5137" fs="10">Student's</wd>
			<wd l="3339" t="5086" r="3493" b="5133" fs="10">Flora</wd>
			<wd l="3518" t="5084" r="3583" b="5147" fs="10">of</wd>
			<wd l="3598" t="5086" r="3868" b="5139" fs="10">Tasmania,</wd>
		</ln>
		<ln lx="2518" ly="5161" rx="3557" ry="5214">
			<wd l="2518" t="5168" r="2640" b="5214" fs="10">Part</wd>
			<wd l="2663" t="5163" r="2982" b="5213" fs="10">/.Tasmania:</wd>
			<wd l="3008" t="5164" r="3341" b="5211" fs="10">Government</wd>
			<wd l="3361" t="5161" r="3557" b="5209" fs="10">Printer.</wd>
		</ln>
	</region>
	<region article-doi="10.2307/41729916" region-id="12">
		<rc l="2326" t="5299" r="3882" b="5515"/>
		<ln lx="2331" ly="5304" rx="3877" ry="5369">
			<wd l="2331" t="5314" r="2528" b="5369" fs="10">Ewart,</wd>
			<wd l="2558" t="5312" r="2665" b="5359" fs="10">A.J.</wd>
			<wd l="2698" t="5311" r="2746" b="5358" fs="10"><![CDATA[&]]></wd>
			<wd l="2776" t="5311" r="2982" b="5366" fs="10">Davies,</wd>
			<wd l="3012" t="5309" r="3134" b="5356" fs="10">O.B.</wd>
			<wd l="3166" t="5307" r="3359" b="5368" fs="10">(1917).</wd>
			<wd l="3401" t="5306" r="3499" b="5354" fs="10">The</wd>
			<wd l="3526" t="5305" r="3684" b="5353" fs="10">Flora</wd>
			<wd l="3713" t="5304" r="3779" b="5365" fs="10">of</wd>
			<wd l="3794" t="5304" r="3877" b="5352" fs="10">the</wd>
		</ln>
		<ln lx="2519" ly="5379" rx="3877" ry="5444">
			<wd l="2519" t="5385" r="2766" b="5434" fs="10">Northern</wd>
			<wd l="2785" t="5385" r="3037" b="5444" fs="10">Territory.</wd>
			<wd l="3054" t="5382" r="3363" b="5431" fs="10">Melbourne:</wd>
			<wd l="3381" t="5380" r="3609" b="5429" fs="10">Minister</wd>
			<wd l="3625" t="5379" r="3702" b="5428" fs="10">for</wd>
			<wd l="3715" t="5380" r="3877" b="5427" fs="10">Home</wd>
		</ln>
		<ln lx="2523" ly="5458" rx="2934" ry="5510">
			<wd l="2523" t="5460" r="2618" b="5510" fs="10">and</wd>
			<wd l="2640" t="5458" r="2934" b="5509" fs="10">Territories.</wd>
		</ln>
	</region>
</ocr-page>
