<?xml version="1.0" encoding="UTF-8"?>
<ocr-page type="coords" ocr-vers="1.0" creation-date="20130321" res="600" height="6300" width="4500">
	<region article-doi="10.2307/41729912" region-id="0">
		<rc l="631" t="733" r="3847" b="2863"/>
		<ln lx="639" ly="738" rx="1535" ry="800">
			<wd l="639" t="738" r="1013" b="800" fs="10">Austrobaileya</wd>
			<wd l="1031" t="739" r="1153" b="799" fs="10">5(1):</wd>
			<wd l="1181" t="739" r="1337" b="786" fs="10">1-153</wd>
			<wd l="1360" t="738" r="1535" b="799" fs="10">(1997)</wd>
		</ln>
		<ln lx="638" ly="854" rx="2234" ry="931">
			<wd l="638" t="859" r="831" b="918" fs="10">Notes</wd>
			<wd l="857" t="876" r="939" b="918" fs="10">on</wd>
			<wd l="960" t="856" r="1060" b="918" fs="10">the</wd>
			<wd l="1082" t="856" r="1449" b="918" fs="10">naturalised</wd>
			<wd l="1471" t="856" r="1648" b="917" fs="10">Flora</wd>
			<wd l="1671" t="855" r="1748" b="917" fs="10">of</wd>
			<wd l="1763" t="854" r="2174" b="931" fs="10">Queensland,</wd>
			<wd l="2202" t="856" r="2234" b="916" fs="10">3</wd>
		</ln>
		<ln lx="828" ly="945" rx="3826" ry="1011">
			<wd l="828" t="949" r="973" b="1011" fs="10">Paul</wd>
			<wd l="997" t="952" r="1039" b="1011" fs="10">I.</wd>
			<wd l="1065" t="952" r="1301" b="1010" fs="10">Forster</wd>
			<wd l="1352" t="995" r="3668" b="1010" fs="10">
			</wd>
			<wd l="3716" t="945" r="3826" b="1005" fs="10">113</wd>
		</ln>
		<ln lx="639" ly="1131" rx="2980" ry="1209">
			<wd l="639" t="1136" r="698" b="1194" fs="10">A</wd>
			<wd l="720" t="1154" r="860" b="1195" fs="10">new</wd>
			<wd l="884" t="1134" r="1298" b="1195" fs="10">combination</wd>
			<wd l="1321" t="1134" r="1385" b="1194" fs="10">in</wd>
			<wd l="1401" t="1133" r="1841" b="1194" fs="10">Dendrocnide</wd>
			<wd l="1864" t="1133" r="2273" b="1209" fs="10">(Urticaceae)</wd>
			<wd l="2299" t="1132" r="2362" b="1192" fs="10">in</wd>
			<wd l="2384" t="1132" r="2561" b="1192" fs="10">north</wd>
			<wd l="2586" t="1131" r="2980" b="1206" fs="10">Queensland</wd>
		</ln>
		<ln lx="828" ly="1222" rx="3832" ry="1303">
			<wd l="828" t="1228" r="975" b="1287" fs="10">B.R.</wd>
			<wd l="1002" t="1225" r="1217" b="1286" fs="10">Jackes</wd>
			<wd l="1242" t="1225" r="1360" b="1286" fs="10">and</wd>
			<wd l="1383" t="1227" r="1472" b="1286" fs="10">M.</wd>
			<wd l="1499" t="1225" r="1731" b="1303" fs="10">Hurley</wd>
			<wd l="1771" t="1271" r="3668" b="1285" fs="10">
			</wd>
			<wd l="3725" t="1222" r="3832" b="1280" fs="10">121</wd>
		</ln>
		<ln lx="636" ly="1407" rx="3004" ry="1488">
			<wd l="636" t="1413" r="830" b="1472" fs="10">Notes</wd>
			<wd l="855" t="1430" r="937" b="1472" fs="10">on</wd>
			<wd l="955" t="1411" r="1328" b="1488" fs="10">Eucalyptus</wd>
			<wd l="1353" t="1430" r="1463" b="1471" fs="10">ser.</wd>
			<wd l="1487" t="1409" r="1931" b="1487" fs="10">Psathyroxyla</wd>
			<wd l="1953" t="1408" r="2211" b="1486" fs="10">Blakely</wd>
			<wd l="2236" t="1408" r="2642" b="1486" fs="10">(Myrtaceae)</wd>
			<wd l="2668" t="1407" r="2787" b="1469" fs="10">and</wd>
			<wd l="2833" t="1407" r="3004" b="1468" fs="10">other</wd>
		</ln>
		<ln lx="834" ly="1502" rx="1571" ry="1581">
			<wd l="834" t="1503" r="990" b="1564" fs="10">'Ash</wd>
			<wd l="1013" t="1504" r="1229" b="1581" fs="10">group'</wd>
			<wd l="1260" t="1502" r="1571" b="1580" fs="10">eucalypts</wd>
		</ln>
		<ln lx="827" ly="1592" rx="3828" ry="1656">
			<wd l="827" t="1597" r="980" b="1656" fs="10">A.R.</wd>
			<wd l="1008" t="1597" r="1178" b="1656" fs="10">Bean</wd>
			<wd l="1228" t="1640" r="3671" b="1656" fs="10">
			</wd>
			<wd l="3719" t="1592" r="3828" b="1650" fs="10">125</wd>
		</ln>
		<ln lx="636" ly="1775" rx="3367" ry="1859">
			<wd l="636" t="1780" r="1014" b="1859" fs="10">Leptochloa</wd>
			<wd l="1036" t="1779" r="1447" b="1841" fs="10">southwoodii</wd>
			<wd l="1467" t="1780" r="1784" b="1856" fs="10">(Poaceae:</wd>
			<wd l="1814" t="1777" r="2332" b="1855" fs="10">Chloridoideae),</wd>
			<wd l="2359" t="1796" r="2395" b="1838" fs="10">a</wd>
			<wd l="2416" t="1796" r="2556" b="1838" fs="10">new</wd>
			<wd l="2581" t="1776" r="2818" b="1855" fs="10">species</wd>
			<wd l="2844" t="1776" r="3004" b="1837" fs="10">from</wd>
			<wd l="3029" t="1775" r="3367" b="1837" fs="10">south-east</wd>
		</ln>
		<ln lx="829" ly="1872" rx="1222" ry="1948">
			<wd l="829" t="1872" r="1222" b="1948" fs="10">Queensland</wd>
		</ln>
		<ln lx="826" ly="1961" rx="3842" ry="2042">
			<wd l="826" t="1965" r="968" b="2026" fs="10">Neil</wd>
			<wd l="995" t="1966" r="1183" b="2026" fs="10">Snow</wd>
			<wd l="1206" t="1964" r="1325" b="2026" fs="10">and</wd>
			<wd l="1347" t="1966" r="1551" b="2042" fs="10">Bryan</wd>
			<wd l="1573" t="1966" r="1649" b="2025" fs="10">K.</wd>
			<wd l="1680" t="1964" r="1894" b="2025" fs="10">Simon</wd>
			<wd l="1940" t="2010" r="3673" b="2024" fs="10">
			</wd>
			<wd l="3730" t="1961" r="3842" b="2021" fs="10">137</wd>
		</ln>
		<ln lx="636" ly="2145" rx="3205" ry="2228">
			<wd l="636" t="2150" r="979" b="2228" fs="10">Lilaeopsis</wd>
			<wd l="1005" t="2149" r="1361" b="2210" fs="10">brisbanica</wd>
			<wd l="1383" t="2149" r="1766" b="2227" fs="10">(Apiaceae),</wd>
			<wd l="1794" t="2167" r="1829" b="2209" fs="10">a</wd>
			<wd l="1849" t="2167" r="1989" b="2209" fs="10">new</wd>
			<wd l="2014" t="2147" r="2250" b="2226" fs="10">species</wd>
			<wd l="2276" t="2147" r="2435" b="2208" fs="10">from</wd>
			<wd l="2459" t="2146" r="2871" b="2222" fs="10">Queensland,</wd>
			<wd l="2896" t="2145" r="3205" b="2207" fs="10">Australia</wd>
		</ln>
		<ln lx="827" ly="2238" rx="3833" ry="2303">
			<wd l="827" t="2244" r="980" b="2303" fs="10">A.R.</wd>
			<wd l="1007" t="2244" r="1178" b="2302" fs="10">Bean</wd>
			<wd l="1229" t="2287" r="3674" b="2302" fs="10">
			</wd>
			<wd l="3722" t="2238" r="3833" b="2298" fs="10">145</wd>
		</ln>
		<ln lx="639" ly="2424" rx="3175" ry="2505">
			<wd l="639" t="2430" r="1116" b="2505" fs="10">Microcarpaea</wd>
			<wd l="1139" t="2432" r="1360" b="2505" fs="10">agonis</wd>
			<wd l="1384" t="2426" r="2033" b="2504" fs="10">(Scrophulariaceae),</wd>
			<wd l="2061" t="2445" r="2096" b="2486" fs="10">a</wd>
			<wd l="2116" t="2445" r="2257" b="2486" fs="10">new</wd>
			<wd l="2282" t="2424" r="2518" b="2503" fs="10">species</wd>
			<wd l="2544" t="2424" r="2704" b="2485" fs="10">from</wd>
			<wd l="2730" t="2424" r="3175" b="2485" fs="10">south-eastern</wd>
		</ln>
		<ln lx="830" ly="2518" rx="1223" ry="2594">
			<wd l="830" t="2518" r="1223" b="2594" fs="10">Queensland</wd>
		</ln>
		<ln lx="828" ly="2607" rx="3836" ry="2672">
			<wd l="828" t="2613" r="981" b="2672" fs="10">A.R.</wd>
			<wd l="1009" t="2613" r="1179" b="2672" fs="10">Bean</wd>
			<wd l="1229" t="2656" r="3673" b="2672" fs="10">
			</wd>
			<wd l="3721" t="2607" r="3836" b="2666" fs="10">149</wd>
		</ln>
		<ln lx="640" ly="2792" rx="3833" ry="2858">
			<wd l="640" t="2796" r="821" b="2858" fs="10">Book</wd>
			<wd l="843" t="2796" r="1071" b="2858" fs="10">review</wd>
			<wd l="1105" t="2841" r="3666" b="2857" fs="10">
			</wd>
			<wd l="3723" t="2792" r="3833" b="2851" fs="10">153</wd>
		</ln>
	</region>
</ocr-page>
