<?xml version="1.0" encoding="UTF-8"?>
<ocr-page type="coords" ocr-vers="1.0" creation-date="20130321" res="600" height="6300" width="4500">
	<region article-doi="10.2307/41729922" region-id="0">
		<rc l="623" t="733" r="3848" b="801"/>
		<ln lx="628" ly="738" rx="3843" ry="796">
			<wd l="628" t="738" r="854" b="796" fs="10">Holland,</wd>
			<wd l="874" t="738" r="1053" b="786" fs="10">Rothia</wd>
			<wd l="1075" t="738" r="1238" b="786" fs="10">indica</wd>
			<wd l="3783" t="738" r="3843" b="785" fs="10">95</wd>
		</ln>
	</region>
	<region article-doi="10.2307/41729922" region-id="1">
		<rc l="631" t="5440" r="3794" b="5590"/>
		<ln lx="636" ly="5445" rx="3789" ry="5509">
			<wd l="636" t="5445" r="740" b="5507" fs="10">Fig.</wd>
			<wd l="765" t="5446" r="805" b="5493" fs="10">1.</wd>
			<wd l="825" t="5445" r="1002" b="5492" fs="10">Rothia</wd>
			<wd l="1023" t="5445" r="1186" b="5492" fs="10">indica</wd>
			<wd l="1207" t="5445" r="1369" b="5507" fs="10">subsp.</wd>
			<wd l="1391" t="5446" r="1624" b="5493" fs="10">australis</wd>
			<wd l="1629" t="5461" r="1638" b="5493" fs="10">:</wd>
			<wd l="1660" t="5447" r="1721" b="5493" fs="10">A.</wd>
			<wd l="1743" t="5446" r="1926" b="5494" fs="10">branch</wd>
			<wd l="1945" t="5446" r="2064" b="5494" fs="10">with</wd>
			<wd l="2085" t="5446" r="2336" b="5494" fs="10">immature</wd>
			<wd l="2355" t="5447" r="2456" b="5509" fs="10">pod</wd>
			<wd l="2480" t="5459" r="2506" b="5484" fs="10">x</wd>
			<wd l="2532" t="5448" r="2626" b="5495" fs="10">3.4.</wd>
			<wd l="2649" t="5449" r="2705" b="5495" fs="10">B.</wd>
			<wd l="2729" t="5447" r="2872" b="5509" fs="10">calyx</wd>
			<wd l="2896" t="5459" r="2922" b="5485" fs="10">x</wd>
			<wd l="2948" t="5449" r="2992" b="5495" fs="10">7.</wd>
			<wd l="3017" t="5449" r="3072" b="5496" fs="10">C.</wd>
			<wd l="3094" t="5448" r="3339" b="5496" fs="10">bracteole</wd>
			<wd l="3363" t="5460" r="3390" b="5485" fs="10">x</wd>
			<wd l="3416" t="5450" r="3460" b="5496" fs="10">7.</wd>
			<wd l="3482" t="5450" r="3542" b="5496" fs="10">D.</wd>
			<wd l="3567" t="5448" r="3789" b="5497" fs="10">standard</wd>
		</ln>
		<ln lx="640" ly="5520" rx="3757" ry="5585">
			<wd l="640" t="5532" r="667" b="5559" fs="10">X</wd>
			<wd l="692" t="5522" r="734" b="5569" fs="10">7.</wd>
			<wd l="756" t="5522" r="808" b="5569" fs="10">E.</wd>
			<wd l="830" t="5520" r="962" b="5583" fs="10">wing</wd>
			<wd l="985" t="5532" r="1011" b="5559" fs="10">x</wd>
			<wd l="1037" t="5522" r="1080" b="5569" fs="10">7.</wd>
			<wd l="1102" t="5522" r="1151" b="5569" fs="10">F.</wd>
			<wd l="1174" t="5520" r="1283" b="5570" fs="10">keel</wd>
			<wd l="1308" t="5532" r="1334" b="5559" fs="10">x</wd>
			<wd l="1360" t="5523" r="1388" b="5569" fs="10">7</wd>
			<wd l="1411" t="5522" r="1469" b="5570" fs="10">G.</wd>
			<wd l="1494" t="5528" r="1705" b="5570" fs="10">stamens</wd>
			<wd l="1730" t="5533" r="1756" b="5559" fs="10">x</wd>
			<wd l="1782" t="5523" r="1826" b="5570" fs="10">7.</wd>
			<wd l="1848" t="5523" r="1909" b="5570" fs="10">H.</wd>
			<wd l="1932" t="5537" r="2082" b="5583" fs="10">ovary</wd>
			<wd l="2107" t="5534" r="2133" b="5560" fs="10">x</wd>
			<wd l="2159" t="5523" r="2202" b="5571" fs="10">7.</wd>
			<wd l="2225" t="5523" r="2259" b="5571" fs="10">1,</wd>
			<wd l="2281" t="5529" r="2464" b="5571" fs="10">mature</wd>
			<wd l="2483" t="5522" r="2584" b="5584" fs="10">pod</wd>
			<wd l="2607" t="5534" r="2634" b="5561" fs="10">x</wd>
			<wd l="2659" t="5523" r="2754" b="5572" fs="10">3.4.</wd>
			<wd l="2776" t="5524" r="2814" b="5571" fs="10">J.</wd>
			<wd l="2839" t="5523" r="2954" b="5572" fs="10">seed</wd>
			<wd l="2978" t="5535" r="3004" b="5561" fs="10">x</wd>
			<wd l="3035" t="5524" r="3108" b="5572" fs="10">14.</wd>
			<wd l="3130" t="5523" r="3213" b="5571" fs="10">All</wd>
			<wd l="3235" t="5523" r="3362" b="5572" fs="10">from</wd>
			<wd l="3370" t="5524" r="3599" b="5585" fs="10">Boyland</wd>
			<wd l="3612" t="5525" r="3757" b="5572" fs="10">4016.</wd>
		</ln>
	</region>
</ocr-page>
