<?xml version="1.0" encoding="UTF-8"?>
<ocr-page type="coords" ocr-vers="1.0" creation-date="20130321" res="600" height="6300" width="4500">
	<region article-doi="10.2307/41729921" region-id="0">
		<rc l="645" t="732" r="3783" b="803"/>
		<ln lx="650" ly="737" rx="3778" ry="798">
			<wd l="650" t="738" r="711" b="785" fs="10">80</wd>
			<wd l="2877" t="737" r="3252" b="798" fs="10">Austrobaileya</wd>
			<wd l="3272" t="738" r="3394" b="797" fs="10">5(1):</wd>
			<wd l="3418" t="738" r="3575" b="785" fs="10">79-91</wd>
			<wd l="3603" t="738" r="3778" b="797" fs="10">(1997)</wd>
		</ln>
	</region>
	<region article-doi="10.2307/41729921" region-id="1">
		<rc l="640" t="857" r="2199" b="2899"/>
		<ln lx="648" ly="862" rx="2182" ry="940">
			<wd l="648" t="863" r="729" b="940" fs="10">by</wd>
			<wd l="765" t="862" r="1054" b="923" fs="10">Geesink.</wd>
			<wd l="1093" t="862" r="1420" b="923" fs="10">Therefore</wd>
			<wd l="1454" t="862" r="1554" b="923" fs="10">the</wd>
			<wd l="1589" t="862" r="1869" b="923" fs="10">research</wd>
			<wd l="1902" t="862" r="2182" b="940" fs="10">reported</wd>
		</ln>
		<ln lx="648" ly="955" rx="2182" ry="1033">
			<wd l="648" t="955" r="789" b="1016" fs="10">here</wd>
			<wd l="820" t="955" r="1018" b="1016" fs="10">aimed</wd>
			<wd l="1045" t="964" r="1108" b="1015" fs="10">to</wd>
			<wd l="1138" t="955" r="1430" b="1033" fs="10">critically</wd>
			<wd l="1458" t="955" r="1685" b="1015" fs="10">review</wd>
			<wd l="1711" t="955" r="1812" b="1015" fs="10">the</wd>
			<wd l="1842" t="975" r="2033" b="1033" fs="10">genus</wd>
			<wd l="2064" t="955" r="2182" b="1015" fs="10">and</wd>
		</ln>
		<ln lx="648" ly="1048" rx="1936" ry="1125">
			<wd l="648" t="1057" r="710" b="1108" fs="10">to</wd>
			<wd l="735" t="1068" r="934" b="1108" fs="10">assess</wd>
			<wd l="957" t="1048" r="1056" b="1108" fs="10">the</wd>
			<wd l="1082" t="1057" r="1266" b="1108" fs="10">status</wd>
			<wd l="1291" t="1048" r="1368" b="1108" fs="10">of</wd>
			<wd l="1380" t="1048" r="1549" b="1108" fs="10">these</wd>
			<wd l="1575" t="1048" r="1936" b="1125" fs="10">specimens.</wd>
		</ln>
		<ln lx="650" ly="1213" rx="1472" ry="1272">
			<wd l="650" t="1213" r="987" b="1272" fs="10">Materials</wd>
			<wd l="1013" t="1213" r="1141" b="1271" fs="10">and</wd>
			<wd l="1166" t="1213" r="1472" b="1271" fs="10">Methods</wd>
		</ln>
		<ln lx="650" ly="1374" rx="2181" ry="1453">
			<wd l="650" t="1375" r="793" b="1435" fs="10">This</wd>
			<wd l="817" t="1375" r="993" b="1453" fs="10">study</wd>
			<wd l="1014" t="1394" r="1141" b="1435" fs="10">was</wd>
			<wd l="1162" t="1374" r="1351" b="1435" fs="10">based</wd>
			<wd l="1374" t="1394" r="1454" b="1435" fs="10">on</wd>
			<wd l="1475" t="1374" r="1816" b="1435" fs="10">herbarium</wd>
			<wd l="1840" t="1374" r="2181" b="1452" fs="10">specimens</wd>
		</ln>
		<ln lx="650" ly="1466" rx="2183" ry="1542">
			<wd l="650" t="1468" r="713" b="1528" fs="10">in</wd>
			<wd l="749" t="1470" r="907" b="1540" fs="10">BRI,</wd>
			<wd l="947" t="1469" r="1129" b="1540" fs="10">LAE,</wd>
			<wd l="1168" t="1470" r="1364" b="1540" fs="10">MEL,</wd>
			<wd l="1401" t="1469" r="1591" b="1528" fs="10">NSW</wd>
			<wd l="1628" t="1467" r="1749" b="1528" fs="10">and</wd>
			<wd l="1786" t="1468" r="1967" b="1542" fs="10">QRS.</wd>
			<wd l="2007" t="1466" r="2183" b="1527" fs="10">Field</wd>
		</ln>
		<ln lx="650" ly="1559" rx="2183" ry="1637">
			<wd l="650" t="1560" r="1062" b="1621" fs="10">observations</wd>
			<wd l="1082" t="1560" r="1158" b="1620" fs="10">of</wd>
			<wd l="1166" t="1560" r="1243" b="1620" fs="10">all</wd>
			<wd l="1264" t="1560" r="1497" b="1637" fs="10">species</wd>
			<wd l="1517" t="1561" r="1803" b="1637" fs="10">excepts,</wd>
			<wd l="1824" t="1559" r="2183" b="1637" fs="10">glabristyla</wd>
		</ln>
		<ln lx="649" ly="1652" rx="1489" ry="1730">
			<wd l="649" t="1673" r="807" b="1714" fs="10">were</wd>
			<wd l="831" t="1653" r="1008" b="1713" fs="10">made</wd>
			<wd l="1032" t="1653" r="1113" b="1730" fs="10">by</wd>
			<wd l="1136" t="1653" r="1236" b="1713" fs="10">the</wd>
			<wd l="1262" t="1652" r="1489" b="1713" fs="10">author.</wd>
		</ln>
		<ln lx="650" ly="1819" rx="1026" ry="1895">
			<wd l="650" t="1819" r="1026" b="1895" fs="10">Taxonomy</wd>
		</ln>
		<ln lx="651" ly="1981" rx="2194" ry="2059">
			<wd l="651" t="1982" r="951" b="2043" fs="10">Geesink</wd>
			<wd l="1012" t="1983" r="1258" b="2059" fs="10">(1984)</wd>
			<wd l="1320" t="1982" r="1530" b="2042" fs="10">based</wd>
			<wd l="1591" t="1982" r="1696" b="2042" fs="10">his</wd>
			<wd l="1761" t="1990" r="2049" b="2059" fs="10">concept</wd>
			<wd l="2112" t="1981" r="2194" b="2041" fs="10">of</wd>
		</ln>
		<ln lx="645" ly="2073" rx="2186" ry="2152">
			<wd l="645" t="2077" r="1153" b="2136" fs="10">Austrosteenisia</wd>
			<wd l="1171" t="2094" r="1252" b="2135" fs="10">on</wd>
			<wd l="1268" t="2074" r="1367" b="2135" fs="10">the</wd>
			<wd l="1385" t="2074" r="1610" b="2135" fs="10">known</wd>
			<wd l="1629" t="2074" r="1862" b="2152" fs="10">species</wd>
			<wd l="1871" t="2075" r="1936" b="2134" fs="10">A</wd>
			<wd l="1964" t="2073" r="2186" b="2134" fs="10">blackii</wd>
		</ln>
		<ln lx="651" ly="2168" rx="2185" ry="2245">
			<wd l="651" t="2168" r="769" b="2228" fs="10">and</wd>
			<wd l="783" t="2168" r="1129" b="2228" fs="10">Kunstleria</wd>
			<wd l="1160" t="2168" r="1419" b="2245" fs="10">stipular</wd>
			<wd l="1421" t="2172" r="1488" b="2228" fs="10">is.</wd>
			<wd l="1510" t="2169" r="1829" b="2239" fs="10">However,</wd>
			<wd l="1848" t="2175" r="1910" b="2227" fs="10">to</wd>
			<wd l="1930" t="2175" r="2185" b="2227" fs="10">account</wd>
		</ln>
		<ln lx="651" ly="2259" rx="2184" ry="2338">
			<wd l="651" t="2261" r="746" b="2321" fs="10">for</wd>
			<wd l="765" t="2261" r="864" b="2321" fs="10">the</wd>
			<wd l="888" t="2260" r="1122" b="2338" fs="10">species</wd>
			<wd l="1146" t="2260" r="1462" b="2321" fs="10">described</wd>
			<wd l="1482" t="2260" r="1564" b="2338" fs="10">by</wd>
			<wd l="1585" t="2262" r="1800" b="2337" fs="10">Jessup</wd>
			<wd l="1823" t="2260" r="2043" b="2336" fs="10">(1986)</wd>
			<wd l="2066" t="2259" r="2184" b="2320" fs="10">and</wd>
		</ln>
		<ln lx="648" ly="2352" rx="2185" ry="2429">
			<wd l="648" t="2354" r="747" b="2413" fs="10">the</wd>
			<wd l="764" t="2373" r="902" b="2413" fs="10">new</wd>
			<wd l="917" t="2361" r="1056" b="2413" fs="10">taxa</wd>
			<wd l="1072" t="2353" r="1385" b="2413" fs="10">identified</wd>
			<wd l="1401" t="2353" r="1561" b="2424" fs="10">here,</wd>
			<wd l="1582" t="2352" r="1872" b="2413" fs="10">Geesink'</wd>
			<wd l="1882" t="2371" r="1909" b="2412" fs="10">s</wd>
			<wd l="1929" t="2360" r="2185" b="2429" fs="10">concept</wd>
		</ln>
		<ln lx="648" ly="2443" rx="2185" ry="2522">
			<wd l="648" t="2445" r="835" b="2505" fs="10">needs</wd>
			<wd l="864" t="2453" r="926" b="2505" fs="10">to</wd>
			<wd l="954" t="2445" r="1031" b="2505" fs="10">be</wd>
			<wd l="1062" t="2445" r="1307" b="2522" fs="10">slightly</wd>
			<wd l="1334" t="2444" r="1651" b="2504" fs="10">modified.</wd>
			<wd l="1683" t="2446" r="1772" b="2504" fs="10">To</wd>
			<wd l="1804" t="2452" r="2061" b="2504" fs="10">account</wd>
			<wd l="2090" t="2443" r="2185" b="2503" fs="10">for</wd>
		</ln>
		<ln lx="648" ly="2536" rx="2181" ry="2614">
			<wd l="648" t="2538" r="747" b="2598" fs="10">the</wd>
			<wd l="765" t="2557" r="903" b="2598" fs="10">new</wd>
			<wd l="919" t="2546" r="1074" b="2610" fs="10">taxa,</wd>
			<wd l="1093" t="2537" r="1193" b="2598" fs="10">the</wd>
			<wd l="1213" t="2537" r="1416" b="2598" fs="10">leaflet</wd>
			<wd l="1432" t="2536" r="1703" b="2609" fs="10">number,</wd>
			<wd l="1725" t="2536" r="1941" b="2597" fs="10">flower</wd>
			<wd l="1959" t="2536" r="2181" b="2614" fs="10">length,</wd>
		</ln>
		<ln lx="651" ly="2629" rx="2184" ry="2707">
			<wd l="651" t="2630" r="833" b="2692" fs="10">ovule</wd>
			<wd l="867" t="2630" r="1124" b="2691" fs="10">number</wd>
			<wd l="1159" t="2630" r="1278" b="2691" fs="10">and</wd>
			<wd l="1311" t="2630" r="1568" b="2691" fs="10">number</wd>
			<wd l="1602" t="2629" r="1680" b="2691" fs="10">of</wd>
			<wd l="1705" t="2629" r="1883" b="2691" fs="10">seeds</wd>
			<wd l="1918" t="2649" r="2026" b="2707" fs="10">per</wd>
			<wd l="2058" t="2629" r="2184" b="2707" fs="10">pod</wd>
		</ln>
		<ln lx="649" ly="2722" rx="2181" ry="2801">
			<wd l="649" t="2723" r="804" b="2784" fs="10">have</wd>
			<wd l="825" t="2723" r="982" b="2784" fs="10">been</wd>
			<wd l="1004" t="2722" r="1301" b="2784" fs="10">amended</wd>
			<wd l="1324" t="2722" r="1386" b="2783" fs="10">in</wd>
			<wd l="1406" t="2723" r="1506" b="2784" fs="10">the</wd>
			<wd l="1529" t="2722" r="1771" b="2801" fs="10">generic</wd>
			<wd l="1794" t="2722" r="2181" b="2800" fs="10">description,</wd>
		</ln>
		<ln lx="651" ly="2815" rx="2185" ry="2894">
			<wd l="651" t="2816" r="864" b="2893" fs="10">(Table</wd>
			<wd l="901" t="2817" r="976" b="2892" fs="10">1).</wd>
			<wd l="1006" t="2816" r="1282" b="2893" fs="10">Axillary</wd>
			<wd l="1308" t="2816" r="1579" b="2894" fs="10">panicles</wd>
			<wd l="1608" t="2835" r="1706" b="2876" fs="10">are</wd>
			<wd l="1735" t="2816" r="1865" b="2876" fs="10">also</wd>
			<wd l="1892" t="2815" r="2185" b="2876" fs="10">recorded</wd>
		</ln>
	</region>
	<region article-doi="10.2307/41729921" region-id="2">
		<rc l="2321" t="857" r="3874" b="3216"/>
		<ln lx="2328" ly="862" rx="3866" ry="940">
			<wd l="2328" t="862" r="2389" b="922" fs="10">in</wd>
			<wd l="2418" t="862" r="2518" b="923" fs="10">the</wd>
			<wd l="2549" t="882" r="2741" b="940" fs="10">genus</wd>
			<wd l="2773" t="862" r="2869" b="923" fs="10">for</wd>
			<wd l="2896" t="862" r="2996" b="923" fs="10">the</wd>
			<wd l="3028" t="862" r="3160" b="923" fs="10">first</wd>
			<wd l="3188" t="862" r="3351" b="923" fs="10">time.</wd>
			<wd l="3385" t="862" r="3512" b="923" fs="10">The</wd>
			<wd l="3544" t="862" r="3866" b="940" fs="10">following</wd>
		</ln>
		<ln lx="2327" ly="955" rx="3864" ry="1033">
			<wd l="2327" t="955" r="2569" b="1033" fs="10">generic</wd>
			<wd l="2596" t="955" r="2966" b="1032" fs="10">description</wd>
			<wd l="2991" t="955" r="3042" b="1015" fs="10">is</wd>
			<wd l="3066" t="955" r="3204" b="1015" fs="10">thus</wd>
			<wd l="3229" t="955" r="3418" b="1015" fs="10">based</wd>
			<wd l="3442" t="955" r="3635" b="1032" fs="10">partly</wd>
			<wd l="3661" t="975" r="3741" b="1015" fs="10">on</wd>
			<wd l="3765" t="955" r="3864" b="1015" fs="10">the</wd>
		</ln>
		<ln lx="2328" ly="1047" rx="3866" ry="1125">
			<wd l="2328" t="1048" r="2697" b="1125" fs="10">description</wd>
			<wd l="2730" t="1047" r="2807" b="1108" fs="10">of</wd>
			<wd l="2825" t="1049" r="3344" b="1108" fs="10">Austrosteenisia</wd>
			<wd l="3380" t="1067" r="3562" b="1107" fs="10">sensu</wd>
			<wd l="3595" t="1048" r="3866" b="1107" fs="10">Geesink</wd>
		</ln>
		<ln lx="2328" ly="1139" rx="3861" ry="1217">
			<wd l="2328" t="1140" r="2351" b="1216" fs="10">(</wd>
			<wd l="2364" t="1141" r="2384" b="1199" fs="10">1</wd>
			<wd l="2397" t="1140" r="2545" b="1215" fs="10">984)</wd>
			<wd l="2565" t="1139" r="2682" b="1199" fs="10">and</wd>
			<wd l="2698" t="1139" r="2889" b="1217" fs="10">partly</wd>
			<wd l="2908" t="1159" r="2989" b="1199" fs="10">on</wd>
			<wd l="3004" t="1139" r="3104" b="1199" fs="10">the</wd>
			<wd l="3121" t="1139" r="3334" b="1199" fs="10">results</wd>
			<wd l="3354" t="1139" r="3430" b="1199" fs="10">of</wd>
			<wd l="3436" t="1139" r="3552" b="1199" fs="10">this</wd>
			<wd l="3571" t="1139" r="3861" b="1199" fs="10">research.</wd>
		</ln>
		<ln lx="2326" ly="1231" rx="3863" ry="1308">
			<wd l="2326" t="1233" r="2385" b="1291" fs="10">A</wd>
			<wd l="2422" t="1231" r="2544" b="1308" fs="10">key</wd>
			<wd l="2580" t="1239" r="2645" b="1291" fs="10">to</wd>
			<wd l="2682" t="1231" r="2786" b="1291" fs="10">the</wd>
			<wd l="2825" t="1250" r="3057" b="1308" fs="10">genera</wd>
			<wd l="3093" t="1231" r="3172" b="1291" fs="10">of</wd>
			<wd l="3198" t="1231" r="3301" b="1291" fs="10">the</wd>
			<wd l="3339" t="1231" r="3714" b="1291" fs="10">Millettieae</wd>
			<wd l="3751" t="1231" r="3863" b="1291" fs="10">has</wd>
		</ln>
		<ln lx="2328" ly="1323" rx="3735" ry="1401">
			<wd l="2328" t="1324" r="2570" b="1401" fs="10">already</wd>
			<wd l="2593" t="1323" r="2750" b="1383" fs="10">been</wd>
			<wd l="2774" t="1323" r="3071" b="1400" fs="10">provided</wd>
			<wd l="3094" t="1323" r="3176" b="1400" fs="10">by</wd>
			<wd l="3201" t="1323" r="3473" b="1383" fs="10">Geesink</wd>
			<wd l="3498" t="1324" r="3735" b="1398" fs="10">(1984).</wd>
		</ln>
		<ln lx="2326" ly="1487" rx="3865" ry="1559">
			<wd l="2326" t="1489" r="2851" b="1548" fs="10">Austrosteenisia</wd>
			<wd l="2868" t="1487" r="3222" b="1559" fs="10">R.Geesink,</wd>
			<wd l="3243" t="1487" r="3414" b="1547" fs="10">Scala</wd>
			<wd l="3428" t="1487" r="3865" b="1547" fs="10">Millettiearum</wd>
		</ln>
		<ln lx="2520" ly="1579" rx="3868" ry="1657">
			<wd l="2520" t="1581" r="2591" b="1640" fs="10">78</wd>
			<wd l="2693" t="1580" r="2893" b="1656" fs="10">(1984)</wd>
			<wd l="3085" t="1582" r="3296" b="1657" fs="10">Type:</wd>
			<wd l="3412" t="1581" r="3483" b="1639" fs="10">A.</wd>
			<wd l="3610" t="1579" r="3868" b="1639" fs="10">blackii</wd>
		</ln>
		<ln lx="2518" ly="1672" rx="3187" ry="1749">
			<wd l="2518" t="1672" r="2835" b="1749" fs="10">(EMuell.)</wd>
			<wd l="2851" t="1672" r="3187" b="1732" fs="10">R.Geesink</wd>
		</ln>
		<ln lx="2328" ly="1835" rx="3864" ry="1914">
			<wd l="2328" t="1836" r="2566" b="1897" fs="10">Lianas.</wd>
			<wd l="2604" t="1838" r="2838" b="1897" fs="10">Leaves</wd>
			<wd l="2875" t="1836" r="3245" b="1914" fs="10">compound,</wd>
			<wd l="3284" t="1835" r="3589" b="1908" fs="10">alternate;</wd>
			<wd l="3628" t="1835" r="3864" b="1896" fs="10">leaflets</wd>
		</ln>
		<ln lx="2331" ly="1929" rx="3865" ry="2008">
			<wd l="2331" t="1932" r="2514" b="2003" fs="10">5-17;</wd>
			<wd l="2536" t="1929" r="2807" b="2008" fs="10">stipellae</wd>
			<wd l="2825" t="1937" r="3066" b="2007" fs="10">present</wd>
			<wd l="3085" t="1949" r="3153" b="1990" fs="10">or</wd>
			<wd l="3170" t="1929" r="3397" b="1990" fs="10">absent.</wd>
			<wd l="3419" t="1929" r="3865" b="1989" fs="10">Inflorescence</wd>
		</ln>
		<ln lx="2329" ly="2021" rx="3869" ry="2099">
			<wd l="2329" t="2042" r="2364" b="2083" fs="10">a</wd>
			<wd l="2396" t="2022" r="2671" b="2083" fs="10">terminal</wd>
			<wd l="2707" t="2041" r="2775" b="2083" fs="10">or</wd>
			<wd l="2809" t="2022" r="3061" b="2099" fs="10">axillary</wd>
			<wd l="3094" t="2022" r="3352" b="2099" fs="10">panicle.</wd>
			<wd l="3390" t="2024" r="3601" b="2082" fs="10">Bracts</wd>
			<wd l="3638" t="2021" r="3869" b="2082" fs="10">shorter</wd>
		</ln>
		<ln lx="2327" ly="2114" rx="3866" ry="2193">
			<wd l="2327" t="2115" r="2470" b="2176" fs="10">than</wd>
			<wd l="2487" t="2115" r="2586" b="2176" fs="10">the</wd>
			<wd l="2606" t="2114" r="3082" b="2193" fs="10">corresponding</wd>
			<wd l="3101" t="2114" r="3318" b="2175" fs="10">flower</wd>
			<wd l="3333" t="2114" r="3510" b="2187" fs="10">buds;</wd>
			<wd l="3530" t="2114" r="3866" b="2175" fs="10">bracteoles</wd>
		</ln>
		<ln lx="2327" ly="2207" rx="3864" ry="2286">
			<wd l="2327" t="2217" r="2621" b="2286" fs="10">present.</wd>
			<wd l="2698" t="2208" r="2995" b="2268" fs="10">Flowers</wd>
			<wd l="3073" t="2209" r="3393" b="2268" fs="10">7.5-10.5</wd>
			<wd l="3471" t="2227" r="3603" b="2267" fs="10">mm</wd>
			<wd l="3678" t="2207" r="3864" b="2284" fs="10">long;</wd>
		</ln>
		<ln lx="2327" ly="2299" rx="3861" ry="2379">
			<wd l="2327" t="2300" r="2726" b="2379" fs="10">hypanthium</wd>
			<wd l="2750" t="2300" r="3075" b="2361" fs="10">indistinct.</wd>
			<wd l="3103" t="2300" r="3299" b="2377" fs="10">Calyx</wd>
			<wd l="3323" t="2299" r="3633" b="2360" fs="10">imbricate</wd>
			<wd l="3657" t="2299" r="3804" b="2359" fs="10">with</wd>
			<wd l="3830" t="2301" r="3861" b="2359" fs="10">5</wd>
		</ln>
		<ln lx="2330" ly="2391" rx="3864" ry="2470">
			<wd l="2330" t="2393" r="2629" b="2470" fs="10">subequal</wd>
			<wd l="2668" t="2392" r="2862" b="2453" fs="10">lobes.</wd>
			<wd l="2905" t="2392" r="3205" b="2452" fs="10">Standard</wd>
			<wd l="3239" t="2392" r="3422" b="2452" fs="10">blade</wd>
			<wd l="3456" t="2400" r="3501" b="2445" fs="10">±</wd>
			<wd l="3539" t="2391" r="3864" b="2463" fs="10">orbicular,</wd>
		</ln>
		<ln lx="2330" ly="2484" rx="3865" ry="2563">
			<wd l="2330" t="2485" r="2616" b="2563" fs="10">strongly</wd>
			<wd l="2653" t="2485" r="2943" b="2545" fs="10">reflexed</wd>
			<wd l="2982" t="2493" r="3042" b="2545" fs="10">at</wd>
			<wd l="3078" t="2484" r="3255" b="2556" fs="10">base;</wd>
			<wd l="3295" t="2484" r="3473" b="2544" fs="10">basal</wd>
			<wd l="3514" t="2484" r="3865" b="2544" fs="10">callosities</wd>
		</ln>
		<ln lx="2329" ly="2576" rx="3867" ry="2656">
			<wd l="2329" t="2577" r="2560" b="2651" fs="10">absent;</wd>
			<wd l="2582" t="2577" r="2780" b="2656" fs="10">wings</wd>
			<wd l="2801" t="2577" r="2949" b="2638" fs="10">with</wd>
			<wd l="2970" t="2596" r="3006" b="2638" fs="10">a</wd>
			<wd l="3023" t="2576" r="3258" b="2638" fs="10">normal</wd>
			<wd l="3280" t="2576" r="3435" b="2637" fs="10">claw</wd>
			<wd l="3456" t="2576" r="3574" b="2637" fs="10">and</wd>
			<wd l="3596" t="2576" r="3867" b="2654" fs="10">strongly</wd>
		</ln>
		<ln lx="2327" ly="2669" rx="3866" ry="2748">
			<wd l="2327" t="2671" r="2587" b="2731" fs="10">reduced</wd>
			<wd l="2602" t="2670" r="2798" b="2743" fs="10">blade;</wd>
			<wd l="2816" t="2670" r="2950" b="2731" fs="10">keel</wd>
			<wd l="2967" t="2670" r="3155" b="2748" fs="10">petals</wd>
			<wd l="3174" t="2670" r="3404" b="2730" fs="10">falcate.</wd>
			<wd l="3427" t="2669" r="3710" b="2730" fs="10">Staminal</wd>
			<wd l="3727" t="2669" r="3866" b="2730" fs="10">tube</wd>
		</ln>
		<ln lx="2330" ly="2762" rx="3869" ry="2842">
			<wd l="2330" t="2764" r="2607" b="2842" fs="10">straight;</wd>
			<wd l="2644" t="2783" r="2841" b="2842" fs="10">upper</wd>
			<wd l="2878" t="2763" r="3161" b="2824" fs="10">filament</wd>
			<wd l="3197" t="2763" r="3417" b="2824" fs="10">adnate</wd>
			<wd l="3453" t="2771" r="3516" b="2823" fs="10">to</wd>
			<wd l="3553" t="2763" r="3655" b="2823" fs="10">the</wd>
			<wd l="3694" t="2762" r="3869" b="2823" fs="10">other</wd>
		</ln>
		<ln lx="2330" ly="2855" rx="3864" ry="2916">
			<wd l="2330" t="2856" r="2644" b="2916" fs="10">filaments.</wd>
			<wd l="2664" t="2856" r="2843" b="2916" fs="10">Basal</wd>
			<wd l="2862" t="2856" r="3152" b="2916" fs="10">fenestrae</wd>
			<wd l="3170" t="2856" r="3421" b="2916" fs="10">distinct.</wd>
			<wd l="3441" t="2855" r="3596" b="2915" fs="10">Disk</wd>
			<wd l="3612" t="2855" r="3864" b="2915" fs="10">distinct.</wd>
		</ln>
		<ln lx="2330" ly="2947" rx="3865" ry="3026">
			<wd l="2330" t="2950" r="2533" b="3026" fs="10">Ovary</wd>
			<wd l="2549" t="2948" r="2737" b="3026" fs="10">hairy;</wd>
			<wd l="2757" t="2948" r="2968" b="3009" fs="10">ovules</wd>
			<wd l="2987" t="2949" r="3167" b="3008" fs="10">9-20.</wd>
			<wd l="3187" t="2947" r="3315" b="3008" fs="10">Pod</wd>
			<wd l="3332" t="2947" r="3721" b="3019" fs="10">indehiscent,</wd>
			<wd l="3743" t="2947" r="3865" b="3019" fs="10">flat,</wd>
		</ln>
		<ln lx="2328" ly="3040" rx="3866" ry="3118">
			<wd l="2328" t="3041" r="2816" b="3114" fs="10">membranous,</wd>
			<wd l="2860" t="3041" r="3139" b="3102" fs="10">without</wd>
			<wd l="3179" t="3040" r="3415" b="3118" fs="10">wings.</wd>
			<wd l="3464" t="3040" r="3668" b="3101" fs="10">Seeds</wd>
			<wd l="3721" t="3041" r="3866" b="3113" fs="10">1-8,</wd>
		</ln>
		<ln lx="2328" ly="3133" rx="3776" ry="3211">
			<wd l="2328" t="3134" r="2638" b="3206" fs="10">reniform,</wd>
			<wd l="2666" t="3133" r="2935" b="3211" fs="10">laterally</wd>
			<wd l="2961" t="3133" r="3270" b="3205" fs="10">flattened;</wd>
			<wd l="3296" t="3133" r="3521" b="3193" fs="10">radicle</wd>
			<wd l="3547" t="3133" r="3776" b="3193" fs="10">folded.</wd>
		</ln>
	</region>
	<region article-doi="10.2307/41729921" region-id="3">
		<rc l="645" t="3498" r="3832" b="3682"/>
		<ln lx="650" ly="3503" rx="3827" ry="3582">
			<wd l="650" t="3508" r="850" b="3566" fs="10">Table</wd>
			<wd l="887" t="3507" r="940" b="3566" fs="10">1.</wd>
			<wd l="975" t="3507" r="1111" b="3566" fs="10">The</wd>
			<wd l="1145" t="3507" r="1484" b="3566" fs="10">character</wd>
			<wd l="1516" t="3511" r="1711" b="3565" fs="10">states</wd>
			<wd l="1747" t="3522" r="1816" b="3565" fs="10">as</wd>
			<wd l="1851" t="3505" r="2155" b="3582" fs="10">accepted</wd>
			<wd l="2191" t="3505" r="2343" b="3564" fs="10">here</wd>
			<wd l="2377" t="3504" r="2441" b="3563" fs="10">in</wd>
			<wd l="2480" t="3503" r="3013" b="3563" fs="10">Austrosteenisia</wd>
			<wd l="3018" t="3547" r="3035" b="3575" fs="10">,</wd>
			<wd l="3070" t="3504" r="3422" b="3580" fs="10">compared</wd>
			<wd l="3455" t="3503" r="3609" b="3562" fs="10">with</wd>
			<wd l="3645" t="3503" r="3827" b="3562" fs="10">those</wd>
		</ln>
		<ln lx="651" ly="3598" rx="1517" ry="3677">
			<wd l="651" t="3600" r="836" b="3677" fs="10">given</wd>
			<wd l="861" t="3600" r="946" b="3676" fs="10">by</wd>
			<wd l="971" t="3599" r="1255" b="3659" fs="10">Geesink</wd>
			<wd l="1279" t="3598" r="1517" b="3673" fs="10">(1984).</wd>
		</ln>
	</region>
	<region article-doi="10.2307/41729921" region-id="4">
		<rc l="647" t="3918" r="3665" b="4976"/>
		<ln lx="652" ly="3923" rx="3471" ry="4000">
			<wd l="652" t="3927" r="975" b="3987" fs="10">Character</wd>
			<wd l="2071" t="3924" r="2343" b="3985" fs="10">Geesink</wd>
			<wd l="2368" t="3924" r="2391" b="4000" fs="10">(</wd>
			<wd l="2403" t="3925" r="2424" b="3984" fs="10">1</wd>
			<wd l="2437" t="3924" r="2587" b="4000" fs="10">984)</wd>
			<wd l="3019" t="3923" r="3226" b="3983" fs="10">Dixon</wd>
			<wd l="3252" t="3923" r="3275" b="3999" fs="10">(</wd>
			<wd l="3288" t="3924" r="3309" b="3982" fs="10">1</wd>
			<wd l="3322" t="3923" r="3471" b="3998" fs="10">997)</wd>
		</ln>
		<ln lx="652" ly="4247" rx="3183" ry="4310">
			<wd l="652" t="4250" r="886" b="4310" fs="10">Leaflet</wd>
			<wd l="909" t="4249" r="1164" b="4309" fs="10">number</wd>
			<wd l="2073" t="4249" r="2235" b="4307" fs="10">7-17</wd>
			<wd l="3022" t="4247" r="3183" b="4306" fs="10">5-17</wd>
		</ln>
		<ln lx="652" ly="4408" rx="3613" ry="4489">
			<wd l="652" t="4413" r="888" b="4473" fs="10">Flower</wd>
			<wd l="911" t="4412" r="1116" b="4489" fs="10">length</wd>
			<wd l="2072" t="4429" r="2123" b="4470" fs="10">c.</wd>
			<wd l="2161" t="4411" r="2361" b="4470" fs="10">10mm</wd>
			<wd l="2388" t="4409" r="2533" b="4486" fs="10">long</wd>
			<wd l="3022" t="4410" r="3196" b="4468" fs="10">7.5-1</wd>
			<wd l="3210" t="4409" r="3438" b="4468" fs="10">0.5mm</wd>
			<wd l="3468" t="4408" r="3613" b="4484" fs="10">long</wd>
		</ln>
		<ln lx="654" ly="4572" rx="3303" ry="4647">
			<wd l="654" t="4576" r="853" b="4636" fs="10">Ovule</wd>
			<wd l="878" t="4575" r="1133" b="4635" fs="10">number</wd>
			<wd l="2081" t="4574" r="2278" b="4632" fs="10">14-17</wd>
			<wd l="3020" t="4572" r="3113" b="4647" fs="10">(7)</wd>
			<wd l="3141" t="4572" r="3303" b="4631" fs="10">9-20</wd>
		</ln>
		<ln lx="656" ly="4734" rx="3140" ry="4816">
			<wd l="656" t="4738" r="843" b="4799" fs="10">Seeds</wd>
			<wd l="868" t="4757" r="974" b="4816" fs="10">per</wd>
			<wd l="996" t="4737" r="1120" b="4815" fs="10">pod</wd>
			<wd l="2072" t="4737" r="2193" b="4795" fs="10">4-7</wd>
			<wd l="3029" t="4734" r="3140" b="4793" fs="10">1-8</wd>
		</ln>
		<ln lx="653" ly="4894" rx="3660" ry="4971">
			<wd l="653" t="4901" r="895" b="4961" fs="10">Panicle</wd>
			<wd l="2071" t="4897" r="2348" b="4958" fs="10">terminal</wd>
			<wd l="3019" t="4895" r="3295" b="4955" fs="10">terminal</wd>
			<wd l="3320" t="4896" r="3380" b="4954" fs="10"><![CDATA[&]]></wd>
			<wd l="3407" t="4894" r="3660" b="4971" fs="10">axillary</wd>
		</ln>
	</region>
</ocr-page>
