<?xml version="1.0" encoding="UTF-8"?>
<ocr-page type="coords" ocr-vers="1.0" creation-date="20130321" res="600" height="6300" width="4500">
	<region article-doi="10.2307/41729928" region-id="0">
		<rc l="629" t="730" r="3827" b="805"/>
		<ln lx="634" ly="735" rx="3822" ry="800">
			<wd l="634" t="749" r="723" b="797" fs="10">128</wd>
			<wd l="2853" t="737" r="3230" b="800" fs="10">Austrobaileya</wd>
			<wd l="3249" t="737" r="3372" b="798" fs="10">5(1):</wd>
			<wd l="3401" t="736" r="3625" b="785" fs="10">125-135</wd>
			<wd l="3648" t="735" r="3822" b="797" fs="10">(1997)</wd>
		</ln>
	</region>
	<region article-doi="10.2307/41729928" region-id="1">
		<rc l="619" t="852" r="2173" b="1548"/>
		<ln lx="624" ly="857" rx="2158" ry="926">
			<wd l="624" t="864" r="1069" b="926" fs="10">Distribution</wd>
			<wd l="1110" t="863" r="1249" b="924" fs="10">and</wd>
			<wd l="1281" t="862" r="1541" b="923" fs="10">habitat</wd>
			<wd l="1545" t="879" r="1560" b="922" fs="10">:</wd>
			<wd l="1601" t="862" r="1668" b="921" fs="10">E.</wd>
			<wd l="1715" t="859" r="2068" b="921" fs="10">andrewsii</wd>
			<wd l="2104" t="857" r="2158" b="919" fs="10">is</wd>
		</ln>
		<ln lx="627" ly="947" rx="2166" ry="1029">
			<wd l="627" t="951" r="1006" b="1029" fs="10">widespread</wd>
			<wd l="1040" t="970" r="1122" b="1011" fs="10">on</wd>
			<wd l="1153" t="950" r="1253" b="1011" fs="10">the</wd>
			<wd l="1287" t="958" r="1546" b="1010" fs="10">western</wd>
			<wd l="1578" t="957" r="1738" b="1026" fs="10">parts</wd>
			<wd l="1774" t="948" r="1852" b="1008" fs="10">of</wd>
			<wd l="1873" t="947" r="1974" b="1008" fs="10">the</wd>
			<wd l="2006" t="949" r="2166" b="1007" fs="10">New</wd>
		</ln>
		<ln lx="629" ly="1033" rx="2164" ry="1118">
			<wd l="629" t="1038" r="921" b="1118" fs="10">England</wd>
			<wd l="960" t="1037" r="1333" b="1110" fs="10">Tableland,</wd>
			<wd l="1374" t="1036" r="1614" b="1114" fs="10">mostly</wd>
			<wd l="1653" t="1036" r="1719" b="1096" fs="10">in</wd>
			<wd l="1755" t="1037" r="1920" b="1095" fs="10">New</wd>
			<wd l="1961" t="1033" r="2164" b="1095" fs="10">South</wd>
		</ln>
		<ln lx="630" ly="1122" rx="2164" ry="1204">
			<wd l="630" t="1127" r="858" b="1200" fs="10">Wales,</wd>
			<wd l="894" t="1126" r="1003" b="1188" fs="10">but</wd>
			<wd l="1039" t="1125" r="1372" b="1204" fs="10">extending</wd>
			<wd l="1406" t="1133" r="1469" b="1186" fs="10">to</wd>
			<wd l="1508" t="1122" r="1909" b="1200" fs="10">Queensland</wd>
			<wd l="1945" t="1142" r="2028" b="1183" fs="10">on</wd>
			<wd l="2061" t="1122" r="2164" b="1183" fs="10">the</wd>
		</ln>
		<ln lx="635" ly="1210" rx="2167" ry="1289">
			<wd l="635" t="1215" r="928" b="1277" fs="10">'Granite</wd>
			<wd l="969" t="1214" r="1141" b="1275" fs="10">Belt'</wd>
			<wd l="1190" t="1213" r="1438" b="1274" fs="10">around</wd>
			<wd l="1481" t="1212" r="1893" b="1289" fs="10">Stanthorpe,</wd>
			<wd l="1938" t="1210" r="2064" b="1271" fs="10">and</wd>
			<wd l="2106" t="1218" r="2167" b="1271" fs="10">at</wd>
		</ln>
		<ln lx="629" ly="1299" rx="2167" ry="1380">
			<wd l="629" t="1302" r="912" b="1365" fs="10">Hellhole</wd>
			<wd l="932" t="1304" r="1137" b="1380" fs="10">Gorge</wd>
			<wd l="1155" t="1321" r="1299" b="1362" fs="10">near</wd>
			<wd l="1315" t="1303" r="1576" b="1379" fs="10">Yangan</wd>
			<wd l="1594" t="1300" r="1771" b="1378" fs="10">(Map</wd>
			<wd l="1799" t="1299" r="1876" b="1376" fs="10">1).</wd>
			<wd l="1898" t="1301" r="1948" b="1359" fs="10">It</wd>
			<wd l="1965" t="1317" r="2167" b="1377" fs="10">grows</wd>
		</ln>
		<ln lx="631" ly="1385" rx="2168" ry="1452">
			<wd l="631" t="1411" r="717" b="1452" fs="10">on</wd>
			<wd l="761" t="1390" r="1062" b="1451" fs="10">infertile</wd>
			<wd l="1109" t="1389" r="1437" b="1450" fs="10">siliceous</wd>
			<wd l="1485" t="1388" r="1653" b="1449" fs="10">soils</wd>
			<wd l="1700" t="1407" r="1787" b="1448" fs="10">on</wd>
			<wd l="1829" t="1386" r="1992" b="1447" fs="10">hills</wd>
			<wd l="2038" t="1385" r="2168" b="1446" fs="10">and</wd>
		</ln>
		<ln lx="629" ly="1481" rx="992" ry="1543">
			<wd l="629" t="1481" r="992" b="1543" fs="10">mountains.</wd>
		</ln>
	</region>
	<region article-doi="10.2307/41729928" region-id="2">
		<rc l="636" t="4360" r="1638" b="4435"/>
		<ln lx="641" ly="4365" rx="1633" ry="4430">
			<wd l="641" t="4370" r="772" b="4430" fs="10">Map</wd>
			<wd l="796" t="4369" r="838" b="4416" fs="10">1.</wd>
			<wd l="858" t="4366" r="1178" b="4416" fs="10">Distribution</wd>
			<wd l="1198" t="4365" r="1259" b="4414" fs="10">of</wd>
			<wd l="1284" t="4367" r="1335" b="4413" fs="10">E.</wd>
			<wd l="1362" t="4365" r="1633" b="4413" fs="10">andrewsii.</wd>
		</ln>
	</region>
	<region article-doi="10.2307/41729928" region-id="3">
		<rc l="633" t="4545" r="2191" b="5603"/>
		<ln lx="638" ly="4550" rx="2177" ry="4633">
			<wd l="638" t="4557" r="1049" b="4633" fs="10">Phenology</wd>
			<wd l="1059" t="4574" r="1074" b="4615" fs="10">:</wd>
			<wd l="1124" t="4554" r="1415" b="4615" fs="10">Flowers</wd>
			<wd l="1462" t="4572" r="1568" b="4613" fs="10">are</wd>
			<wd l="1625" t="4550" r="1955" b="4612" fs="10">recorded</wd>
			<wd l="2002" t="4550" r="2177" b="4610" fs="10">from</wd>
		</ln>
		<ln lx="642" ly="4646" rx="1411" ry="4723">
			<wd l="642" t="4647" r="984" b="4709" fs="10">December</wd>
			<wd l="1005" t="4655" r="1068" b="4708" fs="10">to</wd>
			<wd l="1093" t="4646" r="1411" b="4723" fs="10">February.</wd>
		</ln>
		<ln lx="639" ly="4804" rx="2182" ry="4883">
			<wd l="639" t="4814" r="836" b="4873" fs="10">Notes</wd>
			<wd l="843" t="4830" r="857" b="4871" fs="10">:</wd>
			<wd l="889" t="4810" r="1144" b="4871" fs="10">Maiden</wd>
			<wd l="1171" t="4808" r="1275" b="4870" fs="10">did</wd>
			<wd l="1300" t="4816" r="1407" b="4869" fs="10">not</wd>
			<wd l="1434" t="4808" r="1663" b="4869" fs="10">choose</wd>
			<wd l="1693" t="4826" r="1728" b="4867" fs="10">a</wd>
			<wd l="1755" t="4806" r="2057" b="4883" fs="10">lectotype</wd>
			<wd l="2086" t="4804" r="2182" b="4865" fs="10">for</wd>
		</ln>
		<ln lx="641" ly="4895" rx="2181" ry="4963">
			<wd l="641" t="4906" r="705" b="4963" fs="10">E.</wd>
			<wd l="747" t="4902" r="1078" b="4963" fs="10">andrewsii</wd>
			<wd l="1109" t="4901" r="1172" b="4960" fs="10">in</wd>
			<wd l="1204" t="4900" r="1300" b="4960" fs="10">his</wd>
			<wd l="1341" t="4898" r="1612" b="4960" fs="10">'Critical</wd>
			<wd l="1647" t="4897" r="1945" b="4958" fs="10">Revision</wd>
			<wd l="1980" t="4896" r="2057" b="4956" fs="10">of</wd>
			<wd l="2080" t="4895" r="2181" b="4956" fs="10">the</wd>
		</ln>
		<ln lx="646" ly="4987" rx="2182" ry="5070">
			<wd l="646" t="4996" r="876" b="5055" fs="10">Genus</wd>
			<wd l="922" t="4992" r="1395" b="5070" fs="10">Eucalyptus',</wd>
			<wd l="1444" t="5010" r="1515" b="5051" fs="10">as</wd>
			<wd l="1560" t="5009" r="1699" b="5050" fs="10">was</wd>
			<wd l="1747" t="4987" r="2051" b="5050" fs="10">asserted</wd>
			<wd l="2094" t="4987" r="2182" b="5064" fs="10">by</wd>
		</ln>
		<ln lx="646" ly="5083" rx="1329" ry="5163">
			<wd l="646" t="5084" r="1063" b="5163" fs="10">Chippendale</wd>
			<wd l="1091" t="5083" r="1329" b="5160" fs="10">(1988).</wd>
		</ln>
		<ln lx="646" ly="5241" rx="2178" ry="5324">
			<wd l="646" t="5250" r="705" b="5309" fs="10">6.</wd>
			<wd l="746" t="5249" r="1160" b="5324" fs="10">Eucalyptus</wd>
			<wd l="1200" t="5246" r="1682" b="5322" fs="10">campanulata</wd>
			<wd l="1716" t="5241" r="2081" b="5302" fs="10">R.T.Baker</wd>
			<wd l="2118" t="5241" r="2178" b="5300" fs="10"><![CDATA[&]]></wd>
		</ln>
		<ln lx="834" ly="5331" rx="2186" ry="5412">
			<wd l="834" t="5339" r="1140" b="5410" fs="10">H.G.Sm.,</wd>
			<wd l="1159" t="5339" r="1206" b="5398" fs="10">J.</wd>
			<wd l="1227" t="5338" r="1287" b="5398" fs="10"><![CDATA[&]]></wd>
			<wd l="1305" t="5339" r="1471" b="5397" fs="10">Proc.</wd>
			<wd l="1491" t="5338" r="1644" b="5412" fs="10">Roy.</wd>
			<wd l="1667" t="5336" r="1803" b="5395" fs="10">Soc.</wd>
			<wd l="1820" t="5335" r="1979" b="5394" fs="10">New</wd>
			<wd l="1997" t="5331" r="2186" b="5393" fs="10">South</wd>
		</ln>
		<ln lx="836" ly="5425" rx="2184" ry="5504">
			<wd l="836" t="5430" r="1051" b="5491" fs="10">Wales</wd>
			<wd l="1091" t="5431" r="1196" b="5490" fs="10">45:</wd>
			<wd l="1239" t="5429" r="1364" b="5489" fs="10">288</wd>
			<wd l="1407" t="5427" r="1664" b="5504" fs="10">(1912);</wd>
			<wd l="1712" t="5428" r="1779" b="5486" fs="10">E.</wd>
			<wd l="1828" t="5425" r="2184" b="5486" fs="10">andrewsii</wd>
		</ln>
		<ln lx="838" ly="5515" rx="2183" ry="5598">
			<wd l="838" t="5521" r="1010" b="5598" fs="10">subsp.</wd>
			<wd l="1172" t="5518" r="1658" b="5596" fs="10">campanulata</wd>
			<wd l="1761" t="5515" r="2183" b="5592" fs="10">(R.T.Baker</wd>
		</ln>
	</region>
	<region article-doi="10.2307/41729928" region-id="4">
		<rc l="2300" t="848" r="3863" b="5583"/>
		<ln lx="2494" ly="853" rx="3828" ry="935">
			<wd l="2494" t="860" r="2555" b="920" fs="10"><![CDATA[&]]></wd>
			<wd l="2590" t="857" r="2911" b="935" fs="10">H.G.Sm.)</wd>
			<wd l="2946" t="855" r="3443" b="918" fs="10">L.A.S.Johnson</wd>
			<wd l="3476" t="856" r="3536" b="916" fs="10"><![CDATA[&]]></wd>
			<wd l="3571" t="853" r="3828" b="926" fs="10">Blaxell,</wd>
		</ln>
		<ln lx="2495" ly="945" rx="3827" ry="1012">
			<wd l="2495" t="953" r="2708" b="1012" fs="10">Contr.</wd>
			<wd l="2746" t="952" r="2910" b="1010" fs="10">New</wd>
			<wd l="2948" t="949" r="3147" b="1009" fs="10">South</wd>
			<wd l="3183" t="948" r="3395" b="1008" fs="10">Wales</wd>
			<wd l="3431" t="947" r="3598" b="1007" fs="10">Natl.</wd>
			<wd l="3638" t="945" r="3827" b="1006" fs="10">Herb.</wd>
		</ln>
		<ln lx="2494" ly="1037" rx="3825" ry="1119">
			<wd l="2494" t="1044" r="2553" b="1104" fs="10">4:</wd>
			<wd l="2580" t="1044" r="2694" b="1104" fs="10">381</wd>
			<wd l="2725" t="1041" r="2964" b="1119" fs="10">(1973).</wd>
			<wd l="2985" t="1043" r="3187" b="1119" fs="10">Type:</wd>
			<wd l="3210" t="1042" r="3369" b="1100" fs="10">New</wd>
			<wd l="3392" t="1038" r="3583" b="1100" fs="10">South</wd>
			<wd l="3602" t="1037" r="3825" b="1099" fs="10">Wales.</wd>
		</ln>
		<ln lx="2492" ly="1129" rx="3826" ry="1202">
			<wd l="2492" t="1134" r="2831" b="1196" fs="10">Northern</wd>
			<wd l="2874" t="1135" r="3336" b="1193" fs="10">Tablelands:</wd>
			<wd l="3385" t="1129" r="3826" b="1202" fs="10">Tenterfield,</wd>
		</ln>
		<ln lx="2495" ly="1222" rx="3824" ry="1299">
			<wd l="2495" t="1226" r="2839" b="1288" fs="10">December</wd>
			<wd l="2865" t="1227" r="3041" b="1298" fs="10">1909,</wd>
			<wd l="3057" t="1226" r="3191" b="1285" fs="10">C.F.</wd>
			<wd l="3212" t="1226" r="3486" b="1285" fs="10">Laseron</wd>
			<wd l="3505" t="1242" r="3612" b="1283" fs="10">s.n.</wd>
			<wd l="3634" t="1222" r="3824" b="1299" fs="10">(holo:</wd>
		</ln>
		<ln lx="2493" ly="1318" rx="3096" ry="1394">
			<wd l="2493" t="1321" r="2700" b="1392" fs="10">NSW;</wd>
			<wd l="2727" t="1319" r="2840" b="1380" fs="10">iso:</wd>
			<wd l="2864" t="1318" r="3096" b="1394" fs="10">NSW).</wd>
		</ln>
		<ln lx="2307" ly="1477" rx="3834" ry="1555">
			<wd l="2307" t="1486" r="2457" b="1544" fs="10">Tree</wd>
			<wd l="2491" t="1491" r="2554" b="1544" fs="10">to</wd>
			<wd l="2591" t="1484" r="2667" b="1543" fs="10">35</wd>
			<wd l="2705" t="1501" r="2769" b="1542" fs="10">m</wd>
			<wd l="2801" t="1481" r="2925" b="1542" fs="10">tall.</wd>
			<wd l="2963" t="1480" r="3126" b="1541" fs="10">Bark</wd>
			<wd l="3160" t="1499" r="3242" b="1541" fs="10">on</wd>
			<wd l="3274" t="1479" r="3453" b="1540" fs="10">trunk</wd>
			<wd l="3487" t="1478" r="3606" b="1539" fs="10">and</wd>
			<wd l="3640" t="1477" r="3834" b="1555" fs="10">larger</wd>
		</ln>
		<ln lx="2305" ly="1571" rx="3832" ry="1653">
			<wd l="2305" t="1575" r="2597" b="1637" fs="10">branches</wd>
			<wd l="2614" t="1574" r="2825" b="1653" fs="10">rough,</wd>
			<wd l="2842" t="1573" r="3175" b="1652" fs="10">persistent,</wd>
			<wd l="3195" t="1571" r="3383" b="1650" fs="10">finely</wd>
			<wd l="3401" t="1571" r="3649" b="1644" fs="10">fibrous,</wd>
			<wd l="3669" t="1589" r="3832" b="1649" fs="10">grey;</wd>
		</ln>
		<ln lx="2309" ly="1663" rx="3832" ry="1742">
			<wd l="2309" t="1668" r="2505" b="1730" fs="10">small</wd>
			<wd l="2551" t="1666" r="2884" b="1729" fs="10">branches</wd>
			<wd l="2934" t="1665" r="3226" b="1738" fs="10">smooth,</wd>
			<wd l="3275" t="1684" r="3437" b="1742" fs="10">grey</wd>
			<wd l="3485" t="1683" r="3558" b="1724" fs="10">or</wd>
			<wd l="3602" t="1663" r="3832" b="1735" fs="10">white;</wd>
		</ln>
		<ln lx="2306" ly="1757" rx="3832" ry="1837">
			<wd l="2306" t="1760" r="2648" b="1823" fs="10">branchlets</wd>
			<wd l="2682" t="1768" r="2789" b="1821" fs="10">not</wd>
			<wd l="2822" t="1759" r="3135" b="1837" fs="10">glaucous.</wd>
			<wd l="3172" t="1757" r="3544" b="1836" fs="10">Lignotuber</wd>
			<wd l="3574" t="1763" r="3832" b="1834" fs="10">present.</wd>
		</ln>
		<ln lx="2311" ly="1847" rx="3837" ry="1931">
			<wd l="2311" t="1853" r="2597" b="1931" fs="10">Seedling</wd>
			<wd l="2616" t="1853" r="2819" b="1913" fs="10">leaves</wd>
			<wd l="2839" t="1851" r="3118" b="1929" fs="10">opposite</wd>
			<wd l="3138" t="1850" r="3233" b="1911" fs="10">for</wd>
			<wd l="3251" t="1869" r="3301" b="1910" fs="10">c.</wd>
			<wd l="3326" t="1851" r="3359" b="1910" fs="10">8</wd>
			<wd l="3379" t="1849" r="3557" b="1927" fs="10">pairs.</wd>
			<wd l="3578" t="1847" r="3837" b="1909" fs="10">Petioles</wd>
		</ln>
		<ln lx="2309" ly="1940" rx="3835" ry="2023">
			<wd l="2309" t="1945" r="2456" b="2023" fs="10">(3rd</wd>
			<wd l="2494" t="1945" r="2663" b="2023" fs="10">pair)</wd>
			<wd l="2706" t="1964" r="2760" b="2005" fs="10">c.</wd>
			<wd l="2804" t="1945" r="2842" b="2003" fs="10">4</wd>
			<wd l="2883" t="1962" r="3014" b="2003" fs="10">mm</wd>
			<wd l="3055" t="1943" r="3231" b="2020" fs="10">long.</wd>
			<wd l="3275" t="1941" r="3574" b="2002" fs="10">Juvenile</wd>
			<wd l="3616" t="1940" r="3835" b="2000" fs="10">leaves</wd>
		</ln>
		<ln lx="2310" ly="2032" rx="3834" ry="2115">
			<wd l="2310" t="2038" r="2629" b="2110" fs="10">alternate,</wd>
			<wd l="2669" t="2035" r="2991" b="2115" fs="10">petiolate,</wd>
			<wd l="3030" t="2034" r="3297" b="2112" fs="10">broadly</wd>
			<wd l="3336" t="2042" r="3542" b="2106" fs="10">ovate,</wd>
			<wd l="3584" t="2032" r="3834" b="2105" fs="10">falcate,</wd>
		</ln>
		<ln lx="2307" ly="2125" rx="3836" ry="2206">
			<wd l="2307" t="2130" r="2555" b="2192" fs="10">twisted</wd>
			<wd l="2588" t="2128" r="2930" b="2206" fs="10">vertically,</wd>
			<wd l="2970" t="2147" r="3128" b="2206" fs="10">apex</wd>
			<wd l="3165" t="2135" r="3359" b="2188" fs="10">acute.</wd>
			<wd l="3398" t="2125" r="3593" b="2187" fs="10">Adult</wd>
			<wd l="3628" t="2125" r="3836" b="2186" fs="10">leaves</wd>
		</ln>
		<ln lx="2311" ly="2217" rx="3834" ry="2298">
			<wd l="2311" t="2222" r="2661" b="2294" fs="10">alternate,</wd>
			<wd l="2723" t="2220" r="3076" b="2298" fs="10">petiolate,</wd>
			<wd l="3140" t="2218" r="3548" b="2290" fs="10">lanceolate,</wd>
			<wd l="3619" t="2217" r="3834" b="2277" fs="10">10-13</wd>
		</ln>
		<ln lx="2315" ly="2309" rx="3838" ry="2388">
			<wd l="2315" t="2329" r="2348" b="2363" fs="10">X</wd>
			<wd l="2380" t="2316" r="2402" b="2374" fs="10">1</wd>
			<wd l="2416" t="2364" r="2427" b="2375" fs="10">.</wd>
			<wd l="2441" t="2315" r="2546" b="2374" fs="10">1-1</wd>
			<wd l="2561" t="2315" r="2613" b="2374" fs="10">.8</wd>
			<wd l="2634" t="2332" r="2749" b="2386" fs="10">cm,</wd>
			<wd l="2770" t="2312" r="3120" b="2384" fs="10">acuminate,</wd>
			<wd l="3141" t="2311" r="3402" b="2388" fs="10">oblique,</wd>
			<wd l="3422" t="2309" r="3838" b="2381" fs="10">concolorous,</wd>
		</ln>
		<ln lx="2308" ly="2401" rx="3840" ry="2484">
			<wd l="2308" t="2406" r="2750" b="2484" fs="10">bluish-green;</wd>
			<wd l="2789" t="2404" r="2994" b="2465" fs="10">lateral</wd>
			<wd l="3027" t="2403" r="3203" b="2464" fs="10">veins</wd>
			<wd l="3238" t="2402" r="3465" b="2480" fs="10">widely</wd>
			<wd l="3501" t="2401" r="3744" b="2480" fs="10">spaced,</wd>
			<wd l="3782" t="2408" r="3840" b="2461" fs="10">at</wd>
		</ln>
		<ln lx="2311" ly="2494" rx="3837" ry="2571">
			<wd l="2311" t="2518" r="2366" b="2560" fs="10">c.</wd>
			<wd l="2413" t="2499" r="2669" b="2559" fs="10">30-40°</wd>
			<wd l="2712" t="2506" r="2779" b="2558" fs="10">to</wd>
			<wd l="2820" t="2496" r="3083" b="2569" fs="10">midrib,</wd>
			<wd l="3126" t="2494" r="3549" b="2556" fs="10">reticulation</wd>
			<wd l="3591" t="2512" r="3837" b="2571" fs="10">sparse,</wd>
		</ln>
		<ln lx="2311" ly="2585" rx="3842" ry="2669">
			<wd l="2311" t="2589" r="2751" b="2669" fs="10">intramarginal</wd>
			<wd l="2767" t="2589" r="2911" b="2651" fs="10">vein</wd>
			<wd l="2928" t="2588" r="3184" b="2662" fs="10">distinct,</wd>
			<wd l="3205" t="2607" r="3256" b="2649" fs="10">c.</wd>
			<wd l="3278" t="2588" r="3452" b="2649" fs="10">0.5-1</wd>
			<wd l="3467" t="2588" r="3522" b="2648" fs="10">.0</wd>
			<wd l="3539" t="2606" r="3666" b="2647" fs="10">mm</wd>
			<wd l="3684" t="2585" r="3842" b="2647" fs="10">from</wd>
		</ln>
		<ln lx="2310" ly="2679" rx="3841" ry="2762">
			<wd l="2310" t="2684" r="2564" b="2762" fs="10">margin,</wd>
			<wd l="2590" t="2683" r="2674" b="2744" fs="10">oil</wd>
			<wd l="2697" t="2682" r="2913" b="2761" fs="10">glands</wd>
			<wd l="2935" t="2700" r="3283" b="2753" fs="10">numerous,</wd>
			<wd l="3308" t="2679" r="3841" b="2757" fs="10">450-600/square</wd>
		</ln>
		<ln lx="2312" ly="2770" rx="3836" ry="2850">
			<wd l="2312" t="2796" r="2439" b="2849" fs="10">cm,</wd>
			<wd l="2489" t="2775" r="2571" b="2837" fs="10">of</wd>
			<wd l="2604" t="2775" r="2881" b="2836" fs="10">various</wd>
			<wd l="2930" t="2774" r="3133" b="2846" fs="10">sizes,</wd>
			<wd l="3180" t="2792" r="3380" b="2850" fs="10">many</wd>
			<wd l="3424" t="2791" r="3542" b="2850" fs="10">per</wd>
			<wd l="3587" t="2770" r="3836" b="2832" fs="10">areole.</wd>
		</ln>
		<ln lx="2312" ly="2863" rx="3841" ry="2945">
			<wd l="2312" t="2868" r="2773" b="2930" fs="10">Inflorescence</wd>
			<wd l="2812" t="2866" r="3054" b="2945" fs="10">simple,</wd>
			<wd l="3094" t="2865" r="3374" b="2944" fs="10">axillary;</wd>
			<wd l="3411" t="2863" r="3841" b="2926" fs="10">umbellasters</wd>
		</ln>
		<ln lx="2313" ly="2958" rx="3842" ry="3037">
			<wd l="2313" t="2960" r="2842" b="3033" fs="10">9-17-flowered;</wd>
			<wd l="2880" t="2959" r="3223" b="3037" fs="10">peduncles</wd>
			<wd l="3260" t="2966" r="3470" b="3030" fs="10">terete,</wd>
			<wd l="3512" t="2958" r="3675" b="3018" fs="10">8-18</wd>
			<wd l="3713" t="2975" r="3842" b="3016" fs="10">mm</wd>
		</ln>
		<ln lx="2314" ly="3047" rx="3840" ry="3132">
			<wd l="2314" t="3053" r="2487" b="3132" fs="10">long;</wd>
			<wd l="2526" t="3051" r="2812" b="3131" fs="10">pedicels</wd>
			<wd l="2851" t="3052" r="2977" b="3112" fs="10">4-6</wd>
			<wd l="3014" t="3070" r="3145" b="3111" fs="10">mm</wd>
			<wd l="3183" t="3050" r="3353" b="3128" fs="10">long.</wd>
			<wd l="3394" t="3051" r="3642" b="3110" fs="10">Mature</wd>
			<wd l="3678" t="3047" r="3840" b="3109" fs="10">buds</wd>
		</ln>
		<ln lx="2314" ly="3140" rx="3840" ry="3220">
			<wd l="2314" t="3146" r="2587" b="3218" fs="10">davate,</wd>
			<wd l="2631" t="3164" r="2685" b="3205" fs="10">c.</wd>
			<wd l="2729" t="3146" r="2768" b="3204" fs="10">4</wd>
			<wd l="2815" t="3158" r="2848" b="3192" fs="10">x</wd>
			<wd l="2896" t="3145" r="2928" b="3204" fs="10">3</wd>
			<wd l="2973" t="3162" r="3124" b="3203" fs="10">mm.</wd>
			<wd l="3169" t="3141" r="3567" b="3220" fs="10">Operculum</wd>
			<wd l="3608" t="3140" r="3840" b="3218" fs="10">single,</wd>
		</ln>
		<ln lx="2312" ly="3233" rx="3841" ry="3316">
			<wd l="2312" t="3236" r="2800" b="3316" fs="10">hemispherical,</wd>
			<wd l="2824" t="3235" r="3121" b="3313" fs="10">minutely</wd>
			<wd l="3142" t="3234" r="3490" b="3295" fs="10">umbonate.</wd>
			<wd l="3515" t="3233" r="3841" b="3293" fs="10">Filaments</wd>
		</ln>
		<ln lx="2314" ly="3324" rx="3845" ry="3403">
			<wd l="2314" t="3329" r="2603" b="3403" fs="10">inflexed,</wd>
			<wd l="2625" t="3328" r="2862" b="3390" fs="10">anthers</wd>
			<wd l="2879" t="3326" r="3179" b="3400" fs="10">versatile,</wd>
			<wd l="3198" t="3326" r="3507" b="3399" fs="10">reniform,</wd>
			<wd l="3529" t="3324" r="3845" b="3402" fs="10">dehiscing</wd>
		</ln>
		<ln lx="2313" ly="3416" rx="3845" ry="3500">
			<wd l="2313" t="3423" r="2396" b="3500" fs="10">by</wd>
			<wd l="2419" t="3422" r="2735" b="3483" fs="10">confluent</wd>
			<wd l="2757" t="3421" r="2906" b="3493" fs="10">slits,</wd>
			<wd l="2933" t="3419" r="3305" b="3480" fs="10">staminodes</wd>
			<wd l="3329" t="3418" r="3541" b="3479" fs="10">absent</wd>
			<wd l="3564" t="3436" r="3632" b="3478" fs="10">or</wd>
			<wd l="3651" t="3416" r="3845" b="3494" fs="10">rarely</wd>
		</ln>
		<ln lx="2313" ly="3509" rx="3840" ry="3593">
			<wd l="2313" t="3522" r="2609" b="3593" fs="10">present.</wd>
			<wd l="2659" t="3512" r="2884" b="3574" fs="10">Floral</wd>
			<wd l="2933" t="3512" r="3160" b="3589" fs="10">cavity</wd>
			<wd l="3208" t="3530" r="3265" b="3572" fs="10">c.</wd>
			<wd l="3316" t="3512" r="3427" b="3571" fs="10">2.0</wd>
			<wd l="3475" t="3529" r="3608" b="3570" fs="10">mm</wd>
			<wd l="3656" t="3509" r="3840" b="3586" fs="10">long,</wd>
		</ln>
		<ln lx="2316" ly="3600" rx="3846" ry="3683">
			<wd l="2316" t="3627" r="2367" b="3668" fs="10">c.</wd>
			<wd l="2409" t="3608" r="2432" b="3667" fs="10">1</wd>
			<wd l="2469" t="3625" r="2597" b="3667" fs="10">mm</wd>
			<wd l="2628" t="3605" r="2774" b="3683" fs="10">long</wd>
			<wd l="2805" t="3612" r="2863" b="3666" fs="10">at</wd>
			<wd l="2893" t="3603" r="3181" b="3676" fs="10">anthesis;</wd>
			<wd l="3215" t="3603" r="3436" b="3681" fs="10">stigma</wd>
			<wd l="3462" t="3601" r="3651" b="3663" fs="10">blunt.</wd>
			<wd l="3684" t="3600" r="3846" b="3661" fs="10">Fruit</wd>
		</ln>
		<ln lx="2316" ly="3693" rx="3842" ry="3777">
			<wd l="2316" t="3698" r="2735" b="3777" fs="10">campanulate</wd>
			<wd l="2765" t="3705" r="2828" b="3758" fs="10">to</wd>
			<wd l="2863" t="3695" r="3204" b="3769" fs="10">obconical,</wd>
			<wd l="3241" t="3695" r="3487" b="3756" fs="10">5.0-7.0</wd>
			<wd l="3518" t="3713" r="3646" b="3754" fs="10">mm</wd>
			<wd l="3679" t="3693" r="3842" b="3771" fs="10">long,</wd>
		</ln>
		<ln lx="2316" ly="3786" rx="3845" ry="3865">
			<wd l="2316" t="3794" r="2585" b="3854" fs="10">4.5-5.5</wd>
			<wd l="2631" t="3810" r="2764" b="3851" fs="10">mm</wd>
			<wd l="2807" t="3790" r="3147" b="3862" fs="10">diameter,</wd>
			<wd l="3191" t="3787" r="3657" b="3865" fs="10">4(5)-locular,</wd>
			<wd l="3703" t="3786" r="3845" b="3847" fs="10">disc</wd>
		</ln>
		<ln lx="2317" ly="3879" rx="3843" ry="3962">
			<wd l="2317" t="3884" r="2583" b="3962" fs="10">forming</wd>
			<wd l="2602" t="3903" r="2638" b="3944" fs="10">a</wd>
			<wd l="2652" t="3882" r="3004" b="3955" fs="10">broad-rim,</wd>
			<wd l="3026" t="3881" r="3183" b="3942" fs="10">level</wd>
			<wd l="3203" t="3900" r="3271" b="3941" fs="10">or</wd>
			<wd l="3289" t="3879" r="3534" b="3958" fs="10">slightly</wd>
			<wd l="3553" t="3897" r="3843" b="3951" fs="10">concave;</wd>
		</ln>
		<ln lx="2315" ly="3971" rx="3848" ry="4053">
			<wd l="2315" t="3977" r="2540" b="4038" fs="10">valves</wd>
			<wd l="2582" t="3975" r="2846" b="4053" fs="10">slightly</wd>
			<wd l="2886" t="3973" r="3214" b="4035" fs="10">enclosed.</wd>
			<wd l="3260" t="3972" r="3459" b="4033" fs="10">Seeds</wd>
			<wd l="3500" t="3971" r="3738" b="4032" fs="10">cuboid</wd>
			<wd l="3777" t="3989" r="3848" b="4031" fs="10">or</wd>
		</ln>
		<ln lx="2316" ly="4061" rx="3849" ry="4144">
			<wd l="2316" t="4067" r="2692" b="4144" fs="10">pyramidal,</wd>
			<wd l="2732" t="4064" r="3199" b="4135" fs="10">brown-black,</wd>
			<wd l="3241" t="4063" r="3430" b="4123" fs="10">chaff</wd>
			<wd l="3460" t="4062" r="3702" b="4122" fs="10">similar</wd>
			<wd l="3737" t="4061" r="3849" b="4120" fs="10">but</wd>
		</ln>
		<ln lx="2316" ly="4158" rx="2500" ry="4236">
			<wd l="2316" t="4158" r="2500" b="4236" fs="10">paler.</wd>
		</ln>
		<ln lx="2316" ly="4316" rx="3843" ry="4381">
			<wd l="2316" t="4320" r="2568" b="4369" fs="10">Selected</wd>
			<wd l="2595" t="4319" r="2901" b="4381" fs="10">specimens</wd>
			<wd l="2908" t="4333" r="2920" b="4366" fs="10">:</wd>
			<wd l="2958" t="4317" r="3337" b="4376" fs="10">Queensland.</wd>
			<wd l="3373" t="4317" r="3614" b="4363" fs="10">Darling</wd>
			<wd l="3647" t="4316" r="3843" b="4362" fs="10">Downs</wd>
		</ln>
		<ln lx="2318" ly="4389" rx="3844" ry="4451">
			<wd l="2318" t="4397" r="2557" b="4443" fs="10">District:</wd>
			<wd l="2578" t="4394" r="2680" b="4442" fs="10">The</wd>
			<wd l="2701" t="4394" r="2957" b="4450" fs="10">Steamers,</wd>
			<wd l="2976" t="4394" r="3015" b="4440" fs="10">E</wd>
			<wd l="3035" t="4391" r="3096" b="4440" fs="10">of</wd>
			<wd l="3105" t="4393" r="3230" b="4439" fs="10">Emu</wd>
			<wd l="3247" t="4390" r="3387" b="4448" fs="10">Vale,</wd>
			<wd l="3406" t="4392" r="3527" b="4451" fs="10">May</wd>
			<wd l="3552" t="4389" r="3677" b="4437" fs="10">1990</wd>
			<wd l="3682" t="4390" r="3844" b="4446" fs="10">,Bean</wd>
		</ln>
		<ln lx="2325" ly="4463" rx="3850" ry="4530">
			<wd l="2325" t="4471" r="2450" b="4518" fs="10">1556</wd>
			<wd l="2474" t="4469" r="2643" b="4530" fs="10">(BRI);</wd>
			<wd l="2668" t="4483" r="2708" b="4517" fs="10">c.</wd>
			<wd l="2738" t="4469" r="2756" b="4516" fs="10">1</wd>
			<wd l="2784" t="4467" r="2868" b="4515" fs="10">km</wd>
			<wd l="2887" t="4468" r="3016" b="4515" fs="10">ENE</wd>
			<wd l="3038" t="4466" r="3100" b="4515" fs="10">of</wd>
			<wd l="3113" t="4465" r="3388" b="4515" fs="10">Gambubal</wd>
			<wd l="3409" t="4466" r="3576" b="4513" fs="10">Forest</wd>
			<wd l="3598" t="4463" r="3789" b="4521" fs="10">station,</wd>
			<wd l="3811" t="4464" r="3850" b="4510" fs="10">E</wd>
		</ln>
		<ln lx="2320" ly="4537" rx="3846" ry="4601">
			<wd l="2320" t="4544" r="2382" b="4593" fs="10">of</wd>
			<wd l="2389" t="4543" r="2646" b="4601" fs="10">Warwick,</wd>
			<wd l="2664" t="4544" r="2759" b="4592" fs="10">Oct</wd>
			<wd l="2779" t="4542" r="2870" b="4590" fs="10">199</wd>
			<wd l="2874" t="4542" r="2920" b="4599" fs="10">6,</wd>
			<wd l="2928" t="4543" r="3065" b="4589" fs="10">Bean</wd>
			<wd l="3086" t="4541" r="3244" b="4589" fs="10">10969</wd>
			<wd l="3261" t="4540" r="3405" b="4601" fs="10">(BRI,</wd>
			<wd l="3423" t="4539" r="3643" b="4599" fs="10">CANB);</wd>
			<wd l="3661" t="4539" r="3691" b="4586" fs="10">9</wd>
			<wd l="3705" t="4537" r="3846" b="4586" fs="10">miles</wd>
		</ln>
		<ln lx="2324" ly="4612" rx="3846" ry="4681">
			<wd l="2324" t="4620" r="2406" b="4681" fs="10">[14</wd>
			<wd l="2421" t="4619" r="2523" b="4680" fs="10">km]</wd>
			<wd l="2540" t="4620" r="2579" b="4667" fs="10">E</wd>
			<wd l="2595" t="4618" r="2657" b="4668" fs="10">of</wd>
			<wd l="2664" t="4616" r="2908" b="4680" fs="10">Wyberba</wd>
			<wd l="2922" t="4632" r="2986" b="4666" fs="10">on</wd>
			<wd l="3000" t="4615" r="3118" b="4665" fs="10">road</wd>
			<wd l="3131" t="4622" r="3182" b="4665" fs="10">to</wd>
			<wd l="3196" t="4614" r="3381" b="4676" fs="10">Eukey,</wd>
			<wd l="3398" t="4615" r="3492" b="4663" fs="10">Oct</wd>
			<wd l="3512" t="4613" r="3653" b="4671" fs="10">1970,</wd>
			<wd l="3671" t="4612" r="3846" b="4661" fs="10">Fisher</wd>
		</ln>
		<ln lx="2320" ly="4687" rx="3843" ry="4756">
			<wd l="2320" t="4696" r="2418" b="4743" fs="10">224</wd>
			<wd l="2435" t="4694" r="2605" b="4756" fs="10">(BRI);</wd>
			<wd l="2622" t="4695" r="2700" b="4742" fs="10">Mt</wd>
			<wd l="2713" t="4692" r="2943" b="4754" fs="10">Huntley,</wd>
			<wd l="2961" t="4692" r="3056" b="4740" fs="10">Oct</wd>
			<wd l="3077" t="4692" r="3094" b="4739" fs="10">1</wd>
			<wd l="3105" t="4691" r="3210" b="4746" fs="10">992,</wd>
			<wd l="3229" t="4692" r="3432" b="4738" fs="10">Forster</wd>
			<wd l="3444" t="4691" r="3537" b="4737" fs="10">PIF</wd>
			<wd l="3547" t="4689" r="3565" b="4736" fs="10">1</wd>
			<wd l="3581" t="4689" r="3598" b="4736" fs="10">1</wd>
			<wd l="3610" t="4689" r="3705" b="4736" fs="10">820</wd>
			<wd l="3723" t="4694" r="3769" b="4736" fs="10">et</wd>
			<wd l="3784" t="4687" r="3843" b="4736" fs="10">al.</wd>
		</ln>
		<ln lx="2321" ly="4763" rx="3843" ry="4832">
			<wd l="2321" t="4770" r="2491" b="4832" fs="10">(BRI);</wd>
			<wd l="2511" t="4768" r="2728" b="4818" fs="10">Wilsons</wd>
			<wd l="2744" t="4767" r="2888" b="4825" fs="10">Peak,</wd>
			<wd l="2905" t="4768" r="3026" b="4828" fs="10">May</wd>
			<wd l="3049" t="4766" r="3191" b="4824" fs="10">1938,</wd>
			<wd l="3207" t="4766" r="3315" b="4827" fs="10">Goy</wd>
			<wd l="3331" t="4765" r="3379" b="4814" fs="10"><![CDATA[&]]></wd>
			<wd l="3394" t="4764" r="3544" b="4813" fs="10">Smith</wd>
			<wd l="3561" t="4764" r="3656" b="4812" fs="10">405</wd>
			<wd l="3676" t="4763" r="3843" b="4824" fs="10">(BRI).</wd>
		</ln>
		<ln lx="2320" ly="4837" rx="3858" ry="4904">
			<wd l="2320" t="4847" r="2568" b="4893" fs="10">Moreton</wd>
			<wd l="2586" t="4846" r="2825" b="4892" fs="10">District:</wd>
			<wd l="2846" t="4857" r="3000" b="4904" fs="10">upper</wd>
			<wd l="3019" t="4841" r="3182" b="4903" fs="10">slopes</wd>
			<wd l="3203" t="4840" r="3264" b="4889" fs="10">of</wd>
			<wd l="3274" t="4842" r="3352" b="4889" fs="10">Mt</wd>
			<wd l="3369" t="4839" r="3658" b="4901" fs="10">Bangalora,</wd>
			<wd l="3681" t="4839" r="3777" b="4887" fs="10">SW</wd>
			<wd l="3796" t="4837" r="3858" b="4886" fs="10">of</wd>
		</ln>
		<ln lx="2320" ly="4911" rx="3858" ry="4980">
			<wd l="2320" t="4919" r="2543" b="4977" fs="10">Boonah,</wd>
			<wd l="2564" t="4920" r="2685" b="4980" fs="10">May</wd>
			<wd l="2712" t="4918" r="2852" b="4975" fs="10">1990,</wd>
			<wd l="2871" t="4918" r="3009" b="4965" fs="10">Bean</wd>
			<wd l="3036" t="4916" r="3154" b="4964" fs="10">1561</wd>
			<wd l="3183" t="4915" r="3353" b="4976" fs="10">(BRI);</wd>
			<wd l="3374" t="4916" r="3452" b="4963" fs="10">Mt</wd>
			<wd l="3470" t="4915" r="3655" b="4971" fs="10">Ernest,</wd>
			<wd l="3679" t="4913" r="3776" b="4961" fs="10">SW</wd>
			<wd l="3796" t="4911" r="3858" b="4961" fs="10">of</wd>
		</ln>
		<ln lx="2321" ly="4989" rx="3847" ry="5055">
			<wd l="2321" t="4994" r="2671" b="5055" fs="10">Rathdowney,</wd>
			<wd l="2697" t="4994" r="2801" b="5054" fs="10">Apr</wd>
			<wd l="2831" t="4992" r="2971" b="5049" fs="10">1993,</wd>
			<wd l="3021" t="4992" r="3159" b="5039" fs="10">Bean</wd>
			<wd l="3185" t="4990" r="3315" b="5038" fs="10">6030</wd>
			<wd l="3343" t="4989" r="3512" b="5050" fs="10">(BRI);</wd>
			<wd l="3539" t="4989" r="3617" b="5036" fs="10">Mt</wd>
			<wd l="3640" t="4989" r="3847" b="5048" fs="10">Barney,</wd>
		</ln>
		<ln lx="2321" ly="5061" rx="3848" ry="5131">
			<wd l="2321" t="5071" r="2437" b="5131" fs="10">Aug</wd>
			<wd l="2460" t="5069" r="2601" b="5127" fs="10">1936,</wd>
			<wd l="2621" t="5069" r="2730" b="5129" fs="10">Goy</wd>
			<wd l="2752" t="5067" r="2843" b="5115" fs="10">130</wd>
			<wd l="2863" t="5066" r="3033" b="5127" fs="10">(BRI);</wd>
			<wd l="3051" t="5067" r="3129" b="5114" fs="10">Mt</wd>
			<wd l="3144" t="5066" r="3371" b="5122" fs="10">Maroon,</wd>
			<wd l="3389" t="5065" r="3504" b="5125" fs="10">Aug</wd>
			<wd l="3528" t="5063" r="3669" b="5120" fs="10">1964,</wd>
			<wd l="3696" t="5061" r="3848" b="5111" fs="10">Smith</wd>
		</ln>
		<ln lx="2329" ly="5137" rx="3854" ry="5204">
			<wd l="2329" t="5144" r="2485" b="5192" fs="10">12143</wd>
			<wd l="2508" t="5143" r="2678" b="5204" fs="10">(BRI);</wd>
			<wd l="2698" t="5157" r="2763" b="5191" fs="10">on</wd>
			<wd l="2780" t="5141" r="2968" b="5190" fs="10">Dave's</wd>
			<wd l="2987" t="5140" r="3146" b="5189" fs="10">Creek</wd>
			<wd l="3161" t="5139" r="3309" b="5197" fs="10">track,</wd>
			<wd l="3328" t="5138" r="3621" b="5199" fs="10">Lamington</wd>
			<wd l="3635" t="5138" r="3737" b="5194" fs="10">NP,</wd>
			<wd l="3759" t="5137" r="3854" b="5197" fs="10">Sep</wd>
		</ln>
		<ln lx="2329" ly="5211" rx="3852" ry="5276">
			<wd l="2329" t="5219" r="2470" b="5276" fs="10">1952,</wd>
			<wd l="2488" t="5217" r="2641" b="5266" fs="10">Blake</wd>
			<wd l="2665" t="5217" r="2818" b="5265" fs="10">19071</wd>
			<wd l="2845" t="5216" r="2991" b="5276" fs="10">(BRI,</wd>
			<wd l="3008" t="5214" r="3196" b="5275" fs="10">NSW);</wd>
			<wd l="3219" t="5212" r="3565" b="5275" fs="10">Springbrook,</wd>
			<wd l="3588" t="5212" r="3684" b="5273" fs="10">Sep</wd>
			<wd l="3710" t="5211" r="3852" b="5268" fs="10">1929,</wd>
		</ln>
		<ln lx="2330" ly="5285" rx="3853" ry="5353">
			<wd l="2330" t="5293" r="2478" b="5342" fs="10">White</wd>
			<wd l="2499" t="5293" r="2627" b="5341" fs="10">6245</wd>
			<wd l="2654" t="5291" r="2823" b="5353" fs="10">(BRI);</wd>
			<wd l="2846" t="5291" r="2924" b="5339" fs="10">Mt</wd>
			<wd l="2946" t="5289" r="3126" b="5347" fs="10">Castle,</wd>
			<wd l="3148" t="5288" r="3351" b="5350" fs="10">Laidley</wd>
			<wd l="3372" t="5287" r="3550" b="5348" fs="10">valley,</wd>
			<wd l="3572" t="5287" r="3684" b="5335" fs="10">Mar</wd>
			<wd l="3711" t="5285" r="3853" b="5343" fs="10">1936,</wd>
		</ln>
		<ln lx="2330" ly="5363" rx="3850" ry="5427">
			<wd l="2330" t="5368" r="2490" b="5417" fs="10">White</wd>
			<wd l="2528" t="5367" r="2695" b="5416" fs="10">10352</wd>
			<wd l="2729" t="5365" r="2908" b="5427" fs="10">(BRI).</wd>
			<wd l="2950" t="5366" r="3080" b="5413" fs="10">New</wd>
			<wd l="3116" t="5365" r="3291" b="5413" fs="10">South</wd>
			<wd l="3324" t="5364" r="3527" b="5411" fs="10">Wales.</wd>
			<wd l="3558" t="5363" r="3850" b="5409" fs="10">Northern</wd>
		</ln>
		<ln lx="2324" ly="5436" rx="3849" ry="5498">
			<wd l="2324" t="5445" r="2656" b="5491" fs="10">Tablelands:</wd>
			<wd l="2679" t="5440" r="2836" b="5490" fs="10">North</wd>
			<wd l="2858" t="5439" r="3078" b="5498" fs="10">Obelisk,</wd>
			<wd l="3102" t="5439" r="3197" b="5488" fs="10">Oct</wd>
			<wd l="3225" t="5438" r="3365" b="5496" fs="10">1990,</wd>
			<wd l="3387" t="5439" r="3525" b="5486" fs="10">Bean</wd>
			<wd l="3547" t="5437" r="3678" b="5485" fs="10">2494</wd>
			<wd l="3703" t="5436" r="3849" b="5497" fs="10">(BRI,</wd>
		</ln>
		<ln lx="2321" ly="5511" rx="3853" ry="5578">
			<wd l="2321" t="5518" r="2510" b="5578" fs="10">NSW);</wd>
			<wd l="2530" t="5518" r="2642" b="5578" fs="10">Guy</wd>
			<wd l="2657" t="5516" r="2877" b="5573" fs="10">Fawkes,</wd>
			<wd l="2894" t="5517" r="3007" b="5563" fs="10">Mar</wd>
			<wd l="3028" t="5515" r="3153" b="5562" fs="10">1914</wd>
			<wd l="3158" t="5515" r="3428" b="5572" fs="10">,Boorman</wd>
			<wd l="3444" t="5527" r="3531" b="5561" fs="10">s.n.</wd>
			<wd l="3550" t="5511" r="3721" b="5573" fs="10">(BRI);</wd>
			<wd l="3738" t="5525" r="3853" b="5559" fs="10">near</wd>
		</ln>
	</region>
</ocr-page>
