<?xml version="1.0" encoding="UTF-8"?>
<ocr-page type="coords" ocr-vers="1.0" creation-date="20130321" res="600" height="6300" width="4500">
	<region article-doi="10.2307/41729914" region-id="0">
		<rc l="629" t="733" r="3844" b="803"/>
		<ln lx="634" ly="738" rx="3839" ry="798">
			<wd l="634" t="740" r="830" b="798" fs="10">Forster,</wd>
			<wd l="856" t="738" r="1141" b="787" fs="10">Dissiliaria</wd>
			<wd l="3781" t="738" r="3839" b="786" fs="10">21</wd>
		</ln>
	</region>
	<region article-doi="10.2307/41729914" region-id="1">
		<rc l="626" t="850" r="2197" b="5597"/>
		<ln lx="631" ly="855" rx="2168" ry="934">
			<wd l="631" t="858" r="847" b="917" fs="10">Notes</wd>
			<wd l="858" t="875" r="873" b="917" fs="10">:</wd>
			<wd l="931" t="858" r="1010" b="917" fs="10">D.</wd>
			<wd l="1077" t="856" r="1339" b="917" fs="10">tuckeri</wd>
			<wd l="1394" t="855" r="1450" b="917" fs="10">is</wd>
			<wd l="1510" t="855" r="1776" b="934" fs="10">closely</wd>
			<wd l="1834" t="855" r="2044" b="917" fs="10">allied</wd>
			<wd l="2100" t="864" r="2168" b="917" fs="10">to</wd>
		</ln>
		<ln lx="632" ly="945" rx="2172" ry="1023">
			<wd l="632" t="947" r="708" b="1006" fs="10">D.</wd>
			<wd l="756" t="945" r="1101" b="1006" fs="10">laxinervis</wd>
			<wd l="1141" t="945" r="1264" b="1006" fs="10">and</wd>
			<wd l="1301" t="945" r="1406" b="1005" fs="10">the</wd>
			<wd l="1445" t="953" r="1574" b="1005" fs="10">two</wd>
			<wd l="1616" t="945" r="1868" b="1023" fs="10">species</wd>
			<wd l="1907" t="964" r="2055" b="1022" fs="10">may</wd>
			<wd l="2093" t="945" r="2172" b="1005" fs="10">be</wd>
		</ln>
		<ln lx="637" ly="1033" rx="2175" ry="1111">
			<wd l="637" t="1033" r="941" b="1095" fs="10">difficult</wd>
			<wd l="982" t="1042" r="1049" b="1094" fs="10">to</wd>
			<wd l="1096" t="1033" r="1511" b="1111" fs="10">distinguish</wd>
			<wd l="1553" t="1033" r="1717" b="1094" fs="10">with</wd>
			<wd l="1761" t="1033" r="2175" b="1111" fs="10">incomplete</wd>
		</ln>
		<ln lx="635" ly="1123" rx="2175" ry="1200">
			<wd l="635" t="1123" r="1016" b="1184" fs="10">herbarium</wd>
			<wd l="1083" t="1123" r="1391" b="1184" fs="10">material</wd>
			<wd l="1462" t="1124" r="1608" b="1200" fs="10">(see</wd>
			<wd l="1679" t="1123" r="1888" b="1184" fs="10">Table</wd>
			<wd l="1966" t="1124" r="1988" b="1183" fs="10">1</wd>
			<wd l="2068" t="1123" r="2175" b="1184" fs="10">for</wd>
		</ln>
		<ln lx="638" ly="1212" rx="2170" ry="1290">
			<wd l="638" t="1212" r="1114" b="1290" fs="10">comparison).</wd>
			<wd l="1156" t="1214" r="1235" b="1273" fs="10">D.</wd>
			<wd l="1288" t="1212" r="1654" b="1273" fs="10">laxinervis</wd>
			<wd l="1695" t="1212" r="1814" b="1273" fs="10">has</wd>
			<wd l="1858" t="1232" r="2062" b="1290" fs="10">green</wd>
			<wd l="2102" t="1220" r="2170" b="1273" fs="10">to</wd>
		</ln>
		<ln lx="637" ly="1300" rx="2176" ry="1379">
			<wd l="637" t="1300" r="916" b="1379" fs="10">greenish</wd>
			<wd l="931" t="1300" r="1068" b="1379" fs="10">pale</wd>
			<wd l="1085" t="1300" r="1234" b="1379" fs="10">pink</wd>
			<wd l="1250" t="1320" r="1389" b="1362" fs="10">new</wd>
			<wd l="1408" t="1300" r="1657" b="1379" fs="10">foliage;</wd>
			<wd l="1687" t="1302" r="1793" b="1361" fs="10">1-1</wd>
			<wd l="1809" t="1303" r="1860" b="1362" fs="10">.5</wd>
			<wd l="1882" t="1320" r="2011" b="1361" fs="10">mm</wd>
			<wd l="2030" t="1300" r="2176" b="1379" fs="10">long</wd>
		</ln>
		<ln lx="638" ly="1390" rx="2179" ry="1468">
			<wd l="638" t="1390" r="1251" b="1451" fs="10">deltoid-lanceolate</wd>
			<wd l="1291" t="1390" r="1550" b="1468" fs="10">stipules</wd>
			<wd l="1587" t="1390" r="1716" b="1451" fs="10">that</wd>
			<wd l="1753" t="1390" r="1931" b="1451" fs="10">leave</wd>
			<wd l="1970" t="1409" r="2006" b="1451" fs="10">a</wd>
			<wd l="2042" t="1409" r="2179" b="1451" fs="10">scar</wd>
		</ln>
		<ln lx="639" ly="1479" rx="2174" ry="1557">
			<wd l="639" t="1480" r="891" b="1540" fs="10">0.5-0.8</wd>
			<wd l="930" t="1498" r="1058" b="1539" fs="10">mm</wd>
			<wd l="1094" t="1479" r="1281" b="1552" fs="10">wide,</wd>
			<wd l="1321" t="1479" r="1644" b="1557" fs="10">generally</wd>
			<wd l="1683" t="1479" r="1924" b="1540" fs="10">shorter</wd>
			<wd l="1961" t="1479" r="2174" b="1540" fs="10">leaves</wd>
		</ln>
		<ln lx="638" ly="1567" rx="2178" ry="1646">
			<wd l="638" t="1568" r="910" b="1645" fs="10">(45-130</wd>
			<wd l="932" t="1587" r="1060" b="1627" fs="10">mm</wd>
			<wd l="1082" t="1567" r="1274" b="1646" fs="10">long),</wd>
			<wd l="1299" t="1567" r="1418" b="1628" fs="10">and</wd>
			<wd l="1440" t="1567" r="1653" b="1646" fs="10">longer</wd>
			<wd l="1675" t="1567" r="1860" b="1646" fs="10">styles</wd>
			<wd l="1884" t="1568" r="1963" b="1645" fs="10">(c.</wd>
			<wd l="1991" t="1569" r="2027" b="1628" fs="10">6</wd>
			<wd l="2049" t="1587" r="2178" b="1627" fs="10">mm</wd>
		</ln>
		<ln lx="639" ly="1657" rx="2173" ry="1735">
			<wd l="639" t="1657" r="809" b="1735" fs="10">long)</wd>
			<wd l="833" t="1657" r="958" b="1717" fs="10">that</wd>
			<wd l="983" t="1676" r="1080" b="1717" fs="10">are</wd>
			<wd l="1105" t="1657" r="1249" b="1717" fs="10">held</wd>
			<wd l="1275" t="1665" r="1450" b="1717" fs="10">erect.</wd>
			<wd l="1474" t="1659" r="1548" b="1717" fs="10">D.</wd>
			<wd l="1584" t="1657" r="1816" b="1718" fs="10">tuckeri</wd>
			<wd l="1837" t="1657" r="1946" b="1717" fs="10">has</wd>
			<wd l="1972" t="1657" r="2173" b="1734" fs="10">bright</wd>
		</ln>
		<ln lx="636" ly="1745" rx="2176" ry="1824">
			<wd l="636" t="1745" r="953" b="1824" fs="10">pink-red</wd>
			<wd l="1019" t="1765" r="1169" b="1806" fs="10">new</wd>
			<wd l="1238" t="1745" r="1524" b="1823" fs="10">foliage;</wd>
			<wd l="1596" t="1747" r="1944" b="1806" fs="10">2.2-4mm</wd>
			<wd l="2014" t="1745" r="2176" b="1823" fs="10">long</wd>
		</ln>
		<ln lx="639" ly="1834" rx="2180" ry="1912">
			<wd l="639" t="1834" r="1272" b="1895" fs="10">lanceolate-obovate</wd>
			<wd l="1311" t="1834" r="1565" b="1912" fs="10">stipules</wd>
			<wd l="1600" t="1834" r="1727" b="1895" fs="10">that</wd>
			<wd l="1763" t="1834" r="1937" b="1895" fs="10">leave</wd>
			<wd l="1975" t="1854" r="2011" b="1895" fs="10">a</wd>
			<wd l="2046" t="1854" r="2180" b="1895" fs="10">scar</wd>
		</ln>
		<ln lx="646" ly="1923" rx="2177" ry="2002">
			<wd l="646" t="1925" r="887" b="1985" fs="10">1.8-2.2</wd>
			<wd l="924" t="1943" r="1052" b="1984" fs="10">mm</wd>
			<wd l="1086" t="1923" r="1271" b="1997" fs="10">wide;</wd>
			<wd l="1310" t="1924" r="1625" b="2002" fs="10">generally</wd>
			<wd l="1662" t="1924" r="1879" b="2002" fs="10">longer</wd>
			<wd l="1915" t="1923" r="2177" b="2002" fs="10">(mainly</wd>
		</ln>
		<ln lx="639" ly="2013" rx="2177" ry="2091">
			<wd l="639" t="2013" r="1086" b="2090" fs="10">oblanceolate)</wd>
			<wd l="1124" t="2013" r="1329" b="2074" fs="10">leaves</wd>
			<wd l="1367" t="2014" r="1645" b="2090" fs="10">(60-170</wd>
			<wd l="1680" t="2033" r="1809" b="2073" fs="10">mm</wd>
			<wd l="1845" t="2013" r="2020" b="2091" fs="10">long)</wd>
			<wd l="2057" t="2013" r="2177" b="2074" fs="10">and</wd>
		</ln>
		<ln lx="640" ly="2102" rx="2179" ry="2180">
			<wd l="640" t="2102" r="865" b="2163" fs="10">shorter</wd>
			<wd l="883" t="2102" r="1065" b="2180" fs="10">styles</wd>
			<wd l="1085" t="2103" r="1291" b="2179" fs="10">(4-4.5</wd>
			<wd l="1313" t="2122" r="1441" b="2162" fs="10">mm</wd>
			<wd l="1459" t="2102" r="1631" b="2180" fs="10">long)</wd>
			<wd l="1648" t="2102" r="1773" b="2163" fs="10">that</wd>
			<wd l="1791" t="2122" r="1888" b="2163" fs="10">are</wd>
			<wd l="1909" t="2102" r="2179" b="2180" fs="10">strongly</wd>
		</ln>
		<ln lx="637" ly="2191" rx="2175" ry="2270">
			<wd l="637" t="2191" r="979" b="2253" fs="10">recurved.</wd>
			<wd l="1026" t="2191" r="1234" b="2253" fs="10">There</wd>
			<wd l="1279" t="2191" r="1422" b="2253" fs="10">also</wd>
			<wd l="1468" t="2211" r="1712" b="2270" fs="10">appear</wd>
			<wd l="1752" t="2200" r="1819" b="2253" fs="10">to</wd>
			<wd l="1862" t="2192" r="1944" b="2253" fs="10">be</wd>
			<wd l="1990" t="2211" r="2175" b="2253" fs="10">some</wd>
		</ln>
		<ln lx="640" ly="2280" rx="2177" ry="2358">
			<wd l="640" t="2280" r="997" b="2341" fs="10">differences</wd>
			<wd l="1017" t="2281" r="1078" b="2340" fs="10">in</wd>
			<wd l="1093" t="2280" r="1192" b="2341" fs="10">the</wd>
			<wd l="1212" t="2280" r="1514" b="2358" fs="10">seedlings</wd>
			<wd l="1534" t="2281" r="1610" b="2341" fs="10">of</wd>
			<wd l="1615" t="2281" r="1784" b="2341" fs="10">these</wd>
			<wd l="1800" t="2289" r="1923" b="2341" fs="10">two</wd>
			<wd l="1944" t="2281" r="2177" b="2358" fs="10">species</wd>
		</ln>
		<ln lx="640" ly="2368" rx="2177" ry="2447">
			<wd l="640" t="2368" r="853" b="2446" fs="10">(based</wd>
			<wd l="871" t="2388" r="952" b="2429" fs="10">on</wd>
			<wd l="971" t="2368" r="1203" b="2430" fs="10">limited</wd>
			<wd l="1221" t="2369" r="1403" b="2446" fs="10">data).</wd>
			<wd l="1428" t="2369" r="1748" b="2447" fs="10">Seedlings</wd>
			<wd l="1769" t="2369" r="1844" b="2430" fs="10">of</wd>
			<wd l="1844" t="2371" r="1917" b="2430" fs="10">D.</wd>
			<wd l="1945" t="2369" r="2177" b="2430" fs="10">tuckeri</wd>
		</ln>
		<ln lx="637" ly="2458" rx="2178" ry="2537">
			<wd l="637" t="2458" r="792" b="2519" fs="10">have</wd>
			<wd l="825" t="2458" r="1183" b="2537" fs="10">cotyledons</wd>
			<wd l="1214" t="2458" r="1340" b="2519" fs="10">that</wd>
			<wd l="1372" t="2478" r="1470" b="2519" fs="10">are</wd>
			<wd l="1502" t="2478" r="1672" b="2519" fs="10">more</wd>
			<wd l="1706" t="2478" r="1775" b="2520" fs="10">or</wd>
			<wd l="1807" t="2458" r="1928" b="2519" fs="10">less</wd>
			<wd l="1964" t="2458" r="2178" b="2520" fs="10">sessile</wd>
		</ln>
		<ln lx="639" ly="2547" rx="2172" ry="2625">
			<wd l="639" t="2547" r="756" b="2608" fs="10">and</wd>
			<wd l="774" t="2549" r="974" b="2608" fs="10">22-23</wd>
			<wd l="997" t="2567" r="1125" b="2607" fs="10">mm</wd>
			<wd l="1144" t="2547" r="1308" b="2625" fs="10">long,</wd>
			<wd l="1328" t="2547" r="1601" b="2608" fs="10">whereas</wd>
			<wd l="1614" t="2550" r="1689" b="2608" fs="10">D.</wd>
			<wd l="1718" t="2548" r="2045" b="2608" fs="10">laxinervis</wd>
			<wd l="2062" t="2548" r="2172" b="2608" fs="10">has</wd>
		</ln>
		<ln lx="638" ly="2636" rx="2179" ry="2714">
			<wd l="638" t="2636" r="995" b="2714" fs="10">cotyledons</wd>
			<wd l="1021" t="2636" r="1147" b="2697" fs="10">that</wd>
			<wd l="1174" t="2656" r="1272" b="2697" fs="10">are</wd>
			<wd l="1302" t="2636" r="1531" b="2714" fs="10">shortly</wd>
			<wd l="1557" t="2636" r="1844" b="2714" fs="10">petiolate</wd>
			<wd l="1874" t="2637" r="1953" b="2713" fs="10">(c.</wd>
			<wd l="1985" t="2638" r="2022" b="2696" fs="10">2</wd>
			<wd l="2050" t="2656" r="2179" b="2696" fs="10">mm</wd>
		</ln>
		<ln lx="638" ly="2727" rx="1525" ry="2805">
			<wd l="638" t="2727" r="809" b="2805" fs="10">long)</wd>
			<wd l="836" t="2727" r="954" b="2788" fs="10">and</wd>
			<wd l="978" t="2729" r="1184" b="2788" fs="10">26-30</wd>
			<wd l="1209" t="2747" r="1337" b="2787" fs="10">mm</wd>
			<wd l="1363" t="2727" r="1525" b="2805" fs="10">long.</wd>
		</ln>
		<ln lx="826" ly="2891" rx="2174" ry="2970">
			<wd l="826" t="2891" r="951" b="2953" fs="10">The</wd>
			<wd l="973" t="2891" r="1362" b="2970" fs="10">populations</wd>
			<wd l="1387" t="2891" r="1544" b="2953" fs="10"><![CDATA[of£>.]]></wd>
			<wd l="1577" t="2892" r="1809" b="2953" fs="10">tuckeri</wd>
			<wd l="1830" t="2900" r="1887" b="2953" fs="10">at</wd>
			<wd l="1908" t="2891" r="2009" b="2953" fs="10">the</wd>
			<wd l="2031" t="2900" r="2174" b="2970" fs="10">type</wd>
		</ln>
		<ln lx="639" ly="2984" rx="2178" ry="3062">
			<wd l="639" t="2984" r="880" b="3062" fs="10">locality</wd>
			<wd l="898" t="2984" r="974" b="3044" fs="10">of</wd>
			<wd l="982" t="2985" r="1116" b="3062" fs="10">Gap</wd>
			<wd l="1136" t="2984" r="1332" b="3045" fs="10">Creek</wd>
			<wd l="1346" t="2984" r="1501" b="3045" fs="10">have</wd>
			<wd l="1519" t="2984" r="1703" b="3045" fs="10">much</wd>
			<wd l="1721" t="2984" r="1912" b="3062" fs="10">larger</wd>
			<wd l="1930" t="2984" r="2178" b="3062" fs="10">stipules</wd>
		</ln>
		<ln lx="636" ly="3076" rx="2181" ry="3150">
			<wd l="636" t="3076" r="779" b="3137" fs="10">than</wd>
			<wd l="798" t="3077" r="972" b="3138" fs="10">those</wd>
			<wd l="995" t="3077" r="1154" b="3137" fs="10">from</wd>
			<wd l="1174" t="3077" r="1274" b="3138" fs="10">the</wd>
			<wd l="1295" t="3077" r="1581" b="3138" fs="10">Daintree</wd>
			<wd l="1604" t="3097" r="1759" b="3150" fs="10">area,</wd>
			<wd l="1781" t="3077" r="1890" b="3138" fs="10">but</wd>
			<wd l="1909" t="3077" r="2181" b="3138" fs="10">whether</wd>
		</ln>
		<ln lx="637" ly="3168" rx="2177" ry="3247">
			<wd l="637" t="3168" r="758" b="3229" fs="10">this</wd>
			<wd l="797" t="3169" r="849" b="3229" fs="10">is</wd>
			<wd l="888" t="3168" r="1233" b="3229" fs="10">correlated</wd>
			<wd l="1269" t="3169" r="1421" b="3229" fs="10">with</wd>
			<wd l="1459" t="3169" r="1635" b="3229" fs="10">other</wd>
			<wd l="1670" t="3169" r="2177" b="3247" fs="10">morphological</wd>
		</ln>
		<ln lx="640" ly="3260" rx="2181" ry="3339">
			<wd l="640" t="3260" r="1004" b="3321" fs="10">differences</wd>
			<wd l="1035" t="3260" r="1297" b="3321" fs="10">remains</wd>
			<wd l="1328" t="3269" r="1391" b="3321" fs="10">to</wd>
			<wd l="1422" t="3260" r="1500" b="3321" fs="10">be</wd>
			<wd l="1534" t="3280" r="1696" b="3321" fs="10">seen.</wd>
			<wd l="1732" t="3261" r="1925" b="3321" fs="10">There</wd>
			<wd l="1958" t="3280" r="2181" b="3339" fs="10">appear</wd>
		</ln>
		<ln lx="637" ly="3353" rx="2178" ry="3431">
			<wd l="637" t="3361" r="699" b="3414" fs="10">to</wd>
			<wd l="731" t="3353" r="807" b="3414" fs="10">be</wd>
			<wd l="842" t="3372" r="1012" b="3414" fs="10">some</wd>
			<wd l="1046" t="3353" r="1414" b="3414" fs="10">differences</wd>
			<wd l="1448" t="3353" r="1511" b="3413" fs="10">in</wd>
			<wd l="1544" t="3353" r="1851" b="3431" fs="10">seedlings</wd>
			<wd l="1887" t="3353" r="2047" b="3414" fs="10">from</wd>
			<wd l="2077" t="3353" r="2178" b="3414" fs="10">the</wd>
		</ln>
		<ln lx="638" ly="3445" rx="2177" ry="3524">
			<wd l="638" t="3454" r="759" b="3506" fs="10">two</wd>
			<wd l="787" t="3465" r="953" b="3506" fs="10">areas</wd>
			<wd l="982" t="3446" r="1083" b="3522" fs="10">(G.</wd>
			<wd l="1117" t="3445" r="1516" b="3524" fs="10">Sankowsky,</wd>
			<wd l="1544" t="3465" r="1700" b="3524" fs="10">pers.</wd>
			<wd l="1732" t="3465" r="1954" b="3507" fs="10">comm.</wd>
			<wd l="1993" t="3447" r="2177" b="3523" fs="10">1994)</wd>
		</ln>
		<ln lx="638" ly="3537" rx="2179" ry="3599">
			<wd l="638" t="3537" r="743" b="3598" fs="10">but</wd>
			<wd l="770" t="3537" r="870" b="3598" fs="10">the</wd>
			<wd l="902" t="3538" r="1196" b="3598" fs="10">evidence</wd>
			<wd l="1225" t="3538" r="1488" b="3598" fs="10">remains</wd>
			<wd l="1520" t="3538" r="1942" b="3598" fs="10">inconclusive</wd>
			<wd l="1974" t="3546" r="2032" b="3599" fs="10">at</wd>
			<wd l="2060" t="3538" r="2179" b="3598" fs="10">this</wd>
		</ln>
		<ln lx="641" ly="3629" rx="2178" ry="3707">
			<wd l="641" t="3637" r="823" b="3707" fs="10">stage.</wd>
			<wd l="853" t="3632" r="941" b="3690" fs="10">To</wd>
			<wd l="969" t="3629" r="1298" b="3690" fs="10">determine</wd>
			<wd l="1324" t="3629" r="1594" b="3690" fs="10">whether</wd>
			<wd l="1619" t="3649" r="1688" b="3690" fs="10">or</wd>
			<wd l="1710" t="3638" r="1818" b="3690" fs="10">not</wd>
			<wd l="1835" t="3632" r="1909" b="3690" fs="10">D.</wd>
			<wd l="1946" t="3630" r="2178" b="3690" fs="10">tuckeri</wd>
		</ln>
		<ln lx="640" ly="3722" rx="2190" ry="3800">
			<wd l="640" t="3741" r="1069" b="3800" fs="10">encompasses</wd>
			<wd l="1088" t="3730" r="1212" b="3783" fs="10">two</wd>
			<wd l="1232" t="3730" r="1372" b="3783" fs="10">taxa</wd>
			<wd l="1389" t="3722" r="1657" b="3800" fs="10">requires</wd>
			<wd l="1679" t="3722" r="2092" b="3783" fs="10">examination</wd>
			<wd l="2112" t="3722" r="2190" b="3783" fs="10">of</wd>
		</ln>
		<ln lx="640" ly="3814" rx="2174" ry="3876">
			<wd l="640" t="3814" r="833" b="3875" fs="10">fertile</wd>
			<wd l="857" t="3814" r="1215" b="3875" fs="10">collections</wd>
			<wd l="1240" t="3814" r="1318" b="3875" fs="10">of</wd>
			<wd l="1328" t="3814" r="1488" b="3875" fs="10">male</wd>
			<wd l="1513" t="3814" r="1632" b="3875" fs="10">and</wd>
			<wd l="1655" t="3814" r="1878" b="3876" fs="10">female</wd>
			<wd l="1903" t="3814" r="2174" b="3876" fs="10">flowers!</wd>
		</ln>
		<ln lx="640" ly="3906" rx="2179" ry="3986">
			<wd l="640" t="3906" r="835" b="3968" fs="10">These</wd>
			<wd l="869" t="3906" r="1026" b="3968" fs="10">have</wd>
			<wd l="1060" t="3907" r="1295" b="3985" fs="10">proved</wd>
			<wd l="1329" t="3907" r="1691" b="3985" fs="10">impossible</wd>
			<wd l="1726" t="3916" r="1789" b="3968" fs="10">to</wd>
			<wd l="1824" t="3927" r="2081" b="3986" fs="10">procure</wd>
			<wd l="2116" t="3916" r="2179" b="3968" fs="10">to</wd>
		</ln>
		<ln lx="640" ly="4000" rx="792" ry="4060">
			<wd l="640" t="4000" r="792" b="4060" fs="10">date.</wd>
		</ln>
		<ln lx="643" ly="4164" rx="2177" ry="4242">
			<wd l="643" t="4164" r="1093" b="4224" fs="10">Conservation</wd>
			<wd l="1124" t="4173" r="1324" b="4224" fs="10">status</wd>
			<wd l="1330" t="4183" r="1344" b="4224" fs="10">:</wd>
			<wd l="1378" t="4166" r="1452" b="4224" fs="10">D.</wd>
			<wd l="1495" t="4164" r="1727" b="4225" fs="10">tuckeri</wd>
			<wd l="1755" t="4164" r="1807" b="4225" fs="10">is</wd>
			<wd l="1839" t="4172" r="2083" b="4242" fs="10">present</wd>
			<wd l="2115" t="4164" r="2177" b="4224" fs="10">in</wd>
		</ln>
		<ln lx="640" ly="4256" rx="2192" ry="4333">
			<wd l="640" t="4256" r="839" b="4316" fs="10">Cedar</wd>
			<wd l="873" t="4258" r="1007" b="4333" fs="10">Bay</wd>
			<wd l="1040" t="4256" r="1333" b="4317" fs="10">National</wd>
			<wd l="1369" t="4256" r="1525" b="4317" fs="10">Park</wd>
			<wd l="1561" t="4265" r="1619" b="4317" fs="10">at</wd>
			<wd l="1653" t="4256" r="1755" b="4317" fs="10">the</wd>
			<wd l="1793" t="4256" r="2075" b="4317" fs="10">foothills</wd>
			<wd l="2113" t="4257" r="2192" b="4317" fs="10">of</wd>
		</ln>
		<ln lx="639" ly="4347" rx="2178" ry="4425">
			<wd l="639" t="4349" r="739" b="4408" fs="10">Mt</wd>
			<wd l="783" t="4347" r="1130" b="4424" fs="10">Finnegan</wd>
			<wd l="1177" t="4348" r="1355" b="4424" fs="10">(Gap</wd>
			<wd l="1404" t="4348" r="1654" b="4424" fs="10">Creek)</wd>
			<wd l="1703" t="4348" r="1832" b="4409" fs="10">and</wd>
			<wd l="1879" t="4348" r="1947" b="4408" fs="10">in</wd>
			<wd l="1994" t="4350" r="2178" b="4425" fs="10">Cape</wd>
		</ln>
		<ln lx="640" ly="4438" rx="2182" ry="4511">
			<wd l="640" t="4438" r="1011" b="4498" fs="10">Tribulation</wd>
			<wd l="1036" t="4438" r="1324" b="4498" fs="10">National</wd>
			<wd l="1352" t="4439" r="1506" b="4498" fs="10">Park</wd>
			<wd l="1534" t="4447" r="1592" b="4498" fs="10">at</wd>
			<wd l="1616" t="4439" r="1800" b="4499" fs="10">Noah</wd>
			<wd l="1828" t="4439" r="2044" b="4511" fs="10">Creek,</wd>
			<wd l="2074" t="4439" r="2182" b="4499" fs="10">but</wd>
		</ln>
		<ln lx="640" ly="4529" rx="2182" ry="4607">
			<wd l="640" t="4529" r="690" b="4589" fs="10">is</wd>
			<wd l="710" t="4529" r="826" b="4589" fs="10">still</wd>
			<wd l="843" t="4529" r="1206" b="4589" fs="10">unreserved</wd>
			<wd l="1224" t="4537" r="1281" b="4589" fs="10">at</wd>
			<wd l="1299" t="4531" r="1542" b="4606" fs="10">Cooper</wd>
			<wd l="1559" t="4530" r="1771" b="4590" fs="10">Creek.</wd>
			<wd l="1793" t="4530" r="1919" b="4590" fs="10">The</wd>
			<wd l="1938" t="4531" r="2182" b="4607" fs="10">Cooper</wd>
		</ln>
		<ln lx="640" ly="4620" rx="2182" ry="4697">
			<wd l="640" t="4620" r="834" b="4680" fs="10">Creek</wd>
			<wd l="849" t="4620" r="1204" b="4697" fs="10">population</wd>
			<wd l="1221" t="4620" r="1272" b="4680" fs="10">is</wd>
			<wd l="1289" t="4620" r="1480" b="4680" fs="10">under</wd>
			<wd l="1497" t="4620" r="1841" b="4681" fs="10">immediate</wd>
			<wd l="1858" t="4621" r="2048" b="4681" fs="10">threat</wd>
			<wd l="2066" t="4621" r="2182" b="4681" fs="10">due</wd>
		</ln>
		<ln lx="637" ly="4711" rx="2184" ry="4789">
			<wd l="637" t="4719" r="699" b="4771" fs="10">to</wd>
			<wd l="727" t="4711" r="1072" b="4771" fs="10">residential</wd>
			<wd l="1102" t="4712" r="1533" b="4789" fs="10">development</wd>
			<wd l="1561" t="4712" r="1624" b="4771" fs="10">in</wd>
			<wd l="1652" t="4732" r="1769" b="4773" fs="10">one</wd>
			<wd l="1799" t="4713" r="1877" b="4772" fs="10">of</wd>
			<wd l="1892" t="4713" r="1993" b="4773" fs="10">the</wd>
			<wd l="2021" t="4721" r="2184" b="4773" fs="10">most</wd>
		</ln>
		<ln lx="640" ly="4802" rx="2182" ry="4880">
			<wd l="640" t="4802" r="892" b="4862" fs="10">diverse</wd>
			<wd l="933" t="4803" r="1057" b="4863" fs="10">and</wd>
			<wd l="1098" t="4803" r="1525" b="4880" fs="10">species-rich</wd>
			<wd l="1565" t="4823" r="1744" b="4864" fs="10">areas</wd>
			<wd l="1786" t="4804" r="1866" b="4864" fs="10">of</wd>
			<wd l="1897" t="4804" r="2182" b="4864" fs="10">lowland</wd>
		</ln>
		<ln lx="638" ly="4893" rx="2181" ry="4955">
			<wd l="638" t="4893" r="985" b="4954" fs="10">rainforest</wd>
			<wd l="1023" t="4894" r="1213" b="4954" fs="10">north</wd>
			<wd l="1253" t="4894" r="1334" b="4954" fs="10">of</wd>
			<wd l="1362" t="4894" r="1469" b="4955" fs="10">the</wd>
			<wd l="1510" t="4895" r="1819" b="4955" fs="10">Daintree</wd>
			<wd l="1859" t="4895" r="2078" b="4955" fs="10">River.</wd>
			<wd l="2121" t="4897" r="2181" b="4955" fs="10">A</wd>
		</ln>
		<ln lx="641" ly="4986" rx="2182" ry="5065">
			<wd l="641" t="4986" r="1064" b="5046" fs="10">conservation</wd>
			<wd l="1088" t="4986" r="1313" b="5063" fs="10">coding</wd>
			<wd l="1338" t="4986" r="1416" b="5046" fs="10">of</wd>
			<wd l="1430" t="4988" r="1467" b="5046" fs="10">2</wd>
			<wd l="1471" t="4988" r="1584" b="5047" fs="10">VC</wd>
			<wd l="1611" t="5006" r="1676" b="5047" fs="10">as</wd>
			<wd l="1703" t="4987" r="1953" b="5047" fs="10">defined</wd>
			<wd l="1975" t="4987" r="2058" b="5065" fs="10">by</wd>
			<wd l="2081" t="4987" r="2182" b="5048" fs="10">the</wd>
		</ln>
		<ln lx="644" ly="5077" rx="2175" ry="5154">
			<wd l="644" t="5077" r="1041" b="5154" fs="10">Queensland</wd>
			<wd l="1058" t="5080" r="1292" b="5138" fs="10">Nature</wd>
			<wd l="1322" t="5079" r="1767" b="5139" fs="10">Conservation</wd>
			<wd l="1790" t="5081" r="1907" b="5139" fs="10">Act</wd>
			<wd l="1939" t="5080" r="2093" b="5139" fs="10">1992</wd>
			<wd l="2123" t="5079" r="2175" b="5139" fs="10">is</wd>
		</ln>
		<ln lx="640" ly="5168" rx="1129" ry="5228">
			<wd l="640" t="5168" r="1129" b="5228" fs="10">recommended.</wd>
		</ln>
		<ln lx="637" ly="5331" rx="2179" ry="5408">
			<wd l="637" t="5332" r="1032" b="5407" fs="10">Etymology</wd>
			<wd l="1040" t="5350" r="1054" b="5390" fs="10">:</wd>
			<wd l="1102" t="5331" r="1235" b="5391" fs="10">The</wd>
			<wd l="1279" t="5331" r="1559" b="5408" fs="10">specific</wd>
			<wd l="1602" t="5332" r="1849" b="5408" fs="10">epithet</wd>
			<wd l="1888" t="5332" r="2179" b="5392" fs="10">honours</wd>
		</ln>
		<ln lx="641" ly="5422" rx="2179" ry="5500">
			<wd l="641" t="5422" r="875" b="5482" fs="10">Maurie</wd>
			<wd l="899" t="5423" r="968" b="5482" fs="10">C.</wd>
			<wd l="993" t="5422" r="1229" b="5483" fs="10">Tucker</wd>
			<wd l="1250" t="5422" r="1327" b="5483" fs="10">of</wd>
			<wd l="1337" t="5423" r="1596" b="5495" fs="10">Booval,</wd>
			<wd l="1621" t="5423" r="1885" b="5500" fs="10">Ipswich</wd>
			<wd l="1905" t="5424" r="2048" b="5484" fs="10">who</wd>
			<wd l="2069" t="5424" r="2179" b="5484" fs="10">has</wd>
		</ln>
		<ln lx="642" ly="5512" rx="2180" ry="5592">
			<wd l="642" t="5532" r="678" b="5573" fs="10">a</wd>
			<wd l="704" t="5512" r="860" b="5573" fs="10">keen</wd>
			<wd l="889" t="5512" r="1133" b="5573" fs="10">interest</wd>
			<wd l="1162" t="5513" r="1225" b="5572" fs="10">in</wd>
			<wd l="1253" t="5513" r="1603" b="5574" fs="10">Australian</wd>
			<wd l="1631" t="5514" r="1954" b="5575" fs="10">rainforest</wd>
			<wd l="1982" t="5514" r="2180" b="5592" fs="10">plants</wd>
		</ln>
	</region>
	<region article-doi="10.2307/41729914" region-id="2">
		<rc l="2307" t="851" r="3871" b="5599"/>
		<ln lx="2316" ly="856" rx="3859" ry="936">
			<wd l="2316" t="857" r="2434" b="919" fs="10">and</wd>
			<wd l="2466" t="857" r="2576" b="919" fs="10">has</wd>
			<wd l="2613" t="857" r="2904" b="936" fs="10">explored</wd>
			<wd l="2936" t="877" r="3121" b="936" fs="10">many</wd>
			<wd l="3153" t="857" r="3403" b="936" fs="10">patches</wd>
			<wd l="3439" t="856" r="3517" b="918" fs="10">of</wd>
			<wd l="3538" t="856" r="3859" b="918" fs="10">rainforest</wd>
		</ln>
		<ln lx="2316" ly="950" rx="3187" ry="1011">
			<wd l="2316" t="950" r="2435" b="1011" fs="10">and</wd>
			<wd l="2460" t="950" r="2636" b="1011" fs="10">scrub</wd>
			<wd l="2661" t="950" r="2810" b="1011" fs="10">with</wd>
			<wd l="2831" t="950" r="2932" b="1011" fs="10">the</wd>
			<wd l="2957" t="950" r="3187" b="1011" fs="10">author.</wd>
		</ln>
		<ln lx="2317" ly="1110" rx="3854" ry="1184">
			<wd l="2317" t="1113" r="2373" b="1172" fs="10">5.</wd>
			<wd l="2393" t="1112" r="2748" b="1172" fs="10">Dissiliaria</wd>
			<wd l="2767" t="1112" r="3059" b="1172" fs="10">muelleri</wd>
			<wd l="3071" t="1110" r="3267" b="1184" fs="10">Baili.,</wd>
			<wd l="3285" t="1110" r="3640" b="1172" fs="10">Adansonia</wd>
			<wd l="3657" t="1113" r="3713" b="1171" fs="10">7:</wd>
			<wd l="3735" t="1111" r="3854" b="1172" fs="10">359</wd>
		</ln>
		<ln lx="2506" ly="1199" rx="3852" ry="1277">
			<wd l="2506" t="1200" r="2742" b="1276" fs="10">(1867).</wd>
			<wd l="2773" t="1202" r="2974" b="1277" fs="10">Type:</wd>
			<wd l="3006" t="1199" r="3415" b="1275" fs="10">Queensland.</wd>
			<wd l="3447" t="1201" r="3607" b="1260" fs="10">Port</wd>
			<wd l="3633" t="1201" r="3852" b="1260" fs="10">Curtis</wd>
		</ln>
		<ln lx="2505" ly="1287" rx="3853" ry="1365">
			<wd l="2505" t="1290" r="2815" b="1348" fs="10">District:</wd>
			<wd l="2853" t="1287" r="3348" b="1365" fs="10">Rockhampton,</wd>
			<wd l="3399" t="1287" r="3617" b="1348" fs="10">Thozet</wd>
			<wd l="3660" t="1287" r="3853" b="1364" fs="10">(lecto</wd>
		</ln>
		<ln lx="2511" ly="1376" rx="3852" ry="1454">
			<wd l="2511" t="1376" r="2675" b="1452" fs="10">[here</wd>
			<wd l="2700" t="1376" r="3103" b="1454" fs="10">designated]:</wd>
			<wd l="3130" t="1378" r="3192" b="1436" fs="10">P.</wd>
			<wd l="3216" t="1397" r="3315" b="1436" fs="10">n.v</wd>
			<wd l="3317" t="1426" r="3353" b="1449" fs="10">.,</wd>
			<wd l="3377" t="1376" r="3566" b="1454" fs="10">photo</wd>
			<wd l="3591" t="1384" r="3649" b="1436" fs="10">at</wd>
			<wd l="3670" t="1376" r="3852" b="1452" fs="10">BRI).</wd>
		</ln>
		<ln lx="2312" ly="1538" rx="3533" ry="1616">
			<wd l="2312" t="1540" r="2705" b="1599" fs="10">Illustration</wd>
			<wd l="2713" t="1557" r="2727" b="1599" fs="10">:</wd>
			<wd l="2756" t="1538" r="3001" b="1599" fs="10">Bâillon</wd>
			<wd l="3025" t="1539" r="3237" b="1615" fs="10">(1867:</wd>
			<wd l="3263" t="1538" r="3424" b="1616" fs="10">plate</wd>
			<wd l="3457" t="1538" r="3533" b="1615" fs="10">1).</wd>
		</ln>
		<ln lx="2507" ly="1702" rx="3857" ry="1780">
			<wd l="2507" t="1704" r="2656" b="1763" fs="10">Tree</wd>
			<wd l="2679" t="1710" r="2742" b="1763" fs="10">to</wd>
			<wd l="2775" t="1704" r="2846" b="1762" fs="10">10</wd>
			<wd l="2870" t="1721" r="2933" b="1761" fs="10">m</wd>
			<wd l="2954" t="1702" r="3120" b="1780" fs="10">high.</wd>
			<wd l="3148" t="1702" r="3352" b="1762" fs="10">Trunk</wd>
			<wd l="3373" t="1710" r="3480" b="1762" fs="10">not</wd>
			<wd l="3500" t="1702" r="3857" b="1774" fs="10">buttressed,</wd>
		</ln>
		<ln lx="2315" ly="1793" rx="3862" ry="1872">
			<wd l="2315" t="1802" r="2424" b="1854" fs="10">not</wd>
			<wd l="2459" t="1794" r="2786" b="1872" fs="10">suckering</wd>
			<wd l="2821" t="1814" r="2890" b="1855" fs="10">or</wd>
			<wd l="2924" t="1794" r="3072" b="1872" fs="10">only</wd>
			<wd l="3107" t="1794" r="3166" b="1854" fs="10">if</wd>
			<wd l="3192" t="1794" r="3512" b="1871" fs="10">damaged,</wd>
			<wd l="3548" t="1794" r="3657" b="1854" fs="10">but</wd>
			<wd l="3691" t="1793" r="3862" b="1854" fs="10">often</wd>
		</ln>
		<ln lx="2315" ly="1886" rx="3856" ry="1965">
			<wd l="2315" t="1886" r="2808" b="1948" fs="10">multistemmed.</wd>
			<wd l="2845" t="1886" r="3008" b="1947" fs="10">Bark</wd>
			<wd l="3039" t="1886" r="3254" b="1965" fs="10">rough,</wd>
			<wd l="3291" t="1886" r="3460" b="1964" fs="10">flaky</wd>
			<wd l="3494" t="1886" r="3557" b="1946" fs="10">in</wd>
			<wd l="3588" t="1886" r="3856" b="1964" fs="10">patches,</wd>
		</ln>
		<ln lx="2318" ly="1978" rx="3859" ry="2057">
			<wd l="2318" t="1979" r="2475" b="2057" fs="10">light</wd>
			<wd l="2510" t="1987" r="2574" b="2040" fs="10">to</wd>
			<wd l="2611" t="1979" r="2746" b="2040" fs="10">rich</wd>
			<wd l="2781" t="1979" r="3023" b="2052" fs="10">brown;</wd>
			<wd l="3062" t="1979" r="3243" b="2040" fs="10">blaze</wd>
			<wd l="3280" t="1979" r="3452" b="2057" fs="10">pink.</wd>
			<wd l="3492" t="1978" r="3859" b="2040" fs="10">Branchlets</wd>
		</ln>
		<ln lx="2315" ly="2071" rx="3862" ry="2150">
			<wd l="2315" t="2080" r="2360" b="2126" fs="10">±</wd>
			<wd l="2389" t="2072" r="2683" b="2145" fs="10">rounded,</wd>
			<wd l="2715" t="2072" r="2863" b="2133" fs="10">with</wd>
			<wd l="2894" t="2071" r="3059" b="2133" fs="10">short</wd>
			<wd l="3090" t="2091" r="3295" b="2150" fs="10">sparse</wd>
			<wd l="3324" t="2071" r="3651" b="2133" fs="10">trichomes</wd>
			<wd l="3681" t="2071" r="3862" b="2132" fs="10">when</wd>
		</ln>
		<ln lx="2315" ly="2164" rx="3863" ry="2244">
			<wd l="2315" t="2184" r="2544" b="2243" fs="10">young,</wd>
			<wd l="2579" t="2184" r="2734" b="2226" fs="10">soon</wd>
			<wd l="2763" t="2164" r="3145" b="2244" fs="10">glabrescent</wd>
			<wd l="3175" t="2164" r="3294" b="2226" fs="10">and</wd>
			<wd l="3324" t="2164" r="3686" b="2226" fs="10">lenticellate</wd>
			<wd l="3715" t="2164" r="3863" b="2225" fs="10">with</wd>
		</ln>
		<ln lx="2319" ly="2257" rx="3859" ry="2335">
			<wd l="2319" t="2277" r="2454" b="2335" fs="10">age.</wd>
			<wd l="2498" t="2257" r="2773" b="2335" fs="10">Stipules</wd>
			<wd l="2813" t="2257" r="3184" b="2330" fs="10">lanceolate,</wd>
			<wd l="3226" t="2259" r="3484" b="2318" fs="10">0.8-1.4</wd>
			<wd l="3521" t="2277" r="3651" b="2317" fs="10">mm</wd>
			<wd l="3689" t="2257" r="3859" b="2334" fs="10">long,</wd>
		</ln>
		<ln lx="2319" ly="2348" rx="3862" ry="2427">
			<wd l="2319" t="2350" r="2566" b="2409" fs="10">0.4-0.6</wd>
			<wd l="2598" t="2368" r="2726" b="2409" fs="10">mm</wd>
			<wd l="2757" t="2349" r="2937" b="2422" fs="10">wide,</wd>
			<wd l="2971" t="2349" r="3257" b="2427" fs="10">glabrous</wd>
			<wd l="3291" t="2368" r="3360" b="2410" fs="10">or</wd>
			<wd l="3388" t="2348" r="3537" b="2409" fs="10">with</wd>
			<wd l="3569" t="2348" r="3862" b="2410" fs="10">scattered</wd>
		</ln>
		<ln lx="2316" ly="2441" rx="3863" ry="2520">
			<wd l="2316" t="2441" r="2664" b="2503" fs="10">trichomes.</wd>
			<wd l="2696" t="2444" r="2930" b="2503" fs="10">Leaves</wd>
			<wd l="2959" t="2441" r="3268" b="2520" fs="10">glabrous;</wd>
			<wd l="3297" t="2441" r="3556" b="2520" fs="10">petioles</wd>
			<wd l="3594" t="2443" r="3708" b="2501" fs="10">1-4</wd>
			<wd l="3736" t="2461" r="3863" b="2501" fs="10">mm</wd>
		</ln>
		<ln lx="2319" ly="2534" rx="3859" ry="2612">
			<wd l="2319" t="2534" r="2483" b="2612" fs="10">long,</wd>
			<wd l="2507" t="2554" r="2557" b="2595" fs="10">c.</wd>
			<wd l="2582" t="2536" r="2678" b="2595" fs="10">0.5</wd>
			<wd l="2701" t="2554" r="2829" b="2594" fs="10">mm</wd>
			<wd l="2847" t="2534" r="3029" b="2607" fs="10">wide;</wd>
			<wd l="3052" t="2534" r="3307" b="2595" fs="10">laminas</wd>
			<wd l="3326" t="2534" r="3582" b="2612" fs="10">broadly</wd>
			<wd l="3601" t="2542" r="3778" b="2595" fs="10">ovate</wd>
			<wd l="3797" t="2542" r="3859" b="2594" fs="10">to</wd>
		</ln>
		<ln lx="2317" ly="2626" rx="3858" ry="2704">
			<wd l="2317" t="2626" r="2820" b="2699" fs="10">rhombic-ovate,</wd>
			<wd l="2844" t="2627" r="3001" b="2687" fs="10">8-95</wd>
			<wd l="3023" t="2646" r="3151" b="2686" fs="10">mm</wd>
			<wd l="3170" t="2626" r="3333" b="2704" fs="10">long,</wd>
			<wd l="3356" t="2627" r="3514" b="2687" fs="10">6-65</wd>
			<wd l="3536" t="2646" r="3664" b="2686" fs="10">mm</wd>
			<wd l="3680" t="2626" r="3858" b="2699" fs="10">wide,</wd>
		</ln>
		<ln lx="2319" ly="2718" rx="3861" ry="2796">
			<wd l="2319" t="2719" r="2731" b="2791" fs="10">chartaceous,</wd>
			<wd l="2764" t="2719" r="2913" b="2779" fs="10">with</wd>
			<wd l="2942" t="2719" r="3287" b="2796" fs="10">prominent</wd>
			<wd l="3316" t="2718" r="3544" b="2796" fs="10">yellow</wd>
			<wd l="3573" t="2718" r="3861" b="2779" fs="10">venation</wd>
		</ln>
		<ln lx="2320" ly="2810" rx="3859" ry="2889">
			<wd l="2320" t="2811" r="2694" b="2889" fs="10">comprising</wd>
			<wd l="2728" t="2813" r="2763" b="2871" fs="10">7</wd>
			<wd l="2797" t="2819" r="2860" b="2872" fs="10">to</wd>
			<wd l="2895" t="2812" r="2932" b="2871" fs="10">9</wd>
			<wd l="2968" t="2810" r="3204" b="2872" fs="10">laterals</wd>
			<wd l="3237" t="2830" r="3345" b="2889" fs="10">per</wd>
			<wd l="3378" t="2810" r="3508" b="2871" fs="10">side</wd>
			<wd l="3542" t="2811" r="3619" b="2871" fs="10">of</wd>
			<wd l="3640" t="2810" r="3859" b="2871" fs="10">midrib</wd>
		</ln>
		<ln lx="2320" ly="2902" rx="3860" ry="2982">
			<wd l="2320" t="2903" r="2440" b="2964" fs="10">and</wd>
			<wd l="2474" t="2903" r="2720" b="2982" fs="10">weakly</wd>
			<wd l="2756" t="2903" r="3106" b="2982" fs="10">developed</wd>
			<wd l="3142" t="2903" r="3510" b="2965" fs="10">interlateral</wd>
			<wd l="3545" t="2902" r="3860" b="2965" fs="10">reticulate</wd>
		</ln>
		<ln lx="2317" ly="2996" rx="3861" ry="3075">
			<wd l="2317" t="2996" r="2516" b="3069" fs="10">veins;</wd>
			<wd l="2553" t="3016" r="2747" b="3075" fs="10">upper</wd>
			<wd l="2783" t="2996" r="3023" b="3057" fs="10">surface</wd>
			<wd l="3060" t="2996" r="3370" b="3074" fs="10">glabrous,</wd>
			<wd l="3408" t="2996" r="3622" b="3074" fs="10">glossy</wd>
			<wd l="3657" t="3016" r="3861" b="3075" fs="10">green,</wd>
		</ln>
		<ln lx="2317" ly="3089" rx="3857" ry="3167">
			<wd l="2317" t="3089" r="2610" b="3150" fs="10">venation</wd>
			<wd l="2643" t="3098" r="2687" b="3143" fs="10">±</wd>
			<wd l="2724" t="3089" r="3007" b="3162" fs="10">obscure;</wd>
			<wd l="3046" t="3089" r="3238" b="3150" fs="10">lower</wd>
			<wd l="3273" t="3089" r="3513" b="3150" fs="10">surface</wd>
			<wd l="3550" t="3089" r="3857" b="3167" fs="10">glabrous,</wd>
		</ln>
		<ln lx="2318" ly="3180" rx="3862" ry="3259">
			<wd l="2318" t="3180" r="2467" b="3258" fs="10">pale</wd>
			<wd l="2510" t="3200" r="2732" b="3258" fs="10">green,</wd>
			<wd l="2775" t="3181" r="3091" b="3242" fs="10">venation</wd>
			<wd l="3131" t="3181" r="3529" b="3259" fs="10">prominent;</wd>
			<wd l="3573" t="3181" r="3862" b="3258" fs="10">margins</wd>
		</ln>
		<ln lx="2321" ly="3272" rx="3860" ry="3351">
			<wd l="2321" t="3272" r="2643" b="3351" fs="10">shallowly</wd>
			<wd l="2678" t="3273" r="2981" b="3334" fs="10">crenulate</wd>
			<wd l="3015" t="3281" r="3078" b="3334" fs="10">to</wd>
			<wd l="3116" t="3273" r="3437" b="3346" fs="10">subentire,</wd>
			<wd l="3473" t="3273" r="3621" b="3334" fs="10">with</wd>
			<wd l="3663" t="3274" r="3860" b="3334" fs="10">14-16</wd>
		</ln>
		<ln lx="2318" ly="3365" rx="3863" ry="3444">
			<wd l="2318" t="3365" r="2481" b="3426" fs="10">teeth</wd>
			<wd l="2502" t="3386" r="2610" b="3444" fs="10">per</wd>
			<wd l="2634" t="3366" r="2785" b="3439" fs="10">side;</wd>
			<wd l="2810" t="3366" r="2896" b="3444" fs="10">tip</wd>
			<wd l="2922" t="3374" r="3115" b="3439" fs="10">acute,</wd>
			<wd l="3142" t="3366" r="3358" b="3427" fs="10">obtuse</wd>
			<wd l="3383" t="3386" r="3452" b="3427" fs="10">or</wd>
			<wd l="3472" t="3374" r="3692" b="3439" fs="10">refuse;</wd>
			<wd l="3716" t="3366" r="3863" b="3427" fs="10">base</wd>
		</ln>
		<ln lx="2321" ly="3458" rx="3863" ry="3531">
			<wd l="2321" t="3466" r="2592" b="3531" fs="10">cuneate,</wd>
			<wd l="2619" t="3458" r="2854" b="3531" fs="10">obtuse,</wd>
			<wd l="2879" t="3466" r="3167" b="3519" fs="10">truncate.</wd>
			<wd l="3193" t="3458" r="3363" b="3519" fs="10">Male</wd>
			<wd l="3388" t="3458" r="3863" b="3519" fs="10">inflorescences</wd>
		</ln>
		<ln lx="2328" ly="3550" rx="3860" ry="3628">
			<wd l="2328" t="3551" r="2350" b="3609" fs="10">1</wd>
			<wd l="2363" t="3550" r="2894" b="3611" fs="10">-few-flowered</wd>
			<wd l="2934" t="3550" r="3000" b="3610" fs="10">in</wd>
			<wd l="3040" t="3550" r="3232" b="3611" fs="10">distal</wd>
			<wd l="3274" t="3550" r="3464" b="3623" fs="10">axils;</wd>
			<wd l="3504" t="3550" r="3860" b="3628" fs="10">peduncles</wd>
		</ln>
		<ln lx="2328" ly="3642" rx="3863" ry="3720">
			<wd l="2328" t="3643" r="2439" b="3702" fs="10">1-3</wd>
			<wd l="2478" t="3662" r="2606" b="3702" fs="10">mm</wd>
			<wd l="2642" t="3642" r="2808" b="3720" fs="10">long,</wd>
			<wd l="2845" t="3642" r="3156" b="3720" fs="10">glabrous;</wd>
			<wd l="3192" t="3643" r="3392" b="3703" fs="10">bracts</wd>
			<wd l="3430" t="3642" r="3767" b="3703" fs="10">lanceolate</wd>
			<wd l="3800" t="3651" r="3863" b="3703" fs="10">to</wd>
		</ln>
		<ln lx="2321" ly="3734" rx="3861" ry="3812">
			<wd l="2321" t="3742" r="2531" b="3807" fs="10">ovate,</wd>
			<wd l="2582" t="3736" r="2769" b="3795" fs="10">1.4-2</wd>
			<wd l="2809" t="3754" r="2940" b="3794" fs="10">mm</wd>
			<wd l="2981" t="3734" r="3156" b="3812" fs="10">long,</wd>
			<wd l="3200" t="3736" r="3462" b="3795" fs="10">0.5-1.8</wd>
			<wd l="3503" t="3754" r="3634" b="3795" fs="10">mm</wd>
			<wd l="3672" t="3734" r="3861" b="3808" fs="10">wide,</wd>
		</ln>
		<ln lx="2320" ly="3824" rx="3864" ry="3903">
			<wd l="2320" t="3824" r="2620" b="3902" fs="10">glabrous.</wd>
			<wd l="2641" t="3824" r="2808" b="3885" fs="10">Male</wd>
			<wd l="2827" t="3824" r="3071" b="3885" fs="10">flowers</wd>
			<wd l="3089" t="3824" r="3236" b="3885" fs="10">with</wd>
			<wd l="3251" t="3824" r="3519" b="3903" fs="10">pedicels</wd>
			<wd l="3538" t="3826" r="3720" b="3886" fs="10">2.5-7</wd>
			<wd l="3738" t="3844" r="3864" b="3885" fs="10">mm</wd>
		</ln>
		<ln lx="2322" ly="3912" rx="3861" ry="3992">
			<wd l="2322" t="3912" r="2492" b="3991" fs="10">long,</wd>
			<wd l="2533" t="3932" r="2585" b="3974" fs="10">c.</wd>
			<wd l="2628" t="3914" r="2730" b="3974" fs="10">0.4</wd>
			<wd l="2768" t="3933" r="2897" b="3973" fs="10">mm</wd>
			<wd l="2935" t="3913" r="3255" b="3987" fs="10">diameter,</wd>
			<wd l="3295" t="3913" r="3614" b="3992" fs="10">glabrous;</wd>
			<wd l="3656" t="3913" r="3861" b="3992" fs="10">sepals</wd>
		</ln>
		<ln lx="2319" ly="4001" rx="3864" ry="4080">
			<wd l="2319" t="4001" r="2575" b="4079" fs="10">broadly</wd>
			<wd l="2606" t="4001" r="2852" b="4079" fs="10">elliptic,</wd>
			<wd l="2894" t="4003" r="3071" b="4062" fs="10">1.5-2</wd>
			<wd l="3102" t="4021" r="3230" b="4062" fs="10">mm</wd>
			<wd l="3261" t="4002" r="3426" b="4080" fs="10">long,</wd>
			<wd l="3467" t="4004" r="3703" b="4063" fs="10">1.4-1.5</wd>
			<wd l="3737" t="4021" r="3864" b="4062" fs="10">mm</wd>
		</ln>
		<ln lx="2319" ly="4091" rx="3864" ry="4170">
			<wd l="2319" t="4091" r="2500" b="4165" fs="10">wide,</wd>
			<wd l="2535" t="4092" r="2821" b="4170" fs="10">glabrous</wd>
			<wd l="2855" t="4111" r="2923" b="4153" fs="10">or</wd>
			<wd l="2955" t="4092" r="3176" b="4165" fs="10">ciliate;</wd>
			<wd l="3209" t="4092" r="3548" b="4170" fs="10">receptacle</wd>
			<wd l="3581" t="4112" r="3632" b="4153" fs="10">c.</wd>
			<wd l="3668" t="4094" r="3704" b="4152" fs="10">2</wd>
			<wd l="3737" t="4112" r="3864" b="4152" fs="10">mm</wd>
		</ln>
		<ln lx="2322" ly="4184" rx="3866" ry="4263">
			<wd l="2322" t="4184" r="2630" b="4258" fs="10">diameter,</wd>
			<wd l="2661" t="4185" r="2810" b="4246" fs="10">with</wd>
			<wd l="2841" t="4204" r="3047" b="4263" fs="10">sparse</wd>
			<wd l="3076" t="4193" r="3139" b="4246" fs="10">to</wd>
			<wd l="3171" t="4185" r="3359" b="4246" fs="10">dense</wd>
			<wd l="3388" t="4185" r="3716" b="4247" fs="10">trichomes</wd>
			<wd l="3748" t="4185" r="3866" b="4247" fs="10">and</wd>
		</ln>
		<ln lx="2319" ly="4277" rx="3861" ry="4355">
			<wd l="2319" t="4297" r="2685" b="4338" fs="10">numerous</wd>
			<wd l="2738" t="4277" r="2934" b="4338" fs="10">small</wd>
			<wd l="2985" t="4278" r="3254" b="4355" fs="10">glands;</wd>
			<wd l="3309" t="4286" r="3604" b="4339" fs="10">stamens</wd>
			<wd l="3657" t="4279" r="3861" b="4351" fs="10">8-16;</wd>
		</ln>
		<ln lx="2322" ly="4369" rx="3866" ry="4446">
			<wd l="2322" t="4369" r="2628" b="4429" fs="10">filaments</wd>
			<wd l="2649" t="4369" r="2924" b="4440" fs="10">filiform,</wd>
			<wd l="2946" t="4371" r="3124" b="4429" fs="10">0.9-1</wd>
			<wd l="3140" t="4371" r="3193" b="4429" fs="10">.8</wd>
			<wd l="3213" t="4389" r="3342" b="4429" fs="10">mm</wd>
			<wd l="3361" t="4370" r="3525" b="4446" fs="10">long,</wd>
			<wd l="3547" t="4389" r="3597" b="4430" fs="10">c.</wd>
			<wd l="3621" t="4371" r="3676" b="4430" fs="10">0.</wd>
			<wd l="3691" t="4371" r="3713" b="4429" fs="10">1</wd>
			<wd l="3739" t="4389" r="3866" b="4429" fs="10">mm</wd>
		</ln>
		<ln lx="2322" ly="4459" rx="3865" ry="4537">
			<wd l="2322" t="4459" r="2631" b="4531" fs="10">diameter;</wd>
			<wd l="2657" t="4460" r="2895" b="4520" fs="10">anthers</wd>
			<wd l="2920" t="4461" r="3097" b="4520" fs="10">0.5-1</wd>
			<wd l="3127" t="4479" r="3255" b="4519" fs="10">mm</wd>
			<wd l="3278" t="4460" r="3443" b="4537" fs="10">long,</wd>
			<wd l="3469" t="4462" r="3714" b="4520" fs="10">0.3-0.8</wd>
			<wd l="3738" t="4480" r="3865" b="4520" fs="10">mm</wd>
		</ln>
		<ln lx="2320" ly="4550" rx="3862" ry="4627">
			<wd l="2320" t="4550" r="2499" b="4610" fs="10">wide.</wd>
			<wd l="2531" t="4550" r="2773" b="4611" fs="10">Female</wd>
			<wd l="2803" t="4551" r="3280" b="4611" fs="10">inflorescences</wd>
			<wd l="3311" t="4552" r="3512" b="4627" fs="10">(l-)-3</wd>
			<wd l="3521" t="4551" r="3862" b="4624" fs="10">-flowered,</wd>
		</ln>
		<ln lx="2319" ly="4642" rx="3863" ry="4720">
			<wd l="2319" t="4661" r="2401" b="4719" fs="10">up</wd>
			<wd l="2430" t="4650" r="2493" b="4701" fs="10">to</wd>
			<wd l="2531" t="4643" r="2599" b="4702" fs="10">15</wd>
			<wd l="2632" t="4661" r="2760" b="4701" fs="10">mm</wd>
			<wd l="2789" t="4642" r="2955" b="4719" fs="10">long;</wd>
			<wd l="2985" t="4642" r="3320" b="4719" fs="10">peduncles</wd>
			<wd l="3350" t="4644" r="3514" b="4703" fs="10">4-10</wd>
			<wd l="3543" t="4662" r="3671" b="4702" fs="10">mm</wd>
			<wd l="3700" t="4642" r="3863" b="4720" fs="10">long,</wd>
		</ln>
		<ln lx="2323" ly="4731" rx="3863" ry="4808">
			<wd l="2323" t="4731" r="2600" b="4790" fs="10">0.7-0.8</wd>
			<wd l="2652" t="4750" r="2785" b="4790" fs="10">mm</wd>
			<wd l="2836" t="4731" r="3186" b="4803" fs="10">diameter,</wd>
			<wd l="3239" t="4731" r="3589" b="4808" fs="10">glabrous;</wd>
			<wd l="3640" t="4731" r="3863" b="4792" fs="10">bracts</wd>
		</ln>
		<ln lx="2322" ly="4817" rx="3861" ry="4897">
			<wd l="2322" t="4817" r="2657" b="4878" fs="10">lanceolate</wd>
			<wd l="2688" t="4826" r="2751" b="4878" fs="10">to</wd>
			<wd l="2784" t="4818" r="3223" b="4891" fs="10">oblanceolate,</wd>
			<wd l="3259" t="4820" r="3503" b="4879" fs="10">0.8-1.5</wd>
			<wd l="3538" t="4838" r="3666" b="4878" fs="10">mm</wd>
			<wd l="3698" t="4819" r="3861" b="4897" fs="10">long,</wd>
		</ln>
		<ln lx="2322" ly="4905" rx="3863" ry="4983">
			<wd l="2322" t="4906" r="2570" b="4965" fs="10">0.3-0.8</wd>
			<wd l="2607" t="4924" r="2736" b="4965" fs="10">mm</wd>
			<wd l="2769" t="4905" r="2951" b="4977" fs="10">wide,</wd>
			<wd l="2988" t="4906" r="3296" b="4983" fs="10">glabrous.</wd>
			<wd l="3334" t="4906" r="3579" b="4967" fs="10">Female</wd>
			<wd l="3615" t="4906" r="3863" b="4967" fs="10">flowers</wd>
		</ln>
		<ln lx="2320" ly="4992" rx="3865" ry="5071">
			<wd l="2320" t="4992" r="2470" b="5052" fs="10">with</wd>
			<wd l="2503" t="4993" r="2779" b="5070" fs="10">pedicels</wd>
			<wd l="2824" t="4994" r="3046" b="5054" fs="10">1.5-10</wd>
			<wd l="3082" t="5013" r="3211" b="5053" fs="10">mm</wd>
			<wd l="3247" t="4993" r="3413" b="5071" fs="10">long,</wd>
			<wd l="3453" t="4995" r="3702" b="5055" fs="10">0.7-1.2</wd>
			<wd l="3737" t="5014" r="3865" b="5054" fs="10">mm</wd>
		</ln>
		<ln lx="2322" ly="5079" rx="3862" ry="5159">
			<wd l="2322" t="5079" r="2630" b="5153" fs="10">diameter,</wd>
			<wd l="2667" t="5080" r="2975" b="5158" fs="10">glabrous;</wd>
			<wd l="3014" t="5081" r="3215" b="5158" fs="10">sepals</wd>
			<wd l="3249" t="5081" r="3506" b="5158" fs="10">broadly</wd>
			<wd l="3540" t="5082" r="3766" b="5159" fs="10">elliptic</wd>
			<wd l="3800" t="5090" r="3862" b="5142" fs="10">to</wd>
		</ln>
		<ln lx="2322" ly="5168" rx="3861" ry="5245">
			<wd l="2322" t="5176" r="2532" b="5240" fs="10">ovate,</wd>
			<wd l="2583" t="5169" r="2836" b="5228" fs="10">1.8-7.5</wd>
			<wd l="2879" t="5188" r="3010" b="5227" fs="10">mm</wd>
			<wd l="3051" t="5168" r="3226" b="5245" fs="10">long,</wd>
			<wd l="3277" t="5170" r="3461" b="5229" fs="10">1.2-3</wd>
			<wd l="3504" t="5188" r="3634" b="5228" fs="10">mm</wd>
			<wd l="3672" t="5169" r="3861" b="5241" fs="10">wide,</wd>
		</ln>
		<ln lx="2321" ly="5254" rx="3865" ry="5334">
			<wd l="2321" t="5254" r="2629" b="5331" fs="10">glabrous;</wd>
			<wd l="2655" t="5254" r="2793" b="5315" fs="10">disk</wd>
			<wd l="2814" t="5255" r="3065" b="5316" fs="10">annular</wd>
			<wd l="3084" t="5263" r="3147" b="5316" fs="10">to</wd>
			<wd l="3171" t="5256" r="3438" b="5333" fs="10">cupular,</wd>
			<wd l="3465" t="5256" r="3865" b="5334" fs="10">surrounding</wd>
		</ln>
		<ln lx="2319" ly="5342" rx="3861" ry="5421">
			<wd l="2319" t="5342" r="2427" b="5402" fs="10">the</wd>
			<wd l="2467" t="5342" r="2624" b="5402" fs="10">base</wd>
			<wd l="2666" t="5342" r="2747" b="5402" fs="10">of</wd>
			<wd l="2776" t="5342" r="2883" b="5402" fs="10">the</wd>
			<wd l="2925" t="5362" r="3150" b="5420" fs="10">ovary;</wd>
			<wd l="3195" t="5362" r="3396" b="5420" fs="10">ovary</wd>
			<wd l="3439" t="5343" r="3861" b="5421" fs="10">subglobose,</wd>
		</ln>
		<ln lx="2330" ly="5429" rx="3860" ry="5507">
			<wd l="2330" t="5430" r="2511" b="5489" fs="10">1.3-4</wd>
			<wd l="2548" t="5449" r="2677" b="5489" fs="10">mm</wd>
			<wd l="2714" t="5429" r="3030" b="5502" fs="10">diameter,</wd>
			<wd l="3068" t="5430" r="3220" b="5490" fs="10">with</wd>
			<wd l="3258" t="5450" r="3468" b="5507" fs="10">sparse</wd>
			<wd l="3503" t="5431" r="3860" b="5503" fs="10">trichomes;</wd>
		</ln>
		<ln lx="2323" ly="5516" rx="3862" ry="5594">
			<wd l="2323" t="5516" r="2508" b="5593" fs="10">styles</wd>
			<wd l="2537" t="5536" r="2686" b="5593" fs="10">very</wd>
			<wd l="2717" t="5516" r="2946" b="5594" fs="10">shortly</wd>
			<wd l="2976" t="5525" r="3254" b="5590" fs="10">connate,</wd>
			<wd l="3287" t="5517" r="3581" b="5590" fs="10">subulate,</wd>
			<wd l="3614" t="5527" r="3773" b="5578" fs="10">erect</wd>
			<wd l="3800" t="5527" r="3862" b="5579" fs="10">to</wd>
		</ln>
	</region>
</ocr-page>
