<?xml version="1.0" encoding="UTF-8"?>
<ocr-page type="coords" ocr-vers="1.0" creation-date="20130321" res="600" height="6300" width="4500">
	<region article-doi="10.2307/41729915" region-id="0">
		<rc l="1065" t="817" r="3471" b="1043"/>
		<ln lx="1070" ly="822" rx="3466" ry="918">
			<wd l="1070" t="828" r="1322" b="898" fs="10">Three</wd>
			<wd l="1352" t="846" r="1520" b="898" fs="10">new</wd>
			<wd l="1548" t="826" r="1842" b="918" fs="10">species</wd>
			<wd l="1872" t="824" r="1962" b="896" fs="10">of</wd>
			<wd l="1974" t="824" r="2404" b="896" fs="10">Fontainea</wd>
			<wd l="2432" t="824" r="2726" b="896" fs="10">Heckel</wd>
			<wd l="2756" t="822" r="3466" b="916" fs="10">(Euphorbiaceae)</wd>
		</ln>
		<ln lx="1418" ly="944" rx="3092" ry="1038">
			<wd l="1418" t="946" r="1624" b="1018" fs="10">from</wd>
			<wd l="1654" t="946" r="2054" b="1018" fs="10">Australia</wd>
			<wd l="2086" t="946" r="2240" b="1018" fs="10">and</wd>
			<wd l="2272" t="946" r="2540" b="1038" fs="10">Papua</wd>
			<wd l="2570" t="946" r="2756" b="1016" fs="10">New</wd>
			<wd l="2784" t="944" r="3092" b="1016" fs="10">Guinea</wd>
		</ln>
	</region>
	<region article-doi="10.2307/41729915" region-id="1">
		<rc l="2003" t="1125" r="2537" b="1195"/>
		<ln lx="2008" ly="1130" rx="2532" ry="1190">
			<wd l="2008" t="1130" r="2170" b="1190" fs="10">Paul</wd>
			<wd l="2194" t="1130" r="2242" b="1190" fs="10">I.</wd>
			<wd l="2268" t="1130" r="2532" b="1190" fs="10">Forster</wd>
		</ln>
	</region>
	<region article-doi="10.2307/41729915" region-id="2">
		<rc l="2071" t="1291" r="2431" b="1377"/>
		<ln lx="2076" ly="1296" rx="2426" ry="1372">
			<wd l="2076" t="1296" r="2426" b="1372" fs="10">Summary</wd>
		</ln>
	</region>
	<region article-doi="10.2307/41729915" region-id="3">
		<rc l="875" t="1451" r="3641" b="1828"/>
		<ln lx="880" ly="1456" rx="3632" ry="1520">
			<wd l="880" t="1461" r="1082" b="1517" fs="10">Forster,</wd>
			<wd l="1105" t="1459" r="1222" b="1508" fs="10">Paul</wd>
			<wd l="1245" t="1461" r="1278" b="1508" fs="10">I.</wd>
			<wd l="1304" t="1459" r="1493" b="1519" fs="10">(1997).</wd>
			<wd l="1518" t="1459" r="1671" b="1507" fs="10">Three</wd>
			<wd l="1693" t="1474" r="1803" b="1507" fs="10">new</wd>
			<wd l="1827" t="1458" r="2016" b="1520" fs="10">species</wd>
			<wd l="2040" t="1458" r="2102" b="1507" fs="10">of</wd>
			<wd l="2132" t="1460" r="2408" b="1506" fs="10">Fontainea</wd>
			<wd l="2429" t="1457" r="2616" b="1506" fs="10">Heckel</wd>
			<wd l="2660" t="1457" r="3099" b="1519" fs="10">(Euphorbiaceae)</wd>
			<wd l="3123" t="1456" r="3250" b="1505" fs="10">from</wd>
			<wd l="3270" t="1456" r="3517" b="1505" fs="10">Australia</wd>
			<wd l="3538" t="1456" r="3632" b="1504" fs="10">and</wd>
		</ln>
		<ln lx="881" ly="1531" rx="3629" ry="1597">
			<wd l="881" t="1536" r="1045" b="1597" fs="10">Papua</wd>
			<wd l="1058" t="1536" r="1185" b="1583" fs="10">New</wd>
			<wd l="1203" t="1534" r="1408" b="1583" fs="10">Guinea.</wd>
			<wd l="1422" t="1534" r="1801" b="1595" fs="10">Austrobaileya</wd>
			<wd l="1819" t="1534" r="1942" b="1594" fs="10">5(1):</wd>
			<wd l="1963" t="1534" r="2144" b="1582" fs="10">29-37.</wd>
			<wd l="2159" t="1534" r="2435" b="1581" fs="10">Fontainea</wd>
			<wd l="2440" t="1532" r="2600" b="1595" fs="10">fugax</wd>
			<wd l="2615" t="1534" r="2857" b="1581" fs="10">P.I.Forst,</wd>
			<wd l="2879" t="1532" r="3005" b="1581" fs="10">from</wd>
			<wd l="3023" t="1531" r="3353" b="1592" fs="10">Queensland,</wd>
			<wd l="3371" t="1531" r="3629" b="1589" fs="10">Australia,</wd>
		</ln>
		<ln lx="882" ly="1607" rx="3634" ry="1671">
			<wd l="882" t="1610" r="972" b="1659" fs="10">and</wd>
			<wd l="998" t="1612" r="1048" b="1658" fs="10">F.</wd>
			<wd l="1081" t="1610" r="1297" b="1658" fs="10">borealis</wd>
			<wd l="1320" t="1611" r="1559" b="1658" fs="10">P.I.Forst,</wd>
			<wd l="1588" t="1609" r="1681" b="1658" fs="10">and</wd>
			<wd l="1708" t="1611" r="1758" b="1657" fs="10">F.</wd>
			<wd l="1789" t="1609" r="2118" b="1671" fs="10">subpapuana</wd>
			<wd l="2164" t="1610" r="2407" b="1657" fs="10">P.I.Forst,</wd>
			<wd l="2436" t="1608" r="2562" b="1657" fs="10">from</wd>
			<wd l="2586" t="1610" r="2751" b="1670" fs="10">Papua</wd>
			<wd l="2772" t="1609" r="2899" b="1656" fs="10">New</wd>
			<wd l="2924" t="1607" r="3117" b="1656" fs="10">Guinea</wd>
			<wd l="3142" t="1622" r="3219" b="1656" fs="10">are</wd>
			<wd l="3244" t="1607" r="3421" b="1656" fs="10">named</wd>
			<wd l="3447" t="1622" r="3499" b="1656" fs="10">as</wd>
			<wd l="3524" t="1622" r="3634" b="1655" fs="10">new</wd>
		</ln>
		<ln lx="884" ly="1682" rx="3636" ry="1748">
			<wd l="884" t="1685" r="1086" b="1748" fs="10">species.</wd>
			<wd l="1106" t="1685" r="1423" b="1734" fs="10">Information</wd>
			<wd l="1442" t="1685" r="1482" b="1734" fs="10">is</wd>
			<wd l="1499" t="1685" r="1737" b="1747" fs="10">provided</wd>
			<wd l="1756" t="1700" r="1820" b="1733" fs="10">on</wd>
			<wd l="1836" t="1684" r="1960" b="1733" fs="10">their</wd>
			<wd l="1977" t="1684" r="2298" b="1742" fs="10">distribution,</wd>
			<wd l="2317" t="1684" r="2499" b="1733" fs="10">habitat</wd>
			<wd l="2517" t="1683" r="2610" b="1732" fs="10">and</wd>
			<wd l="2629" t="1683" r="2877" b="1732" fs="10">affinities.</wd>
			<wd l="2900" t="1684" r="3126" b="1745" fs="10">Separate</wd>
			<wd l="3145" t="1682" r="3500" b="1732" fs="10">identification</wd>
			<wd l="3516" t="1682" r="3636" b="1744" fs="10">keys</wd>
		</ln>
		<ln lx="883" ly="1759" rx="2437" ry="1823">
			<wd l="883" t="1776" r="960" b="1810" fs="10">are</wd>
			<wd l="979" t="1760" r="1216" b="1823" fs="10">provided</wd>
			<wd l="1236" t="1760" r="1312" b="1810" fs="10">for</wd>
			<wd l="1345" t="1762" r="1620" b="1809" fs="10">Fontainea</wd>
			<wd l="1640" t="1760" r="1688" b="1808" fs="10">in</wd>
			<wd l="1706" t="1762" r="1833" b="1809" fs="10">New</wd>
			<wd l="1854" t="1759" r="2047" b="1809" fs="10">Guinea</wd>
			<wd l="2066" t="1759" r="2160" b="1809" fs="10">and</wd>
			<wd l="2179" t="1759" r="2437" b="1808" fs="10">Australia.</wd>
		</ln>
	</region>
	<region article-doi="10.2307/41729915" region-id="4">
		<rc l="877" t="1900" r="3635" b="2195"/>
		<ln lx="882" ly="1905" rx="3630" ry="1969">
			<wd l="882" t="1908" r="1168" b="1969" fs="10">Keywords:</wd>
			<wd l="1215" t="1907" r="1623" b="1969" fs="10">Euphorbiaceae,</wd>
			<wd l="1647" t="1909" r="1933" b="1962" fs="10">Fontainea,</wd>
			<wd l="1960" t="1908" r="2237" b="1954" fs="10">Fontainea</wd>
			<wd l="2260" t="1906" r="2486" b="1961" fs="10">borealis,</wd>
			<wd l="2513" t="1908" r="2789" b="1954" fs="10">Fontainea</wd>
			<wd l="2799" t="1906" r="2968" b="1967" fs="10">fugax,</wd>
			<wd l="2995" t="1907" r="3271" b="1953" fs="10">Fontainea</wd>
			<wd l="3292" t="1905" r="3630" b="1966" fs="10">subpapuana,</wd>
		</ln>
		<ln lx="882" ly="1982" rx="1763" ry="2045">
			<wd l="882" t="1985" r="1045" b="2045" fs="10">Papua</wd>
			<wd l="1061" t="1985" r="1187" b="2032" fs="10">New</wd>
			<wd l="1207" t="1982" r="1412" b="2041" fs="10">Guinea,</wd>
			<wd l="1435" t="1982" r="1763" b="2043" fs="10">Queensland.</wd>
		</ln>
		<ln lx="882" ly="2127" rx="3508" ry="2190">
			<wd l="882" t="2130" r="998" b="2178" fs="10">Paul</wd>
			<wd l="1019" t="2131" r="1052" b="2178" fs="10">I.</wd>
			<wd l="1074" t="2131" r="1277" b="2188" fs="10">Forster,</wd>
			<wd l="1300" t="2129" r="1613" b="2189" fs="10">Queensland</wd>
			<wd l="1633" t="2129" r="1936" b="2187" fs="10">Herbarium,</wd>
			<wd l="1957" t="2128" r="2141" b="2177" fs="10">Meiers</wd>
			<wd l="2161" t="2128" r="2316" b="2186" fs="10">Road,</wd>
			<wd l="2356" t="2128" r="2737" b="2190" fs="10">Indooroopilly,</wd>
			<wd l="2760" t="2127" r="3074" b="2188" fs="10">Queensland</wd>
			<wd l="3094" t="2128" r="3241" b="2185" fs="10">4068,</wd>
			<wd l="3262" t="2127" r="3508" b="2176" fs="10">Australia</wd>
		</ln>
	</region>
	<region article-doi="10.2307/41729915" region-id="5">
		<rc l="630" t="2363" r="2198" b="5236"/>
		<ln lx="637" ly="2368" rx="1085" ry="2428">
			<wd l="637" t="2368" r="1085" b="2428" fs="10">Introduction</wd>
		</ln>
		<ln lx="638" ly="2530" rx="2176" ry="2609">
			<wd l="638" t="2531" r="765" b="2592" fs="10">The</wd>
			<wd l="803" t="2551" r="1000" b="2609" fs="10">genus</wd>
			<wd l="1046" t="2533" r="1413" b="2592" fs="10">Fontainea</wd>
			<wd l="1450" t="2530" r="1699" b="2591" fs="10">Heckel</wd>
			<wd l="1741" t="2530" r="1795" b="2591" fs="10">is</wd>
			<wd l="1837" t="2530" r="2176" b="2591" fs="10">classified</wd>
		</ln>
		<ln lx="638" ly="2622" rx="2175" ry="2701">
			<wd l="638" t="2623" r="701" b="2683" fs="10">in</wd>
			<wd l="737" t="2623" r="1268" b="2701" fs="10">Euphorbiaceae,</wd>
			<wd l="1310" t="2622" r="1651" b="2700" fs="10">subfamily</wd>
			<wd l="1690" t="2622" r="2175" b="2694" fs="10">Crotonoideae,</wd>
		</ln>
		<ln lx="636" ly="2714" rx="2178" ry="2792">
			<wd l="636" t="2716" r="785" b="2776" fs="10">tribe</wd>
			<wd l="813" t="2715" r="1119" b="2776" fs="10">Codiaeae</wd>
			<wd l="1147" t="2714" r="1452" b="2791" fs="10">(Webster</wd>
			<wd l="1485" t="2715" r="1670" b="2791" fs="10">1994)</wd>
			<wd l="1698" t="2714" r="1817" b="2775" fs="10">and</wd>
			<wd l="1843" t="2714" r="2178" b="2792" fs="10">comprises</wd>
		</ln>
		<ln lx="639" ly="2806" rx="2180" ry="2885">
			<wd l="639" t="2808" r="852" b="2868" fs="10">shrubs</wd>
			<wd l="889" t="2827" r="957" b="2868" fs="10">or</wd>
			<wd l="992" t="2807" r="1168" b="2868" fs="10">small</wd>
			<wd l="1202" t="2815" r="1358" b="2868" fs="10">trees</wd>
			<wd l="1393" t="2807" r="1519" b="2867" fs="10">that</wd>
			<wd l="1553" t="2826" r="1725" b="2885" fs="10">grow</wd>
			<wd l="1760" t="2807" r="1823" b="2866" fs="10">in</wd>
			<wd l="1856" t="2806" r="2180" b="2867" fs="10">rainforest</wd>
		</ln>
		<ln lx="638" ly="2898" rx="2180" ry="2977">
			<wd l="638" t="2899" r="1073" b="2960" fs="10">communities.</wd>
			<wd l="1109" t="2901" r="1321" b="2977" fs="10">Jessup</wd>
			<wd l="1341" t="2900" r="1400" b="2959" fs="10"><![CDATA[&]]></wd>
			<wd l="1421" t="2900" r="1690" b="2976" fs="10">Guymer</wd>
			<wd l="1707" t="2899" r="1924" b="2975" fs="10">(1985)</wd>
			<wd l="1941" t="2898" r="2180" b="2959" fs="10">revised</wd>
		</ln>
		<ln lx="635" ly="2991" rx="2178" ry="3069">
			<wd l="635" t="2994" r="1002" b="3052" fs="10">Fontainea</wd>
			<wd l="1042" t="2991" r="1166" b="3052" fs="10">and</wd>
			<wd l="1204" t="2991" r="1595" b="3069" fs="10">recognised</wd>
			<wd l="1636" t="2991" r="1736" b="3052" fs="10">six</wd>
			<wd l="1778" t="2991" r="2033" b="3069" fs="10">species</wd>
			<wd l="2076" t="2991" r="2178" b="3051" fs="10">for</wd>
		</ln>
		<ln lx="637" ly="3083" rx="2178" ry="3157">
			<wd l="637" t="3084" r="968" b="3146" fs="10">Australia</wd>
			<wd l="1008" t="3084" r="1133" b="3145" fs="10">and</wd>
			<wd l="1170" t="3086" r="1336" b="3145" fs="10">New</wd>
			<wd l="1377" t="3084" r="1761" b="3157" fs="10">Caledonia,</wd>
			<wd l="1806" t="3103" r="1874" b="3144" fs="10">as</wd>
			<wd l="1915" t="3083" r="2067" b="3144" fs="10">well</wd>
			<wd l="2110" t="3103" r="2178" b="3144" fs="10">as</wd>
		</ln>
		<ln lx="636" ly="3176" rx="2180" ry="3254">
			<wd l="636" t="3177" r="1036" b="3254" fs="10">mentioning</wd>
			<wd l="1076" t="3176" r="1428" b="3237" fs="10">additional</wd>
			<wd l="1467" t="3176" r="1789" b="3236" fs="10">unnamed</wd>
			<wd l="1826" t="3184" r="1974" b="3236" fs="10">taxa</wd>
			<wd l="2013" t="3176" r="2180" b="3236" fs="10">from</wd>
		</ln>
		<ln lx="637" ly="3268" rx="1983" ry="3347">
			<wd l="637" t="3271" r="840" b="3347" fs="10">Papua</wd>
			<wd l="860" t="3271" r="1019" b="3329" fs="10">New</wd>
			<wd l="1043" t="3268" r="1283" b="3329" fs="10">Guinea</wd>
			<wd l="1306" t="3268" r="1424" b="3329" fs="10">and</wd>
			<wd l="1445" t="3270" r="1605" b="3329" fs="10">New</wd>
			<wd l="1629" t="3268" r="1983" b="3329" fs="10">Caledonia.</wd>
		</ln>
		<ln lx="825" ly="3432" rx="2179" ry="3510">
			<wd l="825" t="3433" r="983" b="3510" fs="10">Airy</wd>
			<wd l="1025" t="3433" r="1213" b="3493" fs="10">Shaw</wd>
			<wd l="1251" t="3433" r="1473" b="3509" fs="10">(1974,</wd>
			<wd l="1524" t="3433" r="1717" b="3509" fs="10">1980)</wd>
			<wd l="1756" t="3432" r="2037" b="3493" fs="10">referred</wd>
			<wd l="2074" t="3432" r="2179" b="3493" fs="10">the</wd>
		</ln>
		<ln lx="640" ly="3525" rx="2178" ry="3603">
			<wd l="640" t="3525" r="1010" b="3586" fs="10">collections</wd>
			<wd l="1049" t="3525" r="1127" b="3586" fs="10">of</wd>
			<wd l="1160" t="3527" r="1523" b="3586" fs="10">Fontainea</wd>
			<wd l="1562" t="3525" r="1727" b="3586" fs="10">from</wd>
			<wd l="1765" t="3527" r="1980" b="3603" fs="10">Papua</wd>
			<wd l="2014" t="3527" r="2178" b="3586" fs="10">New</wd>
		</ln>
		<ln lx="640" ly="3617" rx="2178" ry="3694">
			<wd l="640" t="3618" r="878" b="3678" fs="10">Guinea</wd>
			<wd l="899" t="3626" r="961" b="3678" fs="10">to</wd>
			<wd l="984" t="3620" r="1047" b="3677" fs="10">F.</wd>
			<wd l="1071" t="3618" r="1380" b="3694" fs="10">pancheri</wd>
			<wd l="1402" t="3617" r="1701" b="3693" fs="10">(Bâillon)</wd>
			<wd l="1727" t="3617" r="1962" b="3677" fs="10">Heckel</wd>
			<wd l="1987" t="3617" r="2178" b="3677" fs="10">based</wd>
		</ln>
		<ln lx="640" ly="3708" rx="2179" ry="3786">
			<wd l="640" t="3729" r="721" b="3770" fs="10">on</wd>
			<wd l="751" t="3709" r="904" b="3769" fs="10">their</wd>
			<wd l="936" t="3709" r="1252" b="3786" fs="10">similarity</wd>
			<wd l="1283" t="3717" r="1345" b="3769" fs="10">to</wd>
			<wd l="1378" t="3708" r="1479" b="3769" fs="10">the</wd>
			<wd l="1511" t="3717" r="1653" b="3786" fs="10">type</wd>
			<wd l="1688" t="3708" r="1766" b="3769" fs="10">of</wd>
			<wd l="1786" t="3708" r="1905" b="3769" fs="10">this</wd>
			<wd l="1941" t="3708" r="2179" b="3786" fs="10">species</wd>
		</ln>
		<ln lx="641" ly="3801" rx="2180" ry="3879">
			<wd l="641" t="3801" r="796" b="3863" fs="10">from</wd>
			<wd l="809" t="3804" r="967" b="3862" fs="10">New</wd>
			<wd l="984" t="3801" r="1330" b="3862" fs="10">Caledonia.</wd>
			<wd l="1366" t="3803" r="1578" b="3879" fs="10">Jessup</wd>
			<wd l="1597" t="3803" r="1657" b="3862" fs="10"><![CDATA[&]]></wd>
			<wd l="1677" t="3802" r="1947" b="3879" fs="10">Guymer</wd>
			<wd l="1963" t="3801" r="2180" b="3878" fs="10">(1985)</wd>
		</ln>
		<ln lx="638" ly="3893" rx="2182" ry="3972">
			<wd l="638" t="3894" r="891" b="3972" fs="10">thought</wd>
			<wd l="907" t="3894" r="1025" b="3954" fs="10">this</wd>
			<wd l="1045" t="3894" r="1486" b="3954" fs="10">identification</wd>
			<wd l="1502" t="3894" r="1793" b="3971" fs="10">unlikely,</wd>
			<wd l="1813" t="3894" r="1920" b="3954" fs="10">but</wd>
			<wd l="1954" t="3893" r="2059" b="3954" fs="10">did</wd>
			<wd l="2075" t="3902" r="2182" b="3954" fs="10">not</wd>
		</ln>
		<ln lx="638" ly="3985" rx="2184" ry="4064">
			<wd l="638" t="3986" r="873" b="4047" fs="10">resolve</wd>
			<wd l="890" t="3986" r="989" b="4046" fs="10">the</wd>
			<wd l="1008" t="3986" r="1256" b="4064" fs="10">identity</wd>
			<wd l="1275" t="3985" r="1351" b="4046" fs="10">of</wd>
			<wd l="1357" t="3985" r="1456" b="4046" fs="10">the</wd>
			<wd l="1476" t="3985" r="1710" b="4064" fs="10">species</wd>
			<wd l="1730" t="3986" r="1792" b="4046" fs="10">in</wd>
			<wd l="1808" t="3988" r="2013" b="4063" fs="10">Papua</wd>
			<wd l="2025" t="3988" r="2184" b="4046" fs="10">New</wd>
		</ln>
		<ln lx="641" ly="4078" rx="2179" ry="4155">
			<wd l="641" t="4079" r="884" b="4139" fs="10">Guinea</wd>
			<wd l="919" t="4078" r="1037" b="4139" fs="10">due</wd>
			<wd l="1072" t="4087" r="1136" b="4139" fs="10">to</wd>
			<wd l="1171" t="4078" r="1274" b="4139" fs="10">the</wd>
			<wd l="1311" t="4078" r="1687" b="4155" fs="10">incomplete</wd>
			<wd l="1723" t="4086" r="1936" b="4138" fs="10">nature</wd>
			<wd l="1974" t="4078" r="2052" b="4138" fs="10">of</wd>
			<wd l="2076" t="4078" r="2179" b="4138" fs="10">the</wd>
		</ln>
		<ln lx="641" ly="4170" rx="1324" ry="4248">
			<wd l="641" t="4171" r="936" b="4231" fs="10">available</wd>
			<wd l="963" t="4170" r="1324" b="4248" fs="10">specimens.</wd>
		</ln>
		<ln lx="828" ly="4334" rx="2177" ry="4410">
			<wd l="828" t="4337" r="896" b="4392" fs="10">In</wd>
			<wd l="913" t="4334" r="1234" b="4410" fs="10">preparing</wd>
			<wd l="1255" t="4342" r="1544" b="4392" fs="10">accounts</wd>
			<wd l="1566" t="4334" r="1644" b="4393" fs="10">of</wd>
			<wd l="1644" t="4336" r="2008" b="4404" fs="10">Fontainea,</wd>
			<wd l="2029" t="4334" r="2177" b="4392" fs="10">both</wd>
		</ln>
		<ln lx="641" ly="4424" rx="2179" ry="4496">
			<wd l="641" t="4424" r="736" b="4484" fs="10">for</wd>
			<wd l="759" t="4424" r="957" b="4484" fs="10">'Flora</wd>
			<wd l="975" t="4424" r="1052" b="4484" fs="10">of</wd>
			<wd l="1076" t="4424" r="1403" b="4484" fs="10">Australia'</wd>
			<wd l="1430" t="4424" r="1548" b="4484" fs="10">and</wd>
			<wd l="1573" t="4424" r="1772" b="4484" fs="10">'Flora</wd>
			<wd l="1789" t="4424" r="2179" b="4496" fs="10">Malesiana',</wd>
		</ln>
		<ln lx="641" ly="4515" rx="2193" ry="4592">
			<wd l="641" t="4516" r="684" b="4575" fs="10">it</wd>
			<wd l="712" t="4516" r="763" b="4575" fs="10">is</wd>
			<wd l="791" t="4535" r="935" b="4575" fs="10">now</wd>
			<wd l="961" t="4535" r="1287" b="4592" fs="10">necessary</wd>
			<wd l="1313" t="4524" r="1376" b="4575" fs="10">to</wd>
			<wd l="1407" t="4515" r="1738" b="4575" fs="10">determine</wd>
			<wd l="1766" t="4515" r="1867" b="4575" fs="10">the</wd>
			<wd l="1899" t="4524" r="2085" b="4575" fs="10">status</wd>
			<wd l="2116" t="4515" r="2193" b="4575" fs="10">of</wd>
		</ln>
		<ln lx="639" ly="4606" rx="2180" ry="4683">
			<wd l="639" t="4606" r="733" b="4666" fs="10">the</wd>
			<wd l="774" t="4608" r="1129" b="4666" fs="10">Fontainea</wd>
			<wd l="1165" t="4606" r="1536" b="4666" fs="10">collections</wd>
			<wd l="1575" t="4606" r="1739" b="4666" fs="10">from</wd>
			<wd l="1774" t="4608" r="1986" b="4683" fs="10">Papua</wd>
			<wd l="2018" t="4608" r="2180" b="4666" fs="10">New</wd>
		</ln>
		<ln lx="640" ly="4697" rx="2182" ry="4774">
			<wd l="640" t="4698" r="895" b="4758" fs="10">Guinea.</wd>
			<wd l="925" t="4697" r="1243" b="4774" fs="10">Although</wd>
			<wd l="1269" t="4717" r="1351" b="4758" fs="10">no</wd>
			<wd l="1382" t="4697" r="1609" b="4758" fs="10">further</wd>
			<wd l="1637" t="4697" r="1997" b="4758" fs="10">collections</wd>
			<wd l="2025" t="4697" r="2182" b="4758" fs="10">have</wd>
		</ln>
		<ln lx="638" ly="4789" rx="2179" ry="4867">
			<wd l="638" t="4790" r="805" b="4850" fs="10">been</wd>
			<wd l="844" t="4789" r="1032" b="4850" fs="10">made</wd>
			<wd l="1075" t="4789" r="1141" b="4849" fs="10">in</wd>
			<wd l="1180" t="4789" r="1286" b="4850" fs="10">the</wd>
			<wd l="1330" t="4789" r="1575" b="4849" fs="10">decade</wd>
			<wd l="1619" t="4789" r="1800" b="4850" fs="10">since</wd>
			<wd l="1842" t="4792" r="2076" b="4867" fs="10">Jessup</wd>
			<wd l="2119" t="4791" r="2179" b="4850" fs="10"><![CDATA[&]]></wd>
		</ln>
		<ln lx="640" ly="4880" rx="2180" ry="4957">
			<wd l="640" t="4882" r="928" b="4957" fs="10">Guymer'</wd>
			<wd l="939" t="4900" r="966" b="4940" fs="10">s</wd>
			<wd l="985" t="4889" r="1258" b="4952" fs="10">account,</wd>
			<wd l="1277" t="4881" r="1377" b="4940" fs="10">the</wd>
			<wd l="1396" t="4880" r="1691" b="4940" fs="10">available</wd>
			<wd l="1711" t="4881" r="2066" b="4940" fs="10">collections</wd>
			<wd l="2101" t="4881" r="2180" b="4940" fs="10">do</wd>
		</ln>
		<ln lx="641" ly="4971" rx="2180" ry="5048">
			<wd l="641" t="4971" r="854" b="5031" fs="10">enable</wd>
			<wd l="878" t="4971" r="1218" b="5048" fs="10">diagnostic</wd>
			<wd l="1242" t="4971" r="1578" b="5031" fs="10">characters</wd>
			<wd l="1600" t="4980" r="1663" b="5031" fs="10">to</wd>
			<wd l="1686" t="4971" r="1763" b="5031" fs="10">be</wd>
			<wd l="1787" t="4971" r="2180" b="5043" fs="10">determined,</wd>
		</ln>
		<ln lx="643" ly="5063" rx="2183" ry="5140">
			<wd l="643" t="5082" r="709" b="5123" fs="10">as</wd>
			<wd l="747" t="5063" r="894" b="5123" fs="10">well</wd>
			<wd l="934" t="5082" r="1001" b="5123" fs="10">as</wd>
			<wd l="1039" t="5063" r="1443" b="5140" fs="10">preparation</wd>
			<wd l="1482" t="5063" r="1562" b="5123" fs="10">of</wd>
			<wd l="1591" t="5063" r="2018" b="5140" fs="10">descriptions</wd>
			<wd l="2059" t="5063" r="2183" b="5123" fs="10">and</wd>
		</ln>
		<ln lx="645" ly="5153" rx="2181" ry="5231">
			<wd l="645" t="5153" r="987" b="5214" fs="10">discussion</wd>
			<wd l="1010" t="5154" r="1086" b="5214" fs="10">of</wd>
			<wd l="1099" t="5154" r="1409" b="5214" fs="10">affinities.</wd>
			<wd l="1457" t="5154" r="1648" b="5214" fs="10">There</wd>
			<wd l="1673" t="5173" r="1771" b="5214" fs="10">are</wd>
			<wd l="1794" t="5162" r="1918" b="5214" fs="10">two</wd>
			<wd l="1944" t="5155" r="2181" b="5231" fs="10">species</wd>
		</ln>
	</region>
	<region article-doi="10.2307/41729915" region-id="6">
		<rc l="2310" t="2519" r="3871" b="5575"/>
		<ln lx="2319" ly="2524" rx="3858" ry="2602">
			<wd l="2319" t="2525" r="2393" b="2586" fs="10">of</wd>
			<wd l="2441" t="2527" r="2787" b="2586" fs="10">Fontainea</wd>
			<wd l="2815" t="2533" r="3057" b="2602" fs="10">present</wd>
			<wd l="3087" t="2524" r="3150" b="2584" fs="10">in</wd>
			<wd l="3180" t="2526" r="3385" b="2602" fs="10">Papua</wd>
			<wd l="3411" t="2526" r="3571" b="2585" fs="10">New</wd>
			<wd l="3602" t="2524" r="3858" b="2596" fs="10">Guinea,</wd>
		</ln>
		<ln lx="2319" ly="2616" rx="3858" ry="2678">
			<wd l="2319" t="2637" r="2436" b="2678" fs="10">one</wd>
			<wd l="2455" t="2617" r="2613" b="2678" fs="10">from</wd>
			<wd l="2629" t="2617" r="2728" b="2678" fs="10">the</wd>
			<wd l="2745" t="2617" r="3077" b="2678" fs="10">north-east</wd>
			<wd l="3094" t="2616" r="3212" b="2678" fs="10">and</wd>
			<wd l="3230" t="2636" r="3346" b="2677" fs="10">one</wd>
			<wd l="3366" t="2617" r="3523" b="2677" fs="10">from</wd>
			<wd l="3539" t="2616" r="3638" b="2677" fs="10">the</wd>
			<wd l="3658" t="2616" r="3858" b="2677" fs="10">south-</wd>
		</ln>
		<ln lx="2320" ly="2709" rx="3859" ry="2787">
			<wd l="2320" t="2719" r="2447" b="2770" fs="10">east</wd>
			<wd l="2473" t="2718" r="2634" b="2787" fs="10">parts</wd>
			<wd l="2664" t="2709" r="2742" b="2770" fs="10">of</wd>
			<wd l="2758" t="2709" r="2858" b="2770" fs="10">the</wd>
			<wd l="2888" t="2718" r="3159" b="2787" fs="10">country.</wd>
			<wd l="3192" t="2709" r="3388" b="2769" fs="10">These</wd>
			<wd l="3418" t="2729" r="3516" b="2769" fs="10">are</wd>
			<wd l="3544" t="2709" r="3766" b="2769" fs="10">named</wd>
			<wd l="3794" t="2728" r="3859" b="2769" fs="10">as</wd>
		</ln>
		<ln lx="2315" ly="2800" rx="3854" ry="2879">
			<wd l="2315" t="2803" r="2380" b="2862" fs="10">F.</wd>
			<wd l="2420" t="2801" r="2691" b="2862" fs="10">borealis</wd>
			<wd l="2720" t="2801" r="2835" b="2862" fs="10">and</wd>
			<wd l="2867" t="2803" r="2931" b="2861" fs="10">F.</wd>
			<wd l="2968" t="2801" r="3377" b="2879" fs="10">subpapuana</wd>
			<wd l="3433" t="2800" r="3854" b="2878" fs="10">respectively.</wd>
		</ln>
		<ln lx="2318" ly="2893" rx="3855" ry="2972">
			<wd l="2318" t="2896" r="2420" b="2954" fs="10">An</wd>
			<wd l="2439" t="2894" r="2768" b="2954" fs="10">additional</wd>
			<wd l="2789" t="2894" r="3025" b="2972" fs="10">species</wd>
			<wd l="3044" t="2893" r="3118" b="2954" fs="10">of</wd>
			<wd l="3118" t="2895" r="3461" b="2954" fs="10">Fontainea</wd>
			<wd l="3479" t="2893" r="3637" b="2954" fs="10">from</wd>
			<wd l="3655" t="2893" r="3855" b="2954" fs="10">south-</wd>
		</ln>
		<ln lx="2320" ly="2985" rx="3862" ry="3061">
			<wd l="2320" t="2995" r="2458" b="3047" fs="10">east</wd>
			<wd l="2498" t="2986" r="2942" b="3061" fs="10">Queensland,</wd>
			<wd l="2985" t="2986" r="3319" b="3046" fs="10">Australia</wd>
			<wd l="3356" t="2986" r="3472" b="3046" fs="10">has</wd>
			<wd l="3515" t="2985" r="3655" b="3046" fs="10">also</wd>
			<wd l="3695" t="2985" r="3862" b="3046" fs="10">been</wd>
		</ln>
		<ln lx="2320" ly="3077" rx="3864" ry="3150">
			<wd l="2320" t="3077" r="2687" b="3139" fs="10">discovered</wd>
			<wd l="2722" t="3078" r="2786" b="3138" fs="10">in</wd>
			<wd l="2819" t="3078" r="2920" b="3139" fs="10">the</wd>
			<wd l="2958" t="3078" r="3073" b="3139" fs="10">last</wd>
			<wd l="3108" t="3078" r="3359" b="3150" fs="10">decade,</wd>
			<wd l="3399" t="3077" r="3519" b="3138" fs="10">and</wd>
			<wd l="3554" t="3077" r="3605" b="3138" fs="10">is</wd>
			<wd l="3641" t="3077" r="3864" b="3138" fs="10">named</wd>
		</ln>
		<ln lx="2316" ly="3170" rx="2614" ry="3250">
			<wd l="2316" t="3172" r="2380" b="3232" fs="10">F.</wd>
			<wd l="2396" t="3170" r="2614" b="3250" fs="10">fugax.</wd>
		</ln>
		<ln lx="2320" ly="3334" rx="2701" ry="3410">
			<wd l="2320" t="3334" r="2701" b="3410" fs="10">Taxonomy</wd>
		</ln>
		<ln lx="2324" ly="3491" rx="3857" ry="3570">
			<wd l="2324" t="3493" r="2377" b="3552" fs="10">1.</wd>
			<wd l="2396" t="3493" r="2744" b="3552" fs="10">Fontainea</wd>
			<wd l="2762" t="3493" r="3034" b="3553" fs="10">borealis</wd>
			<wd l="3049" t="3494" r="3369" b="3564" fs="10">P.I.Forst.,</wd>
			<wd l="3383" t="3510" r="3475" b="3570" fs="10">sp.</wd>
			<wd l="3495" t="3510" r="3637" b="3552" fs="10">nov.</wd>
			<wd l="3655" t="3491" r="3857" b="3552" fs="10">affinis</wd>
		</ln>
		<ln lx="2507" ly="3579" rx="3862" ry="3657">
			<wd l="2507" t="3582" r="2570" b="3640" fs="10">F.</wd>
			<wd l="2602" t="3585" r="3068" b="3657" fs="10">picrospermae</wd>
			<wd l="3085" t="3579" r="3432" b="3640" fs="10">C.T.White</wd>
			<wd l="3452" t="3599" r="3487" b="3640" fs="10">a</wd>
			<wd l="3504" t="3599" r="3622" b="3657" fs="10">qua</wd>
			<wd l="3640" t="3580" r="3862" b="3640" fs="10">lamina</wd>
		</ln>
		<ln lx="2511" ly="3667" rx="3861" ry="3745">
			<wd l="2511" t="3667" r="2652" b="3728" fs="10">folii</wd>
			<wd l="2688" t="3687" r="2883" b="3745" fs="10">prope</wd>
			<wd l="2919" t="3667" r="3138" b="3728" fs="10">basem</wd>
			<wd l="3175" t="3667" r="3605" b="3745" fs="10">eglandulosa,</wd>
			<wd l="3646" t="3667" r="3861" b="3745" fs="10">calyce</wd>
		</ln>
		<ln lx="2510" ly="3755" rx="3861" ry="3833">
			<wd l="2510" t="3755" r="2801" b="3816" fs="10">4-lobato</wd>
			<wd l="2835" t="3755" r="3053" b="3816" fs="10">lobatis</wd>
			<wd l="3086" t="3755" r="3301" b="3828" fs="10">ovatis,</wd>
			<wd l="3333" t="3755" r="3549" b="3833" fs="10">petalis</wd>
			<wd l="3582" t="3755" r="3861" b="3816" fs="10">obovatis</wd>
		</ln>
		<ln lx="2509" ly="3843" rx="3862" ry="3922">
			<wd l="2509" t="3863" r="2703" b="3922" fs="10">usque</wd>
			<wd l="2735" t="3844" r="3277" b="3917" fs="10">lanceolatiovatis,</wd>
			<wd l="3310" t="3844" r="3567" b="3904" fs="10">floribus</wd>
			<wd l="3596" t="3843" r="3862" b="3904" fs="10">maribus</wd>
		</ln>
		<ln lx="2512" ly="3931" rx="3861" ry="4010">
			<wd l="2512" t="3932" r="2684" b="3993" fs="10">disco</wd>
			<wd l="2708" t="3951" r="2758" b="3992" fs="10">c.</wd>
			<wd l="2785" t="3933" r="2884" b="3993" fs="10">0.6</wd>
			<wd l="2906" t="3951" r="3034" b="3992" fs="10">mm</wd>
			<wd l="3055" t="3931" r="3176" b="3992" fs="10">alto</wd>
			<wd l="3218" t="3931" r="3423" b="3992" fs="10">lobato</wd>
			<wd l="3445" t="3931" r="3861" b="4010" fs="10">irregulariter,</wd>
		</ln>
		<ln lx="2512" ly="4020" rx="3863" ry="4097">
			<wd l="2512" t="4029" r="2569" b="4081" fs="10">et</wd>
			<wd l="2603" t="4020" r="2960" b="4081" fs="10">staminibus</wd>
			<wd l="2995" t="4020" r="3270" b="4081" fs="10">connatis</wd>
			<wd l="3313" t="4022" r="3486" b="4080" fs="10">1-1.5</wd>
			<wd l="3523" t="4039" r="3651" b="4080" fs="10">mm</wd>
			<wd l="3685" t="4039" r="3863" b="4097" fs="10">super</wd>
		</ln>
		<ln lx="2512" ly="4108" rx="3860" ry="4185">
			<wd l="2512" t="4108" r="2776" b="4168" fs="10">discum</wd>
			<wd l="2826" t="4108" r="3086" b="4168" fs="10">differì.</wd>
			<wd l="3098" t="4110" r="3367" b="4185" fs="10">Typus:</wd>
			<wd l="3421" t="4110" r="3647" b="4185" fs="10">Papua</wd>
			<wd l="3691" t="4110" r="3860" b="4168" fs="10">New</wd>
		</ln>
		<ln lx="2512" ly="4196" rx="3854" ry="4257">
			<wd l="2512" t="4196" r="2763" b="4257" fs="10">Guinea.</wd>
			<wd l="2812" t="4198" r="3093" b="4257" fs="10">Eastern</wd>
			<wd l="3127" t="4198" r="3490" b="4257" fs="10">Highlands</wd>
			<wd l="3526" t="4198" r="3854" b="4257" fs="10">Province:</wd>
		</ln>
		<ln lx="2510" ly="4285" rx="3858" ry="4361">
			<wd l="2510" t="4285" r="2759" b="4361" fs="10">Aiyura,</wd>
			<wd l="2788" t="4286" r="2906" b="4344" fs="10">Oct</wd>
			<wd l="2960" t="4286" r="3136" b="4357" fs="10">1944,</wd>
			<wd l="3159" t="4286" r="3282" b="4344" fs="10">L.S.</wd>
			<wd l="3315" t="4285" r="3503" b="4344" fs="10">Smith</wd>
			<wd l="3526" t="4286" r="3691" b="4344" fs="10">NGF</wd>
			<wd l="3704" t="4286" r="3858" b="4345" fs="10">1030</wd>
		</ln>
		<ln lx="2512" ly="4371" rx="3404" ry="4447">
			<wd l="2512" t="4371" r="2705" b="4447" fs="10">(holo:</wd>
			<wd l="2733" t="4373" r="2812" b="4443" fs="10">K;</wd>
			<wd l="2839" t="4371" r="2953" b="4431" fs="10">iso:</wd>
			<wd l="2980" t="4373" r="3138" b="4443" fs="10">BRI;</wd>
			<wd l="3165" t="4373" r="3213" b="4430" fs="10">L</wd>
			<wd l="3236" t="4371" r="3404" b="4447" fs="10">n.v.).</wd>
		</ln>
		<ln lx="2341" ly="4528" rx="3862" ry="4605">
			<wd l="2341" t="4528" r="2536" b="4588" fs="10">Shrub</wd>
			<wd l="2557" t="4548" r="2625" b="4588" fs="10">or</wd>
			<wd l="2644" t="4528" r="2819" b="4588" fs="10">small</wd>
			<wd l="2838" t="4537" r="2961" b="4588" fs="10">tree</wd>
			<wd l="2979" t="4537" r="3042" b="4588" fs="10">to</wd>
			<wd l="3071" t="4530" r="3142" b="4588" fs="10">12</wd>
			<wd l="3162" t="4548" r="3225" b="4588" fs="10">m</wd>
			<wd l="3242" t="4529" r="3411" b="4605" fs="10">high;</wd>
			<wd l="3435" t="4537" r="3587" b="4589" fs="10">stem</wd>
			<wd l="3607" t="4529" r="3862" b="4589" fs="10">exudate</wd>
		</ln>
		<ln lx="2323" ly="4615" rx="3861" ry="4688">
			<wd l="2323" t="4616" r="2549" b="4676" fs="10">colour</wd>
			<wd l="2586" t="4615" r="2936" b="4676" fs="10">unknown.</wd>
			<wd l="2977" t="4618" r="3142" b="4676" fs="10">New</wd>
			<wd l="3183" t="4616" r="3406" b="4676" fs="10">shoots</wd>
			<wd l="3446" t="4616" r="3602" b="4676" fs="10">with</wd>
			<wd l="3642" t="4616" r="3861" b="4688" fs="10">dense,</wd>
		</ln>
		<ln lx="2323" ly="4703" rx="3860" ry="4780">
			<wd l="2323" t="4711" r="2599" b="4763" fs="10">antrorse</wd>
			<wd l="2638" t="4703" r="2872" b="4780" fs="10">golden</wd>
			<wd l="2908" t="4703" r="3267" b="4763" fs="10">trichomes.</wd>
			<wd l="3312" t="4703" r="3585" b="4780" fs="10">Stipules</wd>
			<wd l="3624" t="4703" r="3860" b="4763" fs="10">absent.</wd>
		</ln>
		<ln lx="2322" ly="4790" rx="3863" ry="4868">
			<wd l="2322" t="4792" r="2582" b="4851" fs="10">Leaves</wd>
			<wd l="2637" t="4790" r="2991" b="4868" fs="10">petiolate,</wd>
			<wd l="3050" t="4790" r="3513" b="4863" fs="10">discolorous;</wd>
			<wd l="3570" t="4791" r="3863" b="4868" fs="10">petioles</wd>
		</ln>
		<ln lx="2331" ly="4878" rx="3866" ry="4955">
			<wd l="2331" t="4879" r="2529" b="4937" fs="10">10-26</wd>
			<wd l="2555" t="4897" r="2683" b="4937" fs="10">mm</wd>
			<wd l="2711" t="4878" r="2875" b="4955" fs="10">long,</wd>
			<wd l="2913" t="4879" r="3091" b="4938" fs="10">1-1.4</wd>
			<wd l="3117" t="4897" r="3245" b="4937" fs="10">mm</wd>
			<wd l="3272" t="4878" r="3579" b="4950" fs="10">diameter,</wd>
			<wd l="3610" t="4878" r="3866" b="4938" fs="10">swollen</wd>
		</ln>
		<ln lx="2323" ly="4964" rx="3862" ry="5042">
			<wd l="2323" t="4973" r="2381" b="5024" fs="10">at</wd>
			<wd l="2402" t="4965" r="2549" b="5025" fs="10">base</wd>
			<wd l="2575" t="4964" r="2693" b="5025" fs="10">and</wd>
			<wd l="2717" t="4984" r="2890" b="5042" fs="10">apex,</wd>
			<wd l="2915" t="4965" r="3218" b="5042" fs="10">narrowly</wd>
			<wd l="3243" t="4965" r="3603" b="5025" fs="10">channelled</wd>
			<wd l="3648" t="4965" r="3862" b="5037" fs="10">above,</wd>
		</ln>
		<ln lx="2322" ly="5051" rx="3860" ry="5129">
			<wd l="2322" t="5051" r="2657" b="5128" fs="10">glabrous;</wd>
			<wd l="2702" t="5051" r="2943" b="5112" fs="10">lamina</wd>
			<wd l="2983" t="5051" r="3234" b="5129" fs="10">elliptic</wd>
			<wd l="3274" t="5060" r="3341" b="5112" fs="10">to</wd>
			<wd l="3384" t="5052" r="3860" b="5125" fs="10">oblanceolate,</wd>
		</ln>
		<ln lx="2325" ly="5139" rx="3865" ry="5216">
			<wd l="2325" t="5140" r="2597" b="5199" fs="10">56-240</wd>
			<wd l="2642" t="5158" r="2775" b="5199" fs="10">mm</wd>
			<wd l="2821" t="5139" r="3006" b="5216" fs="10">long,</wd>
			<wd l="3054" t="5141" r="3281" b="5200" fs="10">22-70</wd>
			<wd l="3327" t="5159" r="3460" b="5199" fs="10">mm</wd>
			<wd l="3504" t="5139" r="3702" b="5212" fs="10">wide,</wd>
			<wd l="3748" t="5148" r="3865" b="5200" fs="10">not</wd>
		</ln>
		<ln lx="2323" ly="5226" rx="3865" ry="5304">
			<wd l="2323" t="5226" r="2673" b="5299" fs="10">decurrent,</wd>
			<wd l="2715" t="5226" r="3149" b="5299" fs="10">chartaceous;</wd>
			<wd l="3188" t="5246" r="3388" b="5304" fs="10">upper</wd>
			<wd l="3427" t="5227" r="3674" b="5288" fs="10">surface</wd>
			<wd l="3713" t="5227" r="3865" b="5287" fs="10">dark</wd>
		</ln>
		<ln lx="2322" ly="5314" rx="3865" ry="5392">
			<wd l="2322" t="5333" r="2540" b="5391" fs="10">green;</wd>
			<wd l="2584" t="5314" r="2784" b="5374" fs="10">lower</wd>
			<wd l="2823" t="5314" r="3077" b="5375" fs="10">surface</wd>
			<wd l="3116" t="5315" r="3261" b="5392" fs="10">pale</wd>
			<wd l="3302" t="5334" r="3519" b="5392" fs="10">green;</wd>
			<wd l="3560" t="5315" r="3865" b="5375" fs="10">venation</wd>
		</ln>
		<ln lx="2323" ly="5401" rx="3863" ry="5479">
			<wd l="2323" t="5401" r="2692" b="5479" fs="10">comprising</wd>
			<wd l="2712" t="5403" r="2872" b="5462" fs="10">8-14</wd>
			<wd l="2891" t="5401" r="3091" b="5462" fs="10">lateral</wd>
			<wd l="3107" t="5402" r="3280" b="5462" fs="10">veins</wd>
			<wd l="3297" t="5420" r="3403" b="5479" fs="10">per</wd>
			<wd l="3421" t="5402" r="3548" b="5462" fs="10">side</wd>
			<wd l="3567" t="5402" r="3643" b="5462" fs="10">of</wd>
			<wd l="3648" t="5402" r="3863" b="5463" fs="10">midrib</wd>
		</ln>
		<ln lx="2324" ly="5492" rx="3861" ry="5570">
			<wd l="2324" t="5492" r="2444" b="5552" fs="10">and</wd>
			<wd l="2477" t="5492" r="2792" b="5553" fs="10">reticulate</wd>
			<wd l="2829" t="5492" r="3195" b="5553" fs="10">interlateral</wd>
			<wd l="3230" t="5493" r="3429" b="5565" fs="10">veins;</wd>
			<wd l="3466" t="5493" r="3553" b="5570" fs="10">tip</wd>
			<wd l="3590" t="5501" r="3764" b="5553" fs="10">acute</wd>
			<wd l="3798" t="5501" r="3861" b="5553" fs="10">to</wd>
		</ln>
	</region>
	<region article-doi="10.2307/41729915" region-id="7">
		<rc l="638" t="5435" r="1689" b="5508"/>
		<ln lx="643" ly="5440" rx="1684" ry="5503">
			<wd l="643" t="5440" r="891" b="5503" fs="10">Accepted</wd>
			<wd l="911" t="5440" r="987" b="5490" fs="10">for</wd>
			<wd l="1003" t="5440" r="1304" b="5503" fs="10">publication</wd>
			<wd l="1340" t="5441" r="1401" b="5490" fs="10">25</wd>
			<wd l="1424" t="5440" r="1533" b="5503" fs="10">July</wd>
			<wd l="1560" t="5441" r="1684" b="5490" fs="10">1997</wd>
		</ln>
	</region>
</ocr-page>
