<?xml version="1.0" encoding="UTF-8"?>
<ocr-page type="coords" ocr-vers="1.0" creation-date="20130321" res="600" height="6300" width="4500">
	<region article-doi="10.2307/41729916" region-id="0">
		<rc l="620" t="731" r="3841" b="809"/>
		<ln lx="625" ly="736" rx="3836" ry="804">
			<wd l="625" t="745" r="774" b="801" fs="10">Bean,</wd>
			<wd l="792" t="743" r="959" b="791" fs="10">Rubus</wd>
			<wd l="979" t="742" r="1116" b="804" fs="10">subg.</wd>
			<wd l="1135" t="741" r="1517" b="790" fs="10">Malachobatus</wd>
			<wd l="3782" t="737" r="3807" b="783" fs="10">5</wd>
			<wd l="3819" t="736" r="3836" b="783" fs="10">1</wd>
		</ln>
	</region>
	<region article-doi="10.2307/41729916" region-id="1">
		<rc l="631" t="866" r="2172" b="1092"/>
		<ln lx="636" ly="871" rx="2167" ry="935">
			<wd l="636" t="877" r="816" b="933" fs="10">Focke,</wd>
			<wd l="849" t="875" r="988" b="923" fs="10">W.O.</wd>
			<wd l="1021" t="874" r="1215" b="935" fs="10">(1910).</wd>
			<wd l="1249" t="873" r="1454" b="935" fs="10">Species</wd>
			<wd l="1482" t="873" r="1740" b="921" fs="10">Ruborum</wd>
			<wd l="1767" t="871" r="2167" b="933" fs="10">Monographiae</wd>
		</ln>
		<ln lx="826" ly="947" rx="2162" ry="1012">
			<wd l="826" t="949" r="1015" b="1012" fs="10">generis</wd>
			<wd l="1036" t="949" r="1164" b="998" fs="10">Rubi</wd>
			<wd l="1184" t="948" r="1489" b="998" fs="10">Prodromus.</wd>
			<wd l="1509" t="947" r="1819" b="997" fs="10">Bibliotheca</wd>
			<wd l="1837" t="949" r="2080" b="995" fs="10">Botanica</wd>
			<wd l="2105" t="947" r="2162" b="994" fs="10">17</wd>
		</ln>
		<ln lx="827" ly="1025" rx="1327" ry="1087">
			<wd l="827" t="1026" r="911" b="1087" fs="10">(72</wd>
			<wd l="932" t="1025" r="1125" b="1086" fs="10">Parti):</wd>
			<wd l="1154" t="1025" r="1327" b="1073" fs="10">1-120.</wd>
		</ln>
	</region>
	<region article-doi="10.2307/41729916" region-id="2">
		<rc l="634" t="1164" r="2177" b="1377"/>
		<ln lx="639" ly="1169" rx="2172" ry="1233">
			<wd l="639" t="1174" r="882" b="1230" fs="10">Gleason,</wd>
			<wd l="905" t="1174" r="1030" b="1221" fs="10">H.A.</wd>
			<wd l="1056" t="1172" r="1244" b="1233" fs="10">(1952).</wd>
			<wd l="1268" t="1173" r="1387" b="1220" fs="10">New</wd>
			<wd l="1407" t="1173" r="1596" b="1219" fs="10">Britton</wd>
			<wd l="1620" t="1171" r="1666" b="1219" fs="10"><![CDATA[&]]></wd>
			<wd l="1687" t="1172" r="1866" b="1218" fs="10">Brown</wd>
			<wd l="1886" t="1169" r="2172" b="1218" fs="10">Illustrated</wd>
		</ln>
		<ln lx="825" ly="1244" rx="2167" ry="1296">
			<wd l="825" t="1248" r="981" b="1296" fs="10">Flora</wd>
			<wd l="1009" t="1248" r="1056" b="1296" fs="10">2:</wd>
			<wd l="1090" t="1248" r="1205" b="1296" fs="10">318.</wd>
			<wd l="1234" t="1248" r="1363" b="1296" fs="10">New</wd>
			<wd l="1392" t="1246" r="1547" b="1295" fs="10">York:</wd>
			<wd l="1577" t="1248" r="1707" b="1295" fs="10">New</wd>
			<wd l="1735" t="1245" r="1876" b="1294" fs="10">York</wd>
			<wd l="1903" t="1244" r="2167" b="1294" fs="10">Botanical</wd>
		</ln>
		<ln lx="828" ly="1323" rx="1047" ry="1372">
			<wd l="828" t="1323" r="1047" b="1372" fs="10">Gardens</wd>
		</ln>
	</region>
	<region article-doi="10.2307/41729916" region-id="3">
		<rc l="634" t="1462" r="2175" b="1751"/>
		<ln lx="639" ly="1467" rx="2167" ry="1530">
			<wd l="639" t="1473" r="881" b="1529" fs="10">Harden,</wd>
			<wd l="918" t="1471" r="1030" b="1519" fs="10">G.J.</wd>
			<wd l="1068" t="1470" r="1116" b="1519" fs="10"><![CDATA[&]]></wd>
			<wd l="1151" t="1471" r="1323" b="1527" fs="10">Rodd,</wd>
			<wd l="1359" t="1470" r="1495" b="1517" fs="10">A.N.</wd>
			<wd l="1533" t="1469" r="1745" b="1530" fs="10">(1990).</wd>
			<wd l="1782" t="1469" r="2076" b="1517" fs="10">Rosaceae.</wd>
			<wd l="2115" t="1467" r="2167" b="1515" fs="10">in</wd>
		</ln>
		<ln lx="829" ly="1543" rx="2168" ry="1606">
			<wd l="829" t="1547" r="935" b="1595" fs="10">G.J.</wd>
			<wd l="967" t="1545" r="1170" b="1594" fs="10">Harden</wd>
			<wd l="1201" t="1545" r="1344" b="1606" fs="10">(ed.),</wd>
			<wd l="1381" t="1544" r="1542" b="1592" fs="10">Flora</wd>
			<wd l="1574" t="1544" r="1640" b="1606" fs="10">of</wd>
			<wd l="1653" t="1546" r="1777" b="1592" fs="10">New</wd>
			<wd l="1807" t="1543" r="1967" b="1592" fs="10">South</wd>
			<wd l="2006" t="1543" r="2168" b="1591" fs="10">Wales</wd>
		</ln>
		<ln lx="835" ly="1618" rx="2170" ry="1682">
			<wd l="835" t="1623" r="852" b="1669" fs="10">1</wd>
			<wd l="866" t="1637" r="875" b="1670" fs="10">:</wd>
			<wd l="902" t="1622" r="1113" b="1669" fs="10">528-50.</wd>
			<wd l="1141" t="1620" r="1352" b="1682" fs="10">Sydney:</wd>
			<wd l="1375" t="1622" r="1502" b="1668" fs="10">New</wd>
			<wd l="1526" t="1619" r="1679" b="1668" fs="10">South</wd>
			<wd l="1702" t="1619" r="1866" b="1668" fs="10">Wales</wd>
			<wd l="1888" t="1618" r="2170" b="1680" fs="10">University</wd>
		</ln>
		<ln lx="828" ly="1698" rx="982" ry="1746">
			<wd l="828" t="1698" r="982" b="1746" fs="10">Press.</wd>
		</ln>
	</region>
	<region article-doi="10.2307/41729916" region-id="4">
		<rc l="635" t="1835" r="2173" b="2048"/>
		<ln lx="640" ly="1840" rx="2168" ry="1904">
			<wd l="640" t="1845" r="911" b="1901" fs="10">Kalkman,</wd>
			<wd l="942" t="1844" r="997" b="1892" fs="10">C.</wd>
			<wd l="1029" t="1843" r="1221" b="1904" fs="10">(1984).</wd>
			<wd l="1252" t="1842" r="1354" b="1891" fs="10">The</wd>
			<wd l="1383" t="1843" r="1552" b="1891" fs="10">Genus</wd>
			<wd l="1586" t="1842" r="1757" b="1890" fs="10">Rubus</wd>
			<wd l="1787" t="1841" r="2087" b="1902" fs="10">(Rosaceae)</wd>
			<wd l="2119" t="1840" r="2168" b="1888" fs="10">in</wd>
		</ln>
		<ln lx="829" ly="1916" rx="2167" ry="1980">
			<wd l="829" t="1918" r="1038" b="1967" fs="10">Malesia</wd>
			<wd l="1063" t="1919" r="1107" b="1967" fs="10">2.</wd>
			<wd l="1136" t="1918" r="1236" b="1967" fs="10">The</wd>
			<wd l="1264" t="1918" r="1508" b="1980" fs="10">subgenus</wd>
			<wd l="1538" t="1917" r="1934" b="1965" fs="10">Malachobatus.</wd>
			<wd l="1962" t="1916" r="2167" b="1964" fs="10">Blumea</wd>
		</ln>
		<ln lx="831" ly="1995" rx="1142" ry="2043">
			<wd l="831" t="1995" r="1142" b="2043" fs="10">29:319-86.</wd>
		</ln>
	</region>
	<region article-doi="10.2307/41729916" region-id="5">
		<rc l="637" t="2134" r="2180" b="2283"/>
		<ln lx="642" ly="2139" rx="2175" ry="2203">
			<wd l="642" t="2144" r="851" b="2200" fs="10">Kuntze,</wd>
			<wd l="869" t="2142" r="927" b="2190" fs="10">O.</wd>
			<wd l="946" t="2142" r="964" b="2203" fs="10">(</wd>
			<wd l="974" t="2142" r="990" b="2189" fs="10">1</wd>
			<wd l="1003" t="2142" r="1134" b="2202" fs="10">879).</wd>
			<wd l="1145" t="2140" r="1397" b="2189" fs="10">Methodik</wd>
			<wd l="1407" t="2140" r="1494" b="2188" fs="10">der</wd>
			<wd l="1506" t="2139" r="2061" b="2202" fs="10">Speciesbeschreibung</wd>
			<wd l="2074" t="2139" r="2175" b="2187" fs="10">und</wd>
		</ln>
		<ln lx="828" ly="2216" rx="1619" ry="2278">
			<wd l="828" t="2217" r="1008" b="2265" fs="10">Rubus.</wd>
			<wd l="1032" t="2216" r="1249" b="2278" fs="10">Leipzig:</wd>
			<wd l="1272" t="2216" r="1451" b="2264" fs="10">Arthur</wd>
			<wd l="1470" t="2216" r="1619" b="2264" fs="10">Felix.</wd>
		</ln>
	</region>
	<region article-doi="10.2307/41729916" region-id="6">
		<rc l="637" t="2357" r="2177" b="2656"/>
		<ln lx="642" ly="2362" rx="2166" ry="2422">
			<wd l="642" t="2366" r="834" b="2422" fs="10">Liddle,</wd>
			<wd l="863" t="2365" r="999" b="2422" fs="10">D.T.,</wd>
			<wd l="1029" t="2363" r="1435" b="2421" fs="10">Russell-Smith,</wd>
			<wd l="1465" t="2364" r="1520" b="2421" fs="10">J.,</wd>
			<wd l="1549" t="2364" r="1737" b="2420" fs="10">Brock,</wd>
			<wd l="1767" t="2363" r="1823" b="2420" fs="10">J.,</wd>
			<wd l="1852" t="2363" r="2033" b="2419" fs="10">Leach,</wd>
			<wd l="2064" t="2362" r="2166" b="2410" fs="10">G.J.</wd>
		</ln>
		<ln lx="832" ly="2437" rx="2172" ry="2499">
			<wd l="832" t="2440" r="879" b="2488" fs="10"><![CDATA[&]]></wd>
			<wd l="911" t="2440" r="1163" b="2497" fs="10">Connors,</wd>
			<wd l="1193" t="2439" r="1309" b="2487" fs="10">G.T.</wd>
			<wd l="1341" t="2438" r="1531" b="2499" fs="10">(1994).</wd>
			<wd l="1566" t="2438" r="1708" b="2486" fs="10">Atlas</wd>
			<wd l="1737" t="2437" r="1802" b="2499" fs="10">of</wd>
			<wd l="1817" t="2437" r="1898" b="2485" fs="10">the</wd>
			<wd l="1933" t="2437" r="2172" b="2485" fs="10">Vascular</wd>
		</ln>
		<ln lx="829" ly="2513" rx="2166" ry="2576">
			<wd l="829" t="2514" r="1137" b="2576" fs="10">Rainforest</wd>
			<wd l="1165" t="2514" r="1351" b="2562" fs="10">Plants</wd>
			<wd l="1385" t="2513" r="1452" b="2575" fs="10">of</wd>
			<wd l="1471" t="2514" r="1556" b="2561" fs="10">the</wd>
			<wd l="1586" t="2513" r="1854" b="2561" fs="10">Northern</wd>
			<wd l="1891" t="2514" r="2166" b="2574" fs="10">Territory.</wd>
		</ln>
		<ln lx="833" ly="2588" rx="2171" ry="2651">
			<wd l="833" t="2590" r="1090" b="2639" fs="10">Canberra:</wd>
			<wd l="1113" t="2589" r="1390" b="2639" fs="10">Australian</wd>
			<wd l="1410" t="2589" r="1688" b="2651" fs="10">Biological</wd>
			<wd l="1708" t="2590" r="1982" b="2637" fs="10">Resources</wd>
			<wd l="2006" t="2588" r="2171" b="2649" fs="10">Study.</wd>
		</ln>
	</region>
	<region article-doi="10.2307/41729916" region-id="7">
		<rc l="638" t="2729" r="2179" b="2941"/>
		<ln lx="643" ly="2734" rx="2171" ry="2797">
			<wd l="643" t="2739" r="830" b="2795" fs="10">Royen,</wd>
			<wd l="858" t="2738" r="907" b="2785" fs="10">P.</wd>
			<wd l="937" t="2752" r="1034" b="2785" fs="10">van</wd>
			<wd l="1064" t="2737" r="1250" b="2797" fs="10">(1969).</wd>
			<wd l="1279" t="2736" r="1379" b="2784" fs="10">The</wd>
			<wd l="1406" t="2736" r="1573" b="2784" fs="10">Genus</wd>
			<wd l="1603" t="2735" r="1771" b="2783" fs="10">Rubus</wd>
			<wd l="1799" t="2735" r="2093" b="2796" fs="10">(Rosaceae)</wd>
			<wd l="2123" t="2734" r="2171" b="2782" fs="10">in</wd>
		</ln>
		<ln lx="830" ly="2809" rx="2174" ry="2873">
			<wd l="830" t="2814" r="960" b="2861" fs="10">New</wd>
			<wd l="992" t="2811" r="1206" b="2860" fs="10">Guinea.</wd>
			<wd l="1240" t="2811" r="1733" b="2873" fs="10">Phanerogamarum</wd>
			<wd l="1763" t="2809" r="2174" b="2872" fs="10">Monographiae</wd>
		</ln>
		<ln lx="834" ly="2887" rx="1582" ry="2936">
			<wd l="834" t="2889" r="1016" b="2936" fs="10">Tomus</wd>
			<wd l="1037" t="2889" r="1093" b="2936" fs="10">II.</wd>
			<wd l="1115" t="2887" r="1285" b="2936" fs="10">Lehre:</wd>
			<wd l="1309" t="2888" r="1347" b="2935" fs="10">J.</wd>
			<wd l="1371" t="2887" r="1582" b="2935" fs="10">Cramer.</wd>
		</ln>
	</region>
	<region article-doi="10.2307/41729916" region-id="8">
		<rc l="644" t="3028" r="2179" b="3164"/>
		<ln lx="649" ly="3033" rx="2174" ry="3096">
			<wd l="649" t="3036" r="894" b="3093" fs="10">Scoggan,</wd>
			<wd l="914" t="3036" r="1017" b="3084" fs="10">H.J.</wd>
			<wd l="1041" t="3035" r="1230" b="3096" fs="10">(1978).</wd>
			<wd l="1251" t="3036" r="1517" b="3083" fs="10">Rosaceae.</wd>
			<wd l="1541" t="3033" r="1590" b="3082" fs="10">in</wd>
			<wd l="1609" t="3033" r="1704" b="3082" fs="10">The</wd>
			<wd l="1721" t="3033" r="1874" b="3081" fs="10">Flora</wd>
			<wd l="1894" t="3033" r="1958" b="3095" fs="10">of</wd>
			<wd l="1965" t="3033" r="2174" b="3081" fs="10">Canada</wd>
		</ln>
		<ln lx="835" ly="3108" rx="2174" ry="3159">
			<wd l="835" t="3111" r="880" b="3159" fs="10">3:</wd>
			<wd l="900" t="3111" r="1143" b="3158" fs="10">898-967.</wd>
			<wd l="1161" t="3110" r="1364" b="3158" fs="10">Ottawa:</wd>
			<wd l="1379" t="3109" r="1609" b="3157" fs="10">National</wd>
			<wd l="1623" t="3110" r="1880" b="3157" fs="10">Museums</wd>
			<wd l="1895" t="3108" r="1957" b="3156" fs="10">of</wd>
			<wd l="1964" t="3108" r="2174" b="3156" fs="10">Canada.</wd>
		</ln>
	</region>
	<region article-doi="10.2307/41729916" region-id="9">
		<rc l="644" t="3250" r="2179" b="3399"/>
		<ln lx="649" ly="3255" rx="2174" ry="3318">
			<wd l="649" t="3258" r="837" b="3315" fs="10">Symon,</wd>
			<wd l="880" t="3258" r="997" b="3306" fs="10">D.E.</wd>
			<wd l="1023" t="3257" r="1211" b="3318" fs="10">(1986).</wd>
			<wd l="1236" t="3256" r="1417" b="3304" fs="10">Rubus.</wd>
			<wd l="1442" t="3257" r="1496" b="3304" fs="10">In</wd>
			<wd l="1518" t="3257" r="1691" b="3317" fs="10">Jessop</wd>
			<wd l="1714" t="3256" r="1762" b="3304" fs="10"><![CDATA[&]]></wd>
			<wd l="1786" t="3255" r="2004" b="3304" fs="10">Toelken</wd>
			<wd l="2028" t="3255" r="2174" b="3316" fs="10">(eds.)</wd>
		</ln>
		<ln lx="832" ly="3332" rx="1756" ry="3394">
			<wd l="832" t="3333" r="985" b="3381" fs="10">Flora</wd>
			<wd l="1004" t="3332" r="1068" b="3394" fs="10">of</wd>
			<wd l="1072" t="3332" r="1223" b="3381" fs="10">South</wd>
			<wd l="1239" t="3332" r="1490" b="3380" fs="10">Australia</wd>
			<wd l="1513" t="3332" r="1530" b="3379" fs="10">1</wd>
			<wd l="1545" t="3347" r="1553" b="3380" fs="10">:</wd>
			<wd l="1576" t="3332" r="1756" b="3379" fs="10">446-9.</wd>
		</ln>
	</region>
	<region article-doi="10.2307/41729916" region-id="10">
		<rc l="642" t="3472" r="2181" b="3682"/>
		<ln lx="647" ly="3477" rx="2176" ry="3539">
			<wd l="647" t="3481" r="923" b="3537" fs="10">Thompson,</wd>
			<wd l="937" t="3480" r="1083" b="3527" fs="10">M.M.</wd>
			<wd l="1101" t="3479" r="1287" b="3539" fs="10">(1997).</wd>
			<wd l="1306" t="3479" r="1488" b="3539" fs="10">Survey</wd>
			<wd l="1504" t="3477" r="1564" b="3526" fs="10">of</wd>
			<wd l="1571" t="3477" r="1923" b="3526" fs="10">Chromosome</wd>
			<wd l="1934" t="3477" r="2176" b="3525" fs="10">Numbers</wd>
		</ln>
		<ln lx="837" ly="3552" rx="2175" ry="3615">
			<wd l="837" t="3554" r="883" b="3602" fs="10">in</wd>
			<wd l="912" t="3554" r="1083" b="3602" fs="10">Rubus</wd>
			<wd l="1112" t="3554" r="1405" b="3615" fs="10">(Rosaceae:</wd>
			<wd l="1436" t="3553" r="1757" b="3613" fs="10">Rosoideae).</wd>
			<wd l="1790" t="3552" r="1983" b="3600" fs="10">Annals</wd>
			<wd l="2013" t="3552" r="2078" b="3613" fs="10">of</wd>
			<wd l="2094" t="3552" r="2175" b="3600" fs="10">the</wd>
		</ln>
		<ln lx="835" ly="3628" rx="1851" ry="3677">
			<wd l="835" t="3631" r="1073" b="3677" fs="10">Missouri</wd>
			<wd l="1088" t="3630" r="1297" b="3676" fs="10">Botanic</wd>
			<wd l="1318" t="3628" r="1517" b="3677" fs="10">Garden</wd>
			<wd l="1537" t="3628" r="1615" b="3676" fs="10">84:</wd>
			<wd l="1644" t="3628" r="1851" b="3676" fs="10">128-64.</wd>
		</ln>
	</region>
	<region article-doi="10.2307/41729916" region-id="11">
		<rc l="645" t="3769" r="2179" b="4068"/>
		<ln lx="650" ly="3774" rx="2172" ry="3835">
			<wd l="650" t="3778" r="814" b="3834" fs="10">Webb,</wd>
			<wd l="842" t="3777" r="957" b="3834" fs="10">C.J.,</wd>
			<wd l="987" t="3776" r="1154" b="3833" fs="10">Sykes,</wd>
			<wd l="1184" t="3777" r="1318" b="3824" fs="10">W.R.</wd>
			<wd l="1347" t="3776" r="1395" b="3823" fs="10"><![CDATA[&]]></wd>
			<wd l="1423" t="3776" r="1835" b="3824" fs="10">Garnock-Jones</wd>
			<wd l="1861" t="3776" r="1953" b="3823" fs="10">P.J.</wd>
			<wd l="1982" t="3774" r="2172" b="3835" fs="10">(1988).</wd>
		</ln>
		<ln lx="835" ly="3849" rx="2170" ry="3912">
			<wd l="835" t="3851" r="1009" b="3899" fs="10">Rubus</wd>
			<wd l="1015" t="3891" r="1025" b="3909" fs="10">,</wd>
			<wd l="1057" t="3851" r="1105" b="3899" fs="10">in</wd>
			<wd l="1139" t="3851" r="1301" b="3899" fs="10">Flora</wd>
			<wd l="1333" t="3850" r="1399" b="3912" fs="10">of</wd>
			<wd l="1413" t="3852" r="1537" b="3898" fs="10">New</wd>
			<wd l="1568" t="3850" r="1811" b="3905" fs="10">Zealand,</wd>
			<wd l="1858" t="3849" r="2065" b="3898" fs="10">Volume</wd>
			<wd l="2093" t="3851" r="2170" b="3905" fs="10">IV,</wd>
		</ln>
		<ln lx="834" ly="3926" rx="2172" ry="3987">
			<wd l="834" t="3926" r="1198" b="3975" fs="10">Naturalised</wd>
			<wd l="1240" t="3926" r="1677" b="3987" fs="10">Pteridophytes,</wd>
			<wd l="1736" t="3926" r="2172" b="3987" fs="10">Gymnosperms,</wd>
		</ln>
		<ln lx="835" ly="4000" rx="2174" ry="4063">
			<wd l="835" t="4002" r="1188" b="4063" fs="10">Dicotyledons.</wd>
			<wd l="1208" t="4001" r="1557" b="4050" fs="10">Christchurch:</wd>
			<wd l="1573" t="4003" r="1761" b="4062" fs="10">Botany</wd>
			<wd l="1775" t="4000" r="2000" b="4049" fs="10">Division</wd>
			<wd l="2012" t="4001" r="2174" b="4049" fs="10">DSIR.</wd>
		</ln>
	</region>
</ocr-page>
