<?xml version="1.0" encoding="UTF-8"?>
<ocr-page type="coords" ocr-vers="1.0" creation-date="20130321" res="600" height="6300" width="4500">
	<region article-doi="10.2307/41729920" region-id="0">
		<rc l="624" t="733" r="3765" b="804"/>
		<ln lx="629" ly="738" rx="3760" ry="799">
			<wd l="629" t="743" r="690" b="789" fs="10">74</wd>
			<wd l="2859" t="738" r="3235" b="799" fs="10">Austrobaileya</wd>
			<wd l="3255" t="738" r="3377" b="798" fs="10">5(1):</wd>
			<wd l="3401" t="739" r="3457" b="786" fs="10">71</wd>
			<wd l="3465" t="738" r="3563" b="785" fs="10">-78</wd>
			<wd l="3585" t="738" r="3760" b="798" fs="10">(1997)</wd>
		</ln>
	</region>
	<region article-doi="10.2307/41729920" region-id="1">
		<rc l="623" t="860" r="2201" b="5584"/>
		<ln lx="628" ly="865" rx="1448" ry="923">
			<wd l="628" t="865" r="969" b="923" fs="10">Materials</wd>
			<wd l="995" t="865" r="1124" b="923" fs="10">and</wd>
			<wd l="1149" t="865" r="1448" b="923" fs="10">methods</wd>
		</ln>
		<ln lx="629" ly="1023" rx="2171" ry="1102">
			<wd l="629" t="1025" r="774" b="1086" fs="10">This</wd>
			<wd l="796" t="1025" r="973" b="1102" fs="10">study</wd>
			<wd l="992" t="1025" r="1044" b="1085" fs="10">is</wd>
			<wd l="1062" t="1024" r="1252" b="1085" fs="10">based</wd>
			<wd l="1271" t="1044" r="1353" b="1085" fs="10">on</wd>
			<wd l="1369" t="1024" r="1469" b="1085" fs="10">the</wd>
			<wd l="1490" t="1024" r="1902" b="1084" fs="10">examination</wd>
			<wd l="1920" t="1023" r="1997" b="1084" fs="10">of</wd>
			<wd l="2007" t="1023" r="2171" b="1084" fs="10">fresh</wd>
		</ln>
		<ln lx="630" ly="1111" rx="2169" ry="1190">
			<wd l="630" t="1113" r="909" b="1173" fs="10">flowers</wd>
			<wd l="958" t="1113" r="1087" b="1173" fs="10">and</wd>
			<wd l="1135" t="1112" r="1737" b="1190" fs="10">spirit-preserved</wd>
			<wd l="1785" t="1111" r="2169" b="1189" fs="10">specimens</wd>
		</ln>
		<ln lx="631" ly="1199" rx="2172" ry="1261">
			<wd l="631" t="1200" r="958" b="1261" fs="10">collected</wd>
			<wd l="999" t="1200" r="1169" b="1260" fs="10">from</wd>
			<wd l="1211" t="1199" r="1539" b="1260" fs="10">localities</wd>
			<wd l="1581" t="1199" r="1648" b="1259" fs="10">in</wd>
			<wd l="1687" t="1199" r="2172" b="1259" fs="10">north-eastern</wd>
		</ln>
		<ln lx="631" ly="1287" rx="2169" ry="1363">
			<wd l="631" t="1288" r="1079" b="1363" fs="10">Queensland.</wd>
			<wd l="1124" t="1288" r="1516" b="1348" fs="10">Herbarium</wd>
			<wd l="1558" t="1287" r="1955" b="1348" fs="10">collections</wd>
			<wd l="1997" t="1306" r="2169" b="1347" fs="10">were</wd>
		</ln>
		<ln lx="632" ly="1374" rx="2172" ry="1448">
			<wd l="632" t="1376" r="953" b="1437" fs="10">examined</wd>
			<wd l="982" t="1376" r="1140" b="1436" fs="10">from</wd>
			<wd l="1167" t="1377" r="1305" b="1448" fs="10">AD,</wd>
			<wd l="1337" t="1376" r="1585" b="1448" fs="10">CANB,</wd>
			<wd l="1616" t="1377" r="1808" b="1448" fs="10">MEL,</wd>
			<wd l="1837" t="1376" r="2025" b="1435" fs="10">NSW</wd>
			<wd l="2054" t="1374" r="2172" b="1435" fs="10">and</wd>
		</ln>
		<ln lx="632" ly="1463" rx="2172" ry="1541">
			<wd l="632" t="1466" r="809" b="1539" fs="10">QRS.</wd>
			<wd l="843" t="1467" r="1327" b="1525" fs="10">Measurements</wd>
			<wd l="1360" t="1464" r="1545" b="1541" fs="10">given</wd>
			<wd l="1576" t="1463" r="1639" b="1523" fs="10">in</wd>
			<wd l="1668" t="1463" r="1769" b="1523" fs="10">the</wd>
			<wd l="1802" t="1463" r="2172" b="1540" fs="10">description</wd>
		</ln>
		<ln lx="633" ly="1550" rx="2173" ry="1628">
			<wd l="633" t="1571" r="733" b="1611" fs="10">are</wd>
			<wd l="771" t="1551" r="933" b="1611" fs="10">from</wd>
			<wd l="970" t="1551" r="1167" b="1628" fs="10">living</wd>
			<wd l="1202" t="1551" r="1424" b="1628" fs="10">plants.</wd>
			<wd l="1464" t="1551" r="1716" b="1611" fs="10">Habitat</wd>
			<wd l="1752" t="1550" r="1972" b="1610" fs="10">details</wd>
			<wd l="2009" t="1569" r="2173" b="1610" fs="10">were</wd>
		</ln>
		<ln lx="634" ly="1637" rx="2175" ry="1715">
			<wd l="634" t="1638" r="914" b="1715" fs="10">supplied</wd>
			<wd l="943" t="1638" r="1026" b="1715" fs="10">by</wd>
			<wd l="1056" t="1638" r="1256" b="1698" fs="10">Lewis</wd>
			<wd l="1287" t="1638" r="1564" b="1698" fs="10">Roberts.</wd>
			<wd l="1601" t="1638" r="1878" b="1714" fs="10">Samples</wd>
			<wd l="1911" t="1638" r="1988" b="1697" fs="10">of</wd>
			<wd l="2010" t="1637" r="2175" b="1697" fs="10">fresh</wd>
		</ln>
		<ln lx="634" ly="1723" rx="2173" ry="1801">
			<wd l="634" t="1725" r="909" b="1785" fs="10">flowers</wd>
			<wd l="954" t="1744" r="1129" b="1785" fs="10">were</wd>
			<wd l="1174" t="1724" r="1531" b="1785" fs="10">examined</wd>
			<wd l="1575" t="1724" r="1643" b="1783" fs="10">in</wd>
			<wd l="1687" t="1743" r="1723" b="1784" fs="10">a</wd>
			<wd l="1766" t="1723" r="2173" b="1801" fs="10">Cambridge</wd>
		</ln>
		<ln lx="634" ly="1811" rx="2175" ry="1888">
			<wd l="634" t="1814" r="1015" b="1872" fs="10">Instruments</wd>
			<wd l="1035" t="1813" r="1198" b="1871" fs="10">S360</wd>
			<wd l="1218" t="1811" r="1507" b="1888" fs="10">scanning</wd>
			<wd l="1524" t="1811" r="1785" b="1871" fs="10">electron</wd>
			<wd l="1799" t="1811" r="2175" b="1887" fs="10">microscope</wd>
		</ln>
		<ln lx="632" ly="1897" rx="2174" ry="1975">
			<wd l="632" t="1898" r="818" b="1975" fs="10">using</wd>
			<wd l="855" t="1917" r="933" b="1958" fs="10">an</wd>
			<wd l="970" t="1898" r="1217" b="1958" fs="10">Oxford</wd>
			<wd l="1254" t="1899" r="1393" b="1958" fs="10">CTI</wd>
			<wd l="1409" t="1899" r="1532" b="1958" fs="10">500</wd>
			<wd l="1571" t="1899" r="1738" b="1974" fs="10">Cryo</wd>
			<wd l="1775" t="1897" r="2174" b="1974" fs="10">Preparation</wd>
		</ln>
		<ln lx="637" ly="1984" rx="2173" ry="2063">
			<wd l="637" t="1987" r="877" b="2063" fs="10">System</wd>
			<wd l="901" t="1985" r="1049" b="2045" fs="10">with</wd>
			<wd l="1073" t="1985" r="1173" b="2045" fs="10">the</wd>
			<wd l="1202" t="1985" r="1434" b="2062" fs="10">sample</wd>
			<wd l="1458" t="1984" r="1831" b="2045" fs="10">maintained</wd>
			<wd l="1857" t="1992" r="1914" b="2045" fs="10">at</wd>
			<wd l="1937" t="1985" r="2094" b="2045" fs="10">-18°</wd>
			<wd l="2123" t="1985" r="2173" b="2044" fs="10">C</wd>
		</ln>
		<ln lx="632" ly="2079" rx="1774" ry="2159">
			<wd l="632" t="2081" r="1001" b="2159" fs="10">throughout</wd>
			<wd l="1023" t="2080" r="1123" b="2142" fs="10">the</wd>
			<wd l="1147" t="2080" r="1418" b="2158" fs="10">viewing</wd>
			<wd l="1443" t="2079" r="1774" b="2158" fs="10">operation.</wd>
		</ln>
		<ln lx="635" ly="2251" rx="1015" ry="2326">
			<wd l="635" t="2251" r="1015" b="2326" fs="10">Taxonomy</wd>
		</ln>
		<ln lx="636" ly="2412" rx="1783" ry="2487">
			<wd l="636" t="2412" r="1064" b="2471" fs="10">Cooktownia</wd>
			<wd l="1087" t="2413" r="1442" b="2482" fs="10">D.L.Jones,</wd>
			<wd l="1469" t="2428" r="1610" b="2487" fs="10">gen.</wd>
			<wd l="1638" t="2428" r="1783" b="2470" fs="10">nov.</wd>
		</ln>
		<ln lx="636" ly="2569" rx="2174" ry="2646">
			<wd l="636" t="2570" r="875" b="2630" fs="10">Herbae</wd>
			<wd l="904" t="2570" r="1223" b="2630" fs="10">tuberosae</wd>
			<wd l="1252" t="2578" r="1575" b="2629" fs="10">terrestres.</wd>
			<wd l="1609" t="2569" r="1846" b="2629" fs="10">Tubera</wd>
			<wd l="1875" t="2569" r="2174" b="2646" fs="10">elongata,</wd>
		</ln>
		<ln lx="635" ly="2655" rx="2178" ry="2732">
			<wd l="635" t="2656" r="941" b="2716" fs="10">radicibus</wd>
			<wd l="969" t="2656" r="1209" b="2716" fs="10">similia.</wd>
			<wd l="1238" t="2656" r="1410" b="2716" fs="10">Folia</wd>
			<wd l="1434" t="2657" r="1492" b="2727" fs="10">2,</wd>
			<wd l="1519" t="2656" r="1769" b="2727" fs="10">basalia,</wd>
			<wd l="1799" t="2655" r="2178" b="2732" fs="10">longitudine</wd>
		</ln>
		<ln lx="639" ly="2742" rx="2177" ry="2819">
			<wd l="639" t="2743" r="1067" b="2803" fs="10">latitudinem</wd>
			<wd l="1113" t="2743" r="1254" b="2802" fs="10">fere</wd>
			<wd l="1301" t="2743" r="1642" b="2819" fs="10">aequanti,</wd>
			<wd l="1689" t="2750" r="2047" b="2819" fs="10">prostrata,</wd>
			<wd l="2096" t="2742" r="2177" b="2802" fs="10">ad</wd>
		</ln>
		<ln lx="636" ly="2828" rx="2178" ry="2906">
			<wd l="636" t="2830" r="821" b="2890" fs="10">basin</wd>
			<wd l="859" t="2838" r="1025" b="2890" fs="10">arete</wd>
			<wd l="1065" t="2829" r="1413" b="2890" fs="10">imbricata.</wd>
			<wd l="1458" t="2830" r="1700" b="2906" fs="10">Scapus</wd>
			<wd l="1740" t="2828" r="2018" b="2906" fs="10">gracilis,</wd>
			<wd l="2060" t="2828" r="2178" b="2888" fs="10">filo</wd>
		</ln>
		<ln lx="637" ly="2915" rx="2178" ry="2978">
			<wd l="637" t="2917" r="945" b="2978" fs="10">metallico</wd>
			<wd l="983" t="2917" r="1219" b="2977" fs="10">similis.</wd>
			<wd l="1257" t="2919" r="1549" b="2977" fs="10">Bracteae</wd>
			<wd l="1586" t="2916" r="1819" b="2977" fs="10">steriles</wd>
			<wd l="1856" t="2924" r="1914" b="2977" fs="10">et</wd>
			<wd l="1949" t="2915" r="2178" b="2976" fs="10">fertiles</wd>
		</ln>
		<ln lx="639" ly="3004" rx="2178" ry="3083">
			<wd l="639" t="3013" r="817" b="3066" fs="10">arete</wd>
			<wd l="860" t="3005" r="1285" b="3083" fs="10">vaginantes.</wd>
			<wd l="1334" t="3004" r="1659" b="3065" fs="10">Ovarium</wd>
			<wd l="1704" t="3004" r="2178" b="3082" fs="10">cylindricum,</wd>
		</ln>
		<ln lx="640" ly="3092" rx="2181" ry="3164">
			<wd l="640" t="3101" r="1033" b="3154" fs="10">attenuatum.</wd>
			<wd l="1072" t="3093" r="1283" b="3153" fs="10">Flores</wd>
			<wd l="1319" t="3092" r="1551" b="3153" fs="10">virides</wd>
			<wd l="1589" t="3092" r="2016" b="3164" fs="10">atro-striatae,</wd>
			<wd l="2053" t="3111" r="2181" b="3152" fs="10">non</wd>
		</ln>
		<ln lx="637" ly="3180" rx="2181" ry="3258">
			<wd l="637" t="3181" r="738" b="3241" fs="10">vel</wd>
			<wd l="764" t="3181" r="930" b="3241" fs="10">tarde</wd>
			<wd l="959" t="3181" r="1312" b="3258" fs="10">aperientes.</wd>
			<wd l="1346" t="3180" r="1634" b="3258" fs="10">Sepalum</wd>
			<wd l="1662" t="3180" r="1900" b="3240" fs="10">dorsale</wd>
			<wd l="1929" t="3188" r="2181" b="3257" fs="10">anguste</wd>
		</ln>
		<ln lx="641" ly="3267" rx="2179" ry="3345">
			<wd l="641" t="3268" r="1261" b="3345" fs="10">ovato-ellipticum,</wd>
			<wd l="1305" t="3268" r="1385" b="3328" fs="10">ad</wd>
			<wd l="1427" t="3268" r="1681" b="3345" fs="10">apicem</wd>
			<wd l="1723" t="3267" r="2179" b="3345" fs="10">cymbiforme,</wd>
		</ln>
		<ln lx="639" ly="3354" rx="2183" ry="3433">
			<wd l="639" t="3356" r="1061" b="3433" fs="10">marginibus</wd>
			<wd l="1112" t="3355" r="1520" b="3416" fs="10">incrassitis.</wd>
			<wd l="1577" t="3355" r="1824" b="3432" fs="10">Sépala</wd>
			<wd l="1873" t="3354" r="2183" b="3415" fs="10">lateralia</wd>
		</ln>
		<ln lx="641" ly="3442" rx="2177" ry="3520">
			<wd l="641" t="3443" r="1251" b="3515" fs="10">ovato-lanceolata,</wd>
			<wd l="1294" t="3443" r="1373" b="3504" fs="10">ad</wd>
			<wd l="1412" t="3443" r="1664" b="3520" fs="10">apicem</wd>
			<wd l="1704" t="3442" r="2177" b="3520" fs="10">cymbiformia.</wd>
		</ln>
		<ln lx="640" ly="3529" rx="2178" ry="3606">
			<wd l="640" t="3531" r="847" b="3590" fs="10">Pétala</wd>
			<wd l="881" t="3530" r="1459" b="3601" fs="10">ovato-lanceolata,</wd>
			<wd l="1496" t="3530" r="1876" b="3606" fs="10">marginibus</wd>
			<wd l="1911" t="3529" r="2178" b="3606" fs="10">pallidis.</wd>
		</ln>
		<ln lx="641" ly="3616" rx="2182" ry="3694">
			<wd l="641" t="3617" r="963" b="3678" fs="10">Labellum</wd>
			<wd l="999" t="3625" r="1255" b="3694" fs="10">anguste</wd>
			<wd l="1293" t="3617" r="1649" b="3689" fs="10">obovatum,</wd>
			<wd l="1687" t="3616" r="2010" b="3693" fs="10">integrum,</wd>
			<wd l="2050" t="3616" r="2182" b="3676" fs="10">sine</wd>
		</ln>
		<ln lx="643" ly="3703" rx="2181" ry="3781">
			<wd l="643" t="3704" r="879" b="3764" fs="10">calcari.</wd>
			<wd l="907" t="3706" r="1153" b="3781" fs="10">Organa</wd>
			<wd l="1176" t="3704" r="1449" b="3764" fs="10">sexualia</wd>
			<wd l="1472" t="3703" r="1762" b="3775" fs="10">abortiva,</wd>
			<wd l="1789" t="3703" r="2181" b="3763" fs="10">atro-viridia.</wd>
		</ln>
		<ln lx="641" ly="3790" rx="2187" ry="3868">
			<wd l="641" t="3791" r="932" b="3852" fs="10">Anthera</wd>
			<wd l="972" t="3791" r="1274" b="3863" fs="10">discreta,</wd>
			<wd l="1320" t="3791" r="1460" b="3851" fs="10">sine</wd>
			<wd l="1501" t="3790" r="1822" b="3868" fs="10">polliniis.</wd>
			<wd l="1870" t="3790" r="2187" b="3868" fs="10">Stigmata</wd>
		</ln>
		<ln lx="644" ly="3881" rx="2115" ry="3959">
			<wd l="644" t="3882" r="918" b="3942" fs="10">discreta.</wd>
			<wd l="946" t="3881" r="1249" b="3959" fs="10">Capsulae</wd>
			<wd l="1275" t="3889" r="1528" b="3958" fs="10">anguste</wd>
			<wd l="1554" t="3881" r="1873" b="3952" fs="10">ovoideae,</wd>
			<wd l="1898" t="3889" r="2115" b="3941" fs="10">rectae.</wd>
		</ln>
		<ln lx="644" ly="4050" rx="2023" ry="4127">
			<wd l="644" t="4052" r="882" b="4127" fs="10">Typus:</wd>
			<wd l="913" t="4050" r="1313" b="4110" fs="10">Cooktownia</wd>
			<wd l="1336" t="4050" r="1625" b="4110" fs="10">robertsii</wd>
			<wd l="1665" t="4051" r="1813" b="4109" fs="10">D.L.</wd>
			<wd l="1840" t="4051" r="2023" b="4109" fs="10">Jones</wd>
		</ln>
		<ln lx="645" ly="4215" rx="2182" ry="4292">
			<wd l="645" t="4216" r="970" b="4276" fs="10">Tuberous</wd>
			<wd l="1007" t="4215" r="1342" b="4276" fs="10">terrestrial</wd>
			<wd l="1378" t="4215" r="1551" b="4275" fs="10">herb.</wd>
			<wd l="1593" t="4215" r="1831" b="4275" fs="10">Tubers</wd>
			<wd l="1871" t="4215" r="2182" b="4292" fs="10">elongate,</wd>
		</ln>
		<ln lx="643" ly="4306" rx="2185" ry="4384">
			<wd l="643" t="4307" r="948" b="4368" fs="10">root-like.</wd>
			<wd l="983" t="4309" r="1216" b="4368" fs="10">Leaves</wd>
			<wd l="1249" t="4308" r="1307" b="4379" fs="10">2,</wd>
			<wd l="1339" t="4306" r="1528" b="4379" fs="10">basal,</wd>
			<wd l="1561" t="4306" r="1769" b="4384" fs="10">nearly</wd>
			<wd l="1801" t="4325" r="1866" b="4367" fs="10">as</wd>
			<wd l="1897" t="4306" r="2088" b="4366" fs="10">broad</wd>
			<wd l="2120" t="4325" r="2185" b="4366" fs="10">as</wd>
		</ln>
		<ln lx="646" ly="4397" rx="2183" ry="4476">
			<wd l="646" t="4399" r="814" b="4476" fs="10">long,</wd>
			<wd l="851" t="4407" r="1171" b="4476" fs="10">prostrate,</wd>
			<wd l="1208" t="4398" r="1311" b="4459" fs="10">the</wd>
			<wd l="1346" t="4398" r="1530" b="4459" fs="10">bases</wd>
			<wd l="1568" t="4398" r="1808" b="4475" fs="10">closely</wd>
			<wd l="1845" t="4397" r="2183" b="4458" fs="10">imbricate.</wd>
		</ln>
		<ln lx="648" ly="4489" rx="2189" ry="4567">
			<wd l="648" t="4492" r="851" b="4567" fs="10">Scape</wd>
			<wd l="892" t="4490" r="1165" b="4562" fs="10">slender,</wd>
			<wd l="1205" t="4490" r="1383" b="4567" fs="10">wiry.</wd>
			<wd l="1429" t="4490" r="1654" b="4550" fs="10">Sterile</wd>
			<wd l="1692" t="4490" r="1902" b="4550" fs="10">bracts</wd>
			<wd l="1942" t="4489" r="2189" b="4566" fs="10">closely</wd>
		</ln>
		<ln lx="648" ly="4580" rx="2185" ry="4658">
			<wd l="648" t="4581" r="998" b="4658" fs="10">sheathing.</wd>
			<wd l="1040" t="4581" r="1266" b="4641" fs="10">Fertile</wd>
			<wd l="1303" t="4581" r="1511" b="4641" fs="10">bracts</wd>
			<wd l="1550" t="4581" r="1795" b="4657" fs="10">closely</wd>
			<wd l="1835" t="4580" r="2185" b="4657" fs="10">sheathing.</wd>
		</ln>
		<ln lx="647" ly="4671" rx="2189" ry="4749">
			<wd l="647" t="4674" r="861" b="4749" fs="10">Ovary</wd>
			<wd l="899" t="4672" r="1294" b="4749" fs="10">cylindrical,</wd>
			<wd l="1335" t="4691" r="1496" b="4749" fs="10">apex</wd>
			<wd l="1535" t="4680" r="1869" b="4732" fs="10">attenuate.</wd>
			<wd l="1910" t="4671" r="2189" b="4731" fs="10">Flowers</wd>
		</ln>
		<ln lx="647" ly="4763" rx="2192" ry="4841">
			<wd l="647" t="4783" r="831" b="4841" fs="10">green</wd>
			<wd l="864" t="4764" r="1013" b="4823" fs="10">with</wd>
			<wd l="1047" t="4764" r="1260" b="4824" fs="10">darker</wd>
			<wd l="1295" t="4763" r="1467" b="4835" fs="10">lines,</wd>
			<wd l="1503" t="4763" r="1843" b="4840" fs="10">remaining</wd>
			<wd l="1877" t="4763" r="2090" b="4823" fs="10">closed</wd>
			<wd l="2124" t="4782" r="2192" b="4823" fs="10">or</wd>
		</ln>
		<ln lx="648" ly="4853" rx="2189" ry="4932">
			<wd l="648" t="4855" r="947" b="4932" fs="10">opening</wd>
			<wd l="993" t="4854" r="1264" b="4932" fs="10">tardily.</wd>
			<wd l="1316" t="4854" r="1564" b="4914" fs="10">Dorsal</wd>
			<wd l="1615" t="4854" r="1803" b="4931" fs="10">sepal</wd>
			<wd l="1851" t="4853" r="2189" b="4931" fs="10">narrowly</wd>
		</ln>
		<ln lx="648" ly="4945" rx="2188" ry="5024">
			<wd l="648" t="4946" r="1224" b="5024" fs="10">ovate-elliptical,</wd>
			<wd l="1267" t="4946" r="1557" b="5023" fs="10">margins</wd>
			<wd l="1599" t="4945" r="1977" b="5018" fs="10">thickened,</wd>
			<wd l="2022" t="4965" r="2188" b="5023" fs="10">apex</wd>
		</ln>
		<ln lx="649" ly="5038" rx="2187" ry="5116">
			<wd l="649" t="5039" r="1043" b="5116" fs="10">cymbiform.</wd>
			<wd l="1083" t="5038" r="1323" b="5099" fs="10">Lateral</wd>
			<wd l="1362" t="5038" r="1566" b="5116" fs="10">sepals</wd>
			<wd l="1605" t="5038" r="2187" b="5110" fs="10">ovate-lanceolate,</wd>
		</ln>
		<ln lx="649" ly="5129" rx="2189" ry="5208">
			<wd l="649" t="5150" r="814" b="5208" fs="10">apex</wd>
			<wd l="855" t="5130" r="1270" b="5208" fs="10">cymbiform.</wd>
			<wd l="1314" t="5130" r="1528" b="5190" fs="10">Petals</wd>
			<wd l="1571" t="5129" r="2189" b="5202" fs="10">ovate-lanceolate,</wd>
		</ln>
		<ln lx="647" ly="5222" rx="2189" ry="5300">
			<wd l="647" t="5223" r="926" b="5300" fs="10">margins</wd>
			<wd l="964" t="5222" r="1128" b="5300" fs="10">pale.</wd>
			<wd l="1170" t="5222" r="1502" b="5282" fs="10">Labellum</wd>
			<wd l="1538" t="5222" r="1855" b="5299" fs="10">narrowly</wd>
			<wd l="1894" t="5222" r="2189" b="5293" fs="10">obovate,</wd>
		</ln>
		<ln lx="650" ly="5313" rx="2196" ry="5392">
			<wd l="650" t="5314" r="852" b="5387" fs="10">entire;</wd>
			<wd l="873" t="5334" r="1013" b="5392" fs="10">spur</wd>
			<wd l="1029" t="5314" r="1252" b="5374" fs="10">absent.</wd>
			<wd l="1276" t="5314" r="1494" b="5374" fs="10">Sexual</wd>
			<wd l="1512" t="5333" r="1728" b="5391" fs="10">organs</wd>
			<wd l="1747" t="5314" r="2031" b="5385" fs="10">abortive,</wd>
			<wd l="2051" t="5313" r="2196" b="5373" fs="10">dark</wd>
		</ln>
		<ln lx="650" ly="5405" rx="2190" ry="5483">
			<wd l="650" t="5425" r="852" b="5483" fs="10">green.</wd>
			<wd l="889" t="5405" r="1155" b="5466" fs="10">Anthers</wd>
			<wd l="1192" t="5405" r="1339" b="5477" fs="10">free,</wd>
			<wd l="1378" t="5405" r="1623" b="5482" fs="10">lacking</wd>
			<wd l="1656" t="5405" r="1884" b="5482" fs="10">pollen.</wd>
			<wd l="1926" t="5405" r="2190" b="5482" fs="10">Stigmas</wd>
		</ln>
		<ln lx="651" ly="5502" rx="1884" ry="5579">
			<wd l="651" t="5502" r="795" b="5562" fs="10">free.</wd>
			<wd l="824" t="5502" r="1122" b="5579" fs="10">Capsules</wd>
			<wd l="1145" t="5502" r="1448" b="5578" fs="10">narrowly</wd>
			<wd l="1473" t="5502" r="1680" b="5573" fs="10">ovoid,</wd>
			<wd l="1708" t="5510" r="1884" b="5561" fs="10">erect.</wd>
		</ln>
	</region>
	<region article-doi="10.2307/41729920" region-id="2">
		<rc l="2303" t="848" r="3878" b="5577"/>
		<ln lx="2309" ly="853" rx="3848" ry="932">
			<wd l="2309" t="856" r="2443" b="915" fs="10">The</wd>
			<wd l="2483" t="874" r="2629" b="915" fs="10">new</wd>
			<wd l="2669" t="874" r="2875" b="932" fs="10">genus</wd>
			<wd l="2916" t="855" r="3195" b="931" fs="10">belongs</wd>
			<wd l="3238" t="854" r="3304" b="913" fs="10">in</wd>
			<wd l="3342" t="854" r="3449" b="914" fs="10">the</wd>
			<wd l="3493" t="853" r="3848" b="930" fs="10">subfamily</wd>
		</ln>
		<ln lx="2310" ly="944" rx="3848" ry="1018">
			<wd l="2310" t="946" r="2775" b="1018" fs="10">Orchidoideae,</wd>
			<wd l="2795" t="945" r="2946" b="1006" fs="10">tribe</wd>
			<wd l="2966" t="945" r="3324" b="1017" fs="10">Orchideae,</wd>
			<wd l="3343" t="945" r="3450" b="1005" fs="10">but</wd>
			<wd l="3468" t="945" r="3542" b="1005" fs="10">its</wd>
			<wd l="3563" t="944" r="3848" b="1005" fs="10">subtribal</wd>
		</ln>
		<ln lx="2308" ly="1036" rx="3851" ry="1116">
			<wd l="2308" t="1038" r="2659" b="1116" fs="10">placement</wd>
			<wd l="2694" t="1038" r="2747" b="1099" fs="10">is</wd>
			<wd l="2782" t="1038" r="3119" b="1098" fs="10">uncertain.</wd>
			<wd l="3160" t="1037" r="3327" b="1114" fs="10">Only</wd>
			<wd l="3363" t="1056" r="3482" b="1097" fs="10">one</wd>
			<wd l="3521" t="1036" r="3761" b="1114" fs="10">species</wd>
			<wd l="3799" t="1036" r="3851" b="1096" fs="10">is</wd>
		</ln>
		<ln lx="2309" ly="1130" rx="2554" ry="1190">
			<wd l="2309" t="1130" r="2554" b="1190" fs="10">known.</wd>
		</ln>
		<ln lx="2311" ly="1290" rx="3851" ry="1371">
			<wd l="2311" t="1295" r="2721" b="1371" fs="10">Etymology:</wd>
			<wd l="2742" t="1292" r="2869" b="1353" fs="10">The</wd>
			<wd l="2890" t="1292" r="3133" b="1370" fs="10">generic</wd>
			<wd l="3152" t="1311" r="3331" b="1352" fs="10">name</wd>
			<wd l="3351" t="1291" r="3403" b="1352" fs="10">is</wd>
			<wd l="3424" t="1290" r="3673" b="1352" fs="10">derived</wd>
			<wd l="3693" t="1290" r="3851" b="1351" fs="10">from</wd>
		</ln>
		<ln lx="2310" ly="1382" rx="3852" ry="1462">
			<wd l="2310" t="1385" r="2410" b="1446" fs="10">the</wd>
			<wd l="2429" t="1393" r="2667" b="1445" fs="10">nearest</wd>
			<wd l="2683" t="1384" r="2850" b="1445" fs="10">main</wd>
			<wd l="2866" t="1384" r="3226" b="1462" fs="10">population</wd>
			<wd l="3245" t="1391" r="3465" b="1456" fs="10">centre,</wd>
			<wd l="3485" t="1383" r="3586" b="1444" fs="10">the</wd>
			<wd l="3603" t="1382" r="3852" b="1443" fs="10">historic</wd>
		</ln>
		<ln lx="2310" ly="1475" rx="3853" ry="1538">
			<wd l="2310" t="1487" r="2484" b="1538" fs="10">town</wd>
			<wd l="2521" t="1477" r="2600" b="1537" fs="10">of</wd>
			<wd l="2628" t="1477" r="2988" b="1537" fs="10">Cooktown</wd>
			<wd l="3024" t="1476" r="3236" b="1536" fs="10">which</wd>
			<wd l="3272" t="1495" r="3403" b="1536" fs="10">was</wd>
			<wd l="3444" t="1475" r="3668" b="1536" fs="10">settled</wd>
			<wd l="3703" t="1495" r="3853" b="1535" fs="10">near</wd>
		</ln>
		<ln lx="2311" ly="1567" rx="3854" ry="1646">
			<wd l="2311" t="1569" r="2514" b="1629" fs="10">where</wd>
			<wd l="2533" t="1569" r="2790" b="1646" fs="10">Captain</wd>
			<wd l="2807" t="1571" r="3007" b="1628" fs="10">James</wd>
			<wd l="3027" t="1568" r="3207" b="1628" fs="10">Cook</wd>
			<wd l="3222" t="1567" r="3343" b="1627" fs="10">had</wd>
			<wd l="3361" t="1567" r="3572" b="1627" fs="10">earlier</wd>
			<wd l="3589" t="1567" r="3854" b="1627" fs="10">effected</wd>
		</ln>
		<ln lx="2311" ly="1657" rx="3854" ry="1737">
			<wd l="2311" t="1660" r="2537" b="1737" fs="10">repairs</wd>
			<wd l="2561" t="1668" r="2624" b="1719" fs="10">to</wd>
			<wd l="2648" t="1659" r="2748" b="1719" fs="10">the</wd>
			<wd l="2772" t="1659" r="2998" b="1736" fs="10">barque</wd>
			<wd l="3023" t="1658" r="3387" b="1718" fs="10">Endeavour</wd>
			<wd l="3410" t="1658" r="3562" b="1718" fs="10">after</wd>
			<wd l="3585" t="1658" r="3629" b="1717" fs="10">it</wd>
			<wd l="3654" t="1657" r="3854" b="1717" fs="10">struck</wd>
		</ln>
		<ln lx="2312" ly="1749" rx="3849" ry="1811">
			<wd l="2312" t="1751" r="2411" b="1811" fs="10">the</wd>
			<wd l="2429" t="1750" r="2590" b="1811" fs="10">coral</wd>
			<wd l="2609" t="1750" r="2686" b="1810" fs="10">of</wd>
			<wd l="2691" t="1750" r="2790" b="1810" fs="10">the</wd>
			<wd l="2809" t="1752" r="2990" b="1810" fs="10">Great</wd>
			<wd l="3005" t="1750" r="3238" b="1810" fs="10">Barrier</wd>
			<wd l="3253" t="1749" r="3418" b="1810" fs="10">Reef</wd>
			<wd l="3425" t="1749" r="3487" b="1809" fs="10">in</wd>
			<wd l="3503" t="1751" r="3652" b="1809" fs="10">June</wd>
			<wd l="3678" t="1750" r="3700" b="1808" fs="10">1</wd>
			<wd l="3713" t="1750" r="3849" b="1809" fs="10">770.</wd>
		</ln>
		<ln lx="2317" ly="1911" rx="3850" ry="1987">
			<wd l="2317" t="1913" r="2743" b="1972" fs="10">Cooktownia</wd>
			<wd l="2782" t="1912" r="3085" b="1971" fs="10">robertsii</wd>
			<wd l="3149" t="1913" r="3300" b="1971" fs="10">D.L.</wd>
			<wd l="3340" t="1913" r="3547" b="1982" fs="10">Jones,</wd>
			<wd l="3596" t="1911" r="3850" b="1987" fs="10">species</wd>
		</ln>
		<ln lx="2315" ly="2000" rx="3849" ry="2079">
			<wd l="2315" t="2021" r="2505" b="2075" fs="10">nova,</wd>
			<wd l="2540" t="2002" r="2950" b="2063" fs="10">Platanthera</wd>
			<wd l="2976" t="2022" r="3322" b="2079" fs="10">papuanae</wd>
			<wd l="3357" t="2001" r="3574" b="2062" fs="10">Schltr.</wd>
			<wd l="3615" t="2000" r="3849" b="2073" fs="10">affinis,</wd>
		</ln>
		<ln lx="2316" ly="2091" rx="3853" ry="2173">
			<wd l="2316" t="2114" r="2351" b="2155" fs="10">a</wd>
			<wd l="2391" t="2114" r="2517" b="2173" fs="10">qua</wd>
			<wd l="2556" t="2094" r="2739" b="2155" fs="10">foliis</wd>
			<wd l="2780" t="2093" r="3115" b="2155" fs="10">basalibus</wd>
			<wd l="3158" t="2101" r="3328" b="2154" fs="10">arete</wd>
			<wd l="3371" t="2091" r="3853" b="2153" fs="10">subimbricatis</wd>
		</ln>
		<ln lx="2316" ly="2185" rx="3856" ry="2264">
			<wd l="2316" t="2187" r="2795" b="2260" fs="10">orbicularibus,</wd>
			<wd l="2836" t="2187" r="3104" b="2248" fs="10">floribus</wd>
			<wd l="3143" t="2186" r="3584" b="2264" fs="10">apomictibus,</wd>
			<wd l="3625" t="2185" r="3856" b="2247" fs="10">labello</wd>
		</ln>
		<ln lx="2317" ly="2277" rx="3856" ry="2351">
			<wd l="2317" t="2280" r="2570" b="2340" fs="10">calcari</wd>
			<wd l="2627" t="2288" r="2924" b="2351" fs="10">carente,</wd>
			<wd l="2983" t="2288" r="3046" b="2340" fs="10">et</wd>
			<wd l="3101" t="2279" r="3422" b="2339" fs="10">columna</wd>
			<wd l="3476" t="2277" r="3856" b="2339" fs="10">abnormali</wd>
		</ln>
		<ln lx="2318" ly="2369" rx="3847" ry="2448">
			<wd l="2318" t="2371" r="2696" b="2432" fs="10">staminodiis</wd>
			<wd l="2717" t="2379" r="2774" b="2432" fs="10">et</wd>
			<wd l="2793" t="2371" r="3069" b="2448" fs="10">stigmate</wd>
			<wd l="3089" t="2370" r="3349" b="2431" fs="10">discreto</wd>
			<wd l="3369" t="2369" r="3590" b="2430" fs="10">differt.</wd>
			<wd l="3606" t="2371" r="3847" b="2447" fs="10">Typus:</wd>
		</ln>
		<ln lx="2315" ly="2461" rx="3854" ry="2537">
			<wd l="2315" t="2463" r="2641" b="2524" fs="10">Australia.</wd>
			<wd l="2664" t="2463" r="3078" b="2537" fs="10">Queensland.</wd>
			<wd l="3102" t="2464" r="3278" b="2523" fs="10">Cook</wd>
			<wd l="3295" t="2464" r="3594" b="2522" fs="10">District:</wd>
			<wd l="3618" t="2481" r="3669" b="2522" fs="10">c.</wd>
			<wd l="3693" t="2463" r="3725" b="2522" fs="10">3</wd>
			<wd l="3749" t="2461" r="3854" b="2521" fs="10">km</wd>
		</ln>
		<ln lx="2316" ly="2553" rx="3853" ry="2631">
			<wd l="2316" t="2555" r="2495" b="2615" fs="10">north</wd>
			<wd l="2516" t="2554" r="2593" b="2615" fs="10">of</wd>
			<wd l="2603" t="2557" r="2700" b="2614" fs="10">Mt</wd>
			<wd l="2718" t="2554" r="2975" b="2631" fs="10">Misery,</wd>
			<wd l="3007" t="2556" r="3029" b="2613" fs="10">1</wd>
			<wd l="3057" t="2553" r="3233" b="2631" fs="10">April</wd>
			<wd l="3264" t="2554" r="3441" b="2625" fs="10">1993,</wd>
			<wd l="3458" t="2554" r="3601" b="2613" fs="10">C.H.</wd>
			<wd l="3626" t="2555" r="3853" b="2613" fs="10">Broers</wd>
		</ln>
		<ln lx="2318" ly="2644" rx="3854" ry="2720">
			<wd l="2318" t="2647" r="2431" b="2705" fs="10">441</wd>
			<wd l="2466" t="2647" r="2526" b="2705" fs="10"><![CDATA[&]]></wd>
			<wd l="2549" t="2648" r="2668" b="2705" fs="10">L.J.</wd>
			<wd l="2699" t="2645" r="2960" b="2705" fs="10">Roberts</wd>
			<wd l="2986" t="2645" r="3178" b="2720" fs="10">(holo:</wd>
			<wd l="3209" t="2646" r="3458" b="2716" fs="10">CANB;</wd>
			<wd l="3486" t="2644" r="3579" b="2704" fs="10">iso</wd>
			<wd l="3607" t="2645" r="3854" b="2715" fs="10">CANB,</wd>
		</ln>
		<ln lx="2317" ly="2736" rx="2950" ry="2811">
			<wd l="2317" t="2739" r="2473" b="2808" fs="10">BRI,</wd>
			<wd l="2497" t="2738" r="2703" b="2808" fs="10">NSW,</wd>
			<wd l="2730" t="2736" r="2950" b="2811" fs="10">MEL).</wd>
		</ln>
		<ln lx="2319" ly="2894" rx="3856" ry="2972">
			<wd l="2319" t="2897" r="2645" b="2957" fs="10">Tuberous</wd>
			<wd l="2682" t="2895" r="3017" b="2956" fs="10">terrestrial</wd>
			<wd l="3054" t="2895" r="3226" b="2956" fs="10">herb.</wd>
			<wd l="3268" t="2895" r="3505" b="2955" fs="10">Tubers</wd>
			<wd l="3545" t="2894" r="3856" b="2972" fs="10">elongate,</wd>
		</ln>
		<ln lx="2319" ly="2985" rx="3856" ry="3058">
			<wd l="2319" t="2988" r="2451" b="3047" fs="10">4-6</wd>
			<wd l="2497" t="3006" r="2600" b="3047" fs="10">cm</wd>
			<wd l="2641" t="3007" r="2682" b="3046" fs="10">X</wd>
			<wd l="2727" t="2987" r="2855" b="3047" fs="10">6-8</wd>
			<wd l="2901" t="3005" r="3055" b="3058" fs="10">mm,</wd>
			<wd l="3100" t="2985" r="3446" b="3046" fs="10">root-like.</wd>
			<wd l="3493" t="2987" r="3749" b="3046" fs="10">Leaves</wd>
			<wd l="3794" t="2986" r="3856" b="3057" fs="10">2,</wd>
		</ln>
		<ln lx="2321" ly="3075" rx="3861" ry="3154">
			<wd l="2321" t="3086" r="2504" b="3138" fs="10">ovate</wd>
			<wd l="2540" t="3086" r="2605" b="3138" fs="10">to</wd>
			<wd l="2641" t="3076" r="2905" b="3154" fs="10">broadly</wd>
			<wd l="2943" t="3075" r="3492" b="3148" fs="10">ovate-orbicular,</wd>
			<wd l="3539" t="3076" r="3718" b="3136" fs="10">1.3-3</wd>
			<wd l="3761" t="3094" r="3861" b="3135" fs="10">cm</wd>
		</ln>
		<ln lx="2326" ly="3165" rx="3859" ry="3244">
			<wd l="2326" t="3182" r="2359" b="3216" fs="10">X</wd>
			<wd l="2393" t="3169" r="2573" b="3228" fs="10">0.8-3</wd>
			<wd l="2606" t="3187" r="2723" b="3240" fs="10">cm,</wd>
			<wd l="2751" t="3167" r="2940" b="3240" fs="10">basal,</wd>
			<wd l="2969" t="3166" r="3526" b="3244" fs="10">ground-hugging,</wd>
			<wd l="3555" t="3165" r="3655" b="3226" fs="10">the</wd>
			<wd l="3681" t="3165" r="3859" b="3226" fs="10">bases</wd>
		</ln>
		<ln lx="2322" ly="3256" rx="3861" ry="3335">
			<wd l="2322" t="3258" r="2556" b="3335" fs="10">closely</wd>
			<wd l="2585" t="3257" r="2917" b="3330" fs="10">imbricate,</wd>
			<wd l="2949" t="3257" r="3097" b="3317" fs="10">dark</wd>
			<wd l="3125" t="3276" r="3327" b="3334" fs="10">green,</wd>
			<wd l="3359" t="3256" r="3565" b="3328" fs="10">entire,</wd>
			<wd l="3598" t="3264" r="3770" b="3317" fs="10">acute</wd>
			<wd l="3798" t="3264" r="3861" b="3316" fs="10">to</wd>
		</ln>
		<ln lx="2323" ly="3346" rx="3858" ry="3425">
			<wd l="2323" t="3348" r="2630" b="3408" fs="10">subacute.</wd>
			<wd l="2664" t="3349" r="2858" b="3425" fs="10">Scape</wd>
			<wd l="2896" t="3348" r="3094" b="3407" fs="10">15-26</wd>
			<wd l="3124" t="3366" r="3222" b="3407" fs="10">cm</wd>
			<wd l="3248" t="3346" r="3371" b="3419" fs="10">tall,</wd>
			<wd l="3404" t="3346" r="3660" b="3418" fs="10">slender,</wd>
			<wd l="3690" t="3346" r="3858" b="3423" fs="10">wiry.</wd>
		</ln>
		<ln lx="2324" ly="3437" rx="3861" ry="3509">
			<wd l="2324" t="3438" r="2563" b="3498" fs="10">Sterile</wd>
			<wd l="2606" t="3438" r="2826" b="3498" fs="10">bracts</wd>
			<wd l="2872" t="3439" r="2933" b="3509" fs="10">3,</wd>
			<wd l="2979" t="3439" r="3152" b="3497" fs="10">9-15</wd>
			<wd l="3199" t="3455" r="3331" b="3496" fs="10">mm</wd>
			<wd l="3379" t="3451" r="3412" b="3484" fs="10">x</wd>
			<wd l="3463" t="3437" r="3661" b="3496" fs="10">3-3.5</wd>
			<wd l="3707" t="3455" r="3861" b="3508" fs="10">mm,</wd>
		</ln>
		<ln lx="2323" ly="3526" rx="3861" ry="3603">
			<wd l="2323" t="3527" r="2691" b="3599" fs="10">lanceolate,</wd>
			<wd l="2731" t="3527" r="2973" b="3603" fs="10">closely</wd>
			<wd l="3012" t="3527" r="3358" b="3603" fs="10">sheathing.</wd>
			<wd l="3398" t="3526" r="3621" b="3586" fs="10">Fertile</wd>
			<wd l="3657" t="3526" r="3861" b="3586" fs="10">bracts</wd>
		</ln>
		<ln lx="2324" ly="3615" rx="3860" ry="3692">
			<wd l="2324" t="3625" r="2503" b="3677" fs="10">ovate</wd>
			<wd l="2537" t="3625" r="2601" b="3677" fs="10">to</wd>
			<wd l="2638" t="3616" r="3211" b="3687" fs="10">ovate-lanceolate,</wd>
			<wd l="3250" t="3615" r="3486" b="3692" fs="10">closely</wd>
			<wd l="3522" t="3615" r="3860" b="3691" fs="10">sheathing.</wd>
		</ln>
		<ln lx="2324" ly="3707" rx="3861" ry="3783">
			<wd l="2324" t="3708" r="2532" b="3783" fs="10">Ovary</wd>
			<wd l="2575" t="3707" r="2771" b="3766" fs="10">12-15</wd>
			<wd l="2810" t="3725" r="2874" b="3765" fs="10">m</wd>
			<wd l="2914" t="3720" r="2947" b="3753" fs="10">x</wd>
			<wd l="2988" t="3707" r="3106" b="3765" fs="10">2-3</wd>
			<wd l="3146" t="3724" r="3292" b="3777" fs="10">mm,</wd>
			<wd l="3331" t="3724" r="3505" b="3781" fs="10">apex,</wd>
			<wd l="3543" t="3713" r="3861" b="3765" fs="10">attenuate.</wd>
		</ln>
		<ln lx="2323" ly="3794" rx="3864" ry="3873">
			<wd l="2323" t="3795" r="2587" b="3856" fs="10">Flowers</wd>
			<wd l="2608" t="3797" r="2747" b="3867" fs="10">3-9,</wd>
			<wd l="2768" t="3814" r="2950" b="3873" fs="10">green</wd>
			<wd l="2966" t="3795" r="3113" b="3855" fs="10">with</wd>
			<wd l="3131" t="3794" r="3341" b="3855" fs="10">darker</wd>
			<wd l="3359" t="3794" r="3528" b="3866" fs="10">lines,</wd>
			<wd l="3549" t="3813" r="3599" b="3854" fs="10">c.</wd>
			<wd l="3622" t="3796" r="3716" b="3854" fs="10">7.5</wd>
			<wd l="3737" t="3813" r="3864" b="3853" fs="10">mm</wd>
		</ln>
		<ln lx="2325" ly="3884" rx="3863" ry="3963">
			<wd l="2325" t="3886" r="2486" b="3963" fs="10">long,</wd>
			<wd l="2505" t="3885" r="2838" b="3962" fs="10">remaining</wd>
			<wd l="2855" t="3885" r="3063" b="3945" fs="10">closed</wd>
			<wd l="3081" t="3904" r="3148" b="3945" fs="10">or</wd>
			<wd l="3162" t="3884" r="3261" b="3944" fs="10">the</wd>
			<wd l="3277" t="3884" r="3546" b="3961" fs="10">perianth</wd>
			<wd l="3564" t="3892" r="3863" b="3961" fs="10">segments</wd>
		</ln>
		<ln lx="2326" ly="3973" rx="3865" ry="4053">
			<wd l="2326" t="3975" r="2681" b="4053" fs="10">spreading</wd>
			<wd l="2721" t="3974" r="2983" b="4053" fs="10">tardily.</wd>
			<wd l="3029" t="3974" r="3269" b="4035" fs="10">Dorsal</wd>
			<wd l="3314" t="3974" r="3496" b="4052" fs="10">sepal</wd>
			<wd l="3537" t="3973" r="3865" b="4051" fs="10">narrowly</wd>
		</ln>
		<ln lx="2326" ly="4064" rx="3866" ry="4143">
			<wd l="2326" t="4065" r="2844" b="4143" fs="10">ovate-elliptical,</wd>
			<wd l="2870" t="4067" r="2990" b="4125" fs="10">6-7</wd>
			<wd l="3014" t="4084" r="3142" b="4124" fs="10">mm</wd>
			<wd l="3169" t="4079" r="3202" b="4112" fs="10">x</wd>
			<wd l="3231" t="4084" r="3281" b="4125" fs="10">c.</wd>
			<wd l="3308" t="4066" r="3405" b="4124" fs="10">2.5</wd>
			<wd l="3431" t="4083" r="3576" b="4136" fs="10">mm,</wd>
			<wd l="3599" t="4064" r="3866" b="4141" fs="10">margins</wd>
		</ln>
		<ln lx="2324" ly="4153" rx="3866" ry="4233">
			<wd l="2324" t="4155" r="2686" b="4228" fs="10">thickened,</wd>
			<wd l="2728" t="4175" r="2889" b="4233" fs="10">apex</wd>
			<wd l="2928" t="4155" r="3330" b="4232" fs="10">cymbiform.</wd>
			<wd l="3372" t="4154" r="3617" b="4215" fs="10">Lateral</wd>
			<wd l="3657" t="4153" r="3866" b="4231" fs="10">sepals</wd>
		</ln>
		<ln lx="2327" ly="4246" rx="3867" ry="4321">
			<wd l="2327" t="4246" r="2891" b="4317" fs="10">ovate-lanceolate,</wd>
			<wd l="2915" t="4247" r="3095" b="4306" fs="10">6-7.5</wd>
			<wd l="3119" t="4264" r="3246" b="4304" fs="10">mm</wd>
			<wd l="3271" t="4259" r="3304" b="4293" fs="10">x</wd>
			<wd l="3348" t="4264" r="3399" b="4305" fs="10">c.</wd>
			<wd l="3422" t="4246" r="3519" b="4305" fs="10">2.5</wd>
			<wd l="3542" t="4263" r="3688" b="4316" fs="10">mm,</wd>
			<wd l="3711" t="4263" r="3867" b="4321" fs="10">apex</wd>
		</ln>
		<ln lx="2327" ly="4335" rx="3865" ry="4413">
			<wd l="2327" t="4336" r="2742" b="4413" fs="10">cymbiform.</wd>
			<wd l="2785" t="4335" r="2998" b="4396" fs="10">Petals</wd>
			<wd l="3042" t="4336" r="3167" b="4396" fs="10">6-7</wd>
			<wd l="3209" t="4354" r="3340" b="4394" fs="10">mm</wd>
			<wd l="3386" t="4349" r="3419" b="4382" fs="10">x</wd>
			<wd l="3467" t="4354" r="3521" b="4395" fs="10">c.</wd>
			<wd l="3565" t="4335" r="3668" b="4395" fs="10">2.3</wd>
			<wd l="3713" t="4353" r="3865" b="4406" fs="10">mm,</wd>
		</ln>
		<ln lx="2328" ly="4423" rx="3866" ry="4502">
			<wd l="2328" t="4425" r="2893" b="4497" fs="10">ovate-lanceolate,</wd>
			<wd l="2914" t="4424" r="3182" b="4502" fs="10">margins</wd>
			<wd l="3202" t="4424" r="3340" b="4502" fs="10">pale</wd>
			<wd l="3361" t="4424" r="3645" b="4502" fs="10">greenish</wd>
			<wd l="3663" t="4423" r="3866" b="4484" fs="10">white.</wd>
		</ln>
		<ln lx="2327" ly="4513" rx="3867" ry="4592">
			<wd l="2327" t="4515" r="2651" b="4576" fs="10">Labellum</wd>
			<wd l="2685" t="4515" r="2993" b="4592" fs="10">narrowly</wd>
			<wd l="3029" t="4515" r="3296" b="4575" fs="10">obovate</wd>
			<wd l="3331" t="4514" r="3515" b="4574" fs="10">when</wd>
			<wd l="3551" t="4513" r="3867" b="4586" fs="10">flattened,</wd>
		</ln>
		<ln lx="2329" ly="4603" rx="3870" ry="4680">
			<wd l="2329" t="4607" r="2509" b="4665" fs="10">7-7.5</wd>
			<wd l="2540" t="4624" r="2669" b="4664" fs="10">mm</wd>
			<wd l="2701" t="4619" r="2734" b="4652" fs="10">x</wd>
			<wd l="2768" t="4624" r="2819" b="4665" fs="10">c.</wd>
			<wd l="2851" t="4606" r="2948" b="4665" fs="10">2.5</wd>
			<wd l="2979" t="4624" r="3125" b="4676" fs="10">mm,</wd>
			<wd l="3153" t="4612" r="3261" b="4664" fs="10">not</wd>
			<wd l="3288" t="4603" r="3574" b="4676" fs="10">3-lobed,</wd>
			<wd l="3602" t="4603" r="3870" b="4680" fs="10">margins</wd>
		</ln>
		<ln lx="2328" ly="4693" rx="3872" ry="4771">
			<wd l="2328" t="4694" r="2656" b="4767" fs="10">incurved,</wd>
			<wd l="2699" t="4713" r="2861" b="4771" fs="10">apex</wd>
			<wd l="2901" t="4694" r="3127" b="4754" fs="10">obtuse</wd>
			<wd l="3165" t="4702" r="3230" b="4754" fs="10">to</wd>
			<wd l="3271" t="4693" r="3680" b="4770" fs="10">cymbiform;</wd>
			<wd l="3723" t="4712" r="3872" b="4770" fs="10">spur</wd>
		</ln>
		<ln lx="2329" ly="4782" rx="3873" ry="4860">
			<wd l="2329" t="4784" r="2557" b="4844" fs="10">absent.</wd>
			<wd l="2597" t="4783" r="2819" b="4844" fs="10">Sexual</wd>
			<wd l="2839" t="4803" r="3058" b="4860" fs="10">organs</wd>
			<wd l="3078" t="4783" r="3511" b="4860" fs="10">incompletely</wd>
			<wd l="3527" t="4782" r="3736" b="4842" fs="10">united</wd>
			<wd l="3754" t="4782" r="3873" b="4842" fs="10">and</wd>
		</ln>
		<ln lx="2327" ly="4872" rx="3870" ry="4951">
			<wd l="2327" t="4882" r="2437" b="4934" fs="10">not</wd>
			<wd l="2473" t="4873" r="2747" b="4951" fs="10">forming</wd>
			<wd l="2784" t="4892" r="2820" b="4933" fs="10">a</wd>
			<wd l="2855" t="4873" r="3128" b="4945" fs="10">column,</wd>
			<wd l="3168" t="4872" r="3319" b="4933" fs="10">dark</wd>
			<wd l="3354" t="4891" r="3561" b="4949" fs="10">green.</wd>
			<wd l="3600" t="4872" r="3870" b="4932" fs="10">Anthers</wd>
		</ln>
		<ln lx="2330" ly="4962" rx="3867" ry="5041">
			<wd l="2330" t="4964" r="2651" b="5036" fs="10">abortive,</wd>
			<wd l="2693" t="4963" r="3063" b="5041" fs="10">remaining</wd>
			<wd l="3106" t="4963" r="3266" b="5035" fs="10">free,</wd>
			<wd l="3312" t="4962" r="3578" b="5040" fs="10">lacking</wd>
			<wd l="3618" t="4962" r="3867" b="5040" fs="10">pollen.</wd>
		</ln>
		<ln lx="2333" ly="5052" rx="3871" ry="5132">
			<wd l="2333" t="5054" r="2595" b="5132" fs="10">Stigmas</wd>
			<wd l="2619" t="5054" r="2908" b="5126" fs="10">abortive,</wd>
			<wd l="2935" t="5053" r="3147" b="5131" fs="10">longer</wd>
			<wd l="3166" t="5053" r="3310" b="5113" fs="10">than</wd>
			<wd l="3330" t="5052" r="3510" b="5125" fs="10">wide,</wd>
			<wd l="3533" t="5052" r="3871" b="5129" fs="10">remaining</wd>
		</ln>
		<ln lx="2331" ly="5142" rx="3873" ry="5222">
			<wd l="2331" t="5144" r="2482" b="5205" fs="10">free.</wd>
			<wd l="2525" t="5144" r="2835" b="5222" fs="10">Capsules</wd>
			<wd l="2872" t="5143" r="3187" b="5221" fs="10">narrowly</wd>
			<wd l="3226" t="5142" r="3421" b="5204" fs="10">ovoid</wd>
			<wd l="3456" t="5151" r="3521" b="5203" fs="10">to</wd>
			<wd l="3558" t="5142" r="3873" b="5220" fs="10">narrowly</wd>
		</ln>
		<ln lx="2332" ly="5234" rx="3871" ry="5310">
			<wd l="2332" t="5234" r="2622" b="5307" fs="10">obovoid,</wd>
			<wd l="2658" t="5235" r="2856" b="5294" fs="10">18-22</wd>
			<wd l="2882" t="5253" r="3010" b="5293" fs="10">mm</wd>
			<wd l="3040" t="5248" r="3074" b="5281" fs="10">x</wd>
			<wd l="3129" t="5235" r="3312" b="5294" fs="10">3.5-4</wd>
			<wd l="3337" t="5252" r="3483" b="5305" fs="10">mm,</wd>
			<wd l="3512" t="5241" r="3688" b="5305" fs="10">erect,</wd>
			<wd l="3717" t="5252" r="3871" b="5310" fs="10">apex</wd>
		</ln>
		<ln lx="2332" ly="5330" rx="3127" ry="5408">
			<wd l="2332" t="5331" r="2540" b="5391" fs="10">drawn</wd>
			<wd l="2564" t="5339" r="2685" b="5391" fs="10">out.</wd>
			<wd l="2712" t="5330" r="2871" b="5408" fs="10">Figs.</wd>
			<wd l="2900" t="5331" r="2933" b="5390" fs="10">3</wd>
			<wd l="2963" t="5331" r="3023" b="5390" fs="10"><![CDATA[&]]></wd>
			<wd l="3070" t="5332" r="3127" b="5390" fs="10">4.</wd>
		</ln>
		<ln lx="2332" ly="5495" rx="3497" ry="5572">
			<wd l="2332" t="5498" r="2693" b="5572" fs="10">Flowering</wd>
			<wd l="2717" t="5497" r="2974" b="5556" fs="10">Period:</wd>
			<wd l="3002" t="5495" r="3220" b="5555" fs="10">March</wd>
			<wd l="3241" t="5504" r="3304" b="5555" fs="10">to</wd>
			<wd l="3329" t="5497" r="3497" b="5571" fs="10">May.</wd>
		</ln>
	</region>
</ocr-page>
