<?xml version="1.0" encoding="UTF-8"?>
<ocr-page type="coords" ocr-vers="1.0" creation-date="20130321" res="600" height="6300" width="4500">
	<region article-doi="10.2307/41729930" region-id="0">
		<rc l="1117" t="839" r="3347" b="1059"/>
		<ln lx="1122" ly="844" rx="3342" ry="938">
			<wd l="1122" t="846" r="1542" b="938" fs="10">Lilaeopsis</wd>
			<wd l="1570" t="846" r="2006" b="918" fs="10">brisbanica</wd>
			<wd l="2032" t="846" r="2512" b="938" fs="10">(Apiaceae),</wd>
			<wd l="2542" t="866" r="2586" b="916" fs="10">a</wd>
			<wd l="2616" t="866" r="2784" b="916" fs="10">new</wd>
			<wd l="2812" t="844" r="3106" b="938" fs="10">species</wd>
			<wd l="3134" t="844" r="3342" b="916" fs="10">from</wd>
		</ln>
		<ln lx="1754" ly="966" rx="2712" ry="1054">
			<wd l="1754" t="966" r="2284" b="1054" fs="10">Queensland,</wd>
			<wd l="2314" t="966" r="2712" b="1038" fs="10">Australia</wd>
		</ln>
	</region>
	<region article-doi="10.2307/41729930" region-id="1">
		<rc l="2045" t="1151" r="2419" b="1221"/>
		<ln lx="2050" ly="1156" rx="2414" ry="1216">
			<wd l="2050" t="1156" r="2210" b="1216" fs="10">A.R.</wd>
			<wd l="2236" t="1156" r="2414" b="1216" fs="10">Bean</wd>
		</ln>
	</region>
	<region article-doi="10.2307/41729930" region-id="2">
		<rc l="2055" t="1323" r="2415" b="1411"/>
		<ln lx="2060" ly="1328" rx="2410" ry="1406">
			<wd l="2060" t="1328" r="2410" b="1406" fs="10">Summary</wd>
		</ln>
	</region>
	<region article-doi="10.2307/41729930" region-id="3">
		<rc l="850" t="1488" r="3623" b="1789"/>
		<ln lx="858" ly="1493" rx="3609" ry="1557">
			<wd l="858" t="1496" r="1010" b="1553" fs="10">Bean,</wd>
			<wd l="1039" t="1496" r="1162" b="1543" fs="10">A.R.</wd>
			<wd l="1194" t="1495" r="1386" b="1556" fs="10">(1997).</wd>
			<wd l="1421" t="1494" r="1704" b="1557" fs="10">Lilaeopsis</wd>
			<wd l="1734" t="1494" r="2025" b="1542" fs="10">brisbanica</wd>
			<wd l="2052" t="1494" r="2366" b="1556" fs="10">(Apiaceae),</wd>
			<wd l="2398" t="1509" r="2426" b="1543" fs="10">a</wd>
			<wd l="2452" t="1509" r="2565" b="1542" fs="10">new</wd>
			<wd l="2595" t="1493" r="2789" b="1556" fs="10">species</wd>
			<wd l="2819" t="1493" r="2948" b="1542" fs="10">from</wd>
			<wd l="2978" t="1493" r="3315" b="1554" fs="10">Queensland,</wd>
			<wd l="3344" t="1493" r="3609" b="1542" fs="10">Australia.</wd>
		</ln>
		<ln lx="855" ly="1568" rx="3612" ry="1633">
			<wd l="855" t="1570" r="1248" b="1633" fs="10">Austrobaileya</wd>
			<wd l="1277" t="1571" r="1403" b="1632" fs="10">5(1):</wd>
			<wd l="1441" t="1571" r="1687" b="1619" fs="10">145-148.</wd>
			<wd l="1750" t="1570" r="2038" b="1632" fs="10">Lilaeopsis</wd>
			<wd l="2068" t="1569" r="2364" b="1618" fs="10">brisbanica</wd>
			<wd l="2390" t="1570" r="2662" b="1618" fs="10">A.R.Bean</wd>
			<wd l="2693" t="1569" r="2735" b="1618" fs="10">is</wd>
			<wd l="2766" t="1569" r="3031" b="1618" fs="10">described</wd>
			<wd l="3062" t="1569" r="3159" b="1618" fs="10">and</wd>
			<wd l="3190" t="1568" r="3483" b="1628" fs="10">illustrated,</wd>
			<wd l="3515" t="1568" r="3612" b="1618" fs="10">and</wd>
		</ln>
		<ln lx="860" ly="1645" rx="3618" ry="1709">
			<wd l="860" t="1646" r="1135" b="1709" fs="10">diagnosed</wd>
			<wd l="1158" t="1646" r="1350" b="1709" fs="10">against</wd>
			<wd l="1370" t="1646" r="1556" b="1695" fs="10">related</wd>
			<wd l="1579" t="1646" r="1788" b="1708" fs="10">species.</wd>
			<wd l="1810" t="1647" r="1970" b="1695" fs="10">Notes</wd>
			<wd l="1994" t="1661" r="2059" b="1695" fs="10">on</wd>
			<wd l="2080" t="1646" r="2281" b="1704" fs="10">habitat,</wd>
			<wd l="2306" t="1645" r="2535" b="1708" fs="10">ecology,</wd>
			<wd l="2560" t="1645" r="2851" b="1695" fs="10">cultivation</wd>
			<wd l="2874" t="1645" r="2969" b="1694" fs="10">and</wd>
			<wd l="2993" t="1645" r="3341" b="1694" fs="10">conservation</wd>
			<wd l="3364" t="1652" r="3516" b="1694" fs="10">status</wd>
			<wd l="3539" t="1660" r="3618" b="1694" fs="10">are</wd>
		</ln>
		<ln lx="858" ly="1722" rx="1113" ry="1784">
			<wd l="858" t="1722" r="1113" b="1784" fs="10">provided.</wd>
		</ln>
	</region>
	<region article-doi="10.2307/41729930" region-id="4">
		<rc l="854" t="1863" r="3530" b="2082"/>
		<ln lx="859" ly="1868" rx="3525" ry="1931">
			<wd l="859" t="1872" r="968" b="1931" fs="10">Key</wd>
			<wd l="989" t="1870" r="1167" b="1918" fs="10">words:</wd>
			<wd l="1187" t="1870" r="1463" b="1931" fs="10">Lilaeopsis</wd>
			<wd l="1466" t="1910" r="1477" b="1928" fs="10">,</wd>
			<wd l="1499" t="1876" r="1780" b="1931" fs="10">taxonomy,</wd>
			<wd l="1802" t="1869" r="2083" b="1918" fs="10">Australian</wd>
			<wd l="2104" t="1869" r="2234" b="1924" fs="10">flora,</wd>
			<wd l="2259" t="1869" r="2535" b="1930" fs="10">Lilaeopsis</wd>
			<wd l="2556" t="1869" r="2849" b="1924" fs="10">brisbanica,</wd>
			<wd l="2875" t="1868" r="3138" b="1930" fs="10">Apiaceae,</wd>
			<wd l="3160" t="1868" r="3525" b="1917" fs="10">Umbelliferae.</wd>
		</ln>
		<ln lx="859" ly="2014" rx="3350" ry="2077">
			<wd l="859" t="2017" r="1136" b="2075" fs="10">A.R.Bean,</wd>
			<wd l="1159" t="2016" r="1473" b="2076" fs="10">Queensland</wd>
			<wd l="1492" t="2015" r="1794" b="2074" fs="10">Herbarium,</wd>
			<wd l="1815" t="2015" r="2000" b="2064" fs="10">Meiers</wd>
			<wd l="2019" t="2015" r="2175" b="2074" fs="10">Road,</wd>
			<wd l="2197" t="2015" r="2578" b="2077" fs="10">Indooroopilly,</wd>
			<wd l="2601" t="2014" r="2915" b="2075" fs="10">Queensland</wd>
			<wd l="2935" t="2015" r="3082" b="2073" fs="10">4068,</wd>
			<wd l="3103" t="2014" r="3350" b="2064" fs="10">Australia</wd>
		</ln>
	</region>
	<region article-doi="10.2307/41729930" region-id="5">
		<rc l="2300" t="2510" r="3868" b="5571"/>
		<ln lx="2310" ly="2515" rx="3851" ry="2595">
			<wd l="2310" t="2537" r="2376" b="2578" fs="10">as</wd>
			<wd l="2412" t="2516" r="2523" b="2577" fs="10">her</wd>
			<wd l="2559" t="2516" r="2912" b="2595" fs="10">specimens</wd>
			<wd l="2951" t="2516" r="3174" b="2577" fs="10">lacked</wd>
			<wd l="3208" t="2524" r="3445" b="2577" fs="10">mature</wd>
			<wd l="3483" t="2516" r="3682" b="2588" fs="10">fruits,</wd>
			<wd l="3720" t="2515" r="3851" b="2575" fs="10">Hill</wd>
		</ln>
		<ln lx="2310" ly="2608" rx="3850" ry="2687">
			<wd l="2310" t="2609" r="2864" b="2687" fs="10">conservatively</wd>
			<wd l="2960" t="2608" r="3266" b="2670" fs="10">retained</wd>
			<wd l="3362" t="2608" r="3543" b="2670" fs="10">them</wd>
			<wd l="3638" t="2608" r="3850" b="2670" fs="10">under</wd>
		</ln>
		<ln lx="2305" ly="2701" rx="3848" ry="2778">
			<wd l="2305" t="2705" r="2367" b="2763" fs="10">L.</wd>
			<wd l="2414" t="2702" r="2788" b="2763" fs="10">australica.</wd>
			<wd l="2830" t="2702" r="3030" b="2762" fs="10">Blake</wd>
			<wd l="3070" t="2702" r="3301" b="2778" fs="10">(1959)</wd>
			<wd l="3341" t="2701" r="3477" b="2762" fs="10">also</wd>
			<wd l="3515" t="2701" r="3709" b="2762" fs="10">noted</wd>
			<wd l="3744" t="2701" r="3848" b="2762" fs="10">the</wd>
		</ln>
		<ln lx="2310" ly="2793" rx="3853" ry="2869">
			<wd l="2310" t="2794" r="2800" b="2855" fs="10">distinctiveness</wd>
			<wd l="2822" t="2794" r="2899" b="2854" fs="10">of</wd>
			<wd l="2907" t="2794" r="3008" b="2855" fs="10">the</wd>
			<wd l="3030" t="2794" r="3425" b="2869" fs="10">Queensland</wd>
			<wd l="3443" t="2793" r="3714" b="2854" fs="10">material</wd>
			<wd l="3735" t="2793" r="3853" b="2854" fs="10">and</wd>
		</ln>
		<ln lx="2308" ly="2886" rx="3846" ry="2963">
			<wd l="2308" t="2887" r="2385" b="2948" fs="10">he</wd>
			<wd l="2415" t="2886" r="2690" b="2948" fs="10">ascribed</wd>
			<wd l="2718" t="2886" r="2762" b="2947" fs="10">it</wd>
			<wd l="2787" t="2895" r="2850" b="2947" fs="10">to</wd>
			<wd l="2878" t="2888" r="2939" b="2947" fs="10">L.</wd>
			<wd l="2976" t="2886" r="3566" b="2947" fs="10">novae-zealandiae</wd>
			<wd l="3593" t="2886" r="3846" b="2963" fs="10">(Gand.)</wd>
		</ln>
		<ln lx="2308" ly="2978" rx="3853" ry="3056">
			<wd l="2308" t="2979" r="2638" b="3051" fs="10">A.W.Hill,</wd>
			<wd l="2670" t="2998" r="2705" b="3039" fs="10">a</wd>
			<wd l="2733" t="2979" r="2969" b="3056" fs="10">species</wd>
			<wd l="2999" t="2978" r="3318" b="3039" fs="10">described</wd>
			<wd l="3347" t="2978" r="3506" b="3039" fs="10">from</wd>
			<wd l="3531" t="2978" r="3632" b="3039" fs="10">the</wd>
			<wd l="3663" t="2978" r="3853" b="3038" fs="10">South</wd>
		</ln>
		<ln lx="2310" ly="3070" rx="3851" ry="3147">
			<wd l="2310" t="3071" r="2536" b="3132" fs="10">Island</wd>
			<wd l="2580" t="3071" r="2661" b="3132" fs="10">of</wd>
			<wd l="2691" t="3073" r="2860" b="3132" fs="10">New</wd>
			<wd l="2901" t="3070" r="3219" b="3132" fs="10">Zealand.</wd>
			<wd l="3265" t="3070" r="3567" b="3132" fs="10">Affolter</wd>
			<wd l="3609" t="3070" r="3851" b="3147" fs="10">(1985)</wd>
		</ln>
		<ln lx="2311" ly="3163" rx="3854" ry="3241">
			<wd l="2311" t="3164" r="2591" b="3241" fs="10">adopted</wd>
			<wd l="2632" t="3183" r="2667" b="3224" fs="10">a</wd>
			<wd l="2703" t="3183" r="2860" b="3240" fs="10">very</wd>
			<wd l="2898" t="3163" r="3101" b="3224" fs="10">broad</wd>
			<wd l="3143" t="3163" r="3396" b="3240" fs="10">species</wd>
			<wd l="3438" t="3171" r="3713" b="3240" fs="10">concept</wd>
			<wd l="3752" t="3163" r="3854" b="3223" fs="10">for</wd>
		</ln>
		<ln lx="2306" ly="3254" rx="3850" ry="3333">
			<wd l="2306" t="3257" r="2371" b="3315" fs="10">L.</wd>
			<wd l="2422" t="3255" r="2808" b="3333" fs="10">polyantha</wd>
			<wd l="2817" t="3304" r="2831" b="3327" fs="10">,</wd>
			<wd l="2887" t="3254" r="3017" b="3315" fs="10">and</wd>
			<wd l="3070" t="3254" r="3456" b="3315" fs="10">concluded</wd>
			<wd l="3506" t="3254" r="3647" b="3315" fs="10">that</wd>
			<wd l="3699" t="3254" r="3850" b="3314" fs="10">"the</wd>
		</ln>
		<ln lx="2311" ly="3346" rx="3863" ry="3425">
			<wd l="2311" t="3347" r="2705" b="3423" fs="10">Queensland</wd>
			<wd l="2730" t="3347" r="3073" b="3425" fs="10">specimens</wd>
			<wd l="3098" t="3367" r="3196" b="3408" fs="10">are</wd>
			<wd l="3220" t="3347" r="3434" b="3408" fs="10">within</wd>
			<wd l="3454" t="3347" r="3555" b="3408" fs="10">the</wd>
			<wd l="3577" t="3366" r="3761" b="3425" fs="10">range</wd>
			<wd l="3786" t="3346" r="3863" b="3407" fs="10">of</wd>
		</ln>
		<ln lx="2309" ly="3439" rx="3849" ry="3517">
			<wd l="2309" t="3440" r="2632" b="3501" fs="10">variation</wd>
			<wd l="2673" t="3459" r="2828" b="3500" fs="10">seen</wd>
			<wd l="2868" t="3439" r="3225" b="3500" fs="10">elsewhere</wd>
			<wd l="3266" t="3439" r="3333" b="3499" fs="10">in</wd>
			<wd l="3376" t="3442" r="3440" b="3500" fs="10">L.</wd>
			<wd l="3479" t="3439" r="3849" b="3517" fs="10">polyantha</wd>
		</ln>
		<ln lx="2311" ly="3531" rx="3853" ry="3610">
			<wd l="2311" t="3532" r="2375" b="3592" fs="10">in</wd>
			<wd l="2407" t="3532" r="2769" b="3593" fs="10">Australia".</wd>
			<wd l="2808" t="3532" r="2935" b="3592" fs="10">The</wd>
			<wd l="2968" t="3540" r="3213" b="3610" fs="10">present</wd>
			<wd l="3248" t="3532" r="3426" b="3610" fs="10">study</wd>
			<wd l="3459" t="3531" r="3694" b="3592" fs="10">reveals</wd>
			<wd l="3728" t="3531" r="3853" b="3592" fs="10">that</wd>
		</ln>
		<ln lx="2310" ly="3624" rx="3855" ry="3700">
			<wd l="2310" t="3625" r="2410" b="3685" fs="10">the</wd>
			<wd l="2441" t="3624" r="2835" b="3700" fs="10">Queensland</wd>
			<wd l="2862" t="3625" r="3134" b="3685" fs="10">material</wd>
			<wd l="3164" t="3625" r="3216" b="3685" fs="10">is</wd>
			<wd l="3247" t="3624" r="3492" b="3685" fs="10">distinct</wd>
			<wd l="3520" t="3625" r="3679" b="3685" fs="10">from</wd>
			<wd l="3706" t="3624" r="3855" b="3685" fs="10">both</wd>
		</ln>
		<ln lx="2307" ly="3717" rx="3595" ry="3795">
			<wd l="2307" t="3720" r="2367" b="3778" fs="10">L.</wd>
			<wd l="2390" t="3717" r="2733" b="3795" fs="10">polyantha</wd>
			<wd l="2758" t="3717" r="2876" b="3778" fs="10">and</wd>
			<wd l="2895" t="3719" r="2956" b="3778" fs="10">L.</wd>
			<wd l="2989" t="3717" r="3595" b="3778" fs="10">novae-zealandiae.</wd>
		</ln>
		<ln lx="2312" ly="3884" rx="2693" ry="3959">
			<wd l="2312" t="3884" r="2693" b="3959" fs="10">Taxonomy</wd>
		</ln>
		<ln lx="2312" ly="4046" rx="3846" ry="4122">
			<wd l="2312" t="4046" r="2685" b="4122" fs="10">Lilaeopsis</wd>
			<wd l="2725" t="4046" r="3116" b="4105" fs="10">brisbanica</wd>
			<wd l="3152" t="4046" r="3488" b="4105" fs="10">A.R.Bean</wd>
			<wd l="3535" t="4063" r="3633" b="4122" fs="10">sp.</wd>
			<wd l="3674" t="4062" r="3846" b="4116" fs="10">nov.,</wd>
		</ln>
		<ln lx="2503" ly="4135" rx="3852" ry="4197">
			<wd l="2503" t="4136" r="2706" b="4196" fs="10">affinis</wd>
			<wd l="2724" t="4138" r="2789" b="4196" fs="10">L.</wd>
			<wd l="2807" t="4136" r="3374" b="4197" fs="10">novae-zealandiae</wd>
			<wd l="3392" t="4144" r="3588" b="4197" fs="10">autem</wd>
			<wd l="3603" t="4135" r="3852" b="4196" fs="10">bracteis</wd>
		</ln>
		<ln lx="2504" ly="4228" rx="3854" ry="4307">
			<wd l="2504" t="4230" r="2746" b="4290" fs="10">0.5-1.3</wd>
			<wd l="2782" t="4248" r="2910" b="4289" fs="10">mm</wd>
			<wd l="2943" t="4228" r="3163" b="4307" fs="10">longis,</wd>
			<wd l="3199" t="4228" r="3492" b="4290" fs="10">fructibus</wd>
			<wd l="3527" t="4231" r="3562" b="4290" fs="10">7</wd>
			<wd l="3594" t="4228" r="3758" b="4290" fs="10">vittis</wd>
			<wd l="3791" t="4228" r="3854" b="4289" fs="10">in</wd>
		</ln>
		<ln lx="2503" ly="4321" rx="3852" ry="4398">
			<wd l="2503" t="4340" r="2753" b="4397" fs="10">quoque</wd>
			<wd l="2789" t="4321" r="3136" b="4398" fs="10">mericarpo</wd>
			<wd l="3175" t="4329" r="3234" b="4381" fs="10">et</wd>
			<wd l="3271" t="4321" r="3463" b="4381" fs="10">costis</wd>
			<wd l="3502" t="4321" r="3852" b="4381" fs="10">dorsalibus</wd>
		</ln>
		<ln lx="2501" ly="4411" rx="3852" ry="4488">
			<wd l="2501" t="4411" r="3096" b="4488" fs="10">prominentioribus</wd>
			<wd l="3132" t="4411" r="3449" b="4488" fs="10">praeditis,</wd>
			<wd l="3487" t="4411" r="3852" b="4488" fs="10">plerumque</wd>
		</ln>
		<ln lx="2504" ly="4503" rx="3849" ry="4580">
			<wd l="2504" t="4503" r="2688" b="4580" fs="10">septis</wd>
			<wd l="2706" t="4503" r="3093" b="4580" fs="10">paucioribus</wd>
			<wd l="3113" t="4503" r="3176" b="4562" fs="10">in</wd>
			<wd l="3194" t="4522" r="3437" b="4580" fs="10">quoque</wd>
			<wd l="3456" t="4503" r="3609" b="4563" fs="10">folio</wd>
			<wd l="3629" t="4503" r="3849" b="4563" fs="10">differt.</wd>
		</ln>
		<ln lx="2503" ly="4594" rx="3845" ry="4672">
			<wd l="2503" t="4596" r="2746" b="4672" fs="10">Typus:</wd>
			<wd l="2776" t="4594" r="3187" b="4669" fs="10">Queensland.</wd>
			<wd l="3216" t="4597" r="3525" b="4655" fs="10">Moreton</wd>
			<wd l="3548" t="4597" r="3845" b="4655" fs="10">District:</wd>
		</ln>
		<ln lx="2502" ly="4686" rx="3855" ry="4764">
			<wd l="2502" t="4686" r="2798" b="4747" fs="10">Brisbane</wd>
			<wd l="2824" t="4686" r="3027" b="4759" fs="10">River,</wd>
			<wd l="3056" t="4686" r="3334" b="4764" fs="10">adjacent</wd>
			<wd l="3357" t="4694" r="3420" b="4747" fs="10">to</wd>
			<wd l="3449" t="4686" r="3855" b="4761" fs="10">Queenscroft</wd>
		</ln>
		<ln lx="2506" ly="4778" rx="3851" ry="4851">
			<wd l="2506" t="4780" r="2625" b="4851" fs="10">St.,</wd>
			<wd l="2679" t="4778" r="3018" b="4850" fs="10">Chelmer,</wd>
			<wd l="3072" t="4780" r="3157" b="4838" fs="10">26</wd>
			<wd l="3206" t="4778" r="3599" b="4839" fs="10">November</wd>
			<wd l="3656" t="4780" r="3851" b="4851" fs="10">1995,</wd>
		</ln>
		<ln lx="2498" ly="4870" rx="3850" ry="4946">
			<wd l="2498" t="4872" r="2635" b="4930" fs="10">A.R.</wd>
			<wd l="2675" t="4872" r="2847" b="4930" fs="10">Bean</wd>
			<wd l="2882" t="4871" r="3041" b="4930" fs="10">9243</wd>
			<wd l="3082" t="4870" r="3275" b="4946" fs="10">(holo:</wd>
			<wd l="3313" t="4872" r="3471" b="4942" fs="10">BRI;</wd>
			<wd l="3508" t="4870" r="3621" b="4930" fs="10">iso:</wd>
			<wd l="3659" t="4873" r="3850" b="4942" fs="10">MEL,</wd>
		</ln>
		<ln lx="2502" ly="4961" rx="3353" ry="5037">
			<wd l="2502" t="4962" r="2654" b="5033" fs="10">MO,</wd>
			<wd l="2677" t="4962" r="2883" b="5032" fs="10">NSW,</wd>
			<wd l="2911" t="4961" r="3353" b="5037" fs="10">distribuendi).</wd>
		</ln>
		<ln lx="2312" ly="5123" rx="3852" ry="5201">
			<wd l="2312" t="5125" r="2471" b="5183" fs="10">Mat-</wd>
			<wd l="2477" t="5123" r="2744" b="5201" fs="10">forming</wd>
			<wd l="2776" t="5123" r="2956" b="5184" fs="10">herbs</wd>
			<wd l="3001" t="5125" r="3178" b="5184" fs="10">1.5-4</wd>
			<wd l="3215" t="5143" r="3313" b="5184" fs="10">cm</wd>
			<wd l="3346" t="5123" r="3512" b="5201" fs="10">high,</wd>
			<wd l="3549" t="5123" r="3852" b="5201" fs="10">glabrous,</wd>
		</ln>
		<ln lx="2312" ly="5215" rx="3854" ry="5292">
			<wd l="2312" t="5215" r="2743" b="5287" fs="10">rhizomatous,</wd>
			<wd l="2765" t="5215" r="3106" b="5292" fs="10">producing</wd>
			<wd l="3125" t="5223" r="3291" b="5275" fs="10">roots</wd>
			<wd l="3313" t="5216" r="3432" b="5276" fs="10">and</wd>
			<wd l="3453" t="5215" r="3657" b="5276" fs="10">leaves</wd>
			<wd l="3679" t="5224" r="3737" b="5276" fs="10">at</wd>
			<wd l="3755" t="5215" r="3854" b="5276" fs="10">the</wd>
		</ln>
		<ln lx="2312" ly="5306" rx="3852" ry="5384">
			<wd l="2312" t="5306" r="2524" b="5366" fs="10">nodes.</wd>
			<wd l="2552" t="5308" r="2745" b="5366" fs="10">Roots</wd>
			<wd l="2770" t="5306" r="2973" b="5378" fs="10">white,</wd>
			<wd l="3003" t="5306" r="3259" b="5378" fs="10">slender,</wd>
			<wd l="3285" t="5315" r="3348" b="5366" fs="10">to</wd>
			<wd l="3375" t="5326" r="3426" b="5367" fs="10">c.</wd>
			<wd l="3463" t="5308" r="3665" b="5367" fs="10">10mm</wd>
			<wd l="3690" t="5307" r="3852" b="5384" fs="10">long.</wd>
		</ln>
		<ln lx="2313" ly="5397" rx="3855" ry="5469">
			<wd l="2313" t="5397" r="2655" b="5457" fs="10">Rhizomes</wd>
			<wd l="2695" t="5417" r="2747" b="5457" fs="10">c.</wd>
			<wd l="2790" t="5399" r="2889" b="5457" fs="10">0.5</wd>
			<wd l="2930" t="5417" r="3060" b="5456" fs="10">mm</wd>
			<wd l="3098" t="5398" r="3162" b="5456" fs="10">in</wd>
			<wd l="3200" t="5397" r="3519" b="5469" fs="10">diameter,</wd>
			<wd l="3558" t="5398" r="3747" b="5458" fs="10">white</wd>
			<wd l="3786" t="5417" r="3855" b="5458" fs="10">or</wd>
		</ln>
		<ln lx="2315" ly="5489" rx="3852" ry="5566">
			<wd l="2315" t="5489" r="2758" b="5566" fs="10">occasionally</wd>
			<wd l="2797" t="5509" r="2992" b="5566" fs="10">green</wd>
			<wd l="3029" t="5489" r="3219" b="5549" fs="10">when</wd>
			<wd l="3258" t="5490" r="3436" b="5550" fs="10">close</wd>
			<wd l="3474" t="5498" r="3539" b="5550" fs="10">to</wd>
			<wd l="3582" t="5490" r="3852" b="5550" fs="10">surface.</wd>
		</ln>
	</region>
	<region article-doi="10.2307/41729930" region-id="6">
		<rc l="620" t="2363" r="2181" b="5258"/>
		<ln lx="626" ly="2368" rx="1075" ry="2427">
			<wd l="626" t="2368" r="1075" b="2427" fs="10">Introduction</wd>
		</ln>
		<ln lx="626" ly="2530" rx="2164" ry="2608">
			<wd l="626" t="2530" r="934" b="2591" fs="10">Members</wd>
			<wd l="967" t="2530" r="1043" b="2590" fs="10">of</wd>
			<wd l="1061" t="2530" r="1161" b="2591" fs="10">the</wd>
			<wd l="1192" t="2549" r="1383" b="2608" fs="10">genus</wd>
			<wd l="1416" t="2530" r="1762" b="2607" fs="10">Lilaeopsis</wd>
			<wd l="1794" t="2530" r="2033" b="2590" fs="10">Greene</wd>
			<wd l="2066" t="2549" r="2164" b="2590" fs="10">are</wd>
		</ln>
		<ln lx="629" ly="2622" rx="2168" ry="2701">
			<wd l="629" t="2622" r="1069" b="2701" fs="10">semi-aquatic</wd>
			<wd l="1107" t="2622" r="1294" b="2684" fs="10">herbs</wd>
			<wd l="1335" t="2622" r="1500" b="2684" fs="10">from</wd>
			<wd l="1536" t="2630" r="1880" b="2701" fs="10">temperate</wd>
			<wd l="1917" t="2630" r="1982" b="2683" fs="10">to</wd>
			<wd l="2023" t="2622" r="2168" b="2683" fs="10">sub-</wd>
		</ln>
		<ln lx="625" ly="2715" rx="2167" ry="2794">
			<wd l="625" t="2716" r="878" b="2794" fs="10">tropical</wd>
			<wd l="898" t="2735" r="1065" b="2777" fs="10">areas</wd>
			<wd l="1087" t="2716" r="1164" b="2776" fs="10">of</wd>
			<wd l="1171" t="2716" r="1320" b="2776" fs="10">both</wd>
			<wd l="1337" t="2715" r="1772" b="2793" fs="10">hemispheres.</wd>
			<wd l="1798" t="2715" r="2048" b="2793" fs="10">Species</wd>
			<wd l="2069" t="2735" r="2167" b="2776" fs="10">are</wd>
		</ln>
		<ln lx="627" ly="2807" rx="2168" ry="2880">
			<wd l="627" t="2808" r="859" b="2868" fs="10">known</wd>
			<wd l="896" t="2808" r="1059" b="2868" fs="10">from</wd>
			<wd l="1094" t="2807" r="1197" b="2868" fs="10">the</wd>
			<wd l="1234" t="2807" r="1469" b="2868" fs="10">United</wd>
			<wd l="1508" t="2809" r="1709" b="2868" fs="10">States</wd>
			<wd l="1748" t="2807" r="1827" b="2868" fs="10">of</wd>
			<wd l="1852" t="2807" r="2168" b="2880" fs="10">America,</wd>
		</ln>
		<ln lx="627" ly="2899" rx="2167" ry="2973">
			<wd l="627" t="2900" r="904" b="2973" fs="10">Mexico,</wd>
			<wd l="946" t="2900" r="1185" b="2961" fs="10">several</wd>
			<wd l="1225" t="2899" r="1422" b="2961" fs="10">South</wd>
			<wd l="1457" t="2900" r="1796" b="2960" fs="10">American</wd>
			<wd l="1833" t="2899" r="2167" b="2972" fs="10">countries,</wd>
		</ln>
		<ln lx="625" ly="2992" rx="2171" ry="3069">
			<wd l="625" t="2995" r="782" b="3053" fs="10">New</wd>
			<wd l="797" t="2993" r="1062" b="3053" fs="10">Zealand</wd>
			<wd l="1080" t="2993" r="1197" b="3053" fs="10">and</wd>
			<wd l="1212" t="2992" r="1516" b="3053" fs="10">Australia</wd>
			<wd l="1532" t="2992" r="1684" b="3069" fs="10">(Hill</wd>
			<wd l="1711" t="2994" r="1732" b="3052" fs="10">1</wd>
			<wd l="1745" t="2994" r="1885" b="3065" fs="10">927,</wd>
			<wd l="1904" t="2992" r="2171" b="3052" fs="10">Affolter</wd>
		</ln>
		<ln lx="636" ly="3084" rx="2171" ry="3163">
			<wd l="636" t="3085" r="857" b="3162" fs="10">1985).</wd>
			<wd l="904" t="3084" r="1038" b="3145" fs="10">The</wd>
			<wd l="1081" t="3104" r="1289" b="3163" fs="10">genus</wd>
			<wd l="1332" t="3104" r="1468" b="3145" fs="10">was</wd>
			<wd l="1512" t="3084" r="1661" b="3145" fs="10">first</wd>
			<wd l="1700" t="3084" r="2023" b="3145" fs="10">recorded</wd>
			<wd l="2066" t="3084" r="2171" b="3144" fs="10">for</wd>
		</ln>
		<ln lx="626" ly="3176" rx="2171" ry="3254">
			<wd l="626" t="3177" r="936" b="3238" fs="10">Australia</wd>
			<wd l="968" t="3177" r="1051" b="3254" fs="10">by</wd>
			<wd l="1086" t="3179" r="1217" b="3237" fs="10">J.D.</wd>
			<wd l="1255" t="3176" r="1510" b="3237" fs="10">Hooker</wd>
			<wd l="1544" t="3177" r="1608" b="3236" fs="10">in</wd>
			<wd l="1651" t="3178" r="1828" b="3236" fs="10">1852.</wd>
			<wd l="1866" t="3176" r="2171" b="3236" fs="10">Bentham</wd>
		</ln>
		<ln lx="629" ly="3267" rx="2172" ry="3346">
			<wd l="629" t="3269" r="851" b="3345" fs="10">(1867)</wd>
			<wd l="890" t="3268" r="1333" b="3346" fs="10">subsequently</wd>
			<wd l="1369" t="3268" r="1662" b="3328" fs="10">included</wd>
			<wd l="1698" t="3267" r="1779" b="3328" fs="10">all</wd>
			<wd l="1814" t="3267" r="2172" b="3328" fs="10">Australian</wd>
		</ln>
		<ln lx="626" ly="3360" rx="2168" ry="3422">
			<wd l="626" t="3361" r="913" b="3422" fs="10">material</wd>
			<wd l="951" t="3361" r="1152" b="3422" fs="10">under</wd>
			<wd l="1188" t="3360" r="1294" b="3421" fs="10">the</wd>
			<wd l="1332" t="3380" r="1518" b="3421" fs="10">name</wd>
			<wd l="1569" t="3362" r="1879" b="3421" fs="10">Crantzia</wd>
			<wd l="1920" t="3360" r="2168" b="3421" fs="10">lineata</wd>
		</ln>
		<ln lx="629" ly="3452" rx="2164" ry="3531">
			<wd l="629" t="3453" r="917" b="3530" fs="10">(Michx.)</wd>
			<wd l="942" t="3455" r="1108" b="3513" fs="10">Nutt.</wd>
			<wd l="1139" t="3454" r="1309" b="3530" fs="10">(now</wd>
			<wd l="1330" t="3453" r="1677" b="3531" fs="10">Lilaeopsis</wd>
			<wd l="1705" t="3453" r="2015" b="3513" fs="10">chinensis</wd>
			<wd l="2041" t="3452" r="2164" b="3529" fs="10">(L.)</wd>
		</ln>
		<ln lx="628" ly="3544" rx="2170" ry="3623">
			<wd l="628" t="3546" r="913" b="3622" fs="10">Kuntze),</wd>
			<wd l="939" t="3565" r="974" b="3606" fs="10">a</wd>
			<wd l="996" t="3545" r="1232" b="3623" fs="10">species</wd>
			<wd l="1255" t="3545" r="1467" b="3606" fs="10">whose</wd>
			<wd l="1489" t="3553" r="1631" b="3623" fs="10">type</wd>
			<wd l="1655" t="3564" r="1865" b="3606" fs="10">comes</wd>
			<wd l="1889" t="3545" r="2049" b="3605" fs="10">from</wd>
			<wd l="2069" t="3544" r="2170" b="3605" fs="10">the</wd>
		</ln>
		<ln lx="629" ly="3637" rx="2171" ry="3699">
			<wd l="629" t="3647" r="861" b="3699" fs="10">eastern</wd>
			<wd l="876" t="3638" r="1102" b="3698" fs="10">United</wd>
			<wd l="1122" t="3640" r="1313" b="3698" fs="10">States</wd>
			<wd l="1333" t="3638" r="1410" b="3698" fs="10">of</wd>
			<wd l="1417" t="3638" r="1718" b="3698" fs="10">America.</wd>
			<wd l="1739" t="3639" r="1798" b="3697" fs="10">A</wd>
			<wd l="1815" t="3637" r="2171" b="3698" fs="10">worldwide</wd>
		</ln>
		<ln lx="627" ly="3730" rx="2169" ry="3808">
			<wd l="627" t="3730" r="905" b="3791" fs="10">revision</wd>
			<wd l="939" t="3750" r="1069" b="3791" fs="10">was</wd>
			<wd l="1106" t="3730" r="1413" b="3808" fs="10">provided</wd>
			<wd l="1448" t="3730" r="1532" b="3808" fs="10">by</wd>
			<wd l="1568" t="3730" r="1699" b="3790" fs="10">Hill</wd>
			<wd l="1738" t="3730" r="1986" b="3807" fs="10">(1927),</wd>
			<wd l="2024" t="3730" r="2169" b="3790" fs="10">who</wd>
		</ln>
		<ln lx="630" ly="3822" rx="2173" ry="3900">
			<wd l="630" t="3822" r="1016" b="3884" fs="10">enumerated</wd>
			<wd l="1042" t="3823" r="1208" b="3883" fs="10">three</wd>
			<wd l="1239" t="3822" r="1475" b="3900" fs="10">species</wd>
			<wd l="1506" t="3822" r="1602" b="3883" fs="10">for</wd>
			<wd l="1627" t="3822" r="1937" b="3883" fs="10">Australia</wd>
			<wd l="1964" t="3830" r="2022" b="3883" fs="10">at</wd>
			<wd l="2047" t="3822" r="2173" b="3883" fs="10">that</wd>
		</ln>
		<ln lx="628" ly="3914" rx="2173" ry="3993">
			<wd l="628" t="3916" r="797" b="3988" fs="10">time,</wd>
			<wd l="837" t="3915" r="958" b="3976" fs="10">and</wd>
			<wd l="996" t="3915" r="1199" b="3976" fs="10">added</wd>
			<wd l="1236" t="3915" r="1495" b="3976" fs="10">another</wd>
			<wd l="1532" t="3915" r="1777" b="3993" fs="10">species</wd>
			<wd l="1818" t="3934" r="1979" b="3975" fs="10">soon</wd>
			<wd l="2016" t="3914" r="2173" b="3975" fs="10">after</wd>
		</ln>
		<ln lx="630" ly="4007" rx="2171" ry="4084">
			<wd l="630" t="4008" r="795" b="4084" fs="10">(Hill</wd>
			<wd l="844" t="4008" r="1061" b="4084" fs="10">1929).</wd>
			<wd l="1105" t="4007" r="1364" b="4068" fs="10">Eichler</wd>
			<wd l="1404" t="4008" r="1639" b="4084" fs="10">(1963)</wd>
			<wd l="1682" t="4007" r="2026" b="4067" fs="10">discussed</wd>
			<wd l="2064" t="4007" r="2171" b="4067" fs="10">the</wd>
		</ln>
		<ln lx="628" ly="4098" rx="2173" ry="4176">
			<wd l="628" t="4099" r="1082" b="4159" fs="10">nomenclature</wd>
			<wd l="1118" t="4099" r="1195" b="4159" fs="10">of</wd>
			<wd l="1218" t="4099" r="1318" b="4159" fs="10">the</wd>
			<wd l="1352" t="4098" r="1704" b="4159" fs="10">Australian</wd>
			<wd l="1739" t="4098" r="1996" b="4176" fs="10">species.</wd>
			<wd l="2035" t="4100" r="2103" b="4158" fs="10">In</wd>
			<wd l="2138" t="4118" r="2173" b="4158" fs="10">a</wd>
		</ln>
		<ln lx="628" ly="4190" rx="2172" ry="4269">
			<wd l="628" t="4199" r="829" b="4252" fs="10">recent</wd>
			<wd l="844" t="4191" r="1222" b="4269" fs="10">monograph</wd>
			<wd l="1239" t="4191" r="1316" b="4251" fs="10">of</wd>
			<wd l="1321" t="4191" r="1421" b="4251" fs="10">the</wd>
			<wd l="1439" t="4210" r="1649" b="4269" fs="10">genus,</wd>
			<wd l="1668" t="4190" r="1936" b="4251" fs="10">Affolter</wd>
			<wd l="1953" t="4191" r="2172" b="4268" fs="10">(1985)</wd>
		</ln>
		<ln lx="631" ly="4283" rx="2170" ry="4361">
			<wd l="631" t="4284" r="952" b="4361" fs="10">accepted</wd>
			<wd l="985" t="4284" r="1127" b="4361" fs="10">just</wd>
			<wd l="1168" t="4292" r="1301" b="4344" fs="10">two</wd>
			<wd l="1348" t="4283" r="1612" b="4361" fs="10">species</wd>
			<wd l="1657" t="4283" r="1763" b="4343" fs="10">for</wd>
			<wd l="1804" t="4283" r="2170" b="4355" fs="10">Australia,</wd>
		</ln>
		<ln lx="626" ly="4374" rx="2169" ry="4451">
			<wd l="626" t="4377" r="686" b="4434" fs="10">L.</wd>
			<wd l="702" t="4375" r="1042" b="4451" fs="10">polyantha</wd>
			<wd l="1060" t="4375" r="1315" b="4450" fs="10">(Gand.)</wd>
			<wd l="1334" t="4375" r="1657" b="4433" fs="10">H.Eichler</wd>
			<wd l="1676" t="4374" r="1794" b="4433" fs="10">and</wd>
			<wd l="1800" t="4377" r="1860" b="4433" fs="10">L.</wd>
			<wd l="1871" t="4374" r="2169" b="4450" fs="10">fistulosa</wd>
		</ln>
		<ln lx="629" ly="4465" rx="954" ry="4525">
			<wd l="629" t="4465" r="954" b="4525" fs="10">A.W.Hill.</wd>
		</ln>
		<ln lx="819" ly="4627" rx="2169" ry="4688">
			<wd l="819" t="4627" r="944" b="4688" fs="10">The</wd>
			<wd l="961" t="4636" r="1145" b="4688" fs="10">taxon</wd>
			<wd l="1163" t="4627" r="1478" b="4688" fs="10">described</wd>
			<wd l="1493" t="4627" r="1634" b="4688" fs="10">here</wd>
			<wd l="1654" t="4647" r="1719" b="4688" fs="10">as</wd>
			<wd l="1730" t="4630" r="1790" b="4688" fs="10">L.</wd>
			<wd l="1818" t="4627" r="2169" b="4688" fs="10">brisbanica</wd>
		</ln>
		<ln lx="629" ly="4719" rx="2174" ry="4796">
			<wd l="629" t="4739" r="767" b="4779" fs="10">was</wd>
			<wd l="818" t="4719" r="970" b="4779" fs="10">first</wd>
			<wd l="1019" t="4719" r="1361" b="4779" fs="10">collected</wd>
			<wd l="1407" t="4719" r="1496" b="4796" fs="10">by</wd>
			<wd l="1542" t="4719" r="1813" b="4779" fs="10">Amalie</wd>
			<wd l="1862" t="4719" r="2174" b="4779" fs="10">Dietrich</wd>
		</ln>
		<ln lx="629" ly="4810" rx="2172" ry="4888">
			<wd l="629" t="4810" r="914" b="4871" fs="10">between</wd>
			<wd l="957" t="4812" r="1113" b="4871" fs="10">1863</wd>
			<wd l="1156" t="4810" r="1277" b="4871" fs="10">and</wd>
			<wd l="1322" t="4812" r="1502" b="4883" fs="10">1865,</wd>
			<wd l="1542" t="4810" r="1664" b="4871" fs="10">and</wd>
			<wd l="1701" t="4830" r="1861" b="4871" fs="10">soon</wd>
			<wd l="1898" t="4811" r="2054" b="4871" fs="10">after</wd>
			<wd l="2088" t="4811" r="2172" b="4888" fs="10">by</wd>
		</ln>
		<ln lx="630" ly="4902" rx="2175" ry="4979">
			<wd l="630" t="4905" r="786" b="4962" fs="10">F.M.</wd>
			<wd l="809" t="4903" r="1041" b="4979" fs="10">Bailey.</wd>
			<wd l="1064" t="4902" r="1191" b="4962" fs="10">Hill</wd>
			<wd l="1212" t="4903" r="1433" b="4978" fs="10">(1927)</wd>
			<wd l="1452" t="4902" r="1631" b="4963" fs="10">made</wd>
			<wd l="1653" t="4903" r="1881" b="4979" fs="10">special</wd>
			<wd l="1900" t="4903" r="2175" b="4963" fs="10">mention</wd>
		</ln>
		<ln lx="632" ly="4993" rx="2173" ry="5070">
			<wd l="632" t="4993" r="711" b="5053" fs="10">of</wd>
			<wd l="739" t="4993" r="1094" b="5053" fs="10">Dietrich's</wd>
			<wd l="1136" t="4993" r="1523" b="5070" fs="10">specimens,</wd>
			<wd l="1566" t="4993" r="1690" b="5053" fs="10">and</wd>
			<wd l="1728" t="4993" r="2002" b="5070" fs="10">thought</wd>
			<wd l="2039" t="4993" r="2173" b="5053" fs="10">that</wd>
		</ln>
		<ln lx="630" ly="5084" rx="2176" ry="5162">
			<wd l="630" t="5084" r="774" b="5161" fs="10">they</wd>
			<wd l="810" t="5084" r="996" b="5144" fs="10">could</wd>
			<wd l="1029" t="5093" r="1343" b="5161" fs="10">represent</wd>
			<wd l="1378" t="5104" r="1414" b="5145" fs="10">a</wd>
			<wd l="1446" t="5104" r="1588" b="5144" fs="10">new</wd>
			<wd l="1625" t="5085" r="1886" b="5162" fs="10">species,</wd>
			<wd l="1926" t="5085" r="2176" b="5145" fs="10">distinct</wd>
		</ln>
		<ln lx="633" ly="5176" rx="2170" ry="5253">
			<wd l="633" t="5176" r="795" b="5236" fs="10">from</wd>
			<wd l="826" t="5179" r="887" b="5236" fs="10">L.</wd>
			<wd l="932" t="5177" r="1283" b="5236" fs="10">australica</wd>
			<wd l="1318" t="5177" r="1475" b="5253" fs="10">(syn.</wd>
			<wd l="1519" t="5179" r="1581" b="5236" fs="10">L.</wd>
			<wd l="1616" t="5177" r="1973" b="5253" fs="10">polyantha</wd>
			<wd l="1976" t="5177" r="2020" b="5253" fs="10">),</wd>
			<wd l="2059" t="5177" r="2170" b="5237" fs="10">but</wd>
		</ln>
	</region>
	<region article-doi="10.2307/41729930" region-id="7">
		<rc l="628" t="5419" r="1672" b="5491"/>
		<ln lx="633" ly="5424" rx="1667" ry="5486">
			<wd l="633" t="5424" r="880" b="5486" fs="10">Accepted</wd>
			<wd l="900" t="5424" r="976" b="5472" fs="10">for</wd>
			<wd l="992" t="5424" r="1293" b="5486" fs="10">publication</wd>
			<wd l="1312" t="5425" r="1375" b="5472" fs="10">20</wd>
			<wd l="1396" t="5426" r="1516" b="5472" fs="10">June</wd>
			<wd l="1543" t="5425" r="1667" b="5472" fs="10">1997</wd>
		</ln>
	</region>
</ocr-page>
