<?xml version="1.0" encoding="UTF-8"?>
<ocr-page type="coords" ocr-vers="1.0" creation-date="20130321" res="600" height="6300" width="4500">
	<region article-doi="10.2307/41729919" region-id="0">
		<rc l="637" t="727" r="3864" b="800"/>
		<ln lx="642" ly="732" rx="3859" ry="795">
			<wd l="642" t="738" r="789" b="795" fs="10">Bean,</wd>
			<wd l="810" t="736" r="1115" b="785" fs="10">Astrotricha</wd>
			<wd l="3797" t="732" r="3859" b="780" fs="10">69</wd>
		</ln>
	</region>
	<region article-doi="10.2307/41729919" region-id="1">
		<rc l="626" t="849" r="2186" b="2097"/>
		<ln lx="631" ly="854" rx="2173" ry="932">
			<wd l="631" t="857" r="1048" b="917" fs="10">Distribution</wd>
			<wd l="1069" t="857" r="1202" b="916" fs="10">and</wd>
			<wd l="1216" t="856" r="1460" b="916" fs="10">habitat</wd>
			<wd l="1461" t="874" r="1476" b="915" fs="10">:</wd>
			<wd l="1496" t="856" r="1562" b="915" fs="10">A.</wd>
			<wd l="1592" t="855" r="1855" b="932" fs="10">latifolia</wd>
			<wd l="1874" t="873" r="2089" b="915" fs="10">occurs</wd>
			<wd l="2110" t="854" r="2173" b="914" fs="10">in</wd>
		</ln>
		<ln lx="637" ly="947" rx="2176" ry="1024">
			<wd l="637" t="949" r="917" b="1009" fs="10">southern</wd>
			<wd l="935" t="948" r="1323" b="1023" fs="10">Queensland</wd>
			<wd l="1343" t="947" r="1519" b="1008" fs="10">south</wd>
			<wd l="1537" t="947" r="1695" b="1008" fs="10">from</wd>
			<wd l="1713" t="947" r="1896" b="1007" fs="10">about</wd>
			<wd l="1913" t="947" r="2176" b="1024" fs="10">Gympie</wd>
		</ln>
		<ln lx="637" ly="1038" rx="2178" ry="1116">
			<wd l="637" t="1041" r="756" b="1101" fs="10">and</wd>
			<wd l="790" t="1049" r="945" b="1100" fs="10">west</wd>
			<wd l="979" t="1049" r="1042" b="1100" fs="10">to</wd>
			<wd l="1079" t="1040" r="1180" b="1100" fs="10">the</wd>
			<wd l="1218" t="1041" r="1406" b="1100" fs="10">Great</wd>
			<wd l="1441" t="1039" r="1745" b="1116" fs="10">Dividing</wd>
			<wd l="1781" t="1041" r="2017" b="1116" fs="10">Range,</wd>
			<wd l="2057" t="1038" r="2178" b="1099" fs="10">and</wd>
		</ln>
		<ln lx="637" ly="1131" rx="2177" ry="1210">
			<wd l="637" t="1133" r="818" b="1210" fs="10">along</wd>
			<wd l="843" t="1132" r="1027" b="1193" fs="10">much</wd>
			<wd l="1054" t="1132" r="1131" b="1193" fs="10">of</wd>
			<wd l="1146" t="1132" r="1245" b="1192" fs="10">the</wd>
			<wd l="1271" t="1134" r="1430" b="1192" fs="10">New</wd>
			<wd l="1459" t="1131" r="1650" b="1192" fs="10">South</wd>
			<wd l="1677" t="1131" r="1882" b="1192" fs="10">Wales</wd>
			<wd l="1911" t="1139" r="2097" b="1191" fs="10">coast.</wd>
			<wd l="2128" t="1133" r="2177" b="1191" fs="10">It</wd>
		</ln>
		<ln lx="636" ly="1223" rx="2176" ry="1302">
			<wd l="636" t="1225" r="903" b="1286" fs="10">inhabits</wd>
			<wd l="940" t="1225" r="1047" b="1285" fs="10">tall</wd>
			<wd l="1085" t="1224" r="1375" b="1302" fs="10">eucalypt</wd>
			<wd l="1411" t="1224" r="1606" b="1284" fs="10">forest</wd>
			<wd l="1642" t="1224" r="1706" b="1283" fs="10">in</wd>
			<wd l="1741" t="1224" r="1893" b="1301" fs="10">high</wd>
			<wd l="1928" t="1223" r="2176" b="1284" fs="10">rainfall</wd>
		</ln>
		<ln lx="637" ly="1337" rx="821" ry="1378">
			<wd l="637" t="1337" r="821" b="1378" fs="10">areas.</wd>
		</ln>
		<ln lx="635" ly="1483" rx="1322" ry="1558">
			<wd l="635" t="1483" r="1322" b="1558" fs="10">Acknowledgements</wd>
		</ln>
		<ln lx="637" ly="1645" rx="2178" ry="1724">
			<wd l="637" t="1649" r="661" b="1706" fs="10">I</wd>
			<wd l="705" t="1666" r="807" b="1707" fs="10">am</wd>
			<wd l="849" t="1646" r="1134" b="1724" fs="10">grateful</wd>
			<wd l="1176" t="1655" r="1243" b="1706" fs="10">to</wd>
			<wd l="1287" t="1645" r="1457" b="1706" fs="10">John</wd>
			<wd l="1500" t="1645" r="1886" b="1723" fs="10">Thompson</wd>
			<wd l="1929" t="1645" r="2034" b="1705" fs="10">for</wd>
			<wd l="2074" t="1645" r="2178" b="1705" fs="10">his</wd>
		</ln>
		<ln lx="636" ly="1737" rx="2179" ry="1816">
			<wd l="636" t="1738" r="955" b="1816" fs="10">persistent</wd>
			<wd l="974" t="1738" r="1188" b="1798" fs="10">efforts</wd>
			<wd l="1207" t="1746" r="1269" b="1798" fs="10">to</wd>
			<wd l="1291" t="1737" r="1511" b="1798" fs="10">collect</wd>
			<wd l="1530" t="1737" r="1696" b="1815" fs="10">good</wd>
			<wd l="1717" t="1737" r="2041" b="1814" fs="10">flowering</wd>
			<wd l="2061" t="1737" r="2179" b="1797" fs="10">and</wd>
		</ln>
		<ln lx="638" ly="1829" rx="2173" ry="1907">
			<wd l="638" t="1830" r="918" b="1907" fs="10">fruiting</wd>
			<wd l="960" t="1830" r="1264" b="1890" fs="10">material</wd>
			<wd l="1310" t="1830" r="1391" b="1890" fs="10">of</wd>
			<wd l="1428" t="1832" r="1499" b="1890" fs="10">A.</wd>
			<wd l="1554" t="1829" r="2037" b="1907" fs="10">brachyandra</wd>
			<wd l="2045" t="1879" r="2058" b="1901" fs="10">,</wd>
			<wd l="2105" t="1837" r="2173" b="1889" fs="10">to</wd>
		</ln>
		<ln lx="638" ly="1921" rx="2181" ry="1999">
			<wd l="638" t="1923" r="781" b="1983" fs="10">Will</wd>
			<wd l="804" t="1922" r="997" b="1983" fs="10">Smith</wd>
			<wd l="1016" t="1922" r="1112" b="1983" fs="10">for</wd>
			<wd l="1128" t="1922" r="1228" b="1982" fs="10">the</wd>
			<wd l="1248" t="1922" r="1659" b="1994" fs="10">illustrations,</wd>
			<wd l="1681" t="1922" r="1799" b="1982" fs="10">and</wd>
			<wd l="1818" t="1924" r="1935" b="1982" fs="10">Les</wd>
			<wd l="1955" t="1921" r="2181" b="1999" fs="10">Pedley</wd>
		</ln>
		<ln lx="639" ly="2014" rx="1422" ry="2092">
			<wd l="639" t="2014" r="733" b="2075" fs="10">for</wd>
			<wd l="755" t="2014" r="854" b="2075" fs="10">the</wd>
			<wd l="879" t="2014" r="1053" b="2075" fs="10">Latin</wd>
			<wd l="1078" t="2014" r="1422" b="2092" fs="10">diagnoses.</wd>
		</ln>
	</region>
	<region article-doi="10.2307/41729919" region-id="2">
		<rc l="633" t="2175" r="1028" b="2244"/>
		<ln lx="638" ly="2180" rx="1023" ry="2239">
			<wd l="638" t="2180" r="1023" b="2239" fs="10">References</wd>
		</ln>
	</region>
	<region article-doi="10.2307/41729919" region-id="3">
		<rc l="633" t="2336" r="2181" b="2484"/>
		<ln lx="638" ly="2341" rx="2176" ry="2403">
			<wd l="638" t="2343" r="790" b="2400" fs="10">Bean,</wd>
			<wd l="807" t="2343" r="929" b="2390" fs="10">A.R.</wd>
			<wd l="949" t="2342" r="1139" b="2403" fs="10">(1991).</wd>
			<wd l="1156" t="2343" r="1313" b="2390" fs="10">Notes</wd>
			<wd l="1331" t="2357" r="1395" b="2390" fs="10">on</wd>
			<wd l="1402" t="2341" r="1709" b="2389" fs="10">Astrotricha</wd>
			<wd l="1723" t="2342" r="1828" b="2390" fs="10">DC.</wd>
			<wd l="1848" t="2341" r="2176" b="2402" fs="10">(Araliaceae)</wd>
		</ln>
		<ln lx="828" ly="2417" rx="2030" ry="2479">
			<wd l="828" t="2417" r="876" b="2465" fs="10">in</wd>
			<wd l="896" t="2417" r="1222" b="2477" fs="10">Queensland.</wd>
			<wd l="1240" t="2417" r="1618" b="2479" fs="10">Austrobaileya</wd>
			<wd l="1636" t="2418" r="1759" b="2478" fs="10">3(3):</wd>
			<wd l="1785" t="2417" r="2030" b="2465" fs="10">523-528.</wd>
		</ln>
	</region>
	<region article-doi="10.2307/41729919" region-id="4">
		<rc l="633" t="2560" r="2193" b="2858"/>
		<ln lx="638" ly="2565" rx="2177" ry="2626">
			<wd l="638" t="2595" r="837" b="2598" fs="10">
			</wd>
			<wd l="864" t="2566" r="1054" b="2626" fs="10">(1994).</wd>
			<wd l="1090" t="2565" r="1418" b="2614" fs="10">Astrotricha.</wd>
			<wd l="1451" t="2567" r="1505" b="2613" fs="10">In</wd>
			<wd l="1534" t="2567" r="1692" b="2613" fs="10">R.J.F.</wd>
			<wd l="1725" t="2565" r="2022" b="2614" fs="10">Henderson</wd>
			<wd l="2053" t="2565" r="2177" b="2626" fs="10">(ed.)</wd>
		</ln>
		<ln lx="829" ly="2641" rx="2185" ry="2703">
			<wd l="829" t="2641" r="1187" b="2703" fs="10">Queensland</wd>
			<wd l="1241" t="2641" r="1504" b="2689" fs="10">Vascular</wd>
			<wd l="1552" t="2641" r="1767" b="2689" fs="10">Plants:</wd>
			<wd l="1821" t="2642" r="2020" b="2689" fs="10">Names</wd>
			<wd l="2073" t="2641" r="2185" b="2689" fs="10">and</wd>
		</ln>
		<ln lx="825" ly="2716" rx="2188" ry="2778">
			<wd l="825" t="2717" r="1163" b="2765" fs="10">Distribution.</wd>
			<wd l="1181" t="2717" r="1433" b="2765" fs="10">Brisbane:</wd>
			<wd l="1466" t="2716" r="1780" b="2776" fs="10">Queensland</wd>
			<wd l="1796" t="2718" r="2110" b="2778" fs="10">Department</wd>
			<wd l="2126" t="2716" r="2188" b="2765" fs="10">of</wd>
		</ln>
		<ln lx="827" ly="2791" rx="1551" ry="2853">
			<wd l="827" t="2792" r="1174" b="2840" fs="10">Environment</wd>
			<wd l="1195" t="2792" r="1288" b="2840" fs="10">and</wd>
			<wd l="1309" t="2791" r="1551" b="2853" fs="10">Heritage.</wd>
		</ln>
	</region>
	<region article-doi="10.2307/41729919" region-id="5">
		<rc l="633" t="2934" r="2187" b="3157"/>
		<ln lx="638" ly="2939" rx="2182" ry="3001">
			<wd l="638" t="2969" r="844" b="2973" fs="10">
			</wd>
			<wd l="877" t="2940" r="1084" b="3000" fs="10">(1995).</wd>
			<wd l="1120" t="2941" r="1167" b="2987" fs="10">A</wd>
			<wd l="1200" t="2955" r="1316" b="2988" fs="10">new</wd>
			<wd l="1352" t="2939" r="1560" b="3001" fs="10">species</wd>
			<wd l="1595" t="2939" r="1695" b="2988" fs="10">and</wd>
			<wd l="1729" t="2955" r="1845" b="2988" fs="10">new</wd>
			<wd l="1878" t="2939" r="2064" b="2988" fs="10">record</wd>
			<wd l="2099" t="2939" r="2182" b="2988" fs="10">for</wd>
		</ln>
		<ln lx="824" ly="3015" rx="2175" ry="3075">
			<wd l="824" t="3015" r="1158" b="3063" fs="10">Astrotricha</wd>
			<wd l="1189" t="3016" r="1300" b="3063" fs="10">DC.</wd>
			<wd l="1337" t="3015" r="1696" b="3075" fs="10">(Araliaceae)</wd>
			<wd l="1732" t="3015" r="1783" b="3062" fs="10">in</wd>
			<wd l="1818" t="3015" r="2175" b="3074" fs="10">Queensland.</wd>
		</ln>
		<ln lx="825" ly="3090" rx="1611" ry="3152">
			<wd l="825" t="3090" r="1201" b="3152" fs="10">Austrobaileya</wd>
			<wd l="1218" t="3091" r="1342" b="3151" fs="10">4(3):</wd>
			<wd l="1364" t="3091" r="1611" b="3139" fs="10">407^409.</wd>
		</ln>
	</region>
	<region article-doi="10.2307/41729919" region-id="6">
		<rc l="635" t="3231" r="2185" b="3518"/>
		<ln lx="640" ly="3236" rx="2180" ry="3297">
			<wd l="640" t="3237" r="884" b="3295" fs="10">Chalson,</wd>
			<wd l="909" t="3238" r="1022" b="3285" fs="10">J.M.</wd>
			<wd l="1049" t="3237" r="1096" b="3285" fs="10"><![CDATA[&]]></wd>
			<wd l="1121" t="3238" r="1286" b="3294" fs="10">Keith,</wd>
			<wd l="1310" t="3237" r="1434" b="3285" fs="10">D.A.</wd>
			<wd l="1461" t="3237" r="1649" b="3297" fs="10">(1995).</wd>
			<wd l="1673" t="3237" r="1712" b="3284" fs="10">A</wd>
			<wd l="1736" t="3236" r="1855" b="3284" fs="10">Risk</wd>
			<wd l="1870" t="3237" r="2180" b="3284" fs="10">Assessment</wd>
		</ln>
		<ln lx="827" ly="3312" rx="2179" ry="3374">
			<wd l="827" t="3312" r="1022" b="3360" fs="10">scheme</wd>
			<wd l="1036" t="3312" r="1126" b="3374" fs="10">for</wd>
			<wd l="1160" t="3312" r="1392" b="3360" fs="10">Vascular</wd>
			<wd l="1417" t="3312" r="1605" b="3360" fs="10">Plants:</wd>
			<wd l="1635" t="3312" r="1767" b="3360" fs="10">Pilot</wd>
			<wd l="1789" t="3312" r="2103" b="3374" fs="10">Application</wd>
			<wd l="2131" t="3321" r="2179" b="3360" fs="10">to</wd>
		</ln>
		<ln lx="829" ly="3388" rx="2179" ry="3450">
			<wd l="829" t="3389" r="907" b="3437" fs="10">the</wd>
			<wd l="922" t="3388" r="1074" b="3436" fs="10">Flora</wd>
			<wd l="1091" t="3388" r="1155" b="3450" fs="10">of</wd>
			<wd l="1154" t="3390" r="1273" b="3437" fs="10">New</wd>
			<wd l="1289" t="3388" r="1440" b="3437" fs="10">South</wd>
			<wd l="1465" t="3388" r="1629" b="3437" fs="10">Wales.</wd>
			<wd l="1649" t="3388" r="1931" b="3437" fs="10">Hurstville:</wd>
			<wd l="1948" t="3388" r="2179" b="3437" fs="10">National</wd>
		</ln>
		<ln lx="828" ly="3464" rx="1565" ry="3513">
			<wd l="828" t="3464" r="973" b="3513" fs="10">Parks</wd>
			<wd l="996" t="3464" r="1089" b="3513" fs="10">and</wd>
			<wd l="1112" t="3464" r="1331" b="3513" fs="10">Wildlife</wd>
			<wd l="1355" t="3464" r="1565" b="3513" fs="10">Service.</wd>
		</ln>
	</region>
	<region article-doi="10.2307/41729919" region-id="7">
		<rc l="635" t="3607" r="2185" b="3816"/>
		<ln lx="640" ly="3612" rx="2180" ry="3673">
			<wd l="640" t="3613" r="824" b="3670" fs="10">Domin,</wd>
			<wd l="848" t="3614" r="907" b="3660" fs="10">K.</wd>
			<wd l="933" t="3613" r="1121" b="3672" fs="10">(1928).</wd>
			<wd l="1144" t="3612" r="1463" b="3660" fs="10">Astrotricha.</wd>
			<wd l="1489" t="3613" r="1542" b="3659" fs="10">In</wd>
			<wd l="1565" t="3612" r="1789" b="3673" fs="10">Beitrage</wd>
			<wd l="1813" t="3627" r="1897" b="3660" fs="10">zur</wd>
			<wd l="1919" t="3612" r="2060" b="3660" fs="10">Flora</wd>
			<wd l="2081" t="3612" r="2180" b="3660" fs="10">und</wd>
		</ln>
		<ln lx="828" ly="3687" rx="2179" ry="3749">
			<wd l="828" t="3687" r="1410" b="3749" fs="10">Pflanzengeographie</wd>
			<wd l="1444" t="3687" r="1795" b="3736" fs="10">Australiens.</wd>
			<wd l="1836" t="3687" r="2179" b="3735" fs="10">Bibliotheca</wd>
		</ln>
		<ln lx="827" ly="3764" rx="1432" ry="3811">
			<wd l="827" t="3765" r="1068" b="3811" fs="10">Botanica</wd>
			<wd l="1087" t="3764" r="1165" b="3811" fs="10">89:</wd>
			<wd l="1186" t="3764" r="1432" b="3811" fs="10">485^87.</wd>
		</ln>
	</region>
	<region article-doi="10.2307/41729919" region-id="8">
		<rc l="635" t="3905" r="2190" b="4040"/>
		<ln lx="640" ly="3910" rx="2185" ry="3971">
			<wd l="640" t="3912" r="838" b="3968" fs="10">Briggs,</wd>
			<wd l="868" t="3912" r="971" b="3959" fs="10">I.D.</wd>
			<wd l="1002" t="3911" r="1050" b="3959" fs="10"><![CDATA[&]]></wd>
			<wd l="1080" t="3912" r="1244" b="3969" fs="10">Leigh,</wd>
			<wd l="1273" t="3912" r="1374" b="3959" fs="10">J.H.</wd>
			<wd l="1405" t="3911" r="1594" b="3971" fs="10">(1996).</wd>
			<wd l="1629" t="3912" r="1760" b="3959" fs="10">Rare</wd>
			<wd l="1788" t="3927" r="1847" b="3959" fs="10">or</wd>
			<wd l="1877" t="3910" r="2185" b="3959" fs="10">Threatened</wd>
		</ln>
		<ln lx="825" ly="3986" rx="1873" ry="4035">
			<wd l="825" t="3986" r="1108" b="4034" fs="10">Australian</wd>
			<wd l="1126" t="3986" r="1307" b="4034" fs="10">Plants.</wd>
			<wd l="1332" t="3986" r="1640" b="4035" fs="10">Melbourne:</wd>
			<wd l="1665" t="3987" r="1873" b="4035" fs="10">CSIRO.</wd>
		</ln>
	</region>
	<region article-doi="10.2307/41729919" region-id="9">
		<rc l="636" t="4127" r="2185" b="4336"/>
		<ln lx="641" ly="4132" rx="2180" ry="4194">
			<wd l="641" t="4133" r="921" b="4190" fs="10">Makinson,</wd>
			<wd l="942" t="4132" r="1062" b="4180" fs="10">R.O.</wd>
			<wd l="1085" t="4132" r="1274" b="4192" fs="10">(1991).</wd>
			<wd l="1297" t="4133" r="1416" b="4180" fs="10">Two</wd>
			<wd l="1435" t="4147" r="1545" b="4180" fs="10">new</wd>
			<wd l="1566" t="4132" r="1755" b="4194" fs="10">species</wd>
			<wd l="1776" t="4132" r="1837" b="4181" fs="10">of</wd>
			<wd l="1872" t="4132" r="2180" b="4180" fs="10">Astrotricha</wd>
		</ln>
		<ln lx="830" ly="4207" rx="2180" ry="4269">
			<wd l="830" t="4207" r="1175" b="4268" fs="10">(Araliaceae)</wd>
			<wd l="1209" t="4207" r="1340" b="4256" fs="10">from</wd>
			<wd l="1369" t="4209" r="1499" b="4256" fs="10">New</wd>
			<wd l="1533" t="4207" r="1693" b="4256" fs="10">South</wd>
			<wd l="1726" t="4208" r="1912" b="4256" fs="10">Wales.</wd>
			<wd l="1957" t="4208" r="2180" b="4269" fs="10">Telopea</wd>
		</ln>
		<ln lx="829" ly="4283" rx="1141" ry="4331">
			<wd l="829" t="4283" r="1141" b="4331" fs="10">4:313-319.</wd>
		</ln>
	</region>
</ocr-page>
