<?xml version="1.0" encoding="UTF-8"?>
<ocr-page type="coords" ocr-vers="1.0" creation-date="20130321" res="600" height="6300" width="4500">
	<region article-doi="10.2307/41729931" region-id="0">
		<rc l="633" t="728" r="3856" b="804"/>
		<ln lx="638" ly="733" rx="3851" ry="799">
			<wd l="638" t="739" r="788" b="796" fs="10">Bean,</wd>
			<wd l="808" t="739" r="1156" b="799" fs="10">Microcarpae</wd>
			<wd l="1175" t="741" r="1352" b="799" fs="10">agonis</wd>
			<wd l="3768" t="733" r="3851" b="781" fs="10">151</wd>
		</ln>
	</region>
	<region article-doi="10.2307/41729931" region-id="1">
		<rc l="631" t="851" r="2209" b="5565"/>
		<ln lx="636" ly="856" rx="2183" ry="934">
			<wd l="636" t="859" r="1020" b="934" fs="10">Phenology'.</wd>
			<wd l="1059" t="857" r="1219" b="917" fs="10">Both</wd>
			<wd l="1237" t="857" r="1481" b="917" fs="10">flowers</wd>
			<wd l="1502" t="856" r="1619" b="916" fs="10">and</wd>
			<wd l="1638" t="856" r="1808" b="916" fs="10">fruits</wd>
			<wd l="1828" t="875" r="1925" b="916" fs="10">are</wd>
			<wd l="1943" t="864" r="2183" b="933" fs="10">present</wd>
		</ln>
		<ln lx="641" ly="947" rx="2185" ry="1026">
			<wd l="641" t="969" r="721" b="1010" fs="10">on</wd>
			<wd l="750" t="949" r="849" b="1010" fs="10">the</wd>
			<wd l="879" t="957" r="1021" b="1026" fs="10">type</wd>
			<wd l="1055" t="949" r="1367" b="1026" fs="10">specimen</wd>
			<wd l="1396" t="948" r="1601" b="1008" fs="10">which</wd>
			<wd l="1629" t="967" r="1757" b="1008" fs="10">was</wd>
			<wd l="1791" t="947" r="2091" b="1008" fs="10">collected</wd>
			<wd l="2121" t="947" r="2185" b="1007" fs="10">in</wd>
		</ln>
		<ln lx="639" ly="1042" rx="956" ry="1119">
			<wd l="639" t="1042" r="956" b="1119" fs="10">February.</wd>
		</ln>
		<ln lx="636" ly="1200" rx="2178" ry="1280">
			<wd l="636" t="1205" r="836" b="1263" fs="10">Notes</wd>
			<wd l="844" t="1221" r="858" b="1263" fs="10">:</wd>
			<wd l="901" t="1202" r="1029" b="1263" fs="10">The</wd>
			<wd l="1065" t="1221" r="1207" b="1263" fs="10">new</wd>
			<wd l="1244" t="1201" r="1486" b="1280" fs="10">species</wd>
			<wd l="1524" t="1201" r="1577" b="1262" fs="10">is</wd>
			<wd l="1615" t="1201" r="1855" b="1279" fs="10">closely</wd>
			<wd l="1893" t="1200" r="2081" b="1261" fs="10">allied</wd>
			<wd l="2115" t="1208" r="2178" b="1261" fs="10">to</wd>
		</ln>
		<ln lx="639" ly="1289" rx="2181" ry="1368">
			<wd l="639" t="1294" r="719" b="1352" fs="10">M.</wd>
			<wd l="748" t="1296" r="996" b="1352" fs="10">minima</wd>
			<wd l="1016" t="1291" r="1079" b="1351" fs="10">in</wd>
			<wd l="1100" t="1291" r="1224" b="1352" fs="10">size</wd>
			<wd l="1247" t="1290" r="1365" b="1352" fs="10">and</wd>
			<wd l="1385" t="1290" r="1563" b="1363" fs="10">form,</wd>
			<wd l="1587" t="1290" r="1706" b="1351" fs="10">and</wd>
			<wd l="1723" t="1289" r="1867" b="1368" fs="10">they</wd>
			<wd l="1889" t="1289" r="2061" b="1351" fs="10">share</wd>
			<wd l="2080" t="1289" r="2181" b="1350" fs="10">the</wd>
		</ln>
		<ln lx="643" ly="1378" rx="2183" ry="1457">
			<wd l="643" t="1380" r="889" b="1457" fs="10">solitary</wd>
			<wd l="909" t="1379" r="1161" b="1456" fs="10">axillary</wd>
			<wd l="1182" t="1379" r="1626" b="1439" fs="10">inflorescence</wd>
			<wd l="1646" t="1378" r="1795" b="1439" fs="10">with</wd>
			<wd l="1812" t="1378" r="1913" b="1438" fs="10">the</wd>
			<wd l="1935" t="1378" r="2183" b="1438" fs="10">flowers</wd>
		</ln>
		<ln lx="643" ly="1465" rx="2178" ry="1545">
			<wd l="643" t="1468" r="852" b="1529" fs="10">sessile</wd>
			<wd l="887" t="1487" r="955" b="1528" fs="10">or</wd>
			<wd l="985" t="1467" r="1191" b="1545" fs="10">nearly</wd>
			<wd l="1227" t="1487" r="1313" b="1528" fs="10">so.</wd>
			<wd l="1356" t="1469" r="1438" b="1527" fs="10">M</wd>
			<wd l="1481" t="1471" r="1702" b="1544" fs="10">agonis</wd>
			<wd l="1737" t="1466" r="1952" b="1527" fs="10">differs</wd>
			<wd l="1986" t="1465" r="2069" b="1544" fs="10">by</wd>
			<wd l="2104" t="1466" r="2178" b="1526" fs="10">its</wd>
		</ln>
		<ln lx="643" ly="1555" rx="2186" ry="1632">
			<wd l="643" t="1556" r="832" b="1617" fs="10">linear</wd>
			<wd l="867" t="1556" r="1072" b="1617" fs="10">leaves</wd>
			<wd l="1112" t="1557" r="1360" b="1616" fs="10">5.0-9.0</wd>
			<wd l="1395" t="1575" r="1524" b="1615" fs="10">mm</wd>
			<wd l="1560" t="1555" r="1707" b="1632" fs="10">long</wd>
			<wd l="1743" t="1555" r="2022" b="1631" fs="10">(2.5-5.0</wd>
			<wd l="2058" t="1574" r="2186" b="1614" fs="10">mm</wd>
		</ln>
		<ln lx="643" ly="1642" rx="2180" ry="1722">
			<wd l="643" t="1644" r="787" b="1722" fs="10">long</wd>
			<wd l="821" t="1644" r="915" b="1704" fs="10">for</wd>
			<wd l="957" t="1646" r="1039" b="1704" fs="10">M</wd>
			<wd l="1084" t="1643" r="1365" b="1720" fs="10">minima)</wd>
			<wd l="1404" t="1643" r="1525" b="1704" fs="10">and</wd>
			<wd l="1562" t="1644" r="1812" b="1703" fs="10">0.3-0.5</wd>
			<wd l="1852" t="1662" r="1982" b="1702" fs="10">mm</wd>
			<wd l="2016" t="1642" r="2180" b="1703" fs="10">wide</wd>
		</ln>
		<ln lx="643" ly="1730" rx="2182" ry="1809">
			<wd l="643" t="1733" r="913" b="1809" fs="10">(0.7-1.5</wd>
			<wd l="941" t="1752" r="1068" b="1792" fs="10">mm</wd>
			<wd l="1090" t="1732" r="1251" b="1792" fs="10">wide</wd>
			<wd l="1276" t="1731" r="1372" b="1792" fs="10">for</wd>
			<wd l="1390" t="1733" r="1471" b="1792" fs="10">M</wd>
			<wd l="1504" t="1736" r="1753" b="1792" fs="10">minima</wd>
			<wd l="1756" t="1731" r="1799" b="1807" fs="10">),</wd>
			<wd l="1824" t="1730" r="1925" b="1791" fs="10">the</wd>
			<wd l="1952" t="1730" r="2182" b="1791" fs="10">shorter</wd>
		</ln>
		<ln lx="643" ly="1818" rx="2184" ry="1898">
			<wd l="643" t="1821" r="820" b="1898" fs="10">calyx</wd>
			<wd l="852" t="1820" r="994" b="1880" fs="10">tube</wd>
			<wd l="1028" t="1820" r="1233" b="1880" fs="10">which</wd>
			<wd l="1267" t="1820" r="1318" b="1880" fs="10">is</wd>
			<wd l="1352" t="1819" r="1651" b="1880" fs="10">unribbed</wd>
			<wd l="1686" t="1838" r="1754" b="1879" fs="10">or</wd>
			<wd l="1788" t="1819" r="1934" b="1896" fs="10">only</wd>
			<wd l="1969" t="1818" r="2184" b="1895" fs="10">faintly</wd>
		</ln>
		<ln lx="641" ly="1909" rx="1755" ry="1988">
			<wd l="641" t="1911" r="872" b="1983" fs="10">ribbed,</wd>
			<wd l="900" t="1910" r="1018" b="1971" fs="10">and</wd>
			<wd l="1040" t="1910" r="1140" b="1971" fs="10">the</wd>
			<wd l="1166" t="1930" r="1350" b="1988" fs="10">green</wd>
			<wd l="1375" t="1910" r="1553" b="1987" fs="10">calyx</wd>
			<wd l="1575" t="1909" r="1755" b="1970" fs="10">teeth.</wd>
		</ln>
		<ln lx="832" ly="2070" rx="2182" ry="2132">
			<wd l="832" t="2072" r="964" b="2132" fs="10">The</wd>
			<wd l="1006" t="2071" r="1456" b="2131" fs="10">distributions</wd>
			<wd l="1498" t="2071" r="1578" b="2131" fs="10">of</wd>
			<wd l="1614" t="2073" r="1699" b="2130" fs="10">M.</wd>
			<wd l="1749" t="2075" r="2016" b="2130" fs="10">minima</wd>
			<wd l="2057" t="2070" r="2182" b="2130" fs="10">and</wd>
		</ln>
		<ln lx="641" ly="2158" rx="2180" ry="2237">
			<wd l="641" t="2162" r="727" b="2220" fs="10">M.</wd>
			<wd l="792" t="2165" r="1038" b="2237" fs="10">agonis</wd>
			<wd l="1093" t="2179" r="1198" b="2220" fs="10">are</wd>
			<wd l="1253" t="2159" r="1562" b="2237" fs="10">disjunct.</wd>
			<wd l="1640" t="2161" r="1726" b="2219" fs="10">M.</wd>
			<wd l="1791" t="2163" r="2067" b="2219" fs="10">minima</wd>
			<wd l="2124" t="2158" r="2180" b="2218" fs="10">is</wd>
		</ln>
		<ln lx="642" ly="2246" rx="2188" ry="2326">
			<wd l="642" t="2248" r="1069" b="2326" fs="10">widespread,</wd>
			<wd l="1110" t="2247" r="1267" b="2308" fs="10">with</wd>
			<wd l="1307" t="2266" r="1733" b="2308" fs="10">occurrences</wd>
			<wd l="1774" t="2247" r="1840" b="2306" fs="10">in</wd>
			<wd l="1882" t="2246" r="2188" b="2307" fs="10">southern</wd>
		</ln>
		<ln lx="645" ly="2334" rx="2190" ry="2414">
			<wd l="645" t="2336" r="856" b="2409" fs="10">China,</wd>
			<wd l="876" t="2338" r="1080" b="2414" fs="10">Japan,</wd>
			<wd l="1100" t="2335" r="1447" b="2408" fs="10">Indochina,</wd>
			<wd l="1466" t="2335" r="1728" b="2396" fs="10">Malesia</wd>
			<wd l="1760" t="2335" r="1878" b="2396" fs="10">and</wd>
			<wd l="1908" t="2334" r="2190" b="2395" fs="10">northern</wd>
		</ln>
		<ln lx="643" ly="2423" rx="2185" ry="2503">
			<wd l="643" t="2425" r="964" b="2486" fs="10">Australia.</wd>
			<wd l="987" t="2425" r="1113" b="2485" fs="10">The</wd>
			<wd l="1130" t="2433" r="1272" b="2503" fs="10">type</wd>
			<wd l="1293" t="2424" r="1449" b="2485" fs="10">ofM</wd>
			<wd l="1475" t="2429" r="1723" b="2485" fs="10">minima</wd>
			<wd l="1739" t="2443" r="1866" b="2485" fs="10">was</wd>
			<wd l="1887" t="2423" r="2185" b="2484" fs="10">collected</wd>
		</ln>
		<ln lx="643" ly="2512" rx="2189" ry="2592">
			<wd l="643" t="2513" r="725" b="2592" fs="10">by</wd>
			<wd l="755" t="2513" r="982" b="2574" fs="10">Robert</wd>
			<wd l="1012" t="2515" r="1239" b="2574" fs="10">Brown</wd>
			<wd l="1270" t="2513" r="1333" b="2572" fs="10">in</wd>
			<wd l="1372" t="2514" r="1393" b="2572" fs="10">1</wd>
			<wd l="1409" t="2514" r="1527" b="2573" fs="10">802</wd>
			<wd l="1562" t="2521" r="1619" b="2573" fs="10">at</wd>
			<wd l="1652" t="2512" r="2027" b="2573" fs="10">Shoalwater</wd>
			<wd l="2056" t="2514" r="2189" b="2590" fs="10">Bay</wd>
		</ln>
		<ln lx="646" ly="2601" rx="2189" ry="2676">
			<wd l="646" t="2622" r="727" b="2662" fs="10">on</wd>
			<wd l="748" t="2602" r="847" b="2662" fs="10">the</wd>
			<wd l="873" t="2602" r="1096" b="2662" fs="10">central</wd>
			<wd l="1122" t="2601" r="1516" b="2676" fs="10">Queensland</wd>
			<wd l="1540" t="2609" r="1727" b="2673" fs="10">coast,</wd>
			<wd l="1752" t="2601" r="1859" b="2661" fs="10">but</wd>
			<wd l="1883" t="2601" r="1927" b="2660" fs="10">it</wd>
			<wd l="1948" t="2601" r="2057" b="2660" fs="10">has</wd>
			<wd l="2081" t="2609" r="2189" b="2660" fs="10">not</wd>
		</ln>
		<ln lx="644" ly="2687" rx="2187" ry="2765">
			<wd l="644" t="2689" r="800" b="2750" fs="10">been</wd>
			<wd l="816" t="2689" r="1181" b="2749" fs="10">recollected</wd>
			<wd l="1200" t="2697" r="1257" b="2749" fs="10">at</wd>
			<wd l="1275" t="2708" r="1343" b="2749" fs="10">or</wd>
			<wd l="1358" t="2708" r="1503" b="2748" fs="10">near</wd>
			<wd l="1518" t="2688" r="1618" b="2748" fs="10">the</wd>
			<wd l="1636" t="2696" r="1778" b="2765" fs="10">type</wd>
			<wd l="1799" t="2688" r="2062" b="2765" fs="10">locality.</wd>
			<wd l="2083" t="2687" r="2187" b="2747" fs="10">All</wd>
		</ln>
		<ln lx="647" ly="2776" rx="2187" ry="2855">
			<wd l="647" t="2777" r="1016" b="2855" fs="10">subsequent</wd>
			<wd l="1036" t="2776" r="1430" b="2852" fs="10">Queensland</wd>
			<wd l="1452" t="2776" r="1810" b="2837" fs="10">collections</wd>
			<wd l="1831" t="2776" r="1988" b="2836" fs="10">have</wd>
			<wd l="2011" t="2795" r="2187" b="2836" fs="10">come</wd>
		</ln>
		<ln lx="647" ly="2867" rx="2168" ry="2929">
			<wd l="647" t="2869" r="805" b="2929" fs="10">from</wd>
			<wd l="828" t="2868" r="927" b="2929" fs="10">the</wd>
			<wd l="952" t="2868" r="1250" b="2929" fs="10">Atherton</wd>
			<wd l="1274" t="2867" r="1607" b="2928" fs="10">Tableland</wd>
			<wd l="1632" t="2887" r="1701" b="2928" fs="10">or</wd>
			<wd l="1725" t="2867" r="1952" b="2928" fs="10">further</wd>
			<wd l="1974" t="2867" r="2168" b="2927" fs="10">north.</wd>
		</ln>
		<ln lx="833" ly="3028" rx="2185" ry="3106">
			<wd l="833" t="3032" r="913" b="3090" fs="10">M.</wd>
			<wd l="939" t="3034" r="1156" b="3106" fs="10">agonis</wd>
			<wd l="1174" t="3048" r="1385" b="3089" fs="10">occurs</wd>
			<wd l="1404" t="3037" r="1461" b="3089" fs="10">at</wd>
			<wd l="1478" t="3048" r="1528" b="3089" fs="10">c.</wd>
			<wd l="1550" t="3030" r="1653" b="3089" fs="10">28°</wd>
			<wd l="1673" t="3030" r="1710" b="3089" fs="10">S</wd>
			<wd l="1733" t="3028" r="1993" b="3100" fs="10">latitude,</wd>
			<wd l="2016" t="3047" r="2185" b="3088" fs="10">some</wd>
		</ln>
		<ln lx="648" ly="3115" rx="2190" ry="3193">
			<wd l="648" t="3118" r="767" b="3177" fs="10">600</wd>
			<wd l="788" t="3117" r="892" b="3176" fs="10">km</wd>
			<wd l="913" t="3116" r="1091" b="3177" fs="10">south</wd>
			<wd l="1110" t="3116" r="1187" b="3177" fs="10">of</wd>
			<wd l="1199" t="3116" r="1572" b="3176" fs="10">Shoalwater</wd>
			<wd l="1589" t="3118" r="1740" b="3193" fs="10">Bay,</wd>
			<wd l="1763" t="3115" r="1882" b="3176" fs="10">and</wd>
			<wd l="1909" t="3116" r="2065" b="3175" fs="10">1300</wd>
			<wd l="2085" t="3115" r="2190" b="3174" fs="10">km</wd>
		</ln>
		<ln lx="648" ly="3206" rx="1625" ry="3268">
			<wd l="648" t="3207" r="806" b="3268" fs="10">from</wd>
			<wd l="828" t="3207" r="929" b="3268" fs="10">the</wd>
			<wd l="953" t="3207" r="1251" b="3268" fs="10">Atherton</wd>
			<wd l="1275" t="3206" r="1625" b="3267" fs="10">Tableland.</wd>
		</ln>
		<ln lx="651" ly="3371" rx="2188" ry="3433">
			<wd l="651" t="3373" r="1092" b="3433" fs="10">Conservation</wd>
			<wd l="1107" t="3382" r="1303" b="3433" fs="10">status</wd>
			<wd l="1307" t="3391" r="1322" b="3432" fs="10">:</wd>
			<wd l="1344" t="3371" r="1542" b="3432" fs="10">While</wd>
			<wd l="1560" t="3372" r="1603" b="3432" fs="10">it</wd>
			<wd l="1619" t="3371" r="1669" b="3432" fs="10">is</wd>
			<wd l="1686" t="3371" r="1917" b="3432" fs="10">unwise</wd>
			<wd l="1934" t="3379" r="1996" b="3431" fs="10">to</wd>
			<wd l="2012" t="3371" r="2188" b="3431" fs="10">make</wd>
		</ln>
		<ln lx="649" ly="3463" rx="2191" ry="3542">
			<wd l="649" t="3473" r="1007" b="3526" fs="10">statements</wd>
			<wd l="1047" t="3465" r="1236" b="3526" fs="10">about</wd>
			<wd l="1271" t="3464" r="1374" b="3525" fs="10">the</wd>
			<wd l="1411" t="3464" r="1598" b="3542" fs="10">rarity</wd>
			<wd l="1636" t="3464" r="1715" b="3525" fs="10">of</wd>
			<wd l="1744" t="3464" r="1925" b="3525" fs="10">small</wd>
			<wd l="1964" t="3463" r="2191" b="3524" fs="10">annual</wd>
		</ln>
		<ln lx="646" ly="3556" rx="2192" ry="3634">
			<wd l="646" t="3557" r="863" b="3634" fs="10">plants,</wd>
			<wd l="885" t="3557" r="1003" b="3617" fs="10">this</wd>
			<wd l="1028" t="3557" r="1264" b="3634" fs="10">species</wd>
			<wd l="1288" t="3576" r="1540" b="3634" fs="10">appears</wd>
			<wd l="1561" t="3565" r="1624" b="3616" fs="10">to</wd>
			<wd l="1645" t="3556" r="1722" b="3616" fs="10">be</wd>
			<wd l="1743" t="3556" r="1901" b="3633" fs="10">truly</wd>
			<wd l="1920" t="3575" r="2067" b="3616" fs="10">rare.</wd>
			<wd l="2090" t="3558" r="2192" b="3615" fs="10">No</wd>
		</ln>
		<ln lx="649" ly="3647" rx="2192" ry="3726">
			<wd l="649" t="3649" r="819" b="3710" fs="10">other</wd>
			<wd l="851" t="3649" r="1194" b="3726" fs="10">specimens</wd>
			<wd l="1228" t="3648" r="1304" b="3709" fs="10">of</wd>
			<wd l="1326" t="3648" r="1371" b="3709" fs="10">it</wd>
			<wd l="1402" t="3648" r="1587" b="3708" fs="10">could</wd>
			<wd l="1616" t="3648" r="1693" b="3708" fs="10">be</wd>
			<wd l="1728" t="3647" r="1968" b="3708" fs="10">located</wd>
			<wd l="1999" t="3647" r="2062" b="3707" fs="10">in</wd>
			<wd l="2092" t="3647" r="2192" b="3708" fs="10">the</wd>
		</ln>
		<ln lx="649" ly="3740" rx="2192" ry="3819">
			<wd l="649" t="3741" r="1078" b="3817" fs="10">Queensland</wd>
			<wd l="1119" t="3741" r="1534" b="3814" fs="10">Herbarium,</wd>
			<wd l="1581" t="3741" r="1838" b="3819" fs="10">despite</wd>
			<wd l="1883" t="3760" r="1918" b="3801" fs="10">a</wd>
			<wd l="1961" t="3740" r="2192" b="3801" fs="10">search</wd>
		</ln>
		<ln lx="647" ly="3833" rx="2192" ry="3911">
			<wd l="647" t="3834" r="939" b="3911" fs="10">through</wd>
			<wd l="995" t="3833" r="1379" b="3911" fs="10">specimens</wd>
			<wd l="1437" t="3833" r="1519" b="3893" fs="10">of</wd>
			<wd l="1563" t="3852" r="1763" b="3910" fs="10">many</wd>
			<wd l="1819" t="3851" r="2069" b="3910" fs="10">genera</wd>
			<wd l="2123" t="3833" r="2192" b="3892" fs="10">in</wd>
		</ln>
		<ln lx="652" ly="3924" rx="2195" ry="4003">
			<wd l="652" t="3926" r="1235" b="4003" fs="10">Scrophulariceae,</wd>
			<wd l="1277" t="3925" r="1400" b="3985" fs="10">and</wd>
			<wd l="1439" t="3944" r="1601" b="3985" fs="10">even</wd>
			<wd l="1641" t="3944" r="1818" b="3985" fs="10">some</wd>
			<wd l="1858" t="3944" r="2093" b="4002" fs="10">genera</wd>
			<wd l="2130" t="3924" r="2195" b="3984" fs="10">in</wd>
		</ln>
		<ln lx="648" ly="4017" rx="2189" ry="4095">
			<wd l="648" t="4018" r="992" b="4078" fs="10">Rubiaceae</wd>
			<wd l="1021" t="4018" r="1140" b="4078" fs="10">and</wd>
			<wd l="1166" t="4017" r="1552" b="4095" fs="10">Lythraceae.</wd>
			<wd l="1581" t="4019" r="1663" b="4077" fs="10">M</wd>
			<wd l="1698" t="4022" r="1920" b="4094" fs="10">agonis</wd>
			<wd l="1945" t="4017" r="2055" b="4077" fs="10">has</wd>
			<wd l="2082" t="4025" r="2189" b="4077" fs="10">not</wd>
		</ln>
		<ln lx="648" ly="4108" rx="2194" ry="4187">
			<wd l="648" t="4110" r="805" b="4171" fs="10">been</wd>
			<wd l="835" t="4110" r="1028" b="4170" fs="10">found</wd>
			<wd l="1057" t="4110" r="1119" b="4169" fs="10">in</wd>
			<wd l="1150" t="4129" r="1321" b="4170" fs="10">some</wd>
			<wd l="1349" t="4109" r="1577" b="4187" fs="10">nearby</wd>
			<wd l="1607" t="4128" r="1775" b="4170" fs="10">areas</wd>
			<wd l="1804" t="4108" r="2010" b="4169" fs="10">which</wd>
			<wd l="2037" t="4108" r="2194" b="4169" fs="10">have</wd>
		</ln>
		<ln lx="648" ly="4201" rx="2192" ry="4280">
			<wd l="648" t="4203" r="821" b="4263" fs="10">been</wd>
			<wd l="874" t="4202" r="1517" b="4280" fs="10">comprehensively</wd>
			<wd l="1568" t="4201" r="1955" b="4262" fs="10">botanised.</wd>
			<wd l="2012" t="4201" r="2192" b="4262" fs="10">Lake</wd>
		</ln>
		<ln lx="649" ly="4294" rx="2196" ry="4372">
			<wd l="649" t="4295" r="1039" b="4357" fs="10">Broadwater</wd>
			<wd l="1070" t="4296" r="1149" b="4372" fs="10">(c.</wd>
			<wd l="1187" t="4297" r="1261" b="4356" fs="10">75</wd>
			<wd l="1298" t="4295" r="1403" b="4355" fs="10">km</wd>
			<wd l="1433" t="4303" r="1496" b="4356" fs="10">to</wd>
			<wd l="1527" t="4294" r="1628" b="4356" fs="10">the</wd>
			<wd l="1659" t="4294" r="1863" b="4372" fs="10">north)</wd>
			<wd l="1895" t="4294" r="2005" b="4356" fs="10">has</wd>
			<wd l="2037" t="4294" r="2196" b="4355" fs="10">been</wd>
		</ln>
		<ln lx="652" ly="4386" rx="2197" ry="4462">
			<wd l="652" t="4388" r="890" b="4447" fs="10">studied</wd>
			<wd l="911" t="4388" r="1145" b="4462" fs="10">closely</wd>
			<wd l="1167" t="4387" r="1522" b="4462" fs="10">(Ballingall</wd>
			<wd l="1552" t="4388" r="1756" b="4461" fs="10">1988).</wd>
			<wd l="1782" t="4387" r="1909" b="4445" fs="10">The</wd>
			<wd l="1931" t="4386" r="2197" b="4445" fs="10">wetland</wd>
		</ln>
		<ln lx="652" ly="4476" rx="2193" ry="4553">
			<wd l="652" t="4477" r="807" b="4537" fs="10">flora</wd>
			<wd l="836" t="4477" r="912" b="4537" fs="10">of</wd>
			<wd l="929" t="4477" r="1030" b="4537" fs="10">the</wd>
			<wd l="1061" t="4477" r="1408" b="4537" fs="10">Chinchilla</wd>
			<wd l="1436" t="4496" r="1574" b="4536" fs="10">area</wd>
			<wd l="1603" t="4477" r="1682" b="4553" fs="10">(c.</wd>
			<wd l="1723" t="4478" r="1838" b="4536" fs="10">130</wd>
			<wd l="1868" t="4476" r="1973" b="4535" fs="10">km</wd>
			<wd l="2001" t="4484" r="2064" b="4536" fs="10">to</wd>
			<wd l="2093" t="4476" r="2193" b="4536" fs="10">the</wd>
		</ln>
		<ln lx="650" ly="4568" rx="2192" ry="4645">
			<wd l="650" t="4569" r="849" b="4645" fs="10">north)</wd>
			<wd l="866" t="4569" r="974" b="4629" fs="10">has</wd>
			<wd l="991" t="4569" r="1147" b="4629" fs="10">been</wd>
			<wd l="1163" t="4569" r="1303" b="4629" fs="10">well</wd>
			<wd l="1322" t="4568" r="1678" b="4645" fs="10">catalogued</wd>
			<wd l="1696" t="4568" r="1814" b="4628" fs="10">and</wd>
			<wd l="1829" t="4568" r="2192" b="4640" fs="10">vouchered,</wd>
		</ln>
		<ln lx="653" ly="4659" rx="2192" ry="4737">
			<wd l="653" t="4660" r="881" b="4737" fs="10">largely</wd>
			<wd l="913" t="4660" r="1176" b="4736" fs="10">through</wd>
			<wd l="1208" t="4660" r="1309" b="4720" fs="10">the</wd>
			<wd l="1345" t="4660" r="1561" b="4719" fs="10">efforts</wd>
			<wd l="1598" t="4660" r="1675" b="4719" fs="10">of</wd>
			<wd l="1701" t="4659" r="1860" b="4719" fs="10">local</wd>
			<wd l="1894" t="4659" r="2192" b="4719" fs="10">residents</wd>
		</ln>
		<ln lx="652" ly="4750" rx="2193" ry="4829">
			<wd l="652" t="4751" r="1013" b="4829" fs="10">G.Lithgow</wd>
			<wd l="1047" t="4751" r="1165" b="4812" fs="10">and</wd>
			<wd l="1197" t="4751" r="1499" b="4812" fs="10">V.Hando</wd>
			<wd l="1535" t="4751" r="1783" b="4827" fs="10">(Hando</wd>
			<wd l="1826" t="4751" r="2029" b="4827" fs="10">1988).</wd>
			<wd l="2067" t="4750" r="2193" b="4811" fs="10">The</wd>
		</ln>
		<ln lx="652" ly="4842" rx="2204" ry="4919">
			<wd l="652" t="4844" r="817" b="4903" fs="10">flora</wd>
			<wd l="855" t="4843" r="934" b="4903" fs="10">of</wd>
			<wd l="962" t="4843" r="1066" b="4903" fs="10">the</wd>
			<wd l="1108" t="4862" r="1349" b="4919" fs="10">swamp</wd>
			<wd l="1390" t="4851" r="1450" b="4902" fs="10">at</wd>
			<wd l="1486" t="4843" r="1591" b="4902" fs="10">the</wd>
			<wd l="1630" t="4851" r="1779" b="4919" fs="10">type</wd>
			<wd l="1821" t="4842" r="2085" b="4919" fs="10">locality</wd>
			<wd l="2125" t="4843" r="2204" b="4902" fs="10">of</wd>
		</ln>
		<ln lx="650" ly="4933" rx="2194" ry="5011">
			<wd l="650" t="4936" r="730" b="4994" fs="10">M</wd>
			<wd l="774" t="4939" r="995" b="5011" fs="10">agonis</wd>
			<wd l="1031" t="4934" r="1083" b="4994" fs="10">is</wd>
			<wd l="1118" t="4934" r="1400" b="5006" fs="10">unusual,</wd>
			<wd l="1440" t="4953" r="1504" b="4993" fs="10">as</wd>
			<wd l="1542" t="4934" r="1586" b="4993" fs="10">it</wd>
			<wd l="1622" t="4933" r="1901" b="4993" fs="10">contains</wd>
			<wd l="1936" t="4933" r="2194" b="5010" fs="10">tropical</wd>
		</ln>
		<ln lx="654" ly="5025" rx="2197" ry="5103">
			<wd l="654" t="5026" r="889" b="5103" fs="10">species</wd>
			<wd l="916" t="5025" r="1122" b="5085" fs="10">which</wd>
			<wd l="1149" t="5044" r="1334" b="5085" fs="10">occur</wd>
			<wd l="1358" t="5025" r="1524" b="5085" fs="10">there</wd>
			<wd l="1554" t="5044" r="1619" b="5085" fs="10">as</wd>
			<wd l="1649" t="5025" r="1916" b="5097" fs="10">outliers,</wd>
			<wd l="1945" t="5025" r="2197" b="5102" fs="10">notably</wd>
		</ln>
		<ln lx="650" ly="5116" rx="2203" ry="5193">
			<wd l="650" t="5117" r="873" b="5177" fs="10">Rotala</wd>
			<wd l="892" t="5122" r="1213" b="5177" fs="10">mexicana</wd>
			<wd l="1225" t="5117" r="1343" b="5177" fs="10">and</wd>
			<wd l="1357" t="5119" r="1421" b="5176" fs="10">R.</wd>
			<wd l="1449" t="5117" r="1837" b="5193" fs="10">occultiflora</wd>
			<wd l="1841" t="5166" r="1855" b="5188" fs="10">,</wd>
			<wd l="1874" t="5116" r="2108" b="5176" fs="10">neither</wd>
			<wd l="2126" t="5116" r="2203" b="5176" fs="10">of</wd>
		</ln>
		<ln lx="652" ly="5207" rx="2195" ry="5285">
			<wd l="652" t="5208" r="857" b="5268" fs="10">which</wd>
			<wd l="891" t="5208" r="1001" b="5268" fs="10">has</wd>
			<wd l="1037" t="5207" r="1398" b="5285" fs="10">previously</wd>
			<wd l="1431" t="5208" r="1593" b="5268" fs="10">been</wd>
			<wd l="1626" t="5207" r="1926" b="5268" fs="10">recorded</wd>
			<wd l="1963" t="5207" r="2060" b="5268" fs="10">for</wd>
			<wd l="2093" t="5207" r="2195" b="5268" fs="10">the</wd>
		</ln>
		<ln lx="653" ly="5299" rx="2194" ry="5376">
			<wd l="653" t="5300" r="905" b="5376" fs="10">Darling</wd>
			<wd l="932" t="5302" r="1167" b="5359" fs="10">Downs</wd>
			<wd l="1195" t="5299" r="1463" b="5359" fs="10">Pastoral</wd>
			<wd l="1491" t="5300" r="1758" b="5359" fs="10">District.</wd>
			<wd l="1789" t="5302" r="2001" b="5359" fs="10">Hence</wd>
			<wd l="2028" t="5299" r="2194" b="5359" fs="10">there</wd>
		</ln>
		<ln lx="655" ly="5391" rx="2196" ry="5468">
			<wd l="655" t="5392" r="705" b="5451" fs="10">is</wd>
			<wd l="731" t="5411" r="900" b="5451" fs="10">some</wd>
			<wd l="923" t="5410" r="1142" b="5451" fs="10">reason</wd>
			<wd l="1163" t="5399" r="1226" b="5451" fs="10">to</wd>
			<wd l="1249" t="5391" r="1482" b="5468" fs="10">predict</wd>
			<wd l="1505" t="5410" r="1541" b="5451" fs="10">a</wd>
			<wd l="1564" t="5391" r="1739" b="5451" fs="10">small</wd>
			<wd l="1764" t="5391" r="2196" b="5468" fs="10">geographical</wd>
		</ln>
		<ln lx="653" ly="5482" rx="2037" ry="5560">
			<wd l="653" t="5502" r="835" b="5560" fs="10">range</wd>
			<wd l="861" t="5482" r="979" b="5543" fs="10">and</wd>
			<wd l="1001" t="5483" r="1360" b="5560" fs="10">population</wd>
			<wd l="1385" t="5483" r="1510" b="5542" fs="10">size</wd>
			<wd l="1536" t="5482" r="1632" b="5542" fs="10">for</wd>
			<wd l="1653" t="5483" r="1754" b="5542" fs="10">the</wd>
			<wd l="1781" t="5483" r="2037" b="5560" fs="10">species.</wd>
		</ln>
	</region>
	<region article-doi="10.2307/41729931" region-id="2">
		<rc l="2316" t="849" r="3876" b="2860"/>
		<ln lx="2512" ly="854" rx="3861" ry="931">
			<wd l="2512" t="854" r="2645" b="914" fs="10">The</wd>
			<wd l="2685" t="854" r="2820" b="914" fs="10">risk</wd>
			<wd l="2861" t="863" r="3169" b="931" fs="10">category</wd>
			<wd l="3211" t="854" r="3313" b="914" fs="10">for</wd>
			<wd l="3348" t="855" r="3861" b="930" fs="10">Microcarpaea</wd>
		</ln>
		<ln lx="2322" ly="944" rx="3860" ry="1024">
			<wd l="2322" t="951" r="2542" b="1024" fs="10">agonis</wd>
			<wd l="2571" t="946" r="2899" b="1023" fs="10">according</wd>
			<wd l="2925" t="954" r="2988" b="1006" fs="10">to</wd>
			<wd l="3015" t="945" r="3116" b="1006" fs="10">the</wd>
			<wd l="3145" t="945" r="3381" b="1006" fs="10">criteria</wd>
			<wd l="3407" t="945" r="3484" b="1005" fs="10">of</wd>
			<wd l="3502" t="944" r="3774" b="1005" fs="10">Chalson</wd>
			<wd l="3801" t="945" r="3860" b="1005" fs="10"><![CDATA[&]]></wd>
		</ln>
		<ln lx="2322" ly="1038" rx="3863" ry="1115">
			<wd l="2322" t="1039" r="2507" b="1099" fs="10">Keith</wd>
			<wd l="2540" t="1039" r="2760" b="1115" fs="10">(1995)</wd>
			<wd l="2794" t="1038" r="2845" b="1099" fs="10">is</wd>
			<wd l="2884" t="1038" r="3158" b="1099" fs="10">'critical'</wd>
			<wd l="3198" t="1038" r="3461" b="1114" fs="10">(criteria</wd>
			<wd l="3490" t="1039" r="3567" b="1110" fs="10">A,</wd>
			<wd l="3601" t="1039" r="3715" b="1110" fs="10">BI,</wd>
			<wd l="3749" t="1038" r="3863" b="1109" fs="10">B2,</wd>
		</ln>
		<ln lx="2322" ly="1129" rx="3864" ry="1208">
			<wd l="2322" t="1132" r="2426" b="1208" fs="10">D).</wd>
			<wd l="2461" t="1131" r="2587" b="1191" fs="10">The</wd>
			<wd l="2621" t="1131" r="2857" b="1208" fs="10">species</wd>
			<wd l="2889" t="1131" r="2940" b="1191" fs="10">is</wd>
			<wd l="2971" t="1130" r="3199" b="1191" fs="10">known</wd>
			<wd l="3230" t="1130" r="3376" b="1207" fs="10">only</wd>
			<wd l="3407" t="1130" r="3566" b="1190" fs="10">from</wd>
			<wd l="3594" t="1129" r="3694" b="1190" fs="10">the</wd>
			<wd l="3723" t="1137" r="3864" b="1207" fs="10">type</wd>
		</ln>
		<ln lx="2321" ly="1221" rx="3864" ry="1302">
			<wd l="2321" t="1223" r="2710" b="1302" fs="10">population,</wd>
			<wd l="2748" t="1223" r="2956" b="1284" fs="10">where</wd>
			<wd l="2995" t="1222" r="3489" b="1301" fs="10">approximately</wd>
			<wd l="3524" t="1230" r="3628" b="1283" fs="10">ten</wd>
			<wd l="3662" t="1221" r="3864" b="1300" fs="10">plants</wd>
		</ln>
		<ln lx="2322" ly="1315" rx="3863" ry="1394">
			<wd l="2322" t="1336" r="2483" b="1378" fs="10">were</wd>
			<wd l="2508" t="1316" r="2826" b="1377" fs="10">observed.</wd>
			<wd l="2848" t="1319" r="2929" b="1377" fs="10">M</wd>
			<wd l="2961" t="1321" r="3181" b="1394" fs="10">agonis</wd>
			<wd l="3205" t="1316" r="3256" b="1376" fs="10">is</wd>
			<wd l="3280" t="1315" r="3471" b="1376" fs="10">under</wd>
			<wd l="3491" t="1315" r="3681" b="1376" fs="10">threat</wd>
			<wd l="3705" t="1315" r="3863" b="1375" fs="10">from</wd>
		</ln>
		<ln lx="2324" ly="1407" rx="3864" ry="1487">
			<wd l="2324" t="1409" r="2585" b="1487" fs="10">grazing,</wd>
			<wd l="2603" t="1408" r="2949" b="1469" fs="10">roadworks</wd>
			<wd l="2968" t="1408" r="3085" b="1469" fs="10">and</wd>
			<wd l="3100" t="1408" r="3417" b="1485" fs="10">trampling</wd>
			<wd l="3432" t="1407" r="3514" b="1485" fs="10">by</wd>
			<wd l="3531" t="1407" r="3719" b="1468" fs="10">cattle.</wd>
			<wd l="3740" t="1407" r="3864" b="1467" fs="10">The</wd>
		</ln>
		<ln lx="2325" ly="1499" rx="3864" ry="1578">
			<wd l="2325" t="1501" r="2538" b="1562" fs="10">author</wd>
			<wd l="2554" t="1501" r="2664" b="1562" fs="10">has</wd>
			<wd l="2686" t="1501" r="2976" b="1562" fs="10">searched</wd>
			<wd l="2996" t="1500" r="3181" b="1561" fs="10">forM</wd>
			<wd l="3208" t="1505" r="3428" b="1578" fs="10">agonis</wd>
			<wd l="3447" t="1499" r="3677" b="1560" fs="10">around</wd>
			<wd l="3695" t="1499" r="3864" b="1560" fs="10">other</wd>
		</ln>
		<ln lx="2323" ly="1594" rx="3560" ry="1671">
			<wd l="2323" t="1594" r="2551" b="1671" fs="10">nearby</wd>
			<wd l="2577" t="1614" r="2860" b="1671" fs="10">swamps,</wd>
			<wd l="2885" t="1594" r="2993" b="1654" fs="10">but</wd>
			<wd l="3015" t="1594" r="3271" b="1653" fs="10">without</wd>
			<wd l="3297" t="1612" r="3560" b="1653" fs="10">success.</wd>
		</ln>
		<ln lx="2515" ly="1755" rx="3868" ry="1818">
			<wd l="2515" t="1757" r="2640" b="1818" fs="10">The</wd>
			<wd l="2656" t="1757" r="3123" b="1818" fs="10">recommended</wd>
			<wd l="3140" t="1756" r="3557" b="1817" fs="10">conservation</wd>
			<wd l="3575" t="1764" r="3755" b="1816" fs="10">status</wd>
			<wd l="3774" t="1755" r="3868" b="1816" fs="10">for</wd>
		</ln>
		<ln lx="2324" ly="1847" rx="3870" ry="1927">
			<wd l="2324" t="1850" r="2447" b="1910" fs="10">this</wd>
			<wd l="2489" t="1849" r="2735" b="1927" fs="10">species</wd>
			<wd l="2775" t="1868" r="2842" b="1909" fs="10">as</wd>
			<wd l="2882" t="1849" r="3142" b="1909" fs="10">defined</wd>
			<wd l="3178" t="1848" r="3262" b="1926" fs="10">by</wd>
			<wd l="3299" t="1848" r="3402" b="1909" fs="10">the</wd>
			<wd l="3451" t="1847" r="3870" b="1925" fs="10">Queensland</wd>
		</ln>
		<ln lx="2321" ly="1939" rx="3860" ry="2017">
			<wd l="2321" t="1943" r="2555" b="2002" fs="10">Nature</wd>
			<wd l="2575" t="1942" r="3016" b="2001" fs="10">Conservation</wd>
			<wd l="3030" t="1942" r="3146" b="2001" fs="10">Act</wd>
			<wd l="3165" t="1941" r="3325" b="2001" fs="10">1992</wd>
			<wd l="3340" t="1940" r="3391" b="2000" fs="10">is</wd>
			<wd l="3415" t="1939" r="3860" b="2017" fs="10">'endangered'.</wd>
		</ln>
		<ln lx="2322" ly="2100" rx="3867" ry="2180">
			<wd l="2322" t="2103" r="2698" b="2180" fs="10">Etymology</wd>
			<wd l="2703" t="2121" r="2717" b="2162" fs="10">:</wd>
			<wd l="2759" t="2102" r="2886" b="2162" fs="10">The</wd>
			<wd l="2925" t="2101" r="3183" b="2180" fs="10">specific</wd>
			<wd l="3221" t="2101" r="3449" b="2179" fs="10">epithet</wd>
			<wd l="3484" t="2101" r="3535" b="2161" fs="10">is</wd>
			<wd l="3573" t="2101" r="3733" b="2161" fs="10">from</wd>
			<wd l="3766" t="2100" r="3867" b="2161" fs="10">the</wd>
		</ln>
		<ln lx="2328" ly="2189" rx="3865" ry="2267">
			<wd l="2328" t="2191" r="2530" b="2251" fs="10">Greek</wd>
			<wd l="2541" t="2212" r="2581" b="2251" fs="10">a</wd>
			<wd l="2598" t="2226" r="2620" b="2234" fs="10">-</wd>
			<wd l="2639" t="2190" r="2908" b="2263" fs="10">without,</wd>
			<wd l="2929" t="2190" r="3046" b="2250" fs="10">and</wd>
			<wd l="3052" t="2195" r="3241" b="2267" fs="10">gonia</wd>
			<wd l="3257" t="2226" r="3279" b="2233" fs="10">-</wd>
			<wd l="3300" t="2189" r="3531" b="2267" fs="10">angled,</wd>
			<wd l="3552" t="2189" r="3668" b="2249" fs="10">and</wd>
			<wd l="3682" t="2189" r="3865" b="2249" fs="10">refers</wd>
		</ln>
		<ln lx="2325" ly="2282" rx="2729" ry="2343">
			<wd l="2325" t="2290" r="2388" b="2343" fs="10">to</wd>
			<wd l="2412" t="2282" r="2512" b="2342" fs="10">the</wd>
			<wd l="2538" t="2282" r="2729" b="2342" fs="10">fruits.</wd>
		</ln>
		<ln lx="2326" ly="2448" rx="3017" ry="2523">
			<wd l="2326" t="2448" r="3017" b="2523" fs="10">Acknowledgements</wd>
		</ln>
		<ln lx="2328" ly="2608" rx="3871" ry="2686">
			<wd l="2328" t="2613" r="2353" b="2670" fs="10">I</wd>
			<wd l="2391" t="2611" r="2555" b="2670" fs="10">wish</wd>
			<wd l="2591" t="2619" r="2656" b="2670" fs="10">to</wd>
			<wd l="2694" t="2610" r="2890" b="2670" fs="10">thank</wd>
			<wd l="2926" t="2610" r="3139" b="2670" fs="10">David</wd>
			<wd l="3176" t="2609" r="3449" b="2669" fs="10">Halford</wd>
			<wd l="3488" t="2609" r="3588" b="2669" fs="10">for</wd>
			<wd l="3624" t="2608" r="3871" b="2686" fs="10">helpful</wd>
		</ln>
		<ln lx="2329" ly="2700" rx="3870" ry="2779">
			<wd l="2329" t="2702" r="2723" b="2774" fs="10">discussions,</wd>
			<wd l="2744" t="2704" r="2861" b="2762" fs="10">Les</wd>
			<wd l="2879" t="2702" r="3104" b="2779" fs="10">Pedley</wd>
			<wd l="3123" t="2701" r="3218" b="2762" fs="10">for</wd>
			<wd l="3233" t="2701" r="3332" b="2762" fs="10">the</wd>
			<wd l="3352" t="2701" r="3525" b="2761" fs="10">Latin</wd>
			<wd l="3543" t="2700" r="3870" b="2778" fs="10">diagnosis,</wd>
		</ln>
		<ln lx="2330" ly="2793" rx="3519" ry="2855">
			<wd l="2330" t="2794" r="2449" b="2855" fs="10">and</wd>
			<wd l="2472" t="2794" r="2618" b="2855" fs="10">Will</wd>
			<wd l="2645" t="2794" r="2841" b="2855" fs="10">Smith</wd>
			<wd l="2865" t="2794" r="2961" b="2855" fs="10">for</wd>
			<wd l="2982" t="2793" r="3082" b="2854" fs="10">the</wd>
			<wd l="3108" t="2793" r="3519" b="2854" fs="10">illustrations.</wd>
		</ln>
	</region>
	<region article-doi="10.2307/41729931" region-id="3">
		<rc l="2324" t="2955" r="2722" b="3024"/>
		<ln lx="2329" ly="2960" rx="2717" ry="3019">
			<wd l="2329" t="2960" r="2717" b="3019" fs="10">References</wd>
		</ln>
	</region>
	<region article-doi="10.2307/41729931" region-id="4">
		<rc l="2324" t="3112" r="3878" b="3400"/>
		<ln lx="2329" ly="3117" rx="3873" ry="3179">
			<wd l="2329" t="3121" r="2656" b="3177" fs="10">Ballingall,</wd>
			<wd l="2686" t="3120" r="2816" b="3167" fs="10">M.E.</wd>
			<wd l="2849" t="3119" r="3042" b="3179" fs="10">(1988).</wd>
			<wd l="3073" t="3118" r="3352" b="3179" fs="10">Flowering</wd>
			<wd l="3380" t="3118" r="3559" b="3166" fs="10">Plants,</wd>
			<wd l="3592" t="3117" r="3641" b="3165" fs="10">in</wd>
			<wd l="3670" t="3118" r="3873" b="3166" fs="10">G.Scott</wd>
		</ln>
		<ln lx="2521" ly="3188" rx="3870" ry="3251">
			<wd l="2521" t="3190" r="2658" b="3251" fs="10">(ed.),</wd>
			<wd l="2672" t="3190" r="2804" b="3238" fs="10">Lake</wd>
			<wd l="2817" t="3189" r="3139" b="3238" fs="10">Broadwater</wd>
			<wd l="3154" t="3218" r="3173" b="3224" fs="10">-</wd>
			<wd l="3194" t="3189" r="3289" b="3237" fs="10">The</wd>
			<wd l="3301" t="3188" r="3513" b="3237" fs="10">Natural</wd>
			<wd l="3524" t="3190" r="3726" b="3250" fs="10">History</wd>
			<wd l="3741" t="3188" r="3806" b="3250" fs="10">of</wd>
			<wd l="3807" t="3205" r="3870" b="3236" fs="10">an</wd>
		</ln>
		<ln lx="2517" ly="3260" rx="3866" ry="3323">
			<wd l="2517" t="3262" r="2719" b="3310" fs="10">Inland</wd>
			<wd l="2754" t="3262" r="2898" b="3310" fs="10">Lake</wd>
			<wd l="2941" t="3261" r="3053" b="3310" fs="10">and</wd>
			<wd l="3093" t="3265" r="3160" b="3310" fs="10">its</wd>
			<wd l="3201" t="3263" r="3488" b="3309" fs="10">Environs,</wd>
			<wd l="3533" t="3276" r="3621" b="3323" fs="10">pp.</wd>
			<wd l="3668" t="3260" r="3866" b="3309" fs="10">67-93.</wd>
		</ln>
		<ln lx="2520" ly="3332" rx="3716" ry="3395">
			<wd l="2520" t="3333" r="2871" b="3382" fs="10">Toowoomba:</wd>
			<wd l="2894" t="3333" r="3098" b="3395" fs="10">Darling</wd>
			<wd l="3117" t="3334" r="3305" b="3382" fs="10">Downs</wd>
			<wd l="3326" t="3332" r="3543" b="3381" fs="10">Institute</wd>
			<wd l="3563" t="3334" r="3716" b="3381" fs="10">Press.</wd>
		</ln>
	</region>
	<region article-doi="10.2307/41729931" region-id="5">
		<rc l="2325" t="3470" r="3878" b="3686"/>
		<ln lx="2330" ly="3475" rx="3873" ry="3538">
			<wd l="2330" t="3479" r="2545" b="3535" fs="10">Barker,</wd>
			<wd l="2563" t="3478" r="2696" b="3526" fs="10">W.R.</wd>
			<wd l="2715" t="3477" r="2903" b="3538" fs="10">(1981).</wd>
			<wd l="2923" t="3476" r="3360" b="3538" fs="10">Scrophulariceae.</wd>
			<wd l="3377" t="3477" r="3431" b="3524" fs="10">In</wd>
			<wd l="3445" t="3477" r="3535" b="3524" fs="10">J.P.</wd>
			<wd l="3552" t="3477" r="3723" b="3537" fs="10">Jessop</wd>
			<wd l="3739" t="3475" r="3873" b="3536" fs="10">(ed.),</wd>
		</ln>
		<ln lx="2518" ly="3546" rx="3868" ry="3609">
			<wd l="2518" t="3548" r="2676" b="3596" fs="10">Flora</wd>
			<wd l="2706" t="3548" r="2772" b="3609" fs="10">of</wd>
			<wd l="2789" t="3548" r="2999" b="3596" fs="10">Central</wd>
			<wd l="3023" t="3547" r="3284" b="3595" fs="10">Australia</wd>
			<wd l="3310" t="3562" r="3392" b="3609" fs="10">pp.</wd>
			<wd l="3426" t="3547" r="3680" b="3595" fs="10">326-334.</wd>
			<wd l="3712" t="3546" r="3868" b="3595" fs="10">Reed:</wd>
		</ln>
		<ln lx="2524" ly="3619" rx="2733" ry="3681">
			<wd l="2524" t="3619" r="2733" b="3681" fs="10">Sydney.</wd>
		</ln>
	</region>
	<region article-doi="10.2307/41729931" region-id="6">
		<rc l="2325" t="3754" r="3879" b="4100"/>
		<ln lx="2330" ly="3759" rx="3874" ry="3823">
			<wd l="2330" t="3791" r="2437" b="3795" fs="10">
			</wd>
			<wd l="2468" t="3762" r="2672" b="3823" fs="10">(1990).</wd>
			<wd l="2704" t="3763" r="2836" b="3810" fs="10">New</wd>
			<wd l="2867" t="3768" r="3002" b="3820" fs="10">taxa,</wd>
			<wd l="3033" t="3763" r="3227" b="3810" fs="10">Names</wd>
			<wd l="3261" t="3760" r="3360" b="3810" fs="10">and</wd>
			<wd l="3393" t="3760" r="3790" b="3810" fs="10">Combinations</wd>
			<wd l="3824" t="3759" r="3874" b="3808" fs="10">in</wd>
		</ln>
		<ln lx="2519" ly="3832" rx="3871" ry="3894">
			<wd l="2519" t="3833" r="2832" b="3889" fs="10">Lindernia,</wd>
			<wd l="2873" t="3833" r="3196" b="3894" fs="10">Peplidium,</wd>
			<wd l="3238" t="3832" r="3517" b="3881" fs="10">Stemodia</wd>
			<wd l="3549" t="3832" r="3647" b="3880" fs="10">and</wd>
			<wd l="3688" t="3832" r="3871" b="3893" fs="10">Striga</wd>
		</ln>
		<ln lx="2523" ly="3903" rx="3872" ry="3966">
			<wd l="2523" t="3904" r="3022" b="3966" fs="10">(Scrophulariaceae)</wd>
			<wd l="3036" t="3904" r="3219" b="3965" fs="10">mainly</wd>
			<wd l="3234" t="3904" r="3296" b="3952" fs="10">of</wd>
			<wd l="3300" t="3904" r="3381" b="3952" fs="10">the</wd>
			<wd l="3395" t="3903" r="3676" b="3964" fs="10">Kimberley</wd>
			<wd l="3690" t="3903" r="3872" b="3964" fs="10">region,</wd>
		</ln>
		<ln lx="2524" ly="3974" rx="3874" ry="4036">
			<wd l="2524" t="3977" r="2745" b="4024" fs="10">Western</wd>
			<wd l="2760" t="3975" r="3021" b="4024" fs="10">Australia.</wd>
			<wd l="3031" t="3975" r="3243" b="4024" fs="10">Journal</wd>
			<wd l="3257" t="3974" r="3322" b="4036" fs="10">of</wd>
			<wd l="3323" t="3975" r="3402" b="4022" fs="10">the</wd>
			<wd l="3413" t="3974" r="3653" b="4022" fs="10">Adelaide</wd>
			<wd l="3666" t="3976" r="3874" b="4022" fs="10">Botanic</wd>
		</ln>
		<ln lx="2525" ly="4046" rx="3050" ry="4095">
			<wd l="2525" t="4046" r="2751" b="4095" fs="10">Gardens</wd>
			<wd l="2776" t="4047" r="2849" b="4095" fs="10">13:</wd>
			<wd l="2872" t="4047" r="3050" b="4095" fs="10">79-93.</wd>
		</ln>
	</region>
	<region article-doi="10.2307/41729931" region-id="7">
		<rc l="2327" t="4183" r="3877" b="4315"/>
		<ln lx="2332" ly="4188" rx="3872" ry="4251">
			<wd l="2332" t="4191" r="2620" b="4247" fs="10">Bentham,</wd>
			<wd l="2662" t="4190" r="2724" b="4238" fs="10">G.</wd>
			<wd l="2768" t="4189" r="2981" b="4251" fs="10">(1869).</wd>
			<wd l="3025" t="4188" r="3557" b="4251" fs="10">Scrophulariaceae.</wd>
			<wd l="3599" t="4189" r="3657" b="4236" fs="10">In</wd>
			<wd l="3703" t="4188" r="3872" b="4236" fs="10">Flora</wd>
		</ln>
		<ln lx="2520" ly="4260" rx="3872" ry="4310">
			<wd l="2520" t="4261" r="2870" b="4309" fs="10">Australiensis</wd>
			<wd l="2887" t="4262" r="2933" b="4310" fs="10">4:</wd>
			<wd l="2953" t="4261" r="3201" b="4309" fs="10">470-523.</wd>
			<wd l="3221" t="4260" r="3443" b="4309" fs="10">London:</wd>
			<wd l="3463" t="4262" r="3516" b="4309" fs="10">L.</wd>
			<wd l="3535" t="4261" r="3699" b="4309" fs="10">Reeve</wd>
			<wd l="3717" t="4260" r="3765" b="4309" fs="10"><![CDATA[&]]></wd>
			<wd l="3784" t="4260" r="3872" b="4309" fs="10">Co.</wd>
		</ln>
	</region>
	<region article-doi="10.2307/41729931" region-id="8">
		<rc l="2330" t="4398" r="3880" b="4668"/>
		<ln lx="2335" ly="4403" rx="3875" ry="4463">
			<wd l="2335" t="4405" r="2581" b="4460" fs="10">Chalson,</wd>
			<wd l="2606" t="4406" r="2720" b="4451" fs="10">J.M.</wd>
			<wd l="2747" t="4405" r="2794" b="4451" fs="10"><![CDATA[&]]></wd>
			<wd l="2818" t="4406" r="2984" b="4460" fs="10">Keith,</wd>
			<wd l="3008" t="4405" r="3132" b="4451" fs="10">D.A.</wd>
			<wd l="3158" t="4404" r="3347" b="4463" fs="10">(1995).</wd>
			<wd l="3372" t="4405" r="3410" b="4449" fs="10">A</wd>
			<wd l="3434" t="4403" r="3553" b="4450" fs="10">Risk</wd>
			<wd l="3567" t="4404" r="3875" b="4449" fs="10">Assessment</wd>
		</ln>
		<ln lx="2523" ly="4472" rx="3874" ry="4535">
			<wd l="2523" t="4473" r="2719" b="4521" fs="10">scheme</wd>
			<wd l="2733" t="4473" r="2823" b="4535" fs="10">for</wd>
			<wd l="2857" t="4473" r="3090" b="4521" fs="10">Vascular</wd>
			<wd l="3114" t="4473" r="3303" b="4521" fs="10">Plants:</wd>
			<wd l="3332" t="4472" r="3464" b="4520" fs="10">Pilot</wd>
			<wd l="3485" t="4472" r="3798" b="4534" fs="10">Application</wd>
			<wd l="3826" t="4480" r="3874" b="4520" fs="10">to</wd>
		</ln>
		<ln lx="2525" ly="4543" rx="3874" ry="4606">
			<wd l="2525" t="4544" r="2605" b="4592" fs="10">the</wd>
			<wd l="2618" t="4544" r="2771" b="4592" fs="10">Flora</wd>
			<wd l="2788" t="4544" r="2852" b="4606" fs="10">of</wd>
			<wd l="2851" t="4546" r="2971" b="4592" fs="10">New</wd>
			<wd l="2986" t="4544" r="3139" b="4592" fs="10">South</wd>
			<wd l="3163" t="4544" r="3328" b="4592" fs="10">Wales.</wd>
			<wd l="3346" t="4543" r="3627" b="4592" fs="10">Hurstville:</wd>
			<wd l="3644" t="4543" r="3874" b="4592" fs="10">National</wd>
		</ln>
		<ln lx="2524" ly="4614" rx="3263" ry="4663">
			<wd l="2524" t="4615" r="2670" b="4663" fs="10">Parks</wd>
			<wd l="2693" t="4614" r="2787" b="4663" fs="10">and</wd>
			<wd l="2809" t="4614" r="3028" b="4663" fs="10">Wildlife</wd>
			<wd l="3053" t="4614" r="3263" b="4663" fs="10">Service.</wd>
		</ln>
	</region>
	<region article-doi="10.2307/41729931" region-id="9">
		<rc l="2329" t="4750" r="3881" b="5092"/>
		<ln lx="2334" ly="4755" rx="3874" ry="4817">
			<wd l="2334" t="4758" r="2536" b="4814" fs="10">Hando,</wd>
			<wd l="2568" t="4758" r="2628" b="4805" fs="10">V.</wd>
			<wd l="2662" t="4757" r="2858" b="4817" fs="10">(1988).</wd>
			<wd l="2890" t="4756" r="3057" b="4805" fs="10">Plants</wd>
			<wd l="3089" t="4756" r="3152" b="4805" fs="10">of</wd>
			<wd l="3174" t="4758" r="3400" b="4805" fs="10">Western</wd>
			<wd l="3429" t="4755" r="3639" b="4817" fs="10">Darling</wd>
			<wd l="3667" t="4757" r="3874" b="4813" fs="10">Downs,</wd>
		</ln>
		<ln lx="2524" ly="4827" rx="3875" ry="4887">
			<wd l="2524" t="4827" r="3114" b="4875" fs="10">Barakula-Gurulmundi</wd>
			<wd l="3134" t="4827" r="3228" b="4875" fs="10">and</wd>
			<wd l="3248" t="4827" r="3547" b="4875" fs="10">South-west</wd>
			<wd l="3563" t="4828" r="3776" b="4874" fs="10">Burnett,</wd>
			<wd l="3796" t="4841" r="3875" b="4887" fs="10">pp.</wd>
		</ln>
		<ln lx="2526" ly="4897" rx="3875" ry="4958">
			<wd l="2526" t="4898" r="2744" b="4945" fs="10">96-171.</wd>
			<wd l="2781" t="4899" r="2837" b="4944" fs="10">In</wd>
			<wd l="2870" t="4899" r="2929" b="4945" fs="10">R.</wd>
			<wd l="2965" t="4897" r="3153" b="4945" fs="10">Hando</wd>
			<wd l="3189" t="4897" r="3338" b="4957" fs="10">(ed.),</wd>
			<wd l="3373" t="4898" r="3551" b="4958" fs="10">Going</wd>
			<wd l="3579" t="4897" r="3721" b="4944" fs="10">Bush</wd>
			<wd l="3753" t="4897" r="3875" b="4944" fs="10">with</wd>
		</ln>
		<ln lx="2528" ly="4967" rx="3876" ry="5016">
			<wd l="2528" t="4968" r="2831" b="5016" fs="10">Chinchilla</wd>
			<wd l="2860" t="4970" r="3004" b="5016" fs="10">Nats.</wd>
			<wd l="3044" t="4968" r="3362" b="5016" fs="10">Chinchilla:</wd>
			<wd l="3399" t="4967" r="3700" b="5016" fs="10">Chinchilla</wd>
			<wd l="3730" t="4967" r="3876" b="5016" fs="10">Field</wd>
		</ln>
		<ln lx="2522" ly="5038" rx="3082" ry="5087">
			<wd l="2522" t="5038" r="2813" b="5087" fs="10">Naturalists</wd>
			<wd l="2836" t="5038" r="2962" b="5087" fs="10">Club</wd>
			<wd l="2985" t="5040" r="3082" b="5087" fs="10">Inc.</wd>
		</ln>
	</region>
	<region article-doi="10.2307/41729931" region-id="10">
		<rc l="2330" t="5175" r="3889" b="5395"/>
		<ln lx="2335" ly="5180" rx="3878" ry="5241">
			<wd l="2335" t="5182" r="2582" b="5238" fs="10">Merrill,</wd>
			<wd l="2614" t="5181" r="2734" b="5228" fs="10">E.D.</wd>
			<wd l="2768" t="5180" r="2964" b="5241" fs="10">(1923).</wd>
			<wd l="3001" t="5181" r="3078" b="5228" fs="10">An</wd>
			<wd l="3107" t="5182" r="3473" b="5228" fs="10">Enumeration</wd>
			<wd l="3505" t="5180" r="3571" b="5241" fs="10">of</wd>
			<wd l="3584" t="5180" r="3878" b="5241" fs="10">Philippine</wd>
		</ln>
		<ln lx="2523" ly="5254" rx="3884" ry="5315">
			<wd l="2523" t="5254" r="2808" b="5315" fs="10">Flowering</wd>
			<wd l="2830" t="5254" r="3013" b="5309" fs="10">Plants,</wd>
			<wd l="3056" t="5254" r="3252" b="5302" fs="10">Volume</wd>
			<wd l="3281" t="5255" r="3321" b="5302" fs="10">3.</wd>
			<wd l="3362" t="5254" r="3568" b="5302" fs="10">Manila:</wd>
			<wd l="3600" t="5255" r="3794" b="5302" fs="10">Bureau</wd>
			<wd l="3823" t="5254" r="3884" b="5302" fs="10">of</wd>
		</ln>
		<ln lx="2525" ly="5329" rx="2741" ry="5390">
			<wd l="2525" t="5329" r="2741" b="5390" fs="10">Printing</wd>
		</ln>
	</region>
</ocr-page>
