<?xml version="1.0" encoding="UTF-8"?>
<ocr-page type="coords" ocr-vers="1.0" creation-date="20130321" res="600" height="6300" width="4500">
	<region article-doi="10.2307/41729922" region-id="0">
		<rc l="626" t="730" r="3766" b="802"/>
		<ln lx="631" ly="735" rx="3761" ry="797">
			<wd l="631" t="737" r="693" b="784" fs="10">94</wd>
			<wd l="2858" t="735" r="3235" b="797" fs="10">Austrobaileya</wd>
			<wd l="3254" t="735" r="3377" b="796" fs="10">5(1):</wd>
			<wd l="3401" t="736" r="3565" b="783" fs="10">93-96</wd>
			<wd l="3586" t="736" r="3761" b="797" fs="10">(1997)</wd>
		</ln>
	</region>
	<region article-doi="10.2307/41729922" region-id="1">
		<rc l="624" t="841" r="2175" b="1392"/>
		<ln lx="630" ly="846" rx="2170" ry="925">
			<wd l="630" t="847" r="784" b="908" fs="10">Keel</wd>
			<wd l="806" t="848" r="986" b="907" fs="10">4-5.5</wd>
			<wd l="1011" t="866" r="1138" b="907" fs="10">mm</wd>
			<wd l="1159" t="847" r="1323" b="925" fs="10">long,</wd>
			<wd l="1354" t="848" r="1590" b="907" fs="10">1.5-2.5</wd>
			<wd l="1615" t="866" r="1743" b="907" fs="10">mm</wd>
			<wd l="1762" t="846" r="1923" b="907" fs="10">wide</wd>
			<wd l="1946" t="846" r="2170" b="907" fs="10">lamina</wd>
		</ln>
		<ln lx="629" ly="938" rx="2169" ry="1017">
			<wd l="629" t="947" r="895" b="1000" fs="10">truncate</wd>
			<wd l="927" t="947" r="984" b="999" fs="10">at</wd>
			<wd l="1013" t="958" r="1186" b="1017" fs="10">apex,</wd>
			<wd l="1219" t="939" r="1444" b="1000" fs="10">curved</wd>
			<wd l="1474" t="958" r="1556" b="999" fs="10">on</wd>
			<wd l="1586" t="938" r="1775" b="999" fs="10">lower</wd>
			<wd l="1805" t="938" r="1980" b="1017" fs="10">edge;</wd>
			<wd l="2013" t="938" r="2169" b="999" fs="10">claw</wd>
		</ln>
		<ln lx="632" ly="1031" rx="2164" ry="1109">
			<wd l="632" t="1051" r="682" b="1092" fs="10">c.</wd>
			<wd l="706" t="1033" r="743" b="1091" fs="10">2</wd>
			<wd l="764" t="1051" r="891" b="1091" fs="10">mm</wd>
			<wd l="912" t="1031" r="1074" b="1109" fs="10">long.</wd>
			<wd l="1101" t="1031" r="1265" b="1109" fs="10">Style</wd>
			<wd l="1295" t="1033" r="1317" b="1091" fs="10">1</wd>
			<wd l="1333" t="1033" r="1471" b="1092" fs="10">.5-2</wd>
			<wd l="1492" t="1051" r="1620" b="1091" fs="10">mm</wd>
			<wd l="1642" t="1031" r="1805" b="1109" fs="10">long,</wd>
			<wd l="1827" t="1031" r="2164" b="1109" fs="10">persistent.</wd>
		</ln>
		<ln lx="633" ly="1123" rx="2169" ry="1202">
			<wd l="633" t="1125" r="907" b="1185" fs="10">Stamens</wd>
			<wd l="925" t="1123" r="1434" b="1202" fs="10">monodelphous;</wd>
			<wd l="1457" t="1123" r="1733" b="1185" fs="10">staminal</wd>
			<wd l="1750" t="1123" r="1892" b="1184" fs="10">tube</wd>
			<wd l="1912" t="1142" r="1963" b="1184" fs="10">c.</wd>
			<wd l="1985" t="1124" r="2023" b="1183" fs="10">4</wd>
			<wd l="2041" t="1142" r="2169" b="1183" fs="10">mm</wd>
		</ln>
		<ln lx="632" ly="1216" rx="2166" ry="1294">
			<wd l="632" t="1216" r="796" b="1294" fs="10">long;</wd>
			<wd l="819" t="1216" r="1054" b="1277" fs="10">anthers</wd>
			<wd l="1073" t="1216" r="1358" b="1277" fs="10">uniform.</wd>
			<wd l="1379" t="1216" r="1540" b="1277" fs="10">Pods</wd>
			<wd l="1560" t="1224" r="1720" b="1277" fs="10">erect</wd>
			<wd l="1739" t="1235" r="1807" b="1277" fs="10">or</wd>
			<wd l="1826" t="1216" r="2166" b="1294" fs="10">spreading,</wd>
		</ln>
		<ln lx="632" ly="1308" rx="2165" ry="1387">
			<wd l="632" t="1309" r="819" b="1370" fs="10">linear</wd>
			<wd l="846" t="1317" r="909" b="1370" fs="10">to</wd>
			<wd l="942" t="1309" r="1187" b="1387" fs="10">slightly</wd>
			<wd l="1218" t="1309" r="1455" b="1382" fs="10">falcate,</wd>
			<wd l="1490" t="1308" r="1827" b="1370" fs="10">somewhat</wd>
			<wd l="1857" t="1308" r="2165" b="1381" fs="10">flattened,</wd>
		</ln>
	</region>
	<region article-doi="10.2307/41729922" region-id="2">
		<rc l="2300" t="840" r="3855" b="1554"/>
		<ln lx="2307" ly="845" rx="3847" ry="924">
			<wd l="2307" t="847" r="2487" b="907" fs="10">2-5.5</wd>
			<wd l="2510" t="865" r="2608" b="907" fs="10">cm</wd>
			<wd l="2626" t="845" r="2788" b="924" fs="10">long,</wd>
			<wd l="2817" t="847" r="2838" b="906" fs="10">1</wd>
			<wd l="2854" t="847" r="3050" b="907" fs="10">.5-2.5</wd>
			<wd l="3071" t="865" r="3199" b="906" fs="10">mm</wd>
			<wd l="3215" t="845" r="3392" b="918" fs="10">wide,</wd>
			<wd l="3413" t="854" r="3583" b="906" fs="10">acute</wd>
			<wd l="3602" t="854" r="3659" b="906" fs="10">at</wd>
			<wd l="3677" t="865" r="3847" b="923" fs="10">apex,</wd>
		</ln>
		<ln lx="2305" ly="937" rx="3848" ry="1016">
			<wd l="2305" t="938" r="2682" b="1016" fs="10">moderately</wd>
			<wd l="2714" t="946" r="2777" b="998" fs="10">to</wd>
			<wd l="2814" t="938" r="3067" b="1015" fs="10">densely</wd>
			<wd l="3100" t="938" r="3292" b="1015" fs="10">hairy;</wd>
			<wd l="3327" t="938" r="3488" b="998" fs="10">hairs</wd>
			<wd l="3526" t="937" r="3848" b="1015" fs="10">spreading</wd>
		</ln>
		<ln lx="2308" ly="1030" rx="3849" ry="1108">
			<wd l="2308" t="1050" r="2376" b="1091" fs="10">or</wd>
			<wd l="2407" t="1030" r="2751" b="1108" fs="10">appressed.</wd>
			<wd l="2789" t="1030" r="2978" b="1091" fs="10">Seeds</wd>
			<wd l="3012" t="1032" r="3194" b="1103" fs="10">7-16,</wd>
			<wd l="3229" t="1030" r="3472" b="1103" fs="10">cuboid,</wd>
			<wd l="3515" t="1031" r="3690" b="1091" fs="10">1.2-2</wd>
			<wd l="3722" t="1049" r="3849" b="1089" fs="10">mm</wd>
		</ln>
		<ln lx="2308" ly="1122" rx="3845" ry="1201">
			<wd l="2308" t="1122" r="2472" b="1201" fs="10">long,</wd>
			<wd l="2498" t="1124" r="2674" b="1183" fs="10">0.7-1</wd>
			<wd l="2690" t="1124" r="2741" b="1184" fs="10">.3</wd>
			<wd l="2768" t="1142" r="2896" b="1182" fs="10">mm</wd>
			<wd l="2916" t="1122" r="3096" b="1196" fs="10">wide,</wd>
			<wd l="3119" t="1122" r="3256" b="1201" fs="10">pale</wd>
			<wd l="3277" t="1122" r="3505" b="1200" fs="10">yellow</wd>
			<wd l="3527" t="1141" r="3595" b="1183" fs="10">or</wd>
			<wd l="3614" t="1122" r="3845" b="1195" fs="10">brown,</wd>
		</ln>
		<ln lx="2309" ly="1215" rx="2504" ry="1293">
			<wd l="2309" t="1215" r="2504" b="1293" fs="10">shiny.</wd>
		</ln>
		<ln lx="2308" ly="1378" rx="3850" ry="1457">
			<wd l="2308" t="1379" r="2463" b="1439" fs="10">This</wd>
			<wd l="2507" t="1379" r="2765" b="1457" fs="10">species</wd>
			<wd l="2808" t="1398" r="3041" b="1439" fs="10">occurs</wd>
			<wd l="3082" t="1378" r="3482" b="1456" fs="10">throughout</wd>
			<wd l="3521" t="1378" r="3685" b="1438" fs="10">Asia</wd>
			<wd l="3725" t="1378" r="3850" b="1438" fs="10">and</wd>
		</ln>
		<ln lx="2306" ly="1470" rx="3844" ry="1549">
			<wd l="2306" t="1471" r="2618" b="1533" fs="10">Australia.</wd>
			<wd l="2638" t="1473" r="2786" b="1532" fs="10">Two</wd>
			<wd l="2806" t="1471" r="3148" b="1549" fs="10">subspecies</wd>
			<wd l="3166" t="1490" r="3262" b="1532" fs="10">are</wd>
			<wd l="3307" t="1470" r="3659" b="1549" fs="10">recognised</wd>
			<wd l="3688" t="1470" r="3844" b="1531" fs="10">here:</wd>
		</ln>
	</region>
	<region article-doi="10.2307/41729922" region-id="3">
		<rc l="624" t="1721" r="3828" b="2437"/>
		<ln lx="629" ly="1726" rx="3215" ry="1806">
			<wd l="629" t="1729" r="829" b="1790" fs="10">Plants</wd>
			<wd l="864" t="1728" r="1133" b="1806" fs="10">sparsely</wd>
			<wd l="1163" t="1737" r="1226" b="1789" fs="10">to</wd>
			<wd l="1257" t="1728" r="1633" b="1806" fs="10">moderately</wd>
			<wd l="1663" t="1728" r="1834" b="1805" fs="10">hairy</wd>
			<wd l="1864" t="1728" r="2013" b="1789" fs="10">with</wd>
			<wd l="2045" t="1727" r="2373" b="1806" fs="10">appressed</wd>
			<wd l="2403" t="1727" r="2585" b="1800" fs="10">hairs;</wd>
			<wd l="2621" t="1726" r="2858" b="1788" fs="10">leaflets</wd>
			<wd l="2894" t="1728" r="3049" b="1788" fs="10">8-21</wd>
			<wd l="3087" t="1746" r="3215" b="1786" fs="10">mm</wd>
		</ln>
		<ln lx="819" ly="1819" rx="3212" ry="1898">
			<wd l="819" t="1821" r="984" b="1898" fs="10">long;</wd>
			<wd l="1007" t="1821" r="1264" b="1898" fs="10">petioles</wd>
			<wd l="1290" t="1822" r="1450" b="1881" fs="10">5-17</wd>
			<wd l="1473" t="1840" r="1601" b="1880" fs="10">mm</wd>
			<wd l="1623" t="1820" r="1786" b="1898" fs="10">long.</wd>
			<wd l="1812" t="1820" r="2292" b="1881" fs="10">Inflorescences</wd>
			<wd l="2316" t="1820" r="2505" b="1880" fs="10">either</wd>
			<wd l="2524" t="1819" r="2672" b="1879" fs="10">with</wd>
			<wd l="2691" t="1819" r="2853" b="1897" fs="10">pairs</wd>
			<wd l="2876" t="1819" r="2953" b="1879" fs="10">of</wd>
			<wd l="2966" t="1819" r="3212" b="1879" fs="10">flowers</wd>
		</ln>
		<ln lx="818" ly="1911" rx="3212" ry="1990">
			<wd l="818" t="1932" r="886" b="1974" fs="10">or</wd>
			<wd l="913" t="1914" r="1035" b="1973" fs="10">2-4</wd>
			<wd l="1065" t="1913" r="1128" b="1973" fs="10">in</wd>
			<wd l="1157" t="1913" r="1321" b="1974" fs="10">short</wd>
			<wd l="1347" t="1932" r="1618" b="1973" fs="10">racemes</wd>
			<wd l="1646" t="1920" r="1709" b="1973" fs="10">to</wd>
			<wd l="1739" t="1913" r="1777" b="1972" fs="10">4</wd>
			<wd l="1805" t="1932" r="1933" b="1972" fs="10">mm</wd>
			<wd l="1962" t="1912" r="2128" b="1990" fs="10">long;</wd>
			<wd l="2157" t="1911" r="2429" b="1990" fs="10">pedicels</wd>
			<wd l="2467" t="1912" r="2581" b="1971" fs="10">'-A</wd>
			<wd l="2610" t="1931" r="2738" b="1971" fs="10">mm</wd>
			<wd l="2767" t="1911" r="2933" b="1989" fs="10">long;</wd>
			<wd l="2965" t="1911" r="3212" b="1972" fs="10">flowers</wd>
		</ln>
		<ln lx="820" ly="2003" rx="3823" ry="2083">
			<wd l="820" t="2007" r="998" b="2066" fs="10">5-6.5</wd>
			<wd l="1026" t="2025" r="1154" b="2065" fs="10">mm</wd>
			<wd l="1180" t="2005" r="1346" b="2083" fs="10">long;</wd>
			<wd l="1374" t="2005" r="1551" b="2083" fs="10">calyx</wd>
			<wd l="1601" t="2006" r="1779" b="2066" fs="10">5-6.5</wd>
			<wd l="1808" t="2024" r="1936" b="2065" fs="10">mm</wd>
			<wd l="1961" t="2004" r="2107" b="2083" fs="10">long</wd>
			<wd l="2138" t="2053" r="3323" b="2065" fs="10">
			</wd>
			<wd l="3384" t="2003" r="3589" b="2081" fs="10">subsp.</wd>
			<wd l="3608" t="2004" r="3823" b="2063" fs="10">indica</wd>
		</ln>
		<ln lx="629" ly="2166" rx="3215" ry="2247">
			<wd l="629" t="2169" r="825" b="2230" fs="10">Plants</wd>
			<wd l="844" t="2169" r="1091" b="2247" fs="10">densely</wd>
			<wd l="1107" t="2169" r="1275" b="2247" fs="10">hairy</wd>
			<wd l="1290" t="2169" r="1436" b="2230" fs="10">with</wd>
			<wd l="1453" t="2168" r="1597" b="2247" fs="10">long</wd>
			<wd l="1612" t="2177" r="1657" b="2223" fs="10">±</wd>
			<wd l="1676" t="2168" r="1993" b="2247" fs="10">spreading</wd>
			<wd l="2008" t="2168" r="2186" b="2241" fs="10">hairs;</wd>
			<wd l="2207" t="2167" r="2438" b="2229" fs="10">leaflets</wd>
			<wd l="2459" t="2168" r="2618" b="2229" fs="10">5-12</wd>
			<wd l="2636" t="2186" r="2763" b="2228" fs="10">mm</wd>
			<wd l="2781" t="2167" r="2944" b="2245" fs="10">long;</wd>
			<wd l="2962" t="2166" r="3215" b="2245" fs="10">petioles</wd>
		</ln>
		<ln lx="819" ly="2260" rx="3213" ry="2339">
			<wd l="819" t="2263" r="938" b="2322" fs="10">2-8</wd>
			<wd l="968" t="2281" r="1095" b="2322" fs="10">mm</wd>
			<wd l="1124" t="2262" r="1286" b="2339" fs="10">long.</wd>
			<wd l="1318" t="2261" r="1766" b="2322" fs="10">Inflorescence</wd>
			<wd l="1796" t="2261" r="1873" b="2322" fs="10">of</wd>
			<wd l="1899" t="2263" r="1921" b="2320" fs="10">1</wd>
			<wd l="1959" t="2280" r="2027" b="2322" fs="10">or</wd>
			<wd l="2053" t="2262" r="2090" b="2321" fs="10">2</wd>
			<wd l="2121" t="2261" r="2368" b="2321" fs="10">flowers</wd>
			<wd l="2396" t="2269" r="2503" b="2321" fs="10">not</wd>
			<wd l="2530" t="2260" r="2593" b="2320" fs="10">in</wd>
			<wd l="2618" t="2279" r="2912" b="2333" fs="10">racemes;</wd>
			<wd l="2941" t="2260" r="3213" b="2337" fs="10">pedicels</wd>
		</ln>
		<ln lx="820" ly="2351" rx="3823" ry="2432">
			<wd l="820" t="2355" r="999" b="2415" fs="10">0.5-3</wd>
			<wd l="1028" t="2373" r="1155" b="2414" fs="10">mm</wd>
			<wd l="1181" t="2353" r="1346" b="2432" fs="10">long;</wd>
			<wd l="1375" t="2353" r="1622" b="2414" fs="10">flowers</wd>
			<wd l="1648" t="2354" r="1766" b="2414" fs="10">4-5</wd>
			<wd l="1795" t="2372" r="1923" b="2413" fs="10">mm</wd>
			<wd l="1948" t="2353" r="2114" b="2431" fs="10">long;</wd>
			<wd l="2142" t="2352" r="2320" b="2431" fs="10">calyx</wd>
			<wd l="2366" t="2353" r="2489" b="2413" fs="10">4-6</wd>
			<wd l="2514" t="2371" r="2642" b="2412" fs="10">mm</wd>
			<wd l="2667" t="2351" r="2813" b="2430" fs="10">long</wd>
			<wd l="2854" t="2401" r="3243" b="2413" fs="10">
			</wd>
			<wd l="3300" t="2351" r="3504" b="2429" fs="10">subsp.</wd>
			<wd l="3520" t="2352" r="3823" b="2412" fs="10">australis</wd>
		</ln>
	</region>
	<region article-doi="10.2307/41729922" region-id="4">
		<rc l="621" t="2711" r="2178" b="5358"/>
		<ln lx="630" ly="2716" rx="1575" ry="2794">
			<wd l="630" t="2718" r="868" b="2777" fs="10">Rothia</wd>
			<wd l="892" t="2718" r="1106" b="2777" fs="10">indica</wd>
			<wd l="1130" t="2716" r="1334" b="2794" fs="10">subsp.</wd>
			<wd l="1359" t="2717" r="1575" b="2776" fs="10">indica</wd>
		</ln>
		<ln lx="626" ly="2879" rx="2164" ry="2958">
			<wd l="626" t="2881" r="1040" b="2941" fs="10">Illustrations</wd>
			<wd l="1045" t="2899" r="1060" b="2941" fs="10">:</wd>
			<wd l="1082" t="2879" r="1306" b="2958" fs="10">Wight,</wd>
			<wd l="1316" t="2879" r="1492" b="2958" fs="10">Ic.pl.</wd>
			<wd l="1513" t="2879" r="1637" b="2940" fs="10">Ind.</wd>
			<wd l="1663" t="2881" r="1967" b="2952" fs="10">orient.,^</wd>
			<wd l="1969" t="2898" r="2024" b="2940" fs="10">o.</wd>
			<wd l="2053" t="2880" r="2164" b="2940" fs="10">199</wd>
		</ln>
		<ln lx="632" ly="2972" rx="2157" ry="3050">
			<wd l="632" t="2974" r="689" b="3050" fs="10">(1</wd>
			<wd l="704" t="2974" r="897" b="3034" fs="10">840-1</wd>
			<wd l="912" t="2973" r="1080" b="3050" fs="10">853);</wd>
			<wd l="1098" t="2973" r="1476" b="3034" fs="10">N.V.Thuan</wd>
			<wd l="1494" t="2980" r="1551" b="3033" fs="10">et</wd>
			<wd l="1570" t="2972" r="1760" b="3045" fs="10">al.,F/.</wd>
			<wd l="1789" t="2972" r="2157" b="3050" fs="10">Cambodge,</wd>
		</ln>
		<ln lx="627" ly="3064" rx="2165" ry="3141">
			<wd l="627" t="3068" r="790" b="3126" fs="10">Laos</wd>
			<wd l="795" t="3116" r="803" b="3134" fs="10">,</wd>
			<wd l="844" t="3067" r="1108" b="3126" fs="10">Vietnam</wd>
			<wd l="1132" t="3066" r="1232" b="3126" fs="10">23:</wd>
			<wd l="1268" t="3066" r="1401" b="3137" fs="10">197,</wd>
			<wd l="1427" t="3064" r="1590" b="3125" fs="10">Plate</wd>
			<wd l="1616" t="3065" r="1695" b="3125" fs="10">36</wd>
			<wd l="1721" t="3064" r="1899" b="3141" fs="10">(1-9)</wd>
			<wd l="1924" t="3064" r="2165" b="3140" fs="10">(1960);</wd>
		</ln>
		<ln lx="630" ly="3156" rx="2165" ry="3230">
			<wd l="630" t="3157" r="1155" b="3230" fs="10">K.M.Matthews,</wd>
			<wd l="1170" t="3157" r="1257" b="3217" fs="10">Fl.</wd>
			<wd l="1290" t="3156" r="1646" b="3217" fs="10">Tamilnadu</wd>
			<wd l="1670" t="3157" r="1963" b="3217" fs="10">Carnatic</wd>
			<wd l="1964" t="3206" r="1978" b="3229" fs="10">,</wd>
			<wd l="2000" t="3156" r="2165" b="3216" fs="10">Plate</wd>
		</ln>
		<ln lx="631" ly="3250" rx="1017" ry="3326">
			<wd l="631" t="3251" r="752" b="3310" fs="10">219</wd>
			<wd l="781" t="3250" r="1017" b="3326" fs="10">(1982).</wd>
		</ln>
		<ln lx="630" ly="3411" rx="2166" ry="3492">
			<wd l="630" t="3413" r="814" b="3487" fs="10">Herb,</wd>
			<wd l="848" t="3413" r="1117" b="3492" fs="10">sparsely</wd>
			<wd l="1147" t="3432" r="1215" b="3474" fs="10">or</wd>
			<wd l="1241" t="3411" r="1616" b="3490" fs="10">moderately</wd>
			<wd l="1644" t="3412" r="1815" b="3490" fs="10">hairy</wd>
			<wd l="1843" t="3411" r="1992" b="3472" fs="10">with</wd>
			<wd l="2021" t="3411" r="2166" b="3484" fs="10">fine,</wd>
		</ln>
		<ln lx="630" ly="3504" rx="2168" ry="3584">
			<wd l="630" t="3507" r="834" b="3579" fs="10">white,</wd>
			<wd l="873" t="3506" r="1203" b="3584" fs="10">appressed</wd>
			<wd l="1238" t="3525" r="1307" b="3567" fs="10">or</wd>
			<wd l="1342" t="3505" r="1591" b="3583" fs="10">slightly</wd>
			<wd l="1628" t="3505" r="1954" b="3583" fs="10">spreading</wd>
			<wd l="1987" t="3504" r="2168" b="3565" fs="10">hairs.</wd>
		</ln>
		<ln lx="634" ly="3596" rx="2167" ry="3675">
			<wd l="634" t="3600" r="830" b="3659" fs="10">Stems</wd>
			<wd l="856" t="3606" r="918" b="3659" fs="10">to</wd>
			<wd l="945" t="3599" r="1025" b="3658" fs="10">40</wd>
			<wd l="1053" t="3617" r="1151" b="3658" fs="10">cm</wd>
			<wd l="1178" t="3598" r="1341" b="3675" fs="10">long.</wd>
			<wd l="1370" t="3597" r="1632" b="3658" fs="10">Petioles</wd>
			<wd l="1662" t="3598" r="1822" b="3657" fs="10">5-17</wd>
			<wd l="1849" t="3615" r="1977" b="3656" fs="10">mm</wd>
			<wd l="2004" t="3596" r="2167" b="3674" fs="10">long.</wd>
		</ln>
		<ln lx="634" ly="3689" rx="2172" ry="3769">
			<wd l="634" t="3690" r="897" b="3769" fs="10">Stipules</wd>
			<wd l="928" t="3698" r="1105" b="3751" fs="10">ovate</wd>
			<wd l="1133" t="3698" r="1196" b="3751" fs="10">to</wd>
			<wd l="1228" t="3689" r="1455" b="3768" fs="10">elliptic</wd>
			<wd l="1484" t="3698" r="1547" b="3750" fs="10">to</wd>
			<wd l="1579" t="3689" r="1860" b="3762" fs="10">obovate,</wd>
			<wd l="1893" t="3689" r="2011" b="3749" fs="10">3-5</wd>
			<wd l="2044" t="3707" r="2172" b="3748" fs="10">mm</wd>
		</ln>
		<ln lx="633" ly="3781" rx="2171" ry="3861">
			<wd l="633" t="3784" r="796" b="3861" fs="10">long,</wd>
			<wd l="836" t="3784" r="1008" b="3844" fs="10">1.5-3</wd>
			<wd l="1040" t="3802" r="1168" b="3843" fs="10">mm</wd>
			<wd l="1195" t="3782" r="1374" b="3855" fs="10">wide,</wd>
			<wd l="1407" t="3782" r="1678" b="3860" fs="10">sparsely</wd>
			<wd l="1704" t="3790" r="1767" b="3842" fs="10">to</wd>
			<wd l="1796" t="3781" r="2171" b="3858" fs="10">moderately</wd>
		</ln>
		<ln lx="630" ly="3872" rx="2168" ry="3954">
			<wd l="630" t="3875" r="841" b="3954" fs="10">hairy.</wd>
			<wd l="888" t="3874" r="1184" b="3936" fs="10">Leaflets</wd>
			<wd l="1229" t="3874" r="1518" b="3936" fs="10">obovate</wd>
			<wd l="1561" t="3882" r="1629" b="3935" fs="10">to</wd>
			<wd l="1674" t="3872" r="2168" b="3946" fs="10">oblanceolate,</wd>
		</ln>
		<ln lx="635" ly="3966" rx="2170" ry="4044">
			<wd l="635" t="3969" r="788" b="4029" fs="10">5-21</wd>
			<wd l="830" t="3987" r="957" b="4027" fs="10">mm</wd>
			<wd l="992" t="3968" r="1156" b="4044" fs="10">long,</wd>
			<wd l="1193" t="3969" r="1314" b="4027" fs="10">3-6</wd>
			<wd l="1349" t="3986" r="1476" b="4026" fs="10">mm</wd>
			<wd l="1509" t="3966" r="1688" b="4026" fs="10">wide.</wd>
			<wd l="1725" t="3966" r="1992" b="4026" fs="10">Flowers</wd>
			<wd l="2028" t="3967" r="2170" b="4037" fs="10">2-4,</wd>
		</ln>
		<ln lx="630" ly="4057" rx="2171" ry="4135">
			<wd l="630" t="4058" r="871" b="4135" fs="10">usually</wd>
			<wd l="897" t="4077" r="978" b="4119" fs="10">on</wd>
			<wd l="1003" t="4077" r="1038" b="4118" fs="10">a</wd>
			<wd l="1063" t="4058" r="1228" b="4118" fs="10">short</wd>
			<wd l="1249" t="4057" r="1571" b="4135" fs="10">peduncle;</wd>
			<wd l="1598" t="4057" r="1870" b="4134" fs="10">pedicels</wd>
			<wd l="1904" t="4058" r="2019" b="4115" fs="10">1-4</wd>
			<wd l="2043" t="4075" r="2171" b="4115" fs="10">mm</wd>
		</ln>
		<ln lx="634" ly="4146" rx="2171" ry="4227">
			<wd l="634" t="4150" r="799" b="4227" fs="10">long;</wd>
			<wd l="831" t="4149" r="1166" b="4210" fs="10">bracteoles</wd>
			<wd l="1196" t="4148" r="1437" b="4225" fs="10">usually</wd>
			<wd l="1466" t="4149" r="1584" b="4208" fs="10">2-3</wd>
			<wd l="1618" t="4166" r="1747" b="4207" fs="10">mm</wd>
			<wd l="1777" t="4147" r="1940" b="4225" fs="10">long.</wd>
			<wd l="1974" t="4146" r="2171" b="4224" fs="10">Calyx</wd>
		</ln>
		<ln lx="635" ly="4238" rx="2173" ry="4317">
			<wd l="635" t="4242" r="814" b="4302" fs="10">5-6.5</wd>
			<wd l="845" t="4260" r="972" b="4300" fs="10">mm</wd>
			<wd l="1000" t="4240" r="1164" b="4317" fs="10">long,</wd>
			<wd l="1194" t="4240" r="1447" b="4317" fs="10">densely</wd>
			<wd l="1472" t="4239" r="1643" b="4316" fs="10">hairy</wd>
			<wd l="1669" t="4239" r="1817" b="4299" fs="10">with</wd>
			<wd l="1845" t="4238" r="2173" b="4316" fs="10">appressed</wd>
		</ln>
		<ln lx="631" ly="4330" rx="2172" ry="4408">
			<wd l="631" t="4333" r="812" b="4405" fs="10">hairs;</wd>
			<wd l="831" t="4332" r="972" b="4393" fs="10">tube</wd>
			<wd l="1000" t="4334" r="1021" b="4391" fs="10">1</wd>
			<wd l="1037" t="4333" r="1234" b="4393" fs="10">.5-2.5</wd>
			<wd l="1255" t="4351" r="1383" b="4391" fs="10">mm</wd>
			<wd l="1402" t="4331" r="1566" b="4408" fs="10">long;</wd>
			<wd l="1588" t="4330" r="1760" b="4391" fs="10">lobes</wd>
			<wd l="1779" t="4331" r="2022" b="4391" fs="10">2.5-3.5</wd>
			<wd l="2044" t="4349" r="2172" b="4389" fs="10">mm</wd>
		</ln>
		<ln lx="634" ly="4421" rx="2170" ry="4501">
			<wd l="634" t="4424" r="817" b="4501" fs="10">long.</wd>
			<wd l="874" t="4423" r="1203" b="4484" fs="10">Standard</wd>
			<wd l="1256" t="4424" r="1455" b="4483" fs="10">5-6.5</wd>
			<wd l="1510" t="4441" r="1643" b="4482" fs="10">mm</wd>
			<wd l="1695" t="4422" r="1878" b="4499" fs="10">long.</wd>
			<wd l="1933" t="4421" r="2170" b="4498" fs="10">Wings</wd>
		</ln>
		<ln lx="633" ly="4512" rx="2172" ry="4592">
			<wd l="633" t="4518" r="817" b="4576" fs="10">4-5.5</wd>
			<wd l="856" t="4534" r="985" b="4575" fs="10">mm</wd>
			<wd l="1021" t="4515" r="1186" b="4592" fs="10">long.</wd>
			<wd l="1224" t="4514" r="1381" b="4575" fs="10">Keel</wd>
			<wd l="1417" t="4515" r="1602" b="4574" fs="10">4-5.5</wd>
			<wd l="1641" t="4533" r="1769" b="4573" fs="10">mm</wd>
			<wd l="1806" t="4512" r="1971" b="4590" fs="10">long.</wd>
			<wd l="2010" t="4512" r="2172" b="4573" fs="10">Pods</wd>
		</ln>
		<ln lx="634" ly="4605" rx="2125" ry="4685">
			<wd l="634" t="4607" r="886" b="4685" fs="10">densely</wd>
			<wd l="908" t="4607" r="1079" b="4684" fs="10">hairy</wd>
			<wd l="1102" t="4606" r="1250" b="4667" fs="10">with</wd>
			<wd l="1274" t="4606" r="1419" b="4683" fs="10">long</wd>
			<wd l="1444" t="4606" r="1570" b="4666" fs="10">fine</wd>
			<wd l="1596" t="4605" r="1924" b="4683" fs="10">appressed</wd>
			<wd l="1946" t="4605" r="2125" b="4665" fs="10">hairs.</wd>
		</ln>
		<ln lx="631" ly="4767" rx="2169" ry="4832">
			<wd l="631" t="4771" r="919" b="4832" fs="10">Specimens</wd>
			<wd l="932" t="4770" r="1206" b="4819" fs="10">examined:</wd>
			<wd l="1236" t="4770" r="1397" b="4818" fs="10">India.</wd>
			<wd l="1411" t="4767" r="1697" b="4830" fs="10">Donkanayi</wd>
			<wd l="1722" t="4767" r="2169" b="4829" fs="10">nearMangapadu,</wd>
		</ln>
		<ln lx="632" ly="4842" rx="2168" ry="4903">
			<wd l="632" t="4845" r="831" b="4894" fs="10">Andhra</wd>
			<wd l="841" t="4845" r="1061" b="4902" fs="10">Pradash,</wd>
			<wd l="1075" t="4846" r="1179" b="4893" fs="10">Dec</wd>
			<wd l="1199" t="4845" r="1216" b="4892" fs="10">1</wd>
			<wd l="1226" t="4845" r="1321" b="4892" fs="10">967</wd>
			<wd l="1330" t="4844" r="1583" b="4893" fs="10">Subbarao</wd>
			<wd l="1597" t="4843" r="1755" b="4891" fs="10">29673</wd>
			<wd l="1776" t="4843" r="2015" b="4903" fs="10">[AD9863</wd>
			<wd l="2027" t="4843" r="2044" b="4890" fs="10">1</wd>
			<wd l="2059" t="4843" r="2077" b="4889" fs="10">1</wd>
			<wd l="2087" t="4842" r="2168" b="4902" fs="10">73]</wd>
		</ln>
		<ln lx="634" ly="4917" rx="2170" ry="4981">
			<wd l="634" t="4920" r="799" b="4981" fs="10">(AD);</wd>
			<wd l="833" t="4919" r="1036" b="4968" fs="10">Maisor</wd>
			<wd l="1067" t="4920" r="1114" b="4968" fs="10"><![CDATA[&]]></wd>
			<wd l="1149" t="4918" r="1408" b="4976" fs="10">Carnatic,</wd>
			<wd l="1447" t="4918" r="1667" b="4966" fs="10">without</wd>
			<wd l="1698" t="4917" r="1832" b="4972" fs="10">date,</wd>
			<wd l="1876" t="4917" r="2170" b="4978" fs="10">Thompson</wd>
		</ln>
		<ln lx="637" ly="4991" rx="2173" ry="5056">
			<wd l="637" t="4996" r="839" b="5056" fs="10">[MEL7</wd>
			<wd l="853" t="4994" r="1047" b="5055" fs="10">13522]</wd>
			<wd l="1084" t="4994" r="1297" b="5055" fs="10">(MEL);</wd>
			<wd l="1332" t="4992" r="1619" b="5042" fs="10">Peninsula</wd>
			<wd l="1650" t="4992" r="1831" b="5041" fs="10">Indiae</wd>
			<wd l="1866" t="4991" r="2173" b="5049" fs="10">Orientalis,</wd>
		</ln>
		<ln lx="637" ly="5065" rx="2171" ry="5130">
			<wd l="637" t="5071" r="842" b="5125" fs="10">1866-7,</wd>
			<wd l="869" t="5069" r="1021" b="5130" fs="10">Wight</wd>
			<wd l="1034" t="5069" r="1122" b="5117" fs="10">571</wd>
			<wd l="1148" t="5069" r="1336" b="5129" fs="10">[MEL7</wd>
			<wd l="1346" t="5068" r="1400" b="5116" fs="10">13</wd>
			<wd l="1408" t="5068" r="1523" b="5128" fs="10">525]</wd>
			<wd l="1541" t="5067" r="1739" b="5128" fs="10">(MEL);</wd>
			<wd l="1755" t="5068" r="1947" b="5115" fs="10">Hassan</wd>
			<wd l="1959" t="5065" r="2171" b="5124" fs="10">District,</wd>
		</ln>
		<ln lx="632" ly="5141" rx="2169" ry="5206">
			<wd l="632" t="5145" r="867" b="5206" fs="10">Mysore,</wd>
			<wd l="907" t="5144" r="1011" b="5192" fs="10">Aut</wd>
			<wd l="1047" t="5144" r="1183" b="5191" fs="10">1971</wd>
			<wd l="1219" t="5142" r="1639" b="5203" fs="10">Ramamoorthy</wd>
			<wd l="1669" t="5142" r="1780" b="5202" fs="10">(K).</wd>
			<wd l="1826" t="5141" r="1915" b="5189" fs="10">Sri</wd>
			<wd l="1951" t="5141" r="2169" b="5189" fs="10">Lanka.</wd>
		</ln>
		<ln lx="633" ly="5215" rx="2170" ry="5278">
			<wd l="633" t="5218" r="979" b="5276" fs="10">Trincomalee,</wd>
			<wd l="995" t="5233" r="1109" b="5266" fs="10">near</wd>
			<wd l="1123" t="5217" r="1280" b="5266" fs="10">China</wd>
			<wd l="1292" t="5218" r="1397" b="5278" fs="10">Bay</wd>
			<wd l="1410" t="5217" r="1619" b="5278" fs="10">Airport,</wd>
			<wd l="1634" t="5216" r="1732" b="5265" fs="10">Feb</wd>
			<wd l="1754" t="5217" r="1771" b="5264" fs="10">1</wd>
			<wd l="1782" t="5215" r="2031" b="5264" fs="10">910Rudd</wd>
			<wd l="2040" t="5216" r="2069" b="5264" fs="10">3</wd>
			<wd l="2077" t="5215" r="2170" b="5263" fs="10">134</wd>
		</ln>
		<ln lx="633" ly="5292" rx="1333" ry="5353">
			<wd l="633" t="5295" r="681" b="5343" fs="10"><![CDATA[&]]></wd>
			<wd l="699" t="5293" r="1060" b="5342" fs="10">Balakrishnan</wd>
			<wd l="1079" t="5293" r="1209" b="5340" fs="10">3134</wd>
			<wd l="1230" t="5292" r="1333" b="5353" fs="10">(K).</wd>
		</ln>
	</region>
	<region article-doi="10.2307/41729922" region-id="5">
		<rc l="2299" t="2708" r="3865" b="5233"/>
		<ln lx="2304" ly="2713" rx="3849" ry="2775">
			<wd l="2304" t="2716" r="2743" b="2775" fs="10">Distribution</wd>
			<wd l="2782" t="2715" r="2920" b="2775" fs="10">and</wd>
			<wd l="2952" t="2715" r="3207" b="2774" fs="10">habitat</wd>
			<wd l="3210" t="2733" r="3224" b="2774" fs="10">:</wd>
			<wd l="3268" t="2716" r="3338" b="2773" fs="10">In</wd>
			<wd l="3375" t="2713" r="3554" b="2774" fs="10">India</wd>
			<wd l="3591" t="2713" r="3714" b="2773" fs="10">and</wd>
			<wd l="3753" t="2713" r="3849" b="2773" fs="10">Sri</wd>
		</ln>
		<ln lx="2308" ly="2805" rx="3855" ry="2883">
			<wd l="2308" t="2806" r="2531" b="2868" fs="10">Lanka.</wd>
			<wd l="2551" t="2806" r="2706" b="2867" fs="10">Also</wd>
			<wd l="2725" t="2806" r="2788" b="2866" fs="10">in</wd>
			<wd l="2808" t="2807" r="2937" b="2867" fs="10">S.E.</wd>
			<wd l="2958" t="2806" r="3111" b="2867" fs="10">Asia</wd>
			<wd l="3127" t="2825" r="3192" b="2866" fs="10">as</wd>
			<wd l="3212" t="2805" r="3528" b="2866" fs="10">described</wd>
			<wd l="3543" t="2805" r="3626" b="2883" fs="10">by</wd>
			<wd l="3643" t="2805" r="3855" b="2865" fs="10">Thuan</wd>
		</ln>
		<ln lx="2309" ly="2897" rx="3853" ry="2976">
			<wd l="2309" t="2908" r="2369" b="2960" fs="10">et</wd>
			<wd l="2407" t="2899" r="2484" b="2960" fs="10">al.</wd>
			<wd l="2527" t="2899" r="2776" b="2976" fs="10">(1987).</wd>
			<wd l="2816" t="2898" r="3087" b="2976" fs="10">Usually</wd>
			<wd l="3125" t="2918" r="3348" b="2960" fs="10">occurs</wd>
			<wd l="3388" t="2898" r="3452" b="2958" fs="10">in</wd>
			<wd l="3491" t="2897" r="3853" b="2975" fs="10">seasonally</wd>
		</ln>
		<ln lx="2309" ly="2991" rx="2850" ry="3052">
			<wd l="2309" t="2991" r="2638" b="3052" fs="10">inundated</wd>
			<wd l="2663" t="3010" r="2850" b="3052" fs="10">areas.</wd>
		</ln>
		<ln lx="2309" ly="3152" rx="3847" ry="3232">
			<wd l="2309" t="3156" r="2549" b="3215" fs="10">Rothia</wd>
			<wd l="2576" t="3156" r="2792" b="3215" fs="10">indica</wd>
			<wd l="2818" t="3154" r="3020" b="3232" fs="10">subsp.</wd>
			<wd l="3054" t="3155" r="3356" b="3215" fs="10">australis</wd>
			<wd l="3382" t="3155" r="3531" b="3214" fs="10">A.E.</wd>
			<wd l="3560" t="3152" r="3847" b="3225" fs="10">Holland,</wd>
		</ln>
		<ln lx="2500" ly="3245" rx="3848" ry="3324">
			<wd l="2500" t="3248" r="2721" b="3324" fs="10">subsp.</wd>
			<wd l="2750" t="3264" r="2914" b="3319" fs="10">nov.,</wd>
			<wd l="2939" t="3246" r="3202" b="3307" fs="10">Rothiae</wd>
			<wd l="3230" t="3245" r="3473" b="3306" fs="10">indicae</wd>
			<wd l="3496" t="3245" r="3619" b="3322" fs="10">(L.)</wd>
			<wd l="3645" t="3247" r="3848" b="3305" fs="10">Druce</wd>
		</ln>
		<ln lx="2501" ly="3337" rx="3850" ry="3417">
			<wd l="2501" t="3339" r="2706" b="3417" fs="10">subsp.</wd>
			<wd l="2757" t="3339" r="3011" b="3400" fs="10">indicae</wd>
			<wd l="3016" t="3388" r="3030" b="3411" fs="10">,</wd>
			<wd l="3071" t="3338" r="3291" b="3399" fs="10">affinis</wd>
			<wd l="3332" t="3338" r="3444" b="3399" fs="10">sed</wd>
			<wd l="3481" t="3337" r="3850" b="3398" fs="10">indumento</wd>
		</ln>
		<ln lx="2501" ly="3429" rx="3850" ry="3509">
			<wd l="2501" t="3431" r="2776" b="3493" fs="10">confetto</wd>
			<wd l="2799" t="3430" r="3045" b="3509" fs="10">patenti,</wd>
			<wd l="3072" t="3430" r="3239" b="3492" fs="10">foliis</wd>
			<wd l="3263" t="3430" r="3485" b="3509" fs="10">parvis,</wd>
			<wd l="3512" t="3438" r="3570" b="3491" fs="10">et</wd>
			<wd l="3593" t="3429" r="3850" b="3491" fs="10">floribus</wd>
		</ln>
		<ln lx="2502" ly="3522" rx="3854" ry="3601">
			<wd l="2502" t="3524" r="2813" b="3585" fs="10">solitariis</wd>
			<wd l="2853" t="3523" r="2960" b="3584" fs="10">vel</wd>
			<wd l="3003" t="3522" r="3374" b="3601" fs="10">duplicatis,</wd>
			<wd l="3416" t="3541" r="3747" b="3600" fs="10">nunquam</wd>
			<wd l="3788" t="3522" r="3854" b="3581" fs="10">in</wd>
		</ln>
		<ln lx="2498" ly="3613" rx="3846" ry="3693">
			<wd l="2498" t="3616" r="2774" b="3677" fs="10">racemis</wd>
			<wd l="2817" t="3615" r="3061" b="3676" fs="10">differt.</wd>
			<wd l="3103" t="3617" r="3360" b="3693" fs="10">Typus:</wd>
			<wd l="3406" t="3613" r="3846" b="3689" fs="10">Queensland.</wd>
		</ln>
		<ln lx="2501" ly="3706" rx="3847" ry="3779">
			<wd l="2501" t="3709" r="2825" b="3769" fs="10">Gregory</wd>
			<wd l="2868" t="3709" r="3090" b="3769" fs="10">South</wd>
			<wd l="3130" t="3709" r="3462" b="3768" fs="10">District:</wd>
			<wd l="3512" t="3706" r="3648" b="3767" fs="10">Site</wd>
			<wd l="3700" t="3707" r="3847" b="3779" fs="10">195,</wd>
		</ln>
		<ln lx="2501" ly="3799" rx="3849" ry="3877">
			<wd l="2501" t="3800" r="2737" b="3861" fs="10">Warlus</wd>
			<wd l="2763" t="3801" r="2785" b="3859" fs="10">1</wd>
			<wd l="2798" t="3849" r="2812" b="3873" fs="10">,</wd>
			<wd l="2833" t="3802" r="2869" b="3860" fs="10">7</wd>
			<wd l="2887" t="3801" r="3030" b="3877" fs="10">Aug</wd>
			<wd l="3055" t="3801" r="3077" b="3859" fs="10">1</wd>
			<wd l="3089" t="3801" r="3166" b="3860" fs="10">97</wd>
			<wd l="3179" t="3801" r="3201" b="3859" fs="10">1</wd>
			<wd l="3214" t="3849" r="3228" b="3871" fs="10">,</wd>
			<wd l="3242" t="3801" r="3315" b="3859" fs="10">D.</wd>
			<wd l="3323" t="3801" r="3387" b="3859" fs="10">E.</wd>
			<wd l="3394" t="3799" r="3678" b="3876" fs="10">Boyland</wd>
			<wd l="3687" t="3800" r="3766" b="3858" fs="10">40</wd>
			<wd l="3778" t="3800" r="3800" b="3857" fs="10">1</wd>
			<wd l="3813" t="3800" r="3849" b="3858" fs="10">6</wd>
		</ln>
		<ln lx="2500" ly="3892" rx="2712" ry="3970">
			<wd l="2500" t="3892" r="2712" b="3970" fs="10">(BRI).</wd>
		</ln>
		<ln lx="2310" ly="4053" rx="3852" ry="4131">
			<wd l="2310" t="4055" r="2492" b="4127" fs="10">Herb,</wd>
			<wd l="2512" t="4054" r="2760" b="4131" fs="10">densely</wd>
			<wd l="2777" t="4054" r="3036" b="4114" fs="10">covered</wd>
			<wd l="3053" t="4054" r="3115" b="4113" fs="10">in</wd>
			<wd l="3130" t="4053" r="3372" b="4114" fs="10">reddish</wd>
			<wd l="3389" t="4072" r="3456" b="4113" fs="10">or</wd>
			<wd l="3471" t="4053" r="3670" b="4124" fs="10">white,</wd>
			<wd l="3691" t="4053" r="3852" b="4129" fs="10">long,</wd>
		</ln>
		<ln lx="2313" ly="4143" rx="3854" ry="4224">
			<wd l="2313" t="4145" r="2636" b="4224" fs="10">spreading</wd>
			<wd l="2657" t="4145" r="2837" b="4206" fs="10">hairs.</wd>
			<wd l="2867" t="4146" r="3064" b="4205" fs="10">Stems</wd>
			<wd l="3086" t="4152" r="3149" b="4205" fs="10">to</wd>
			<wd l="3175" t="4146" r="3254" b="4205" fs="10">30</wd>
			<wd l="3279" t="4163" r="3378" b="4204" fs="10">cm</wd>
			<wd l="3402" t="4144" r="3565" b="4221" fs="10">long.</wd>
			<wd l="3591" t="4143" r="3854" b="4204" fs="10">Petioles</wd>
		</ln>
		<ln lx="2311" ly="4235" rx="3854" ry="4314">
			<wd l="2311" t="4239" r="2435" b="4297" fs="10">2-8</wd>
			<wd l="2475" t="4256" r="2605" b="4296" fs="10">mm</wd>
			<wd l="2643" t="4237" r="2814" b="4314" fs="10">long.</wd>
			<wd l="2858" t="4236" r="3134" b="4313" fs="10">Stipules</wd>
			<wd l="3174" t="4236" r="3446" b="4296" fs="10">obovate</wd>
			<wd l="3486" t="4254" r="3556" b="4295" fs="10">or</wd>
			<wd l="3593" t="4235" r="3854" b="4311" fs="10">elliptic,</wd>
		</ln>
		<ln lx="2312" ly="4326" rx="3856" ry="4405">
			<wd l="2312" t="4330" r="2439" b="4388" fs="10">2-4</wd>
			<wd l="2478" t="4347" r="2609" b="4388" fs="10">mm</wd>
			<wd l="2650" t="4328" r="2824" b="4405" fs="10">long,</wd>
			<wd l="2875" t="4329" r="3131" b="4388" fs="10">1.5-2.6</wd>
			<wd l="3170" t="4346" r="3301" b="4387" fs="10">mm</wd>
			<wd l="3338" t="4326" r="3528" b="4387" fs="10">wide.</wd>
			<wd l="3572" t="4326" r="3856" b="4387" fs="10">Leaflets</wd>
		</ln>
		<ln lx="2313" ly="4418" rx="3856" ry="4496">
			<wd l="2313" t="4420" r="2574" b="4480" fs="10">obovate</wd>
			<wd l="2601" t="4428" r="2664" b="4480" fs="10">to</wd>
			<wd l="2694" t="4419" r="2942" b="4496" fs="10">oblong,</wd>
			<wd l="2975" t="4420" r="3136" b="4479" fs="10">5-12</wd>
			<wd l="3164" t="4437" r="3292" b="4478" fs="10">mm</wd>
			<wd l="3321" t="4418" r="3485" b="4495" fs="10">long,</wd>
			<wd l="3523" t="4419" r="3701" b="4478" fs="10">1.5-4</wd>
			<wd l="3729" t="4436" r="3856" b="4476" fs="10">mm</wd>
		</ln>
		<ln lx="2311" ly="4509" rx="3855" ry="4588">
			<wd l="2311" t="4511" r="2491" b="4584" fs="10">wide,</wd>
			<wd l="2519" t="4511" r="2773" b="4588" fs="10">densely</wd>
			<wd l="2795" t="4510" r="2967" b="4588" fs="10">hairy</wd>
			<wd l="2992" t="4529" r="3074" b="4571" fs="10">on</wd>
			<wd l="3096" t="4509" r="3246" b="4570" fs="10">both</wd>
			<wd l="3271" t="4509" r="3559" b="4570" fs="10">surfaces.</wd>
			<wd l="3587" t="4509" r="3855" b="4569" fs="10">Flowers</wd>
		</ln>
		<ln lx="2321" ly="4601" rx="3852" ry="4681">
			<wd l="2321" t="4605" r="2342" b="4663" fs="10">1</wd>
			<wd l="2387" t="4623" r="2456" b="4664" fs="10">or</wd>
			<wd l="2489" t="4604" r="2549" b="4676" fs="10">2;</wd>
			<wd l="2585" t="4602" r="2921" b="4681" fs="10">peduncles</wd>
			<wd l="2958" t="4604" r="3017" b="4675" fs="10">0;</wd>
			<wd l="3053" t="4601" r="3327" b="4680" fs="10">pedicels</wd>
			<wd l="3371" t="4602" r="3486" b="4661" fs="10">1-4</wd>
			<wd l="3520" t="4620" r="3649" b="4660" fs="10">mm</wd>
			<wd l="3685" t="4601" r="3852" b="4678" fs="10">long;</wd>
		</ln>
		<ln lx="2311" ly="4692" rx="3858" ry="4770">
			<wd l="2311" t="4694" r="2651" b="4755" fs="10">bracteoles</wd>
			<wd l="2695" t="4695" r="2934" b="4754" fs="10">1.5-2.5</wd>
			<wd l="2972" t="4713" r="3101" b="4753" fs="10">mm</wd>
			<wd l="3136" t="4693" r="3300" b="4770" fs="10">long.</wd>
			<wd l="3339" t="4692" r="3537" b="4769" fs="10">Calyx</wd>
			<wd l="3572" t="4693" r="3695" b="4752" fs="10">4-6</wd>
			<wd l="3730" t="4711" r="3858" b="4751" fs="10">mm</wd>
		</ln>
		<ln lx="2314" ly="4783" rx="3856" ry="4863">
			<wd l="2314" t="4786" r="2478" b="4863" fs="10">long,</wd>
			<wd l="2505" t="4785" r="2759" b="4863" fs="10">densely</wd>
			<wd l="2780" t="4785" r="3050" b="4863" fs="10">patently</wd>
			<wd l="3071" t="4784" r="3263" b="4861" fs="10">hairy;</wd>
			<wd l="3288" t="4783" r="3430" b="4844" fs="10">tube</wd>
			<wd l="3463" t="4784" r="3700" b="4844" fs="10">1.5-2.5</wd>
			<wd l="3728" t="4802" r="3856" b="4842" fs="10">mm</wd>
		</ln>
		<ln lx="2314" ly="4875" rx="3859" ry="4954">
			<wd l="2314" t="4878" r="2479" b="4954" fs="10">long;</wd>
			<wd l="2500" t="4877" r="2670" b="4937" fs="10">lobes</wd>
			<wd l="2689" t="4878" r="2931" b="4937" fs="10">2.5-3.5</wd>
			<wd l="2952" t="4895" r="3081" b="4936" fs="10">mm</wd>
			<wd l="3099" t="4876" r="3259" b="4953" fs="10">long.</wd>
			<wd l="3284" t="4875" r="3575" b="4936" fs="10">Standard</wd>
			<wd l="3591" t="4877" r="3710" b="4934" fs="10">4-5</wd>
			<wd l="3731" t="4894" r="3859" b="4933" fs="10">mm</wd>
		</ln>
		<ln lx="2315" ly="4966" rx="3860" ry="5046">
			<wd l="2315" t="4969" r="2477" b="5046" fs="10">long.</wd>
			<wd l="2511" t="4968" r="2727" b="5045" fs="10">Wings</wd>
			<wd l="2758" t="4969" r="2940" b="5027" fs="10">4-5.5</wd>
			<wd l="2974" t="4986" r="3102" b="5026" fs="10">mm</wd>
			<wd l="3133" t="4967" r="3295" b="5044" fs="10">long.</wd>
			<wd l="3328" t="4966" r="3484" b="5026" fs="10">Keel</wd>
			<wd l="3514" t="4967" r="3697" b="5026" fs="10">4-5.5</wd>
			<wd l="3731" t="4984" r="3860" b="5024" fs="10">mm</wd>
		</ln>
		<ln lx="2315" ly="5057" rx="3859" ry="5137">
			<wd l="2315" t="5060" r="2495" b="5137" fs="10">long.</wd>
			<wd l="2541" t="5059" r="2715" b="5120" fs="10">Pods</wd>
			<wd l="2760" t="5058" r="3039" b="5135" fs="10">densely</wd>
			<wd l="3080" t="5058" r="3269" b="5134" fs="10">hairy</wd>
			<wd l="3310" t="5057" r="3472" b="5117" fs="10">with</wd>
			<wd l="3516" t="5057" r="3675" b="5134" fs="10">long</wd>
			<wd l="3719" t="5057" r="3859" b="5117" fs="10">fine</wd>
		</ln>
		<ln lx="2314" ly="5149" rx="3439" ry="5228">
			<wd l="2314" t="5151" r="2629" b="5228" fs="10">obliquely</wd>
			<wd l="2654" t="5150" r="2977" b="5228" fs="10">spreading</wd>
			<wd l="2999" t="5149" r="3178" b="5210" fs="10">hairs.</wd>
			<wd l="3227" t="5149" r="3354" b="5226" fs="10">Fig.</wd>
			<wd l="3391" t="5150" r="3439" b="5209" fs="10">1.</wd>
		</ln>
	</region>
</ocr-page>
