<?xml version="1.0" encoding="UTF-8"?>
<ocr-page type="coords" ocr-vers="1.0" creation-date="20130321" res="600" height="6300" width="4500">
	<region article-doi="10.2307/41729920" region-id="0">
		<rc l="629" t="731" r="3769" b="803"/>
		<ln lx="634" ly="736" rx="3764" ry="798">
			<wd l="634" t="742" r="696" b="790" fs="10">76</wd>
			<wd l="2862" t="736" r="3238" b="798" fs="10">Austrobaileya</wd>
			<wd l="3256" t="736" r="3380" b="798" fs="10">5(1):</wd>
			<wd l="3404" t="736" r="3566" b="784" fs="10">71-78</wd>
			<wd l="3588" t="736" r="3764" b="796" fs="10">(1997)</wd>
		</ln>
	</region>
	<region article-doi="10.2307/41729920" region-id="1">
		<rc l="649" t="5231" r="3882" b="5384"/>
		<ln lx="654" ly="5236" rx="3877" ry="5304">
			<wd l="654" t="5242" r="758" b="5304" fs="10">Fig.</wd>
			<wd l="778" t="5242" r="824" b="5290" fs="10">3.</wd>
			<wd l="850" t="5237" r="1169" b="5290" fs="10">Cooktównia</wd>
			<wd l="1188" t="5241" r="1427" b="5289" fs="10">robertsii.</wd>
			<wd l="1452" t="5256" r="1493" b="5289" fs="10">a.</wd>
			<wd l="1515" t="5240" r="1665" b="5303" fs="10">plant;</wd>
			<wd l="1686" t="5240" r="1732" b="5289" fs="10">b.</wd>
			<wd l="1755" t="5241" r="1804" b="5289" fs="10"><![CDATA[&]]></wd>
			<wd l="1826" t="5255" r="1866" b="5289" fs="10">c.</wd>
			<wd l="1890" t="5239" r="2088" b="5289" fs="10">flowers</wd>
			<wd l="2109" t="5239" r="2236" b="5288" fs="10">from</wd>
			<wd l="2257" t="5239" r="2378" b="5298" fs="10">side;</wd>
			<wd l="2401" t="5239" r="2445" b="5288" fs="10">d.</wd>
			<wd l="2470" t="5239" r="2700" b="5288" fs="10">labellum</wd>
			<wd l="2720" t="5238" r="2847" b="5288" fs="10">from</wd>
			<wd l="2867" t="5238" r="3040" b="5297" fs="10">above;</wd>
			<wd l="3064" t="5253" r="3104" b="5287" fs="10">e.</wd>
			<wd l="3128" t="5238" r="3287" b="5287" fs="10">dorsal</wd>
			<wd l="3310" t="5237" r="3461" b="5299" fs="10">sepal;</wd>
			<wd l="3484" t="5237" r="3517" b="5286" fs="10">f.</wd>
			<wd l="3541" t="5237" r="3705" b="5286" fs="10">lateral</wd>
			<wd l="3727" t="5236" r="3877" b="5299" fs="10">sepal;</wd>
		</ln>
		<ln lx="655" ly="5313" rx="3304" ry="5379">
			<wd l="655" t="5332" r="699" b="5379" fs="10">g.</wd>
			<wd l="721" t="5316" r="866" b="5379" fs="10">petal;</wd>
			<wd l="887" t="5317" r="933" b="5365" fs="10">h.</wd>
			<wd l="957" t="5316" r="1154" b="5365" fs="10">column</wd>
			<wd l="1174" t="5316" r="1301" b="5365" fs="10">from</wd>
			<wd l="1322" t="5316" r="1443" b="5374" fs="10">side;</wd>
			<wd l="1467" t="5316" r="1495" b="5365" fs="10">i.</wd>
			<wd l="1520" t="5316" r="1717" b="5365" fs="10">column</wd>
			<wd l="1738" t="5316" r="1865" b="5365" fs="10">from</wd>
			<wd l="1886" t="5315" r="2029" b="5373" fs="10">front;</wd>
			<wd l="2045" t="5315" r="2082" b="5377" fs="10">j.</wd>
			<wd l="2106" t="5315" r="2263" b="5364" fs="10">fertile</wd>
			<wd l="2283" t="5315" r="2428" b="5364" fs="10">bract.</wd>
			<wd l="2451" t="5314" r="2535" b="5362" fs="10">All</wd>
			<wd l="2556" t="5314" r="2683" b="5363" fs="10">from</wd>
			<wd l="2695" t="5315" r="2877" b="5362" fs="10">Broers</wd>
			<wd l="2896" t="5314" r="2987" b="5362" fs="10">441</wd>
			<wd l="3015" t="5314" r="3063" b="5362" fs="10"><![CDATA[&]]></wd>
			<wd l="3083" t="5313" r="3304" b="5362" fs="10">Roberts.</wd>
		</ln>
	</region>
</ocr-page>
