<?xml version="1.0" encoding="UTF-8"?>
<ocr-page type="coords" ocr-vers="1.0" creation-date="20130321" res="600" height="6300" width="4500">
	<region article-doi="10.2307/41729914" region-id="0">
		<rc l="623" t="724" r="3835" b="802"/>
		<ln lx="628" ly="729" rx="3830" ry="797">
			<wd l="628" t="741" r="823" b="797" fs="10">Forster,</wd>
			<wd l="850" t="738" r="1134" b="787" fs="10">Dissiliaria</wd>
			<wd l="3780" t="729" r="3797" b="776" fs="10">1</wd>
			<wd l="3814" t="729" r="3830" b="776" fs="10">1</wd>
		</ln>
	</region>
	<region article-doi="10.2307/41729914" region-id="1">
		<rc l="623" t="850" r="2176" b="1309"/>
		<ln lx="630" ly="855" rx="2168" ry="936">
			<wd l="630" t="860" r="967" b="931" fs="10">dehiscent;</wd>
			<wd l="1004" t="858" r="1320" b="936" fs="10">pistillode</wd>
			<wd l="1358" t="857" r="1591" b="918" fs="10">absent.</wd>
			<wd l="1630" t="856" r="1877" b="916" fs="10">Female</wd>
			<wd l="1916" t="855" r="2168" b="915" fs="10">flowers</wd>
		</ln>
		<ln lx="628" ly="948" rx="2165" ry="1031">
			<wd l="628" t="952" r="994" b="1031" fs="10">pedicellate;</wd>
			<wd l="1016" t="951" r="1209" b="1029" fs="10">sepals</wd>
			<wd l="1227" t="950" r="1548" b="1023" fs="10">imbricate,</wd>
			<wd l="1569" t="951" r="1714" b="1022" fs="10">3+3;</wd>
			<wd l="1732" t="948" r="1920" b="1027" fs="10">petals</wd>
			<wd l="1939" t="948" r="2165" b="1020" fs="10">absent;</wd>
		</ln>
		<ln lx="631" ly="1043" rx="2171" ry="1122">
			<wd l="631" t="1046" r="767" b="1106" fs="10">disk</wd>
			<wd l="800" t="1045" r="1027" b="1122" fs="10">shortly</wd>
			<wd l="1060" t="1044" r="1309" b="1105" fs="10">annular</wd>
			<wd l="1342" t="1063" r="1410" b="1104" fs="10">or</wd>
			<wd l="1443" t="1043" r="1712" b="1120" fs="10">cupular;</wd>
			<wd l="1749" t="1061" r="1937" b="1118" fs="10">ovary</wd>
			<wd l="1971" t="1043" r="2007" b="1100" fs="10">2</wd>
			<wd l="2044" t="1077" r="2066" b="1084" fs="10">-</wd>
			<wd l="2103" t="1060" r="2171" b="1101" fs="10">or</wd>
		</ln>
		<ln lx="632" ly="1133" rx="2168" ry="1211">
			<wd l="632" t="1137" r="957" b="1209" fs="10">3-locular;</wd>
			<wd l="998" t="1136" r="1237" b="1196" fs="10">locules</wd>
			<wd l="1273" t="1134" r="1615" b="1207" fs="10">biovulate;</wd>
			<wd l="1656" t="1133" r="1847" b="1211" fs="10">styles</wd>
			<wd l="1886" t="1134" r="1944" b="1206" fs="10">3,</wd>
			<wd l="1984" t="1141" r="2168" b="1205" fs="10">erect,</wd>
		</ln>
		<ln lx="632" ly="1225" rx="2167" ry="1304">
			<wd l="632" t="1228" r="1141" b="1301" fs="10">linear-subulate,</wd>
			<wd l="1165" t="1227" r="1371" b="1300" fs="10">entire,</wd>
			<wd l="1396" t="1227" r="1625" b="1304" fs="10">shortly</wd>
			<wd l="1646" t="1234" r="1903" b="1287" fs="10">connate</wd>
			<wd l="1926" t="1233" r="1983" b="1286" fs="10">at</wd>
			<wd l="2001" t="1225" r="2167" b="1286" fs="10">base.</wd>
		</ln>
	</region>
	<region article-doi="10.2307/41729914" region-id="2">
		<rc l="2302" t="843" r="3858" b="1562"/>
		<ln lx="2308" ly="848" rx="3853" ry="931">
			<wd l="2308" t="854" r="2470" b="914" fs="10">Fruit</wd>
			<wd l="2502" t="853" r="2796" b="931" fs="10">capsular,</wd>
			<wd l="2829" t="852" r="3126" b="924" fs="10">trilobate,</wd>
			<wd l="3159" t="851" r="3307" b="911" fs="10">with</wd>
			<wd l="3339" t="850" r="3577" b="911" fs="10">surface</wd>
			<wd l="3611" t="848" r="3853" b="910" fs="10">smooth</wd>
		</ln>
		<ln lx="2307" ly="942" rx="3846" ry="1022">
			<wd l="2307" t="955" r="2371" b="1008" fs="10">to</wd>
			<wd l="2409" t="945" r="2798" b="1018" fs="10">muriculate,</wd>
			<wd l="2839" t="944" r="3170" b="1022" fs="10">dehiscing</wd>
			<wd l="3209" t="942" r="3606" b="1022" fs="10">septicidally</wd>
			<wd l="3644" t="942" r="3774" b="1003" fs="10">into</wd>
			<wd l="3814" t="943" r="3846" b="1002" fs="10">3</wd>
		</ln>
		<ln lx="2308" ly="1035" rx="3848" ry="1113">
			<wd l="2308" t="1039" r="2597" b="1100" fs="10">bivalved</wd>
			<wd l="2625" t="1039" r="2815" b="1099" fs="10">cocci.</wd>
			<wd l="2850" t="1038" r="3039" b="1098" fs="10">Seeds</wd>
			<wd l="3069" t="1036" r="3482" b="1113" fs="10">semi-elliptic</wd>
			<wd l="3511" t="1036" r="3574" b="1095" fs="10">in</wd>
			<wd l="3601" t="1035" r="3848" b="1107" fs="10">outline,</wd>
		</ln>
		<ln lx="2311" ly="1129" rx="3847" ry="1208">
			<wd l="2311" t="1131" r="2619" b="1208" fs="10">laterally</wd>
			<wd l="2664" t="1129" r="3125" b="1207" fs="10">compressed;</wd>
			<wd l="3171" t="1136" r="3344" b="1189" fs="10">testa</wd>
			<wd l="3387" t="1135" r="3847" b="1198" fs="10">crustaceous;</wd>
		</ln>
		<ln lx="2311" ly="1219" rx="3850" ry="1300">
			<wd l="2311" t="1224" r="2597" b="1284" fs="10">albumen</wd>
			<wd l="2628" t="1222" r="2850" b="1300" fs="10">fleshy;</wd>
			<wd l="2884" t="1221" r="3164" b="1282" fs="10">caruncle</wd>
			<wd l="3197" t="1221" r="3403" b="1293" fs="10">entire,</wd>
			<wd l="3435" t="1219" r="3850" b="1291" fs="10">non-arilloid;</wd>
		</ln>
		<ln lx="2312" ly="1314" rx="3057" ry="1394">
			<wd l="2312" t="1316" r="2670" b="1394" fs="10">cotyledons</wd>
			<wd l="2695" t="1315" r="2904" b="1387" fs="10">broad,</wd>
			<wd l="2932" t="1314" r="3057" b="1375" fs="10">flat.</wd>
		</ln>
		<ln lx="2314" ly="1477" rx="3422" ry="1557">
			<wd l="2314" t="1480" r="2421" b="1540" fs="10">Six</wd>
			<wd l="2447" t="1479" r="2683" b="1557" fs="10">species</wd>
			<wd l="2709" t="1478" r="2988" b="1539" fs="10">endemic</wd>
			<wd l="3013" t="1478" r="3076" b="1537" fs="10">in</wd>
			<wd l="3098" t="1477" r="3422" b="1537" fs="10">Australia.</wd>
		</ln>
	</region>
	<region article-doi="10.2307/41729914" region-id="3">
		<rc l="630" t="1746" r="3863" b="4182"/>
		<ln lx="1756" ly="1751" rx="2724" ry="1830">
			<wd l="1756" t="1755" r="1898" b="1830" fs="10">Key</wd>
			<wd l="1922" t="1759" r="1987" b="1813" fs="10">to</wd>
			<wd l="2013" t="1753" r="2256" b="1829" fs="10">species</wd>
			<wd l="2282" t="1752" r="2356" b="1811" fs="10">of</wd>
			<wd l="2364" t="1751" r="2724" b="1811" fs="10">Dissiliaria</wd>
		</ln>
		<ln lx="643" ly="1959" rx="3832" ry="2042">
			<wd l="643" t="1970" r="689" b="2028" fs="10">1.</wd>
			<wd l="751" t="1970" r="981" b="2028" fs="10">Leaves</wd>
			<wd l="1008" t="1967" r="1417" b="2038" fs="10">chartaceous,</wd>
			<wd l="1444" t="1976" r="1489" b="2017" fs="10"><![CDATA[<]]></wd>
			<wd l="1514" t="1967" r="1610" b="2026" fs="10">9.5</wd>
			<wd l="1641" t="1984" r="1739" b="2025" fs="10">cm</wd>
			<wd l="1764" t="1965" r="1928" b="2042" fs="10">long,</wd>
			<wd l="1956" t="1972" r="2194" b="2024" fs="10">crenate</wd>
			<wd l="2226" t="2009" r="3327" b="2023" fs="10">
			</wd>
			<wd l="3359" t="2008" r="3746" b="2019" fs="10">
			</wd>
			<wd l="3796" t="1959" r="3832" b="2017" fs="10">2</wd>
		</ln>
		<ln lx="751" ly="2051" rx="3830" ry="2134">
			<wd l="751" t="2062" r="982" b="2120" fs="10">Leaves</wd>
			<wd l="1009" t="2059" r="1381" b="2130" fs="10">coriaceous,</wd>
			<wd l="1409" t="2059" r="1634" b="2118" fs="10">9.5-18</wd>
			<wd l="1663" t="2076" r="1761" b="2118" fs="10">cm</wd>
			<wd l="1787" t="2057" r="1951" b="2134" fs="10">long,</wd>
			<wd l="1979" t="2055" r="2165" b="2116" fs="10">entire</wd>
			<wd l="2184" t="2100" r="3747" b="2116" fs="10">
			</wd>
			<wd l="3798" t="2051" r="3830" b="2110" fs="10">3</wd>
		</ln>
		<ln lx="635" ly="2217" rx="3223" ry="2299">
			<wd l="635" t="2226" r="690" b="2285" fs="10">2.</wd>
			<wd l="752" t="2224" r="912" b="2284" fs="10">Leaf</wd>
			<wd l="934" t="2224" r="1158" b="2284" fs="10">lamina</wd>
			<wd l="1187" t="2222" r="1490" b="2299" fs="10">narrowly</wd>
			<wd l="1523" t="2222" r="1750" b="2299" fs="10">elliptic</wd>
			<wd l="1783" t="2221" r="1931" b="2281" fs="10">with</wd>
			<wd l="1971" t="2222" r="2166" b="2280" fs="10">17-23</wd>
			<wd l="2202" t="2219" r="2498" b="2297" fs="10">marginal</wd>
			<wd l="2529" t="2218" r="2692" b="2279" fs="10">teeth</wd>
			<wd l="2722" t="2237" r="2829" b="2296" fs="10">per</wd>
			<wd l="2862" t="2217" r="2991" b="2278" fs="10">side</wd>
			<wd l="3026" t="2217" r="3102" b="2277" fs="10">of</wd>
			<wd l="3123" t="2217" r="3223" b="2277" fs="10">the</wd>
		</ln>
		<ln lx="821" ly="2311" rx="3219" ry="2392">
			<wd l="821" t="2316" r="1080" b="2388" fs="10">midrib;</wd>
			<wd l="1122" t="2316" r="1214" b="2392" fs="10">tip</wd>
			<wd l="1257" t="2315" r="1646" b="2386" fs="10">acuminate;</wd>
			<wd l="1688" t="2314" r="1857" b="2374" fs="10">male</wd>
			<wd l="1900" t="2313" r="2134" b="2373" fs="10">flower</wd>
			<wd l="2175" t="2312" r="2390" b="2389" fs="10">sepals</wd>
			<wd l="2433" t="2311" r="2736" b="2383" fs="10">obovate,</wd>
			<wd l="2781" t="2311" r="3047" b="2370" fs="10">0.8-1.2</wd>
			<wd l="3089" t="2329" r="3219" b="2369" fs="10">mm</wd>
		</ln>
		<ln lx="822" ly="2401" rx="3830" ry="2468">
			<wd l="822" t="2407" r="980" b="2468" fs="10">wide</wd>
			<wd l="1012" t="2450" r="3248" b="2467" fs="10">
			</wd>
			<wd l="3310" t="2402" r="3367" b="2460" fs="10">6.</wd>
			<wd l="3393" t="2402" r="3470" b="2460" fs="10">D.</wd>
			<wd l="3496" t="2401" r="3830" b="2460" fs="10">surculosa</wd>
		</ln>
		<ln lx="753" ly="2493" rx="3222" ry="2576">
			<wd l="753" t="2500" r="913" b="2561" fs="10">Leaf</wd>
			<wd l="937" t="2500" r="1161" b="2560" fs="10">lamina</wd>
			<wd l="1191" t="2498" r="1447" b="2576" fs="10">broadly</wd>
			<wd l="1481" t="2506" r="1658" b="2559" fs="10">ovate</wd>
			<wd l="1691" t="2506" r="1754" b="2558" fs="10">to</wd>
			<wd l="1787" t="2496" r="2276" b="2558" fs="10">rhombic-ovate</wd>
			<wd l="2309" t="2495" r="2458" b="2556" fs="10">with</wd>
			<wd l="2499" t="2496" r="2697" b="2555" fs="10">14-16</wd>
			<wd l="2731" t="2493" r="3027" b="2571" fs="10">marginal</wd>
			<wd l="3059" t="2493" r="3222" b="2553" fs="10">teeth</wd>
		</ln>
		<ln lx="822" ly="2586" rx="3224" ry="2671">
			<wd l="822" t="2612" r="929" b="2671" fs="10">per</wd>
			<wd l="962" t="2592" r="1090" b="2653" fs="10">side</wd>
			<wd l="1125" t="2592" r="1201" b="2652" fs="10">of</wd>
			<wd l="1222" t="2592" r="1322" b="2652" fs="10">the</wd>
			<wd l="1354" t="2591" r="1596" b="2663" fs="10">midrib;</wd>
			<wd l="1630" t="2591" r="1716" b="2668" fs="10">tip</wd>
			<wd l="1751" t="2598" r="1943" b="2662" fs="10">acute,</wd>
			<wd l="1979" t="2589" r="2194" b="2650" fs="10">obtuse</wd>
			<wd l="2229" t="2608" r="2297" b="2649" fs="10">or</wd>
			<wd l="2326" t="2596" r="2546" b="2660" fs="10">retuse;</wd>
			<wd l="2580" t="2587" r="2739" b="2648" fs="10">male</wd>
			<wd l="2774" t="2587" r="2991" b="2647" fs="10">flower</wd>
			<wd l="3024" t="2586" r="3224" b="2664" fs="10">sepals</wd>
		</ln>
		<ln lx="822" ly="2677" rx="3834" ry="2762">
			<wd l="822" t="2684" r="1076" b="2762" fs="10">broadly</wd>
			<wd l="1101" t="2684" r="1347" b="2762" fs="10">elliptic,</wd>
			<wd l="1383" t="2685" r="1618" b="2744" fs="10">1.4-1.5</wd>
			<wd l="1647" t="2702" r="1775" b="2742" fs="10">mm</wd>
			<wd l="1798" t="2681" r="1959" b="2742" fs="10">wide</wd>
			<wd l="1976" t="2727" r="3331" b="2742" fs="10">
			</wd>
			<wd l="3365" t="2679" r="3421" b="2737" fs="10">5.</wd>
			<wd l="3445" t="2679" r="3521" b="2737" fs="10">D.</wd>
			<wd l="3546" t="2677" r="3834" b="2736" fs="10">muelleri</wd>
		</ln>
		<ln lx="638" ly="2840" rx="3858" ry="2926">
			<wd l="638" t="2851" r="693" b="2909" fs="10">3.</wd>
			<wd l="757" t="2848" r="1018" b="2926" fs="10">Stipules</wd>
			<wd l="1045" t="2847" r="1694" b="2919" fs="10">lanceolate-obovate;</wd>
			<wd l="1723" t="2845" r="1972" b="2923" fs="10">stipular</wd>
			<wd l="1997" t="2864" r="2129" b="2905" fs="10">scar</wd>
			<wd l="2160" t="2845" r="2400" b="2905" fs="10">1.8-2.2</wd>
			<wd l="2425" t="2863" r="2553" b="2903" fs="10">mm</wd>
			<wd l="2575" t="2843" r="2735" b="2903" fs="10">wide</wd>
			<wd l="2775" t="2891" r="3334" b="2903" fs="10">
			</wd>
			<wd l="3396" t="2842" r="3453" b="2901" fs="10">4.</wd>
			<wd l="3490" t="2842" r="3567" b="2900" fs="10">D.</wd>
			<wd l="3604" t="2840" r="3858" b="2900" fs="10">tuckeri</wd>
		</ln>
		<ln lx="758" ly="2936" rx="3223" ry="3019">
			<wd l="758" t="2940" r="1056" b="3019" fs="10">Stipules</wd>
			<wd l="1103" t="2940" r="1317" b="3000" fs="10">linear</wd>
			<wd l="1362" t="2959" r="1435" b="3000" fs="10">or</wd>
			<wd l="1479" t="2937" r="2193" b="3010" fs="10">deltoid-lanceolate;</wd>
			<wd l="2243" t="2936" r="2528" b="3014" fs="10">stipular</wd>
			<wd l="2573" t="2955" r="2721" b="2996" fs="10">scar</wd>
			<wd l="2766" t="2936" r="3043" b="2995" fs="10">0.5-0.8</wd>
			<wd l="3090" t="2953" r="3223" b="2993" fs="10">mm</wd>
		</ln>
		<ln lx="824" ly="3026" rx="3832" ry="3095">
			<wd l="824" t="3034" r="983" b="3095" fs="10">wide</wd>
			<wd l="1015" t="3075" r="3745" b="3094" fs="10">
			</wd>
			<wd l="3794" t="3026" r="3832" b="3084" fs="10">4</wd>
		</ln>
		<ln lx="639" ly="3191" rx="3229" ry="3276">
			<wd l="639" t="3201" r="695" b="3259" fs="10">4.</wd>
			<wd l="758" t="3198" r="1020" b="3276" fs="10">Stipules</wd>
			<wd l="1049" t="3198" r="1254" b="3270" fs="10">linear,</wd>
			<wd l="1285" t="3217" r="1335" b="3257" fs="10">c.</wd>
			<wd l="1365" t="3199" r="1403" b="3256" fs="10">4</wd>
			<wd l="1430" t="3216" r="1558" b="3256" fs="10">mm</wd>
			<wd l="1586" t="3197" r="1751" b="3273" fs="10">long;</wd>
			<wd l="1781" t="3195" r="2142" b="3256" fs="10">interlateral</wd>
			<wd l="2167" t="3194" r="2457" b="3255" fs="10">venation</wd>
			<wd l="2481" t="3193" r="2826" b="3271" fs="10">prominent</wd>
			<wd l="2850" t="3192" r="3056" b="3252" fs="10">below</wd>
			<wd l="3081" t="3191" r="3229" b="3251" fs="10">with</wd>
		</ln>
		<ln lx="827" ly="3282" rx="3835" ry="3366">
			<wd l="827" t="3290" r="905" b="3350" fs="10">all</wd>
			<wd l="931" t="3289" r="1295" b="3366" fs="10">connecting</wd>
			<wd l="1318" t="3289" r="1493" b="3348" fs="10">veins</wd>
			<wd l="1517" t="3287" r="1737" b="3360" fs="10">raised;</wd>
			<wd l="1763" t="3286" r="2035" b="3365" fs="10">pedicels</wd>
			<wd l="2062" t="3287" r="2247" b="3346" fs="10">2.5-9</wd>
			<wd l="2272" t="3304" r="2400" b="3345" fs="10">mm</wd>
			<wd l="2426" t="3285" r="2571" b="3362" fs="10">long</wd>
			<wd l="2612" t="3333" r="3169" b="3345" fs="10">
			</wd>
			<wd l="3211" t="3284" r="3367" b="3343" fs="10">I.D.</wd>
			<wd l="3393" t="3282" r="3835" b="3359" fs="10">baloghioides</wd>
		</ln>
		<ln lx="759" ly="3375" rx="3228" ry="3460">
			<wd l="759" t="3382" r="1021" b="3460" fs="10">Stipules</wd>
			<wd l="1054" t="3380" r="1670" b="3453" fs="10">deltoid-lanceolate,</wd>
			<wd l="1712" t="3381" r="1886" b="3440" fs="10">1-1.5</wd>
			<wd l="1920" t="3398" r="2049" b="3438" fs="10">mm</wd>
			<wd l="2080" t="3378" r="2246" b="3456" fs="10">long;</wd>
			<wd l="2280" t="3377" r="2639" b="3438" fs="10">interlateral</wd>
			<wd l="2669" t="3376" r="2958" b="3437" fs="10">venation</wd>
			<wd l="2987" t="3375" r="3228" b="3453" fs="10">weakly</wd>
		</ln>
		<ln lx="825" ly="3468" rx="3226" ry="3551">
			<wd l="825" t="3475" r="1043" b="3536" fs="10">visible</wd>
			<wd l="1060" t="3474" r="1264" b="3535" fs="10">below</wd>
			<wd l="1279" t="3474" r="1426" b="3534" fs="10">with</wd>
			<wd l="1445" t="3473" r="1589" b="3551" fs="10">only</wd>
			<wd l="1605" t="3473" r="1704" b="3534" fs="10">the</wd>
			<wd l="1725" t="3481" r="1893" b="3533" fs="10">outer</wd>
			<wd l="1911" t="3471" r="2273" b="3549" fs="10">connecting</wd>
			<wd l="2289" t="3471" r="2463" b="3531" fs="10">veins</wd>
			<wd l="2480" t="3470" r="2697" b="3542" fs="10">raised;</wd>
			<wd l="2719" t="3469" r="2939" b="3530" fs="10">female</wd>
			<wd l="2957" t="3468" r="3226" b="3546" fs="10">pedicels</wd>
		</ln>
		<ln lx="836" ly="3560" rx="3830" ry="3643">
			<wd l="836" t="3568" r="1032" b="3628" fs="10">10-40</wd>
			<wd l="1059" t="3586" r="1186" b="3626" fs="10">mm</wd>
			<wd l="1213" t="3566" r="1358" b="3643" fs="10">long</wd>
			<wd l="1396" t="3608" r="3757" b="3626" fs="10">
			</wd>
			<wd l="3799" t="3560" r="3830" b="3618" fs="10">5</wd>
		</ln>
		<ln lx="644" ly="3725" rx="3227" ry="3807">
			<wd l="644" t="3734" r="696" b="3791" fs="10">5.</wd>
			<wd l="755" t="3733" r="919" b="3791" fs="10">New</wd>
			<wd l="959" t="3730" r="1204" b="3807" fs="10">foliage</wd>
			<wd l="1245" t="3749" r="1441" b="3807" fs="10">green</wd>
			<wd l="1479" t="3737" r="1544" b="3789" fs="10">to</wd>
			<wd l="1584" t="3728" r="1730" b="3806" fs="10">pale</wd>
			<wd l="1772" t="3727" r="2183" b="3805" fs="10">green-pink;</wd>
			<wd l="2228" t="3726" r="2427" b="3804" fs="10">styles</wd>
			<wd l="2469" t="3745" r="2522" b="3786" fs="10">c.</wd>
			<wd l="2568" t="3727" r="2604" b="3785" fs="10">6</wd>
			<wd l="2644" t="3744" r="2775" b="3784" fs="10">mm</wd>
			<wd l="2816" t="3725" r="2991" b="3802" fs="10">long,</wd>
			<wd l="3035" t="3732" r="3227" b="3796" fs="10">erect,</wd>
		</ln>
		<ln lx="829" ly="3815" rx="3837" ry="3894">
			<wd l="829" t="3830" r="1084" b="3883" fs="10">connate</wd>
			<wd l="1112" t="3822" r="1207" b="3882" fs="10">for</wd>
			<wd l="1231" t="3823" r="1413" b="3882" fs="10">2-2.5</wd>
			<wd l="1442" t="3840" r="1590" b="3893" fs="10">mm;</wd>
			<wd l="1620" t="3829" r="1883" b="3881" fs="10">stamens</wd>
			<wd l="1910" t="3820" r="2139" b="3892" fs="10">22-26;</wd>
			<wd l="2168" t="3818" r="2406" b="3879" fs="10">anthers</wd>
			<wd l="2441" t="3819" r="2680" b="3878" fs="10">1.3-1.7</wd>
			<wd l="2706" t="3836" r="2834" b="3877" fs="10">mm</wd>
			<wd l="2860" t="3816" r="3006" b="3894" fs="10">long</wd>
			<wd l="3037" t="3866" r="3257" b="3877" fs="10">
			</wd>
			<wd l="3307" t="3817" r="3364" b="3876" fs="10">2.</wd>
			<wd l="3390" t="3817" r="3467" b="3875" fs="10">D.</wd>
			<wd l="3493" t="3815" r="3837" b="3875" fs="10">laxinervis</wd>
		</ln>
		<ln lx="756" ly="3909" rx="3228" ry="3993">
			<wd l="756" t="3918" r="914" b="3977" fs="10">New</wd>
			<wd l="942" t="3915" r="1169" b="3993" fs="10">foliage</wd>
			<wd l="1196" t="3915" r="1396" b="3992" fs="10">bright</wd>
			<wd l="1421" t="3914" r="1834" b="3992" fs="10">pink-brown;</wd>
			<wd l="1866" t="3913" r="2051" b="3990" fs="10">styles</wd>
			<wd l="2080" t="3914" r="2397" b="3973" fs="10">2.54mm</wd>
			<wd l="2425" t="3911" r="2589" b="3989" fs="10">long,</wd>
			<wd l="2621" t="3910" r="2892" b="3988" fs="10">strongly</wd>
			<wd l="2917" t="3909" r="3228" b="3982" fs="10">recurved,</wd>
		</ln>
		<ln lx="830" ly="4004" rx="3227" ry="4079">
			<wd l="830" t="4016" r="1116" b="4069" fs="10">connate</wd>
			<wd l="1174" t="4007" r="1280" b="4068" fs="10">for</wd>
			<wd l="1336" t="4027" r="1392" b="4068" fs="10">c.</wd>
			<wd l="1460" t="4008" r="1482" b="4067" fs="10">1</wd>
			<wd l="1545" t="4026" r="1704" b="4079" fs="10">mm;</wd>
			<wd l="1765" t="4014" r="2060" b="4067" fs="10">stamens</wd>
			<wd l="2126" t="4006" r="2372" b="4077" fs="10">16-18;</wd>
			<wd l="2433" t="4004" r="2701" b="4065" fs="10">anthers</wd>
			<wd l="2760" t="4004" r="3037" b="4064" fs="10">0.8-1.2</wd>
			<wd l="3094" t="4021" r="3227" b="4062" fs="10">mm</wd>
		</ln>
		<ln lx="831" ly="4094" rx="3839" ry="4177">
			<wd l="831" t="4101" r="975" b="4177" fs="10">long</wd>
			<wd l="1019" t="4144" r="3214" b="4160" fs="10">
			</wd>
			<wd l="3281" t="4095" r="3339" b="4154" fs="10">3.</wd>
			<wd l="3364" t="4096" r="3441" b="4153" fs="10">D.</wd>
			<wd l="3467" t="4094" r="3839" b="4153" fs="10">indistincta</wd>
		</ln>
	</region>
	<region article-doi="10.2307/41729914" region-id="4">
		<rc l="639" t="4343" r="2193" b="5595"/>
		<ln lx="647" ly="4348" rx="2179" ry="4426">
			<wd l="647" t="4353" r="700" b="4411" fs="10">1.</wd>
			<wd l="724" t="4352" r="1082" b="4411" fs="10">Dissiliaria</wd>
			<wd l="1106" t="4351" r="1551" b="4426" fs="10">baloghioides</wd>
			<wd l="1570" t="4348" r="1854" b="4409" fs="10">F.Muell.</wd>
			<wd l="1881" t="4368" r="1957" b="4408" fs="10">ex</wd>
			<wd l="1979" t="4348" r="2179" b="4419" fs="10">Baili.,</wd>
		</ln>
		<ln lx="829" ly="4439" rx="2175" ry="4515">
			<wd l="829" t="4440" r="1220" b="4501" fs="10">Adansonia</wd>
			<wd l="1280" t="4442" r="1340" b="4499" fs="10">7:</wd>
			<wd l="1406" t="4441" r="1535" b="4499" fs="10">366</wd>
			<wd l="1598" t="4439" r="1860" b="4514" fs="10">(1867).</wd>
			<wd l="1952" t="4440" r="2175" b="4515" fs="10">Type:</wd>
		</ln>
		<ln lx="832" ly="4529" rx="2181" ry="4605">
			<wd l="832" t="4531" r="1245" b="4605" fs="10">Queensland.</wd>
			<wd l="1263" t="4533" r="1572" b="4590" fs="10">Moreton</wd>
			<wd l="1589" t="4532" r="1887" b="4589" fs="10">District:</wd>
			<wd l="1916" t="4529" r="2099" b="4604" fs="10">[label</wd>
			<wd l="2119" t="4529" r="2181" b="4587" fs="10">in</wd>
		</ln>
		<ln lx="831" ly="4620" rx="2183" ry="4697">
			<wd l="831" t="4622" r="1258" b="4683" fs="10">Leichhardt's</wd>
			<wd l="1294" t="4621" r="1481" b="4697" fs="10">hand]</wd>
			<wd l="1523" t="4621" r="1741" b="4681" fs="10">"scrub</wd>
			<wd l="1776" t="4620" r="2045" b="4680" fs="10">towards</wd>
			<wd l="2081" t="4620" r="2183" b="4680" fs="10">the</wd>
		</ln>
		<ln lx="831" ly="4711" rx="2178" ry="4790">
			<wd l="831" t="4717" r="1120" b="4790" fs="10">Bunyas,</wd>
			<wd l="1174" t="4713" r="1599" b="4784" fs="10">18/9/1843";</wd>
			<wd l="1649" t="4712" r="1935" b="4789" fs="10">[printed</wd>
			<wd l="1978" t="4711" r="2178" b="4787" fs="10">label]</wd>
		</ln>
		<ln lx="831" ly="4803" rx="2185" ry="4881">
			<wd l="831" t="4808" r="1136" b="4865" fs="10">Moreton</wd>
			<wd l="1175" t="4807" r="1337" b="4881" fs="10">Bay;</wd>
			<wd l="1386" t="4804" r="1582" b="4879" fs="10">[label</wd>
			<wd l="1624" t="4804" r="1690" b="4862" fs="10">in</wd>
			<wd l="1730" t="4803" r="2185" b="4863" fs="10">Leichhardt's</wd>
		</ln>
		<ln lx="831" ly="4894" rx="2183" ry="4972">
			<wd l="831" t="4896" r="1012" b="4972" fs="10">hand]</wd>
			<wd l="1035" t="4896" r="1273" b="4956" fs="10">"Wood</wd>
			<wd l="1299" t="4895" r="1989" b="4956" fs="10">14....theblackfellows</wd>
			<wd l="2007" t="4894" r="2183" b="4954" fs="10">make</wd>
		</ln>
		<ln lx="832" ly="4986" rx="2186" ry="5064">
			<wd l="832" t="4988" r="1005" b="5048" fs="10">their</wd>
			<wd l="1052" t="4988" r="1507" b="5064" fs="10">boomerangs</wd>
			<wd l="1560" t="4987" r="1642" b="5047" fs="10">of</wd>
			<wd l="1683" t="4987" r="1799" b="5058" fs="10">it";</wd>
			<wd l="1858" t="4986" r="2066" b="5062" fs="10">[label</wd>
			<wd l="2118" t="4986" r="2186" b="5045" fs="10">in</wd>
		</ln>
		<ln lx="832" ly="5077" rx="2188" ry="5154">
			<wd l="832" t="5079" r="1163" b="5139" fs="10">unknown</wd>
			<wd l="1201" t="5078" r="1399" b="5154" fs="10">hand]</wd>
			<wd l="1445" t="5078" r="1751" b="5138" fs="10">"n.328h.</wd>
			<wd l="1796" t="5077" r="2188" b="5137" fs="10">Leichhardt</wd>
		</ln>
		<ln lx="834" ly="5169" rx="2183" ry="5248">
			<wd l="834" t="5174" r="1120" b="5231" fs="10">Moreton</wd>
			<wd l="1152" t="5172" r="1320" b="5248" fs="10">Bay"</wd>
			<wd l="1355" t="5170" r="1541" b="5246" fs="10">(lecto</wd>
			<wd l="1580" t="5170" r="1744" b="5246" fs="10">[here</wd>
			<wd l="1780" t="5169" r="2183" b="5246" fs="10">designated]:</wd>
		</ln>
		<ln lx="834" ly="5262" rx="1541" ry="5339">
			<wd l="834" t="5265" r="877" b="5321" fs="10">P</wd>
			<wd l="902" t="5284" r="1037" b="5334" fs="10">n.v.,</wd>
			<wd l="1063" t="5262" r="1251" b="5339" fs="10">photo</wd>
			<wd l="1278" t="5270" r="1335" b="5322" fs="10">at</wd>
			<wd l="1358" t="5262" r="1541" b="5337" fs="10">BRI).</wd>
		</ln>
		<ln lx="644" ly="5423" rx="2188" ry="5498">
			<wd l="644" t="5426" r="1083" b="5485" fs="10">Illustrations'.</wd>
			<wd l="1106" t="5424" r="1346" b="5483" fs="10">Francis</wd>
			<wd l="1367" t="5423" r="1932" b="5498" fs="10">(1981:131,132);</wd>
			<wd l="1952" t="5425" r="2188" b="5482" fs="10">Hauser</wd>
		</ln>
		<ln lx="650" ly="5513" rx="1055" ry="5590">
			<wd l="650" t="5513" r="858" b="5590" fs="10">(1992:</wd>
			<wd l="888" t="5513" r="1055" b="5589" fs="10">216).</wd>
		</ln>
	</region>
	<region article-doi="10.2307/41729914" region-id="5">
		<rc l="2319" t="4338" r="3877" b="5614"/>
		<ln lx="2515" ly="4343" rx="3864" ry="4421">
			<wd l="2515" t="4349" r="2664" b="4406" fs="10">Tree</wd>
			<wd l="2682" t="4355" r="2744" b="4406" fs="10">to</wd>
			<wd l="2765" t="4347" r="2844" b="4405" fs="10">36</wd>
			<wd l="2863" t="4365" r="2926" b="4404" fs="10">m</wd>
			<wd l="2942" t="4345" r="3108" b="4421" fs="10">high.</wd>
			<wd l="3130" t="4344" r="3334" b="4404" fs="10">Trunk</wd>
			<wd l="3353" t="4344" r="3598" b="4420" fs="10">slightly</wd>
			<wd l="3617" t="4343" r="3864" b="4419" fs="10">flanged</wd>
		</ln>
		<ln lx="2326" ly="4434" rx="3868" ry="4512">
			<wd l="2326" t="4445" r="2383" b="4497" fs="10">at</wd>
			<wd l="2398" t="4437" r="2560" b="4497" fs="10">base.</wd>
			<wd l="2580" t="4436" r="2740" b="4496" fs="10">Bark</wd>
			<wd l="2755" t="4435" r="2965" b="4512" fs="10">rough,</wd>
			<wd l="2986" t="4434" r="3347" b="4512" fs="10">flaky-scaly</wd>
			<wd l="3365" t="4434" r="3427" b="4493" fs="10">in</wd>
			<wd l="3442" t="4434" r="3704" b="4511" fs="10">patches,</wd>
			<wd l="3725" t="4452" r="3868" b="4510" fs="10">grey</wd>
		</ln>
		<ln lx="2324" ly="4524" rx="3866" ry="4604">
			<wd l="2324" t="4536" r="2392" b="4587" fs="10">to</wd>
			<wd l="2449" t="4527" r="2912" b="4604" fs="10">grey-brown;</wd>
			<wd l="2969" t="4526" r="3165" b="4586" fs="10">blaze</wd>
			<wd l="3220" t="4525" r="3407" b="4602" fs="10">pink.</wd>
			<wd l="3466" t="4524" r="3866" b="4584" fs="10">Branchlets</wd>
		</ln>
		<ln lx="2324" ly="4615" rx="3870" ry="4695">
			<wd l="2324" t="4628" r="2368" b="4672" fs="10">±</wd>
			<wd l="2405" t="4619" r="2708" b="4690" fs="10">rounded,</wd>
			<wd l="2749" t="4618" r="3044" b="4695" fs="10">glabrous</wd>
			<wd l="3084" t="4636" r="3153" b="4677" fs="10">or</wd>
			<wd l="3188" t="4617" r="3341" b="4677" fs="10">with</wd>
			<wd l="3378" t="4616" r="3528" b="4693" fs="10">only</wd>
			<wd l="3567" t="4615" r="3870" b="4676" fs="10">scattered</wd>
		</ln>
		<ln lx="2325" ly="4707" rx="3866" ry="4786">
			<wd l="2325" t="4710" r="2653" b="4771" fs="10">trichomes</wd>
			<wd l="2685" t="4710" r="2867" b="4769" fs="10">when</wd>
			<wd l="2897" t="4728" r="3126" b="4786" fs="10">young,</wd>
			<wd l="3162" t="4708" r="3524" b="4768" fs="10">lenticellate</wd>
			<wd l="3556" t="4707" r="3705" b="4767" fs="10">with</wd>
			<wd l="3737" t="4726" r="3866" b="4784" fs="10">age.</wd>
		</ln>
		<ln lx="2329" ly="4798" rx="3867" ry="4878">
			<wd l="2329" t="4801" r="2593" b="4878" fs="10">Stipules</wd>
			<wd l="2615" t="4801" r="2819" b="4872" fs="10">linear,</wd>
			<wd l="2842" t="4820" r="2897" b="4861" fs="10">c.</wd>
			<wd l="2915" t="4802" r="2953" b="4859" fs="10">4</wd>
			<wd l="2972" t="4819" r="3101" b="4859" fs="10">mm</wd>
			<wd l="3121" t="4800" r="3266" b="4876" fs="10">long</wd>
			<wd l="3286" t="4799" r="3405" b="4859" fs="10">and</wd>
			<wd l="3424" t="4801" r="3522" b="4859" fs="10">0.7</wd>
			<wd l="3543" t="4818" r="3670" b="4857" fs="10">mm</wd>
			<wd l="3688" t="4798" r="3867" b="4869" fs="10">wide,</wd>
		</ln>
		<ln lx="2326" ly="4890" rx="3870" ry="4968">
			<wd l="2326" t="4893" r="2473" b="4954" fs="10">with</wd>
			<wd l="2492" t="4892" r="2781" b="4953" fs="10">scattered</wd>
			<wd l="2797" t="4892" r="3139" b="4953" fs="10">trichomes.</wd>
			<wd l="3160" t="4894" r="3391" b="4952" fs="10">Leaves</wd>
			<wd l="3411" t="4890" r="3713" b="4968" fs="10">glabrous;</wd>
			<wd l="3732" t="4909" r="3870" b="4950" fs="10">new</wd>
		</ln>
		<ln lx="2328" ly="4982" rx="3868" ry="5062">
			<wd l="2328" t="4985" r="2569" b="5062" fs="10">foliage</wd>
			<wd l="2607" t="4984" r="2750" b="5062" fs="10">pale</wd>
			<wd l="2789" t="4984" r="2966" b="5061" fs="10">pink;</wd>
			<wd l="3005" t="4983" r="3279" b="5061" fs="10">petioles</wd>
			<wd l="3319" t="4984" r="3489" b="5043" fs="10">4-10</wd>
			<wd l="3528" t="5002" r="3658" b="5041" fs="10">mm</wd>
			<wd l="3697" t="4982" r="3868" b="5059" fs="10">long,</wd>
		</ln>
		<ln lx="2329" ly="5074" rx="3869" ry="5152">
			<wd l="2329" t="5078" r="2517" b="5136" fs="10">0.8-1</wd>
			<wd l="2565" t="5095" r="2696" b="5135" fs="10">mm</wd>
			<wd l="2735" t="5075" r="2926" b="5147" fs="10">wide,</wd>
			<wd l="2969" t="5075" r="3301" b="5152" fs="10">glabrous;</wd>
			<wd l="3345" t="5074" r="3616" b="5134" fs="10">laminas</wd>
			<wd l="3659" t="5081" r="3869" b="5145" fs="10">ovate,</wd>
		</ln>
		<ln lx="2329" ly="5165" rx="3868" ry="5244">
			<wd l="2329" t="5168" r="2622" b="5228" fs="10">obovate</wd>
			<wd l="2682" t="5187" r="2754" b="5228" fs="10">or</wd>
			<wd l="2812" t="5167" r="3100" b="5244" fs="10">elliptic,</wd>
			<wd l="3163" t="5167" r="3436" b="5227" fs="10">50-120</wd>
			<wd l="3493" t="5185" r="3626" b="5225" fs="10">mm</wd>
			<wd l="3684" t="5165" r="3868" b="5242" fs="10">long,</wd>
		</ln>
		<ln lx="2337" ly="5257" rx="3868" ry="5333">
			<wd l="2337" t="5261" r="2541" b="5319" fs="10">15-70</wd>
			<wd l="2579" t="5279" r="2709" b="5318" fs="10">mm</wd>
			<wd l="2745" t="5259" r="2932" b="5330" fs="10">wide,</wd>
			<wd l="2973" t="5258" r="3364" b="5329" fs="10">coriaceous,</wd>
			<wd l="3403" t="5257" r="3557" b="5317" fs="10">with</wd>
			<wd l="3592" t="5257" r="3868" b="5333" fs="10">margins</wd>
		</ln>
		<ln lx="2329" ly="5347" rx="3871" ry="5426">
			<wd l="2329" t="5351" r="2515" b="5410" fs="10">entire</wd>
			<wd l="2542" t="5350" r="2660" b="5410" fs="10">and</wd>
			<wd l="2682" t="5350" r="2971" b="5410" fs="10">venation</wd>
			<wd l="2995" t="5348" r="3333" b="5426" fs="10">composed</wd>
			<wd l="3357" t="5349" r="3434" b="5409" fs="10">of</wd>
			<wd l="3451" t="5350" r="3484" b="5408" fs="10">8</wd>
			<wd l="3513" t="5368" r="3580" b="5408" fs="10">or</wd>
			<wd l="3604" t="5350" r="3640" b="5408" fs="10">9</wd>
			<wd l="3668" t="5347" r="3871" b="5408" fs="10">lateral</wd>
		</ln>
		<ln lx="2327" ly="5439" rx="3871" ry="5519">
			<wd l="2327" t="5443" r="2518" b="5502" fs="10">veins</wd>
			<wd l="2560" t="5461" r="2676" b="5519" fs="10">per</wd>
			<wd l="2719" t="5442" r="2860" b="5501" fs="10">side</wd>
			<wd l="2905" t="5441" r="2986" b="5501" fs="10">of</wd>
			<wd l="3016" t="5441" r="3257" b="5500" fs="10">midrib</wd>
			<wd l="3302" t="5441" r="3428" b="5499" fs="10">and</wd>
			<wd l="3471" t="5439" r="3871" b="5499" fs="10">interlateral</wd>
		</ln>
		<ln lx="2328" ly="5531" rx="3872" ry="5609">
			<wd l="2328" t="5534" r="2637" b="5593" fs="10">reticulate</wd>
			<wd l="2662" t="5533" r="2903" b="5609" fs="10">tertiary</wd>
			<wd l="2925" t="5533" r="3122" b="5604" fs="10">veins;</wd>
			<wd l="3148" t="5551" r="3340" b="5609" fs="10">upper</wd>
			<wd l="3366" t="5532" r="3603" b="5592" fs="10">surface</wd>
			<wd l="3630" t="5531" r="3872" b="5607" fs="10">shining</wd>
		</ln>
	</region>
</ocr-page>
