<?xml version="1.0" encoding="UTF-8"?>
<ocr-page type="coords" ocr-vers="1.0" creation-date="20130321" res="600" height="6300" width="4500">
	<region article-doi="10.2307/41729915" region-id="0">
		<rc l="621" t="735" r="3844" b="807"/>
		<ln lx="626" ly="740" rx="3839" ry="802">
			<wd l="626" t="742" r="828" b="798" fs="10">Forster,</wd>
			<wd l="850" t="740" r="1002" b="789" fs="10">Three</wd>
			<wd l="1022" t="756" r="1132" b="789" fs="10">new</wd>
			<wd l="1154" t="741" r="1343" b="802" fs="10">species</wd>
			<wd l="1364" t="741" r="1426" b="789" fs="10">of</wd>
			<wd l="1432" t="742" r="1707" b="788" fs="10">Fontainea</wd>
			<wd l="1726" t="741" r="1913" b="789" fs="10">Heckel</wd>
			<wd l="3780" t="741" r="3839" b="788" fs="10">35</wd>
		</ln>
	</region>
	<region article-doi="10.2307/41729915" region-id="1">
		<rc l="620" t="864" r="2176" b="2384"/>
		<ln lx="627" ly="869" rx="2166" ry="946">
			<wd l="627" t="869" r="872" b="929" fs="10">beaked</wd>
			<wd l="909" t="869" r="1008" b="928" fs="10">for</wd>
			<wd l="1052" t="870" r="1235" b="929" fs="10">1-1.7</wd>
			<wd l="1273" t="888" r="1403" b="928" fs="10">mm</wd>
			<wd l="1441" t="877" r="1501" b="929" fs="10">at</wd>
			<wd l="1535" t="869" r="1646" b="946" fs="10">tip,</wd>
			<wd l="1687" t="869" r="2069" b="946" fs="10">3-4-ridged</wd>
			<wd l="2106" t="877" r="2166" b="929" fs="10">at</wd>
		</ln>
		<ln lx="630" ly="960" rx="2162" ry="1038">
			<wd l="630" t="968" r="879" b="1033" fs="10">sutures;</wd>
			<wd l="900" t="960" r="1272" b="1021" fs="10">intersutural</wd>
			<wd l="1291" t="960" r="1456" b="1021" fs="10">faces</wd>
			<wd l="1474" t="960" r="1712" b="1038" fs="10">weakly</wd>
			<wd l="1728" t="980" r="1967" b="1038" fs="10">rugose,</wd>
			<wd l="1979" t="969" r="2024" b="1014" fs="10">±</wd>
			<wd l="2055" t="960" r="2162" b="1021" fs="10">flat</wd>
		</ln>
		<ln lx="628" ly="1052" rx="2168" ry="1130">
			<wd l="628" t="1060" r="691" b="1112" fs="10">to</wd>
			<wd l="713" t="1052" r="958" b="1130" fs="10">slightly</wd>
			<wd l="995" t="1071" r="1252" b="1125" fs="10">convex,</wd>
			<wd l="1283" t="1054" r="1480" b="1112" fs="10">15-17</wd>
			<wd l="1501" t="1072" r="1628" b="1112" fs="10">mm</wd>
			<wd l="1649" t="1052" r="1813" b="1130" fs="10">long,</wd>
			<wd l="1838" t="1053" r="2017" b="1113" fs="10">8-9.5</wd>
			<wd l="2040" t="1072" r="2168" b="1112" fs="10">mm</wd>
		</ln>
		<ln lx="629" ly="1143" rx="1043" ry="1221">
			<wd l="629" t="1143" r="806" b="1204" fs="10">wide.</wd>
			<wd l="833" t="1143" r="959" b="1221" fs="10">Fig.</wd>
			<wd l="987" t="1145" r="1043" b="1204" fs="10">3.</wd>
		</ln>
		<ln lx="625" ly="1307" rx="2163" ry="1369">
			<wd l="625" t="1307" r="921" b="1355" fs="10">Additional</wd>
			<wd l="940" t="1307" r="1222" b="1369" fs="10">specimens</wd>
			<wd l="1247" t="1308" r="1516" b="1355" fs="10">examined</wd>
			<wd l="1516" t="1322" r="1527" b="1355" fs="10">:</wd>
			<wd l="1558" t="1308" r="1908" b="1366" fs="10">Queensland.</wd>
			<wd l="1936" t="1308" r="2163" b="1355" fs="10">Burnett</wd>
		</ln>
		<ln lx="630" ly="1382" rx="2165" ry="1444">
			<wd l="630" t="1383" r="866" b="1431" fs="10">District:</wd>
			<wd l="898" t="1382" r="1094" b="1431" fs="10">Portion</wd>
			<wd l="1109" t="1383" r="1189" b="1441" fs="10">90,</wd>
			<wd l="1208" t="1383" r="1309" b="1431" fs="10">S.F.</wd>
			<wd l="1334" t="1383" r="1424" b="1430" fs="10">172</wd>
			<wd l="1445" t="1383" r="1578" b="1444" fs="10">[now</wd>
			<wd l="1594" t="1398" r="1622" b="1431" fs="10">a</wd>
			<wd l="1637" t="1382" r="1992" b="1431" fs="10">Conservation</wd>
			<wd l="2007" t="1382" r="2165" b="1444" fs="10">Park],</wd>
		</ln>
		<ln lx="630" ly="1457" rx="2163" ry="1519">
			<wd l="630" t="1459" r="745" b="1519" fs="10">Aug</wd>
			<wd l="766" t="1458" r="889" b="1506" fs="10">1988</wd>
			<wd l="895" t="1459" r="1116" b="1515" fs="10">^Forster</wd>
			<wd l="1140" t="1458" r="1271" b="1506" fs="10">4687</wd>
			<wd l="1287" t="1458" r="1455" b="1519" fs="10">(BRI);</wd>
			<wd l="1471" t="1457" r="1734" b="1506" fs="10">Fontainea</wd>
			<wd l="1749" t="1458" r="1915" b="1516" fs="10">Scrub,</wd>
			<wd l="1933" t="1458" r="2033" b="1506" fs="10">S.F.</wd>
			<wd l="2057" t="1458" r="2163" b="1516" fs="10">172,</wd>
		</ln>
		<ln lx="632" ly="1532" rx="2165" ry="1594">
			<wd l="632" t="1533" r="726" b="1581" fs="10">Oct</wd>
			<wd l="748" t="1533" r="871" b="1580" fs="10">1993</wd>
			<wd l="878" t="1571" r="889" b="1590" fs="10">,</wd>
			<wd l="901" t="1534" r="1102" b="1580" fs="10">Forster</wd>
			<wd l="1123" t="1533" r="1282" b="1580" fs="10">14130</wd>
			<wd l="1314" t="1533" r="1483" b="1593" fs="10">(BRI);</wd>
			<wd l="1503" t="1532" r="1638" b="1590" fs="10">ditto,</wd>
			<wd l="1656" t="1534" r="1776" b="1594" fs="10">May</wd>
			<wd l="1799" t="1533" r="1940" b="1590" fs="10">1996,</wd>
			<wd l="1963" t="1534" r="2165" b="1580" fs="10">Forster</wd>
		</ln>
		<ln lx="638" ly="1607" rx="979" ry="1667">
			<wd l="638" t="1607" r="794" b="1654" fs="10">19158</wd>
			<wd l="814" t="1608" r="979" b="1667" fs="10">(BRI).</wd>
		</ln>
		<ln lx="628" ly="1751" rx="2163" ry="1828">
			<wd l="628" t="1753" r="1044" b="1811" fs="10">Distribution</wd>
			<wd l="1075" t="1753" r="1209" b="1811" fs="10">and</wd>
			<wd l="1232" t="1753" r="1476" b="1812" fs="10">habitat</wd>
			<wd l="1477" t="1771" r="1492" b="1811" fs="10">:</wd>
			<wd l="1524" t="1754" r="1870" b="1811" fs="10">Fontainea</wd>
			<wd l="1883" t="1752" r="2085" b="1828" fs="10">fugax</wd>
			<wd l="2111" t="1751" r="2163" b="1811" fs="10">is</wd>
		</ln>
		<ln lx="632" ly="1842" rx="2171" ry="1919">
			<wd l="632" t="1842" r="875" b="1902" fs="10">known</wd>
			<wd l="917" t="1842" r="1075" b="1919" fs="10">only</wd>
			<wd l="1118" t="1842" r="1290" b="1902" fs="10">from</wd>
			<wd l="1330" t="1842" r="1439" b="1902" fs="10">the</wd>
			<wd l="1482" t="1842" r="2171" b="1919" fs="10">Binjour-Gurgeena</wd>
		</ln>
		<ln lx="631" ly="1932" rx="2170" ry="2010">
			<wd l="631" t="1933" r="907" b="1993" fs="10">Plateau</wd>
			<wd l="991" t="1952" r="1145" b="1993" fs="10">area</wd>
			<wd l="1227" t="1933" r="1538" b="1993" fs="10">between</wd>
			<wd l="1623" t="1932" r="1956" b="2010" fs="10">Gayndah</wd>
			<wd l="2041" t="1932" r="2170" b="1993" fs="10">and</wd>
		</ln>
		<ln lx="632" ly="2024" rx="2168" ry="2086">
			<wd l="632" t="2024" r="1059" b="2085" fs="10">Mundubbera</wd>
			<wd l="1091" t="2024" r="1153" b="2085" fs="10">in</wd>
			<wd l="1184" t="2024" r="1284" b="2085" fs="10">the</wd>
			<wd l="1317" t="2027" r="1568" b="2086" fs="10">Burnett</wd>
			<wd l="1600" t="2025" r="1830" b="2086" fs="10">district</wd>
			<wd l="1863" t="2025" r="1940" b="2085" fs="10">of</wd>
			<wd l="1964" t="2025" r="2168" b="2086" fs="10">south-</wd>
		</ln>
		<ln lx="633" ly="2116" rx="2170" ry="2196">
			<wd l="633" t="2125" r="760" b="2178" fs="10">east</wd>
			<wd l="787" t="2116" r="1196" b="2192" fs="10">Queensland.</wd>
			<wd l="1227" t="2116" r="1429" b="2178" fs="10">Plants</wd>
			<wd l="1458" t="2136" r="1629" b="2196" fs="10">grow</wd>
			<wd l="1657" t="2136" r="1722" b="2178" fs="10">as</wd>
			<wd l="1775" t="2117" r="2170" b="2195" fs="10">understorey</wd>
		</ln>
		<ln lx="635" ly="2209" rx="2171" ry="2287">
			<wd l="635" t="2209" r="847" b="2270" fs="10">shrubs</wd>
			<wd l="882" t="2209" r="944" b="2269" fs="10">in</wd>
			<wd l="978" t="2209" r="1491" b="2287" fs="10">semi-evergreen</wd>
			<wd l="1522" t="2209" r="1664" b="2270" fs="10">vine</wd>
			<wd l="1696" t="2209" r="1924" b="2270" fs="10">thicket</wd>
			<wd l="1955" t="2209" r="2103" b="2270" fs="10">with</wd>
			<wd l="2136" t="2229" r="2171" b="2270" fs="10">a</wd>
		</ln>
		<ln lx="634" ly="2302" rx="2170" ry="2379">
			<wd l="634" t="2321" r="890" b="2379" fs="10">canopy</wd>
			<wd l="932" t="2302" r="1312" b="2362" fs="10">dominated</wd>
			<wd l="1351" t="2302" r="1438" b="2379" fs="10">by</wd>
			<wd l="1484" t="2302" r="1916" b="2362" fs="10">Backhousia</wd>
			<wd l="1958" t="2302" r="2170" b="2379" fs="10">kingii</wd>
		</ln>
	</region>
	<region article-doi="10.2307/41729915" region-id="2">
		<rc l="2296" t="863" r="3859" b="2760"/>
		<ln lx="2306" ly="868" rx="3843" ry="946">
			<wd l="2306" t="870" r="2581" b="946" fs="10">Guymer</wd>
			<wd l="2615" t="888" r="2698" b="929" fs="10">on</wd>
			<wd l="2731" t="869" r="2839" b="929" fs="10">red</wd>
			<wd l="2874" t="869" r="3244" b="929" fs="10">euchrozem</wd>
			<wd l="3280" t="868" r="3430" b="929" fs="10">soils</wd>
			<wd l="3467" t="877" r="3526" b="929" fs="10">at</wd>
			<wd l="3561" t="868" r="3843" b="929" fs="10">altitudes</wd>
		</ln>
		<ln lx="2304" ly="960" rx="3125" ry="1021">
			<wd l="2304" t="960" r="2583" b="1020" fs="10">between</wd>
			<wd l="2607" t="961" r="2728" b="1021" fs="10">350</wd>
			<wd l="2756" t="960" r="2874" b="1020" fs="10">and</wd>
			<wd l="2898" t="961" r="3020" b="1020" fs="10">400</wd>
			<wd l="3045" t="979" r="3125" b="1020" fs="10">m.</wd>
		</ln>
		<ln lx="2301" ly="1122" rx="3841" ry="1200">
			<wd l="2301" t="1124" r="2504" b="1183" fs="10">Notes</wd>
			<wd l="2512" t="1142" r="2527" b="1183" fs="10">:</wd>
			<wd l="2566" t="1125" r="2922" b="1183" fs="10">Fontainea</wd>
			<wd l="2942" t="1122" r="3149" b="1200" fs="10">fugax</wd>
			<wd l="3183" t="1122" r="3236" b="1183" fs="10">is</wd>
			<wd l="3275" t="1122" r="3517" b="1199" fs="10">closely</wd>
			<wd l="3554" t="1122" r="3742" b="1183" fs="10">allied</wd>
			<wd l="3777" t="1130" r="3841" b="1183" fs="10">to</wd>
		</ln>
		<ln lx="2303" ly="1214" rx="3845" ry="1292">
			<wd l="2303" t="1217" r="2367" b="1275" fs="10">F.</wd>
			<wd l="2406" t="1226" r="2674" b="1275" fs="10">rostrata</wd>
			<wd l="2703" t="1217" r="2919" b="1292" fs="10">Jessup</wd>
			<wd l="2952" t="1216" r="3012" b="1275" fs="10"><![CDATA[&]]></wd>
			<wd l="3074" t="1216" r="3346" b="1292" fs="10">Guymer</wd>
			<wd l="3376" t="1214" r="3495" b="1275" fs="10">and</wd>
			<wd l="3523" t="1214" r="3623" b="1275" fs="10">the</wd>
			<wd l="3655" t="1214" r="3845" b="1275" fs="10">initial</wd>
		</ln>
		<ln lx="2308" ly="1306" rx="3846" ry="1384">
			<wd l="2308" t="1306" r="2508" b="1367" fs="10">sterile</wd>
			<wd l="2529" t="1306" r="2858" b="1367" fs="10">collection</wd>
			<wd l="2877" t="1306" r="2954" b="1367" fs="10">of</wd>
			<wd l="2962" t="1306" r="3063" b="1367" fs="10">the</wd>
			<wd l="3082" t="1306" r="3250" b="1384" fs="10">plant</wd>
			<wd l="3268" t="1325" r="3395" b="1367" fs="10">was</wd>
			<wd l="3415" t="1306" r="3680" b="1367" fs="10">referred</wd>
			<wd l="3697" t="1314" r="3760" b="1367" fs="10">to</wd>
			<wd l="3782" t="1325" r="3846" b="1367" fs="10">as</wd>
		</ln>
		<ln lx="2305" ly="1398" rx="3845" ry="1476">
			<wd l="2305" t="1398" r="2424" b="1459" fs="10">this</wd>
			<wd l="2445" t="1398" r="2681" b="1476" fs="10">species</wd>
			<wd l="2701" t="1399" r="2965" b="1475" fs="10">(Forster</wd>
			<wd l="2982" t="1407" r="3040" b="1459" fs="10">et</wd>
			<wd l="3058" t="1398" r="3125" b="1459" fs="10">al.</wd>
			<wd l="3161" t="1399" r="3362" b="1475" fs="10">1991).</wd>
			<wd l="3382" t="1400" r="3442" b="1458" fs="10">A</wd>
			<wd l="3460" t="1398" r="3845" b="1476" fs="10">comparison</wd>
		</ln>
		<ln lx="2308" ly="1490" rx="3846" ry="1568">
			<wd l="2308" t="1491" r="2386" b="1551" fs="10">of</wd>
			<wd l="2411" t="1491" r="2739" b="1568" fs="10">important</wd>
			<wd l="2774" t="1490" r="3120" b="1567" fs="10">diagnostic</wd>
			<wd l="3157" t="1490" r="3530" b="1550" fs="10">differences</wd>
			<wd l="3565" t="1490" r="3846" b="1550" fs="10">between</wd>
		</ln>
		<ln lx="2305" ly="1581" rx="3844" ry="1659">
			<wd l="2305" t="1584" r="2368" b="1641" fs="10">F.</wd>
			<wd l="2386" t="1582" r="2587" b="1659" fs="10">fugax</wd>
			<wd l="2612" t="1582" r="2729" b="1642" fs="10">and</wd>
			<wd l="2753" t="1584" r="2816" b="1641" fs="10">F.</wd>
			<wd l="2874" t="1593" r="3143" b="1641" fs="10">rostrata</wd>
			<wd l="3168" t="1582" r="3220" b="1641" fs="10">is</wd>
			<wd l="3245" t="1581" r="3544" b="1659" fs="10">provided</wd>
			<wd l="3570" t="1582" r="3633" b="1640" fs="10">in</wd>
			<wd l="3658" t="1581" r="3844" b="1641" fs="10">Table</wd>
		</ln>
		<ln lx="2309" ly="1671" rx="3848" ry="1749">
			<wd l="2309" t="1674" r="2342" b="1732" fs="10">3</wd>
			<wd l="2354" t="1722" r="2364" b="1732" fs="10">.</wd>
			<wd l="2386" t="1672" r="2529" b="1732" fs="10">This</wd>
			<wd l="2548" t="1672" r="2933" b="1749" fs="10">comparison</wd>
			<wd l="2949" t="1672" r="3000" b="1732" fs="10">is</wd>
			<wd l="3017" t="1672" r="3206" b="1732" fs="10">based</wd>
			<wd l="3224" t="1691" r="3305" b="1732" fs="10">on</wd>
			<wd l="3338" t="1672" r="3568" b="1731" fs="10">limited</wd>
			<wd l="3582" t="1671" r="3848" b="1732" fs="10">material</wd>
		</ln>
		<ln lx="2309" ly="1763" rx="3848" ry="1840">
			<wd l="2309" t="1764" r="2386" b="1823" fs="10">of</wd>
			<wd l="2408" t="1764" r="2568" b="1823" fs="10">male</wd>
			<wd l="2603" t="1764" r="2850" b="1823" fs="10">flowers</wd>
			<wd l="2886" t="1764" r="3005" b="1823" fs="10">and</wd>
			<wd l="3039" t="1764" r="3395" b="1840" fs="10">endocarps,</wd>
			<wd l="3429" t="1771" r="3531" b="1839" fs="10">yet</wd>
			<wd l="3562" t="1763" r="3848" b="1840" fs="10">provides</wd>
		</ln>
		<ln lx="2310" ly="1853" rx="3850" ry="1931">
			<wd l="2310" t="1854" r="2466" b="1915" fs="10">clear</wd>
			<wd l="2480" t="1854" r="2957" b="1931" fs="10">morphological</wd>
			<wd l="2975" t="1854" r="3448" b="1914" fs="10">discontinuities</wd>
			<wd l="3464" t="1853" r="3738" b="1913" fs="10">between</wd>
			<wd l="3752" t="1853" r="3850" b="1913" fs="10">the</wd>
		</ln>
		<ln lx="2307" ly="1945" rx="3851" ry="2022">
			<wd l="2307" t="1953" r="2434" b="2005" fs="10">two</wd>
			<wd l="2474" t="1945" r="2743" b="2005" fs="10">entities.</wd>
			<wd l="2783" t="1945" r="3274" b="2022" fs="10">Unfortunately</wd>
			<wd l="3312" t="1945" r="3358" b="2005" fs="10">it</wd>
			<wd l="3393" t="1945" r="3506" b="2005" fs="10">has</wd>
			<wd l="3543" t="1953" r="3654" b="2005" fs="10">not</wd>
			<wd l="3689" t="1945" r="3851" b="2005" fs="10">been</wd>
		</ln>
		<ln lx="2308" ly="2036" rx="3848" ry="2115">
			<wd l="2308" t="2036" r="2576" b="2115" fs="10">possible</wd>
			<wd l="2592" t="2045" r="2654" b="2098" fs="10">to</wd>
			<wd l="2674" t="2036" r="2878" b="2098" fs="10">obtain</wd>
			<wd l="2893" t="2036" r="3231" b="2098" fs="10">herbarium</wd>
			<wd l="3261" t="2036" r="3527" b="2097" fs="10">material</wd>
			<wd l="3546" t="2036" r="3623" b="2098" fs="10">of</wd>
			<wd l="3630" t="2036" r="3848" b="2097" fs="10">female</wd>
		</ln>
		<ln lx="2311" ly="2129" rx="3848" ry="2207">
			<wd l="2311" t="2129" r="2577" b="2191" fs="10">flowers</wd>
			<wd l="2620" t="2130" r="2746" b="2191" fs="10">and</wd>
			<wd l="2785" t="2138" r="3031" b="2191" fs="10">mature</wd>
			<wd l="3074" t="2129" r="3286" b="2202" fs="10">fruits,</wd>
			<wd l="3328" t="2129" r="3456" b="2190" fs="10">this</wd>
			<wd l="3499" t="2129" r="3553" b="2190" fs="10">is</wd>
			<wd l="3596" t="2129" r="3848" b="2207" fs="10">despite</wd>
		</ln>
		<ln lx="2309" ly="2221" rx="3851" ry="2299">
			<wd l="2309" t="2222" r="2592" b="2299" fs="10">repeated</wd>
			<wd l="2619" t="2222" r="2794" b="2282" fs="10">visits</wd>
			<wd l="2825" t="2222" r="2904" b="2298" fs="10">(c.</wd>
			<wd l="2945" t="2222" r="3046" b="2298" fs="10">10)</wd>
			<wd l="3074" t="2222" r="3353" b="2282" fs="10">between</wd>
			<wd l="3390" t="2223" r="3546" b="2282" fs="10">1994</wd>
			<wd l="3577" t="2221" r="3696" b="2282" fs="10">and</wd>
			<wd l="3722" t="2221" r="3851" b="2282" fs="10">mid</wd>
		</ln>
		<ln lx="2319" ly="2313" rx="3852" ry="2391">
			<wd l="2319" t="2315" r="2341" b="2374" fs="10">1</wd>
			<wd l="2353" t="2315" r="2473" b="2375" fs="10">996</wd>
			<wd l="2493" t="2314" r="2643" b="2375" fs="10">after</wd>
			<wd l="2657" t="2314" r="2894" b="2374" fs="10">rainfall</wd>
			<wd l="2913" t="2322" r="3120" b="2374" fs="10">events</wd>
			<wd l="3137" t="2313" r="3318" b="2374" fs="10">when</wd>
			<wd l="3335" t="2313" r="3653" b="2391" fs="10">flowering</wd>
			<wd l="3671" t="2313" r="3852" b="2374" fs="10">could</wd>
		</ln>
		<ln lx="2310" ly="2405" rx="3853" ry="2483">
			<wd l="2310" t="2406" r="2390" b="2466" fs="10">be</wd>
			<wd l="2433" t="2406" r="2775" b="2483" fs="10">expected.</wd>
			<wd l="2821" t="2405" r="2977" b="2466" fs="10">This</wd>
			<wd l="3021" t="2405" r="3335" b="2466" fs="10">situation</wd>
			<wd l="3377" t="2405" r="3574" b="2466" fs="10">could</wd>
			<wd l="3613" t="2406" r="3853" b="2482" fs="10">persist</wd>
		</ln>
		<ln lx="2312" ly="2496" rx="3854" ry="2574">
			<wd l="2312" t="2496" r="2695" b="2574" fs="10">indefinitely</wd>
			<wd l="2717" t="2497" r="2836" b="2557" fs="10">and</wd>
			<wd l="2856" t="2497" r="2974" b="2557" fs="10">due</wd>
			<wd l="2993" t="2505" r="3057" b="2557" fs="10">to</wd>
			<wd l="3077" t="2496" r="3178" b="2557" fs="10">the</wd>
			<wd l="3197" t="2496" r="3378" b="2573" fs="10">rarity</wd>
			<wd l="3399" t="2496" r="3476" b="2557" fs="10">of</wd>
			<wd l="3484" t="2496" r="3603" b="2557" fs="10">this</wd>
			<wd l="3623" t="2496" r="3790" b="2573" fs="10">plant</wd>
			<wd l="3810" t="2496" r="3854" b="2556" fs="10">it</wd>
		</ln>
		<ln lx="2312" ly="2587" rx="3850" ry="2648">
			<wd l="2312" t="2588" r="2368" b="2648" fs="10">is</wd>
			<wd l="2435" t="2588" r="2844" b="2648" fs="10">considered</wd>
			<wd l="2906" t="2607" r="3091" b="2648" fs="10">more</wd>
			<wd l="3155" t="2587" r="3530" b="2648" fs="10">beneficial</wd>
			<wd l="3597" t="2588" r="3702" b="2647" fs="10">for</wd>
			<wd l="3765" t="2588" r="3850" b="2647" fs="10">its</wd>
		</ln>
		<ln lx="2313" ly="2678" rx="3851" ry="2755">
			<wd l="2313" t="2679" r="2740" b="2739" fs="10">conservation</wd>
			<wd l="2761" t="2679" r="2820" b="2737" fs="10">if</wd>
			<wd l="2829" t="2679" r="2930" b="2738" fs="10">the</wd>
			<wd l="2954" t="2679" r="3191" b="2755" fs="10">species</wd>
			<wd l="3214" t="2679" r="3266" b="2738" fs="10">is</wd>
			<wd l="3308" t="2678" r="3592" b="2754" fs="10">formally</wd>
			<wd l="3612" t="2678" r="3851" b="2738" fs="10">named.</wd>
		</ln>
	</region>
	<region article-doi="10.2307/41729915" region-id="3">
		<rc l="630" t="2944" r="3183" b="3032"/>
		<ln lx="635" ly="2949" rx="3178" ry="3027">
			<wd l="635" t="2951" r="836" b="3010" fs="10">Table</wd>
			<wd l="859" t="2950" r="918" b="3010" fs="10">3.</wd>
			<wd l="943" t="2950" r="1469" b="3027" fs="10">Morphological</wd>
			<wd l="1493" t="2950" r="1908" b="3027" fs="10">comparison</wd>
			<wd l="1934" t="2949" r="2008" b="3010" fs="10">of</wd>
			<wd l="2017" t="2950" r="2373" b="3010" fs="10">Fontainea</wd>
			<wd l="2383" t="2950" r="2598" b="3027" fs="10">fugax</wd>
			<wd l="2619" t="2951" r="2749" b="3009" fs="10">and</wd>
			<wd l="2771" t="2950" r="2840" b="3009" fs="10">F.</wd>
			<wd l="2892" t="2958" r="3160" b="3009" fs="10">rostrata</wd>
			<wd l="3163" t="2994" r="3178" b="3009" fs="10">.</wd>
		</ln>
	</region>
	<region article-doi="10.2307/41729915" region-id="4">
		<rc l="631" t="3199" r="3841" b="4356"/>
		<ln lx="659" ly="3204" rx="3365" ry="3282">
			<wd l="659" t="3204" r="982" b="3265" fs="10">Character</wd>
			<wd l="2053" t="3206" r="2117" b="3264" fs="10">F.</wd>
			<wd l="2134" t="3204" r="2336" b="3282" fs="10">fugax</wd>
			<wd l="3002" t="3206" r="3066" b="3264" fs="10">F.</wd>
			<wd l="3098" t="3215" r="3365" b="3264" fs="10">rostrata</wd>
		</ln>
		<ln lx="636" ly="3457" rx="3712" ry="3536">
			<wd l="636" t="3458" r="860" b="3536" fs="10">petiole</wd>
			<wd l="2050" t="3458" r="2197" b="3519" fs="10">base</wd>
			<wd l="2220" t="3467" r="2327" b="3518" fs="10">not</wd>
			<wd l="2352" t="3458" r="2610" b="3518" fs="10">swollen</wd>
			<wd l="3010" t="3458" r="3157" b="3518" fs="10">base</wd>
			<wd l="3183" t="3457" r="3430" b="3534" fs="10">slightly</wd>
			<wd l="3455" t="3457" r="3712" b="3517" fs="10">swollen</wd>
		</ln>
		<ln lx="637" ly="3620" rx="3587" ry="3680">
			<wd l="637" t="3620" r="794" b="3680" fs="10">male</wd>
			<wd l="820" t="3620" r="1066" b="3680" fs="10">flowers</wd>
			<wd l="2051" t="3621" r="2170" b="3680" fs="10">4-5</wd>
			<wd l="2205" t="3634" r="2239" b="3667" fs="10">x</wd>
			<wd l="2271" t="3621" r="2390" b="3680" fs="10">6-8</wd>
			<wd l="2417" t="3639" r="2544" b="3679" fs="10">mm</wd>
			<wd l="3011" t="3621" r="3133" b="3679" fs="10">4-6</wd>
			<wd l="3165" t="3633" r="3198" b="3666" fs="10">x</wd>
			<wd l="3237" t="3620" r="3431" b="3679" fs="10">11-13</wd>
			<wd l="3460" t="3638" r="3587" b="3678" fs="10">mm</wd>
		</ln>
		<ln lx="640" ly="3782" rx="3218" ry="3842">
			<wd l="640" t="3789" r="872" b="3842" fs="10">stamen</wd>
			<wd l="894" t="3801" r="995" b="3842" fs="10">no.</wd>
			<wd l="2053" t="3783" r="2134" b="3841" fs="10">24</wd>
			<wd l="3011" t="3782" r="3218" b="3841" fs="10">28-40</wd>
		</ln>
		<ln lx="640" ly="3943" rx="3460" ry="4022">
			<wd l="640" t="3944" r="1125" b="4022" fs="10">endocarpbeak</wd>
			<wd l="2062" t="3945" r="2237" b="4005" fs="10">1-1.7</wd>
			<wd l="2264" t="3963" r="2391" b="4004" fs="10">mm</wd>
			<wd l="2418" t="3944" r="2564" b="4021" fs="10">long</wd>
			<wd l="3012" t="3945" r="3130" b="4004" fs="10">2-3</wd>
			<wd l="3160" t="3962" r="3288" b="4003" fs="10">mm</wd>
			<wd l="3315" t="3943" r="3460" b="4021" fs="10">long</wd>
		</ln>
		<ln lx="640" ly="4106" rx="3531" ry="4184">
			<wd l="640" t="4106" r="1016" b="4167" fs="10">intersutural</wd>
			<wd l="1041" t="4107" r="1208" b="4168" fs="10">faces</wd>
			<wd l="2052" t="4106" r="2293" b="4184" fs="10">weakly</wd>
			<wd l="2316" t="4126" r="2539" b="4184" fs="10">rugose</wd>
			<wd l="3015" t="4106" r="3285" b="4183" fs="10">strongly</wd>
			<wd l="3309" t="4125" r="3531" b="4184" fs="10">rugose</wd>
		</ln>
		<ln lx="2094" ly="4197" rx="3836" ry="4275">
			<wd l="2094" t="4207" r="2139" b="4252" fs="10">±</wd>
			<wd l="2164" t="4198" r="2273" b="4258" fs="10">flat</wd>
			<wd l="2294" t="4207" r="2357" b="4258" fs="10">to</wd>
			<wd l="2383" t="4217" r="2653" b="4259" fs="10">concave</wd>
			<wd l="3051" t="4206" r="3096" b="4251" fs="10">±</wd>
			<wd l="3121" t="4198" r="3229" b="4258" fs="10">flat</wd>
			<wd l="3249" t="4206" r="3312" b="4258" fs="10">to</wd>
			<wd l="3336" t="4197" r="3576" b="4275" fs="10">weakly</wd>
			<wd l="3599" t="4217" r="3836" b="4258" fs="10">convex</wd>
		</ln>
		<ln lx="2106" ly="4291" rx="3714" ry="4351">
			<wd l="2106" t="4292" r="2302" b="4351" fs="10">15-17</wd>
			<wd l="2335" t="4305" r="2368" b="4338" fs="10">x</wd>
			<wd l="2402" t="4292" r="2580" b="4351" fs="10">8-9.5</wd>
			<wd l="2608" t="4310" r="2736" b="4350" fs="10">mm</wd>
			<wd l="3057" t="4291" r="3259" b="4350" fs="10">20-23</wd>
			<wd l="3295" t="4304" r="3329" b="4338" fs="10">x</wd>
			<wd l="3367" t="4291" r="3560" b="4350" fs="10">11-13</wd>
			<wd l="3588" t="4309" r="3714" b="4349" fs="10">mm</wd>
		</ln>
	</region>
	<region article-doi="10.2307/41729915" region-id="5">
		<rc l="635" t="4632" r="2202" b="5544"/>
		<ln lx="678" ly="4637" rx="2174" ry="4714">
			<wd l="678" t="4638" r="1161" b="4697" fs="10">Conservation</wd>
			<wd l="1199" t="4647" r="1414" b="4697" fs="10">status</wd>
			<wd l="1422" t="4656" r="1437" b="4697" fs="10">:</wd>
			<wd l="1479" t="4639" r="1847" b="4697" fs="10">Fontainea</wd>
			<wd l="1870" t="4637" r="2082" b="4714" fs="10">fugax</wd>
			<wd l="2120" t="4637" r="2174" b="4697" fs="10">is</wd>
		</ln>
		<ln lx="640" ly="4728" rx="2178" ry="4805">
			<wd l="640" t="4728" r="874" b="4788" fs="10">known</wd>
			<wd l="911" t="4728" r="1074" b="4788" fs="10">from</wd>
			<wd l="1112" t="4729" r="1262" b="4805" fs="10">only</wd>
			<wd l="1297" t="4737" r="1424" b="4788" fs="10">two</wd>
			<wd l="1460" t="4728" r="1865" b="4805" fs="10">populations</wd>
			<wd l="1904" t="4728" r="1968" b="4787" fs="10">in</wd>
			<wd l="2005" t="4728" r="2178" b="4788" fs="10">close</wd>
		</ln>
		<ln lx="640" ly="4819" rx="2181" ry="4896">
			<wd l="640" t="4819" r="987" b="4896" fs="10">proximity</wd>
			<wd l="1024" t="4827" r="1090" b="4879" fs="10">to</wd>
			<wd l="1131" t="4838" r="1253" b="4879" fs="10">one</wd>
			<wd l="1293" t="4819" r="1577" b="4879" fs="10">another.</wd>
			<wd l="1620" t="4820" r="1761" b="4879" fs="10">One</wd>
			<wd l="1800" t="4819" r="2181" b="4896" fs="10">population</wd>
		</ln>
		<ln lx="642" ly="4911" rx="2182" ry="4989">
			<wd l="642" t="4911" r="1058" b="4989" fs="10">(apparently</wd>
			<wd l="1100" t="4911" r="1181" b="4972" fs="10">of</wd>
			<wd l="1213" t="4931" r="1338" b="4972" fs="10">one</wd>
			<wd l="1379" t="4911" r="1591" b="4989" fs="10">plant)</wd>
			<wd l="1635" t="4911" r="1690" b="4972" fs="10">is</wd>
			<wd l="1731" t="4919" r="1996" b="4989" fs="10">present</wd>
			<wd l="2038" t="4911" r="2104" b="4971" fs="10">in</wd>
			<wd l="2146" t="4930" r="2182" b="4972" fs="10">a</wd>
		</ln>
		<ln lx="643" ly="5003" rx="2168" ry="5079">
			<wd l="643" t="5003" r="1098" b="5063" fs="10">Conservation</wd>
			<wd l="1133" t="5003" r="1289" b="5063" fs="10">Park</wd>
			<wd l="1325" t="5003" r="1469" b="5079" fs="10">(site</wd>
			<wd l="1509" t="5004" r="1587" b="5063" fs="10">50</wd>
			<wd l="1626" t="5003" r="1704" b="5063" fs="10">of</wd>
			<wd l="1729" t="5005" r="1973" b="5063" fs="10">Forster</wd>
			<wd l="2008" t="5011" r="2067" b="5063" fs="10">et</wd>
			<wd l="2103" t="5003" r="2168" b="5063" fs="10">al</wd>
		</ln>
		<ln lx="651" ly="5094" rx="2182" ry="5172">
			<wd l="651" t="5096" r="672" b="5154" fs="10">1</wd>
			<wd l="685" t="5095" r="764" b="5155" fs="10">99</wd>
			<wd l="777" t="5096" r="799" b="5154" fs="10">1</wd>
			<wd l="811" t="5095" r="853" b="5171" fs="10">).</wd>
			<wd l="876" t="5094" r="1003" b="5155" fs="10">The</wd>
			<wd l="1023" t="5094" r="1194" b="5155" fs="10">other</wd>
			<wd l="1210" t="5094" r="1570" b="5172" fs="10">population</wd>
			<wd l="1589" t="5094" r="1764" b="5171" fs="10">(with</wd>
			<wd l="1783" t="5094" r="1904" b="5155" fs="10">less</wd>
			<wd l="1922" t="5094" r="2067" b="5155" fs="10">than</wd>
			<wd l="2104" t="5095" r="2182" b="5155" fs="10">50</wd>
		</ln>
		<ln lx="641" ly="5187" rx="2183" ry="5265">
			<wd l="641" t="5187" r="892" b="5264" fs="10">plants)</wd>
			<wd l="936" t="5187" r="992" b="5247" fs="10">is</wd>
			<wd l="1034" t="5196" r="1302" b="5265" fs="10">present</wd>
			<wd l="1344" t="5187" r="1412" b="5246" fs="10">in</wd>
			<wd l="1456" t="5188" r="1634" b="5247" fs="10">State</wd>
			<wd l="1677" t="5189" r="1908" b="5247" fs="10">Forest</wd>
			<wd l="1948" t="5187" r="2183" b="5247" fs="10">within</wd>
		</ln>
		<ln lx="644" ly="5278" rx="2186" ry="5355">
			<wd l="644" t="5298" r="679" b="5339" fs="10">a</wd>
			<wd l="716" t="5298" r="873" b="5355" fs="10">very</wd>
			<wd l="915" t="5279" r="1102" b="5339" fs="10">small</wd>
			<wd l="1145" t="5279" r="1331" b="5339" fs="10">stand</wd>
			<wd l="1372" t="5279" r="1452" b="5339" fs="10">of</wd>
			<wd l="1480" t="5279" r="1632" b="5339" fs="10">vine</wd>
			<wd l="1672" t="5278" r="1918" b="5338" fs="10">thicket</wd>
			<wd l="1957" t="5278" r="2091" b="5339" fs="10">that</wd>
			<wd l="2131" t="5279" r="2186" b="5339" fs="10">is</wd>
		</ln>
		<ln lx="644" ly="5370" rx="2186" ry="5448">
			<wd l="644" t="5370" r="1086" b="5447" fs="10">experiencing</wd>
			<wd l="1120" t="5370" r="1412" b="5448" fs="10">repeated</wd>
			<wd l="1449" t="5370" r="1564" b="5430" fs="10">fire</wd>
			<wd l="1602" t="5370" r="1952" b="5430" fs="10">incursions</wd>
			<wd l="1991" t="5389" r="2074" b="5430" fs="10">on</wd>
			<wd l="2110" t="5370" r="2186" b="5430" fs="10">its</wd>
		</ln>
		<ln lx="642" ly="5462" rx="2197" ry="5539">
			<wd l="642" t="5470" r="910" b="5522" fs="10">western</wd>
			<wd l="945" t="5462" r="1271" b="5539" fs="10">boundary</wd>
			<wd l="1309" t="5462" r="1430" b="5522" fs="10">and</wd>
			<wd l="1465" t="5462" r="1645" b="5521" fs="10">weed</wd>
			<wd l="1682" t="5462" r="2080" b="5521" fs="10">infestations</wd>
			<wd l="2118" t="5462" r="2197" b="5521" fs="10">of</wd>
		</ln>
	</region>
	<region article-doi="10.2307/41729915" region-id="6">
		<rc l="2314" t="4631" r="3871" b="5543"/>
		<ln lx="2319" ly="4636" rx="3855" ry="4714">
			<wd l="2319" t="4637" r="2611" b="4697" fs="10">Mexican</wd>
			<wd l="2635" t="4637" r="2809" b="4714" fs="10">daisy</wd>
			<wd l="2831" t="4672" r="2875" b="4677" fs="10">-</wd>
			<wd l="2903" t="4637" r="3232" b="4696" fs="10">Verbesina</wd>
			<wd l="3256" t="4636" r="3627" b="4696" fs="10">encelioides</wd>
			<wd l="3649" t="4636" r="3855" b="4712" fs="10">(Cav.)</wd>
		</ln>
		<ln lx="2320" ly="4727" rx="3858" ry="4804">
			<wd l="2320" t="4728" r="2534" b="4788" fs="10">Benth.</wd>
			<wd l="2569" t="4729" r="2629" b="4788" fs="10"><![CDATA[&]]></wd>
			<wd l="2663" t="4728" r="2914" b="4788" fs="10">Hook.f.</wd>
			<wd l="2950" t="4747" r="3025" b="4787" fs="10">ex</wd>
			<wd l="3056" t="4729" r="3303" b="4804" fs="10">A.Gray</wd>
			<wd l="3334" t="4727" r="3452" b="4787" fs="10">and</wd>
			<wd l="3482" t="4727" r="3858" b="4787" fs="10">Dutchmans</wd>
		</ln>
		<ln lx="2320" ly="4817" rx="3861" ry="4896">
			<wd l="2320" t="4819" r="2913" b="4896" fs="10">Yvps-Aristolochia</wd>
			<wd l="2931" t="4818" r="3180" b="4896" fs="10">elegans</wd>
			<wd l="3195" t="4820" r="3396" b="4890" fs="10">Mast.,</wd>
			<wd l="3417" t="4836" r="3498" b="4878" fs="10">on</wd>
			<wd l="3512" t="4817" r="3611" b="4878" fs="10">the</wd>
			<wd l="3630" t="4825" r="3861" b="4878" fs="10">eastern</wd>
		</ln>
		<ln lx="2319" ly="4910" rx="3864" ry="4988">
			<wd l="2319" t="4911" r="2632" b="4988" fs="10">boundary</wd>
			<wd l="2650" t="4910" r="2987" b="4971" fs="10">associated</wd>
			<wd l="3003" t="4910" r="3150" b="4971" fs="10">with</wd>
			<wd l="3168" t="4910" r="3342" b="4971" fs="10">fence</wd>
			<wd l="3361" t="4910" r="3767" b="4971" fs="10">construction</wd>
			<wd l="3781" t="4910" r="3864" b="4987" fs="10">by</wd>
		</ln>
		<ln lx="2320" ly="5002" rx="3861" ry="5079">
			<wd l="2320" t="5003" r="2420" b="5063" fs="10">the</wd>
			<wd l="2457" t="5002" r="2855" b="5063" fs="10">leaseholder.</wd>
			<wd l="2893" t="5002" r="3195" b="5079" fs="10">Virtually</wd>
			<wd l="3230" t="5002" r="3309" b="5062" fs="10">all</wd>
			<wd l="3346" t="5002" r="3861" b="5079" fs="10">semi-evergreen</wd>
		</ln>
		<ln lx="2320" ly="5093" rx="3864" ry="5172">
			<wd l="2320" t="5094" r="2462" b="5154" fs="10">vine</wd>
			<wd l="2487" t="5094" r="2715" b="5155" fs="10">thicket</wd>
			<wd l="2740" t="5114" r="2821" b="5154" fs="10">on</wd>
			<wd l="2844" t="5094" r="2944" b="5154" fs="10">the</wd>
			<wd l="2970" t="5094" r="3595" b="5172" fs="10">Binjour-Gurgeena</wd>
			<wd l="3617" t="5093" r="3864" b="5154" fs="10">Plateau</wd>
		</ln>
		<ln lx="2320" ly="5186" rx="3863" ry="5258">
			<wd l="2320" t="5187" r="2445" b="5247" fs="10">that</wd>
			<wd l="2463" t="5187" r="2515" b="5247" fs="10">is</wd>
			<wd l="2533" t="5195" r="2640" b="5247" fs="10">not</wd>
			<wd l="2658" t="5186" r="2721" b="5246" fs="10">in</wd>
			<wd l="2740" t="5186" r="3166" b="5247" fs="10">conservation</wd>
			<wd l="3183" t="5186" r="3336" b="5246" fs="10">Park</wd>
			<wd l="3354" t="5205" r="3422" b="5246" fs="10">or</wd>
			<wd l="3442" t="5187" r="3603" b="5246" fs="10">State</wd>
			<wd l="3637" t="5188" r="3863" b="5258" fs="10">Forest,</wd>
		</ln>
		<ln lx="2321" ly="5277" rx="3863" ry="5355">
			<wd l="2321" t="5278" r="2437" b="5338" fs="10">has</wd>
			<wd l="2476" t="5297" r="2627" b="5338" fs="10">now</wd>
			<wd l="2664" t="5278" r="2831" b="5338" fs="10">been</wd>
			<wd l="2871" t="5277" r="3128" b="5338" fs="10">cleared</wd>
			<wd l="3168" t="5277" r="3270" b="5338" fs="10">for</wd>
			<wd l="3309" t="5277" r="3697" b="5355" fs="10">agriculture</wd>
			<wd l="3739" t="5277" r="3863" b="5338" fs="10">and</wd>
		</ln>
		<ln lx="2323" ly="5368" rx="3865" ry="5447">
			<wd l="2323" t="5370" r="2626" b="5447" fs="10">grazing.</wd>
			<wd l="2678" t="5369" r="2839" b="5429" fs="10">This</wd>
			<wd l="2889" t="5389" r="3043" b="5430" fs="10">area</wd>
			<wd l="3089" t="5369" r="3146" b="5429" fs="10">is</wd>
			<wd l="3194" t="5369" r="3470" b="5429" fs="10">notable</wd>
			<wd l="3520" t="5369" r="3627" b="5429" fs="10">for</wd>
			<wd l="3674" t="5368" r="3865" b="5429" fs="10">other</wd>
		</ln>
		<ln lx="2324" ly="5460" rx="3866" ry="5538">
			<wd l="2324" t="5461" r="2706" b="5538" fs="10">endangered</wd>
			<wd l="2724" t="5480" r="2793" b="5521" fs="10">or</wd>
			<wd l="2810" t="5460" r="3302" b="5538" fs="10">geographically</wd>
			<wd l="3337" t="5460" r="3685" b="5537" fs="10">significant</wd>
			<wd l="3700" t="5460" r="3866" b="5537" fs="10">plant</wd>
		</ln>
	</region>
</ocr-page>
