<?xml version="1.0" encoding="UTF-8"?>
<ocr-page type="coords" ocr-vers="1.0" creation-date="20130321" res="600" height="6300" width="4500">
	<region article-doi="10.2307/41729924" region-id="0">
		<rc l="624" t="730" r="3848" b="806"/>
		<ln lx="629" ly="735" rx="3843" ry="801">
			<wd l="629" t="755" r="724" b="789" fs="10">van</wd>
			<wd l="745" t="739" r="958" b="798" fs="10">Welzen,</wd>
			<wd l="984" t="739" r="1111" b="788" fs="10">Guio</wd>
			<wd l="1132" t="738" r="1547" b="801" fs="10">Sarcopterifucta</wd>
			<wd l="3756" t="735" r="3843" b="782" fs="10">105</wd>
		</ln>
	</region>
	<region article-doi="10.2307/41729924" region-id="1">
		<rc l="625" t="869" r="1020" b="939"/>
		<ln lx="630" ly="874" rx="1015" ry="934">
			<wd l="630" t="874" r="1015" b="934" fs="10">References</wd>
		</ln>
	</region>
	<region article-doi="10.2307/41729924" region-id="2">
		<rc l="626" t="1028" r="2176" b="1254"/>
		<ln lx="631" ly="1033" rx="2168" ry="1096">
			<wd l="631" t="1038" r="839" b="1095" fs="10">Cooper,</wd>
			<wd l="870" t="1038" r="943" b="1085" fs="10">W.</wd>
			<wd l="974" t="1037" r="1021" b="1085" fs="10"><![CDATA[&]]></wd>
			<wd l="1051" t="1037" r="1259" b="1094" fs="10">Cooper,</wd>
			<wd l="1289" t="1036" r="1417" b="1084" fs="10">W.T.</wd>
			<wd l="1447" t="1035" r="1634" b="1096" fs="10">(1994).</wd>
			<wd l="1668" t="1036" r="1833" b="1083" fs="10">Fruits</wd>
			<wd l="1860" t="1033" r="1924" b="1096" fs="10">of</wd>
			<wd l="1937" t="1034" r="2016" b="1082" fs="10">the</wd>
			<wd l="2041" t="1035" r="2168" b="1082" fs="10">Rain</wd>
		</ln>
		<ln lx="816" ly="1109" rx="2171" ry="1172">
			<wd l="816" t="1114" r="1005" b="1161" fs="10">Forest</wd>
			<wd l="1035" t="1113" r="1141" b="1170" fs="10">154,</wd>
			<wd l="1168" t="1113" r="1275" b="1170" fs="10">155,</wd>
			<wd l="1295" t="1118" r="1395" b="1160" fs="10">text</wd>
			<wd l="1413" t="1112" r="1461" b="1160" fs="10"><![CDATA[&]]></wd>
			<wd l="1483" t="1110" r="1567" b="1172" fs="10">fig.</wd>
			<wd l="1591" t="1111" r="1702" b="1159" fs="10">310.</wd>
			<wd l="1725" t="1109" r="2040" b="1159" fs="10">Chatswood:</wd>
			<wd l="2063" t="1110" r="2171" b="1158" fs="10">Geo</wd>
		</ln>
		<ln lx="818" ly="1187" rx="1367" ry="1249">
			<wd l="818" t="1188" r="1136" b="1237" fs="10">Productions</wd>
			<wd l="1156" t="1189" r="1242" b="1249" fs="10">Pty</wd>
			<wd l="1262" t="1187" r="1367" b="1236" fs="10">Ltd.</wd>
		</ln>
	</region>
	<region article-doi="10.2307/41729924" region-id="3">
		<rc l="626" t="1328" r="2172" b="1478"/>
		<ln lx="631" ly="1333" rx="2167" ry="1397">
			<wd l="631" t="1338" r="929" b="1394" fs="10">Reynolds,</wd>
			<wd l="967" t="1337" r="1079" b="1385" fs="10">S.T.</wd>
			<wd l="1117" t="1335" r="1324" b="1397" fs="10">(1984).</wd>
			<wd l="1358" t="1336" r="1527" b="1383" fs="10">Notes</wd>
			<wd l="1562" t="1349" r="1629" b="1383" fs="10">on</wd>
			<wd l="1665" t="1333" r="2045" b="1395" fs="10">Sapindaceae,</wd>
			<wd l="2080" t="1334" r="2167" b="1381" fs="10">III.</wd>
		</ln>
		<ln lx="816" ly="1409" rx="1724" ry="1473">
			<wd l="816" t="1411" r="1193" b="1473" fs="10">Austrobailyea</wd>
			<wd l="1212" t="1411" r="1258" b="1459" fs="10">2:</wd>
			<wd l="1282" t="1411" r="1360" b="1468" fs="10">37,</wd>
			<wd l="1382" t="1410" r="1462" b="1468" fs="10">40,</wd>
			<wd l="1485" t="1409" r="1570" b="1471" fs="10">fig.</wd>
			<wd l="1593" t="1409" r="1672" b="1467" fs="10">2k,</wd>
			<wd l="1696" t="1409" r="1724" b="1457" fs="10">1.</wd>
		</ln>
	</region>
	<region article-doi="10.2307/41729924" region-id="4">
		<rc l="626" t="1550" r="2179" b="1775"/>
		<ln lx="631" ly="1555" rx="2168" ry="1620">
			<wd l="631" t="1589" r="698" b="1592" fs="10">-</wd>
			<wd l="728" t="1559" r="926" b="1620" fs="10">(1985).</wd>
			<wd l="962" t="1558" r="1324" b="1620" fs="10">Sapindaceae,</wd>
			<wd l="1361" t="1557" r="1522" b="1605" fs="10">Flora</wd>
			<wd l="1553" t="1556" r="1620" b="1618" fs="10">of</wd>
			<wd l="1632" t="1556" r="1900" b="1604" fs="10">Australia</wd>
			<wd l="1930" t="1556" r="2014" b="1603" fs="10">25:</wd>
			<wd l="2049" t="1555" r="2168" b="1612" fs="10">4-8,</wd>
		</ln>
		<ln lx="821" ly="1631" rx="2174" ry="1695">
			<wd l="821" t="1635" r="1001" b="1692" fs="10">47-51,</wd>
			<wd l="1024" t="1649" r="1135" b="1695" fs="10">map</wd>
			<wd l="1159" t="1634" r="1236" b="1682" fs="10">56.</wd>
			<wd l="1260" t="1632" r="1518" b="1681" fs="10">Canberra:</wd>
			<wd l="1541" t="1631" r="1820" b="1680" fs="10">Australian</wd>
			<wd l="1842" t="1632" r="2174" b="1680" fs="10">Government</wd>
		</ln>
		<ln lx="821" ly="1708" rx="1339" ry="1770">
			<wd l="821" t="1709" r="1106" b="1770" fs="10">Publishing</wd>
			<wd l="1129" t="1708" r="1339" b="1757" fs="10">Service.</wd>
		</ln>
	</region>
	<region article-doi="10.2307/41729924" region-id="5">
		<rc l="630" t="1847" r="2176" b="2068"/>
		<ln lx="635" ly="1852" rx="2168" ry="1916">
			<wd l="635" t="1859" r="863" b="1915" fs="10">Welzen,</wd>
			<wd l="892" t="1857" r="1002" b="1905" fs="10">P.C.</wd>
			<wd l="1042" t="1871" r="1142" b="1903" fs="10">van</wd>
			<wd l="1173" t="1855" r="1363" b="1916" fs="10">(1989).</wd>
			<wd l="1405" t="1855" r="1573" b="1903" fs="10">Guioa</wd>
			<wd l="1603" t="1854" r="1726" b="1902" fs="10">Cav.</wd>
			<wd l="1760" t="1852" r="2168" b="1915" fs="10">(Sapindaceae):</wd>
		</ln>
		<ln lx="821" ly="1927" rx="2171" ry="1993">
			<wd l="821" t="1939" r="1099" b="1993" fs="10">taxonomy,</wd>
			<wd l="1114" t="1930" r="1408" b="1993" fs="10">phylogeny,</wd>
			<wd l="1426" t="1929" r="1519" b="1978" fs="10">and</wd>
			<wd l="1532" t="1929" r="1778" b="1978" fs="10">historical</wd>
			<wd l="1792" t="1927" r="2171" b="1990" fs="10">biogeography.</wd>
		</ln>
		<ln lx="820" ly="2004" rx="2030" ry="2063">
			<wd l="820" t="2007" r="1002" b="2055" fs="10">Leiden</wd>
			<wd l="1019" t="2006" r="1282" b="2054" fs="10">Botanical</wd>
			<wd l="1297" t="2007" r="1460" b="2054" fs="10">Series</wd>
			<wd l="1484" t="2006" r="1558" b="2054" fs="10">12:</wd>
			<wd l="1583" t="2005" r="1761" b="2063" fs="10">51-95,</wd>
			<wd l="1783" t="2005" r="1896" b="2062" fs="10">268,</wd>
			<wd l="1918" t="2004" r="2030" b="2052" fs="10">269.</wd>
		</ln>
	</region>
</ocr-page>
