<?xml version="1.0" encoding="UTF-8"?>
<ocr-page type="coords" ocr-vers="1.0" creation-date="20130321" res="600" height="6300" width="4500">
	<region article-doi="10.2307/41729925" region-id="0">
		<rc l="636" t="730" r="3835" b="803"/>
		<ln lx="641" ly="735" rx="3830" ry="798">
			<wd l="641" t="739" r="730" b="787" fs="10">108</wd>
			<wd l="2861" t="735" r="3238" b="798" fs="10">Austrobaileya</wd>
			<wd l="3257" t="737" r="3380" b="798" fs="10">5(1):</wd>
			<wd l="3409" t="737" r="3628" b="785" fs="10">107-111</wd>
			<wd l="3655" t="736" r="3830" b="797" fs="10">(1997)</wd>
		</ln>
	</region>
	<region article-doi="10.2307/41729925" region-id="1">
		<rc l="628" t="849" r="2214" b="5572"/>
		<ln lx="822" ly="854" rx="2200" ry="932">
			<wd l="822" t="857" r="1026" b="916" fs="10">Forest</wd>
			<wd l="1043" t="856" r="1154" b="915" fs="10">391</wd>
			<wd l="1180" t="854" r="1489" b="927" fs="10">Bulburin,</wd>
			<wd l="1508" t="854" r="1905" b="932" fs="10">Resumption</wd>
			<wd l="1922" t="854" r="2200" b="932" fs="10">Logging</wd>
		</ln>
		<ln lx="821" ly="945" rx="2193" ry="1018">
			<wd l="821" t="947" r="998" b="1018" fs="10">Area,</wd>
			<wd l="1018" t="947" r="1097" b="1006" fs="10">29</wd>
			<wd l="1115" t="947" r="1246" b="1006" fs="10">Dec</wd>
			<wd l="1273" t="946" r="1427" b="1006" fs="10">1994</wd>
			<wd l="1432" t="947" r="1824" b="1017" fs="10">,P.I.Forster</wd>
			<wd l="1852" t="947" r="1968" b="1004" fs="10">PIF</wd>
			<wd l="1980" t="945" r="2193" b="1017" fs="10">16004,</wd>
		</ln>
		<ln lx="822" ly="1034" rx="2206" ry="1113">
			<wd l="822" t="1044" r="866" b="1089" fs="10">+</wd>
			<wd l="909" t="1035" r="1269" b="1113" fs="10">G.Smyrell,</wd>
			<wd l="1314" t="1035" r="1735" b="1096" fs="10">M.C.Tucker</wd>
			<wd l="1774" t="1036" r="1831" b="1095" fs="10"><![CDATA[&]]></wd>
			<wd l="1868" t="1034" r="2206" b="1112" fs="10">D.Orford</wd>
		</ln>
		<ln lx="823" ly="1125" rx="2198" ry="1204">
			<wd l="823" t="1126" r="1015" b="1203" fs="10">(holo:</wd>
			<wd l="1037" t="1128" r="1173" b="1186" fs="10">BRI</wd>
			<wd l="1197" t="1127" r="1257" b="1202" fs="10">[2</wd>
			<wd l="1280" t="1125" r="1478" b="1186" fs="10">sheets</wd>
			<wd l="1498" t="1134" r="1542" b="1179" fs="10">+</wd>
			<wd l="1563" t="1125" r="1778" b="1204" fs="10">spirit];</wd>
			<wd l="1800" t="1125" r="1913" b="1186" fs="10">iso:</wd>
			<wd l="1935" t="1126" r="2012" b="1198" fs="10">A,</wd>
			<wd l="2033" t="1127" r="2110" b="1198" fs="10">K,</wd>
			<wd l="2131" t="1127" r="2198" b="1198" fs="10">L,</wd>
		</ln>
		<ln lx="822" ly="1217" rx="1471" ry="1294">
			<wd l="822" t="1219" r="1013" b="1290" fs="10">MEL,</wd>
			<wd l="1036" t="1218" r="1240" b="1290" fs="10">NSW,</wd>
			<wd l="1268" t="1217" r="1471" b="1294" fs="10">QRS).</wd>
		</ln>
		<ln lx="637" ly="1378" rx="2192" ry="1458">
			<wd l="637" t="1381" r="953" b="1458" fs="10">Capparis</wd>
			<wd l="991" t="1380" r="1224" b="1440" fs="10">nobilis</wd>
			<wd l="1256" t="1399" r="1378" b="1440" fs="10">var.</wd>
			<wd l="1416" t="1379" r="1781" b="1457" fs="10">pubescens</wd>
			<wd l="1818" t="1378" r="2064" b="1451" fs="10">Benth.,</wd>
			<wd l="2104" t="1378" r="2192" b="1439" fs="10">Fl.</wd>
		</ln>
		<ln lx="821" ly="1469" rx="2194" ry="1547">
			<wd l="821" t="1470" r="1078" b="1531" fs="10">Austral.</wd>
			<wd l="1093" t="1471" r="1227" b="1530" fs="10">1:96</wd>
			<wd l="1262" t="1470" r="1497" b="1546" fs="10">(1863).</wd>
			<wd l="1543" t="1472" r="1743" b="1547" fs="10">Type:</wd>
			<wd l="1783" t="1469" r="2194" b="1544" fs="10">Queensland.</wd>
		</ln>
		<ln lx="822" ly="1559" rx="2195" ry="1632">
			<wd l="822" t="1563" r="1162" b="1621" fs="10">Moreton</wd>
			<wd l="1203" t="1562" r="1542" b="1621" fs="10">District:</wd>
			<wd l="1591" t="1559" r="1922" b="1620" fs="10">Brisbane</wd>
			<wd l="1966" t="1559" r="2195" b="1632" fs="10">River,</wd>
		</ln>
		<ln lx="817" ly="1650" rx="2193" ry="1729">
			<wd l="817" t="1653" r="882" b="1712" fs="10">A.</wd>
			<wd l="941" t="1651" r="1366" b="1729" fs="10">Cunningham</wd>
			<wd l="1393" t="1650" r="1585" b="1727" fs="10">(holo:</wd>
			<wd l="1613" t="1652" r="1741" b="1711" fs="10">BM</wd>
			<wd l="1772" t="1651" r="2193" b="1727" fs="10">[000031692]</wd>
		</ln>
		<ln lx="823" ly="1740" rx="2202" ry="1819">
			<wd l="823" t="1741" r="1121" b="1803" fs="10">labelled</wd>
			<wd l="1168" t="1761" r="1238" b="1802" fs="10">as</wd>
			<wd l="1292" t="1741" r="1651" b="1819" fs="10">'Capparis</wd>
			<wd l="1701" t="1740" r="2079" b="1802" fs="10">laurifolia'</wd>
			<wd l="2133" t="1740" r="2202" b="1800" fs="10">in</wd>
		</ln>
		<ln lx="823" ly="1833" rx="1544" ry="1911">
			<wd l="823" t="1833" r="1309" b="1911" fs="10">Cunningham's</wd>
			<wd l="1336" t="1833" r="1544" b="1909" fs="10">hand).</wd>
		</ln>
		<ln lx="637" ly="1995" rx="2202" ry="2074">
			<wd l="637" t="1997" r="974" b="2058" fs="10">Scrambler</wd>
			<wd l="991" t="2016" r="1059" b="2058" fs="10">or</wd>
			<wd l="1074" t="1996" r="1216" b="2057" fs="10">vine</wd>
			<wd l="1233" t="2016" r="1315" b="2074" fs="10">up</wd>
			<wd l="1333" t="2004" r="1396" b="2057" fs="10">to</wd>
			<wd l="1416" t="1998" r="1496" b="2057" fs="10">20</wd>
			<wd l="1514" t="2015" r="1578" b="2056" fs="10">m</wd>
			<wd l="1597" t="1996" r="1762" b="2074" fs="10">long;</wd>
			<wd l="1782" t="1995" r="1959" b="2056" fs="10">trunk</wd>
			<wd l="1975" t="1995" r="2202" b="2073" fs="10">woody</wd>
		</ln>
		<ln lx="634" ly="2087" rx="2198" ry="2167">
			<wd l="634" t="2089" r="753" b="2150" fs="10">and</wd>
			<wd l="784" t="2108" r="866" b="2167" fs="10">up</wd>
			<wd l="900" t="2097" r="962" b="2150" fs="10">to</wd>
			<wd l="1006" t="2090" r="1078" b="2149" fs="10">10</wd>
			<wd l="1114" t="2108" r="1213" b="2149" fs="10">cm</wd>
			<wd l="1279" t="2088" r="1585" b="2149" fs="10">diameter.</wd>
			<wd l="1654" t="2087" r="1931" b="2149" fs="10">Juvenile</wd>
			<wd l="1968" t="2087" r="2198" b="2160" fs="10">shoots,</wd>
		</ln>
		<ln lx="642" ly="2180" rx="2198" ry="2260">
			<wd l="642" t="2183" r="730" b="2243" fs="10">1st</wd>
			<wd l="765" t="2181" r="883" b="2243" fs="10">and</wd>
			<wd l="918" t="2181" r="1042" b="2242" fs="10">2nd</wd>
			<wd l="1077" t="2189" r="1298" b="2260" fs="10">stages:</wd>
			<wd l="1335" t="2181" r="1516" b="2259" fs="10">twigs</wd>
			<wd l="1551" t="2180" r="1701" b="2242" fs="10">with</wd>
			<wd l="1736" t="2180" r="1920" b="2253" fs="10">short,</wd>
			<wd l="1990" t="2180" r="2198" b="2253" fs="10">dense,</wd>
		</ln>
		<ln lx="636" ly="2273" rx="2200" ry="2353">
			<wd l="636" t="2275" r="897" b="2353" fs="10">simple,</wd>
			<wd l="944" t="2283" r="1143" b="2347" fs="10">erect,</wd>
			<wd l="1187" t="2274" r="1532" b="2335" fs="10">brownish</wd>
			<wd l="1572" t="2274" r="1751" b="2335" fs="10">hairs</wd>
			<wd l="1796" t="2273" r="1878" b="2334" fs="10">of</wd>
			<wd l="1909" t="2273" r="2200" b="2351" fs="10">unequal</wd>
		</ln>
		<ln lx="635" ly="2365" rx="2201" ry="2445">
			<wd l="635" t="2367" r="873" b="2445" fs="10">length,</wd>
			<wd l="949" t="2366" r="1316" b="2427" fs="10">internodes</wd>
			<wd l="1358" t="2367" r="1528" b="2426" fs="10">7-20</wd>
			<wd l="1567" t="2385" r="1698" b="2426" fs="10">mm</wd>
			<wd l="1738" t="2365" r="1911" b="2443" fs="10">long.</wd>
			<wd l="1954" t="2365" r="2201" b="2425" fs="10">Thorns</wd>
		</ln>
		<ln lx="635" ly="2457" rx="2200" ry="2537">
			<wd l="635" t="2458" r="956" b="2532" fs="10">acicular,</wd>
			<wd l="1009" t="2458" r="1316" b="2537" fs="10">straight,</wd>
			<wd l="1366" t="2466" r="1598" b="2537" fs="10">patent</wd>
			<wd l="1644" t="2466" r="1713" b="2519" fs="10">to</wd>
			<wd l="1806" t="2457" r="2200" b="2519" fs="10">sometimes</wd>
		</ln>
		<ln lx="635" ly="2550" rx="2198" ry="2629">
			<wd l="635" t="2552" r="978" b="2624" fs="10">divaricate,</wd>
			<wd l="1014" t="2553" r="1178" b="2612" fs="10">2-10</wd>
			<wd l="1211" t="2571" r="1339" b="2611" fs="10">mm</wd>
			<wd l="1374" t="2551" r="1536" b="2629" fs="10">long.</wd>
			<wd l="1574" t="2553" r="1807" b="2612" fs="10">Leaves</wd>
			<wd l="1843" t="2550" r="2198" b="2623" fs="10">distichous,</wd>
		</ln>
		<ln lx="633" ly="2643" rx="2203" ry="2722">
			<wd l="633" t="2644" r="888" b="2722" fs="10">petioles</wd>
			<wd l="931" t="2645" r="1043" b="2704" fs="10">1-2</wd>
			<wd l="1062" t="2663" r="1190" b="2704" fs="10">mm</wd>
			<wd l="1209" t="2643" r="1371" b="2721" fs="10">long,</wd>
			<wd l="1394" t="2643" r="1618" b="2704" fs="10">lamina</wd>
			<wd l="1635" t="2650" r="1831" b="2715" fs="10">ovate,</wd>
			<wd l="1860" t="2644" r="1882" b="2702" fs="10">1</wd>
			<wd l="1896" t="2643" r="2057" b="2703" fs="10">5-50</wd>
			<wd l="2075" t="2661" r="2203" b="2702" fs="10">mm</wd>
		</ln>
		<ln lx="636" ly="2734" rx="2200" ry="2814">
			<wd l="636" t="2737" r="798" b="2814" fs="10">long,</wd>
			<wd l="827" t="2737" r="1019" b="2797" fs="10">12-25</wd>
			<wd l="1041" t="2755" r="1167" b="2796" fs="10">mm</wd>
			<wd l="1184" t="2735" r="1363" b="2808" fs="10">wide,</wd>
			<wd l="1384" t="2755" r="1539" b="2813" fs="10">apex</wd>
			<wd l="1573" t="2743" r="1745" b="2796" fs="10">acute</wd>
			<wd l="1761" t="2743" r="1824" b="2795" fs="10">to</wd>
			<wd l="1844" t="2734" r="2200" b="2807" fs="10">acuminate,</wd>
		</ln>
		<ln lx="633" ly="2826" rx="2199" ry="2905">
			<wd l="633" t="2837" r="982" b="2890" fs="10">mucronate</wd>
			<wd l="1004" t="2829" r="1241" b="2905" fs="10">(muero</wd>
			<wd l="1271" t="2829" r="1384" b="2888" fs="10">1-2</wd>
			<wd l="1405" t="2847" r="1534" b="2888" fs="10">mm</wd>
			<wd l="1555" t="2827" r="1747" b="2905" fs="10">long),</wd>
			<wd l="1769" t="2827" r="1916" b="2888" fs="10">base</wd>
			<wd l="1938" t="2826" r="2199" b="2899" fs="10">cordate,</wd>
		</ln>
		<ln lx="633" ly="2918" rx="2202" ry="2997">
			<wd l="633" t="2920" r="907" b="2982" fs="10">rounded</wd>
			<wd l="934" t="2939" r="1002" b="2981" fs="10">or</wd>
			<wd l="1025" t="2928" r="1312" b="2993" fs="10">truncate,</wd>
			<wd l="1342" t="2919" r="1718" b="2993" fs="10">coriaceous;</wd>
			<wd l="1746" t="2938" r="1938" b="2997" fs="10">upper</wd>
			<wd l="1965" t="2918" r="2202" b="2980" fs="10">surface</wd>
		</ln>
		<ln lx="635" ly="3011" rx="2201" ry="3091">
			<wd l="635" t="3013" r="958" b="3091" fs="10">glabrous,</wd>
			<wd l="1000" t="3013" r="1154" b="3074" fs="10">dark</wd>
			<wd l="1192" t="3012" r="1416" b="3090" fs="10">glossy</wd>
			<wd l="1454" t="3031" r="1669" b="3090" fs="10">green,</wd>
			<wd l="1712" t="3011" r="1910" b="3072" fs="10">lower</wd>
			<wd l="1950" t="3011" r="2201" b="3072" fs="10">surface</wd>
		</ln>
		<ln lx="633" ly="3103" rx="2199" ry="3184">
			<wd l="633" t="3106" r="979" b="3167" fs="10">velutinous</wd>
			<wd l="1008" t="3105" r="1156" b="3166" fs="10">with</wd>
			<wd l="1186" t="3124" r="1410" b="3184" fs="10">sparse,</wd>
			<wd l="1442" t="3113" r="1620" b="3178" fs="10">erect,</wd>
			<wd l="1677" t="3103" r="1990" b="3165" fs="10">brownish</wd>
			<wd l="2017" t="3103" r="2199" b="3176" fs="10">hairs;</wd>
		</ln>
		<ln lx="636" ly="3195" rx="2204" ry="3276">
			<wd l="636" t="3198" r="837" b="3259" fs="10">lateral</wd>
			<wd l="853" t="3198" r="1026" b="3259" fs="10">veins</wd>
			<wd l="1044" t="3199" r="1165" b="3258" fs="10">4-7</wd>
			<wd l="1183" t="3197" r="1361" b="3276" fs="10">pairs,</wd>
			<wd l="1380" t="3196" r="1578" b="3258" fs="10">raised</wd>
			<wd l="1593" t="3196" r="1814" b="3269" fs="10">below,</wd>
			<wd l="1850" t="3195" r="2204" b="3257" fs="10">interlateral</wd>
		</ln>
		<ln lx="634" ly="3288" rx="2200" ry="3366">
			<wd l="634" t="3291" r="941" b="3352" fs="10">reticulate</wd>
			<wd l="967" t="3290" r="1141" b="3351" fs="10">veins</wd>
			<wd l="1166" t="3298" r="1211" b="3344" fs="10">±</wd>
			<wd l="1240" t="3289" r="1514" b="3351" fs="10">obscure.</wd>
			<wd l="1544" t="3289" r="1735" b="3350" fs="10">Adult</wd>
			<wd l="1762" t="3288" r="1992" b="3350" fs="10">shoots:</wd>
			<wd l="2020" t="3288" r="2200" b="3366" fs="10">twigs</wd>
		</ln>
		<ln lx="634" ly="3379" rx="2204" ry="3460">
			<wd l="634" t="3383" r="787" b="3445" fs="10">with</wd>
			<wd l="859" t="3383" r="1049" b="3456" fs="10">short,</wd>
			<wd l="1091" t="3382" r="1305" b="3455" fs="10">dense,</wd>
			<wd l="1347" t="3381" r="1595" b="3460" fs="10">simple,</wd>
			<wd l="1636" t="3389" r="1804" b="3443" fs="10">erect</wd>
			<wd l="1839" t="3389" r="1903" b="3442" fs="10">to</wd>
			<wd l="1944" t="3379" r="2204" b="3459" fs="10">slightly</wd>
		</ln>
		<ln lx="636" ly="3473" rx="2199" ry="3552">
			<wd l="636" t="3485" r="935" b="3549" fs="10">antrorse,</wd>
			<wd l="973" t="3475" r="1299" b="3536" fs="10">brownish</wd>
			<wd l="1334" t="3475" r="1502" b="3535" fs="10">hairs</wd>
			<wd l="1542" t="3474" r="1621" b="3535" fs="10">of</wd>
			<wd l="1646" t="3473" r="1922" b="3552" fs="10">unequal</wd>
			<wd l="1962" t="3473" r="2199" b="3551" fs="10">length;</wd>
		</ln>
		<ln lx="636" ly="3565" rx="2203" ry="3644">
			<wd l="636" t="3568" r="997" b="3629" fs="10">internodes</wd>
			<wd l="1044" t="3569" r="1250" b="3628" fs="10">10-20</wd>
			<wd l="1287" t="3587" r="1417" b="3627" fs="10">mm</wd>
			<wd l="1456" t="3567" r="1627" b="3644" fs="10">long.</wd>
			<wd l="1669" t="3566" r="1913" b="3627" fs="10">Thorns</wd>
			<wd l="1950" t="3565" r="2203" b="3643" fs="10">usually</wd>
		</ln>
		<ln lx="634" ly="3656" rx="2203" ry="3738">
			<wd l="634" t="3668" r="888" b="3738" fs="10">present,</wd>
			<wd l="906" t="3659" r="1211" b="3731" fs="10">recurved,</wd>
			<wd l="1239" t="3660" r="1352" b="3718" fs="10">1^4</wd>
			<wd l="1369" t="3677" r="1496" b="3718" fs="10">mm</wd>
			<wd l="1514" t="3658" r="1675" b="3735" fs="10">long.</wd>
			<wd l="1711" t="3659" r="1941" b="3718" fs="10">Leaves</wd>
			<wd l="1961" t="3656" r="2203" b="3734" fs="10">spirally</wd>
		</ln>
		<ln lx="637" ly="3749" rx="2204" ry="3830">
			<wd l="637" t="3751" r="946" b="3830" fs="10">arranged;</wd>
			<wd l="999" t="3751" r="1256" b="3830" fs="10">petioles</wd>
			<wd l="1286" t="3752" r="1406" b="3812" fs="10">3-7</wd>
			<wd l="1434" t="3770" r="1562" b="3811" fs="10">mm</wd>
			<wd l="1590" t="3750" r="1754" b="3828" fs="10">long,</wd>
			<wd l="1784" t="3749" r="2204" b="3810" fs="10">indumentum</wd>
		</ln>
		<ln lx="637" ly="3842" rx="2201" ry="3922">
			<wd l="637" t="3865" r="702" b="3906" fs="10">as</wd>
			<wd l="738" t="3864" r="820" b="3905" fs="10">on</wd>
			<wd l="851" t="3844" r="1053" b="3922" fs="10">twigs;</wd>
			<wd l="1091" t="3844" r="1316" b="3905" fs="10">lamina</wd>
			<wd l="1349" t="3843" r="1578" b="3921" fs="10">elliptic</wd>
			<wd l="1612" t="3851" r="1675" b="3903" fs="10">to</wd>
			<wd l="1743" t="3842" r="2201" b="3920" fs="10">elliptic-ovate,</wd>
		</ln>
		<ln lx="636" ly="3933" rx="2203" ry="4014">
			<wd l="636" t="3937" r="906" b="3998" fs="10">25-130</wd>
			<wd l="948" t="3955" r="1080" b="3996" fs="10">mm</wd>
			<wd l="1123" t="3935" r="1305" b="4014" fs="10">long,</wd>
			<wd l="1350" t="3936" r="1574" b="3996" fs="10">20-50</wd>
			<wd l="1617" t="3953" r="1749" b="3995" fs="10">mm</wd>
			<wd l="1790" t="3933" r="1988" b="4007" fs="10">wide,</wd>
			<wd l="2034" t="3952" r="2203" b="4012" fs="10">apex</wd>
		</ln>
		<ln lx="637" ly="4027" rx="2203" ry="4104">
			<wd l="637" t="4038" r="813" b="4090" fs="10">acute</wd>
			<wd l="848" t="4038" r="911" b="4089" fs="10">to</wd>
			<wd l="979" t="4028" r="1259" b="4088" fs="10">rounded</wd>
			<wd l="1293" t="4028" r="1444" b="4088" fs="10">with</wd>
			<wd l="1481" t="4047" r="1516" b="4087" fs="10">a</wd>
			<wd l="1548" t="4027" r="1954" b="4104" fs="10">pronounced</wd>
			<wd l="1988" t="4045" r="2203" b="4086" fs="10">muero</wd>
		</ln>
		<ln lx="638" ly="4117" rx="2207" ry="4196">
			<wd l="638" t="4120" r="782" b="4196" fs="10">(this</wd>
			<wd l="826" t="4120" r="939" b="4178" fs="10">1-2</wd>
			<wd l="974" t="4138" r="1102" b="4178" fs="10">mm</wd>
			<wd l="1137" t="4118" r="1329" b="4195" fs="10">long),</wd>
			<wd l="1365" t="4117" r="1513" b="4178" fs="10">base</wd>
			<wd l="1549" t="4117" r="1812" b="4189" fs="10">cordate,</wd>
			<wd l="1850" t="4124" r="2102" b="4177" fs="10">cuneate</wd>
			<wd l="2138" t="4135" r="2207" b="4176" fs="10">or</wd>
		</ln>
		<ln lx="636" ly="4206" rx="2203" ry="4286">
			<wd l="636" t="4210" r="964" b="4283" fs="10">rounded,</wd>
			<wd l="1076" t="4209" r="1503" b="4282" fs="10">coriaceous;</wd>
			<wd l="1612" t="4227" r="1825" b="4286" fs="10">upper</wd>
			<wd l="1934" t="4206" r="2203" b="4268" fs="10">surface</wd>
		</ln>
		<ln lx="638" ly="4299" rx="2202" ry="4380">
			<wd l="638" t="4303" r="997" b="4380" fs="10">dull-green,</wd>
			<wd l="1036" t="4302" r="1341" b="4380" fs="10">glabrous,</wd>
			<wd l="1362" t="4301" r="1582" b="4361" fs="10">midrib</wd>
			<wd l="1605" t="4299" r="1927" b="4377" fs="10">shallowly</wd>
			<wd l="1948" t="4299" r="2202" b="4371" fs="10">sunken;</wd>
		</ln>
		<ln lx="638" ly="4391" rx="2205" ry="4471">
			<wd l="638" t="4395" r="831" b="4456" fs="10">lower</wd>
			<wd l="867" t="4394" r="1109" b="4455" fs="10">surface</wd>
			<wd l="1145" t="4393" r="1285" b="4471" fs="10">pale</wd>
			<wd l="1320" t="4401" r="1443" b="4465" fs="10">tan,</wd>
			<wd l="1480" t="4392" r="1632" b="4453" fs="10">with</wd>
			<wd l="1669" t="4391" r="1856" b="4464" fs="10">short,</wd>
			<wd l="1896" t="4410" r="2106" b="4469" fs="10">sparse</wd>
			<wd l="2141" t="4398" r="2205" b="4451" fs="10">to</wd>
		</ln>
		<ln lx="639" ly="4481" rx="2204" ry="4561">
			<wd l="639" t="4486" r="870" b="4558" fs="10">dense,</wd>
			<wd l="918" t="4493" r="1099" b="4545" fs="10">erect</wd>
			<wd l="1140" t="4493" r="1208" b="4545" fs="10">to</wd>
			<wd l="1256" t="4484" r="1539" b="4561" fs="10">slightly</wd>
			<wd l="1585" t="4491" r="1912" b="4554" fs="10">antrorse,</wd>
			<wd l="1961" t="4481" r="2204" b="4559" fs="10">simple</wd>
		</ln>
		<ln lx="637" ly="4573" rx="2205" ry="4651">
			<wd l="637" t="4577" r="959" b="4638" fs="10">brownish</wd>
			<wd l="993" t="4576" r="1181" b="4648" fs="10">hairs,</wd>
			<wd l="1219" t="4575" r="1447" b="4636" fs="10">midrib</wd>
			<wd l="1483" t="4574" r="1710" b="4647" fs="10">raised,</wd>
			<wd l="1748" t="4574" r="1992" b="4651" fs="10">margin</wd>
			<wd l="2030" t="4573" r="2205" b="4634" fs="10">often</wd>
		</ln>
		<ln lx="640" ly="4664" rx="2203" ry="4747">
			<wd l="640" t="4669" r="888" b="4747" fs="10">slightly</wd>
			<wd l="920" t="4667" r="1234" b="4740" fs="10">recurved;</wd>
			<wd l="1273" t="4667" r="1479" b="4728" fs="10">lateral</wd>
			<wd l="1512" t="4666" r="1688" b="4727" fs="10">veins</wd>
			<wd l="1724" t="4666" r="1788" b="4725" fs="10">in</wd>
			<wd l="1823" t="4666" r="1986" b="4726" fs="10">7-12</wd>
			<wd l="2021" t="4664" r="2203" b="4742" fs="10">pairs,</wd>
		</ln>
		<ln lx="637" ly="4756" rx="2204" ry="4838">
			<wd l="637" t="4759" r="1040" b="4838" fs="10">prominently</wd>
			<wd l="1056" t="4758" r="1254" b="4820" fs="10">raised</wd>
			<wd l="1270" t="4758" r="1490" b="4830" fs="10">below,</wd>
			<wd l="1527" t="4757" r="1881" b="4818" fs="10">interlateral</wd>
			<wd l="1898" t="4756" r="2204" b="4817" fs="10">reticulate</wd>
		</ln>
		<ln lx="637" ly="4848" rx="2206" ry="4929">
			<wd l="637" t="4853" r="821" b="4913" fs="10">veins</wd>
			<wd l="852" t="4852" r="987" b="4929" fs="10">just</wd>
			<wd l="1023" t="4851" r="1258" b="4912" fs="10">visible</wd>
			<wd l="1296" t="4850" r="1529" b="4911" fs="10">below.</wd>
			<wd l="1571" t="4849" r="1874" b="4921" fs="10">Flowers,</wd>
			<wd l="1916" t="4848" r="2206" b="4925" fs="10">axillary,</wd>
		</ln>
		<ln lx="641" ly="4939" rx="2209" ry="5021">
			<wd l="641" t="4944" r="906" b="5021" fs="10">solitary,</wd>
			<wd l="930" t="4942" r="1236" b="5003" fs="10">collateral</wd>
			<wd l="1258" t="4942" r="1320" b="5001" fs="10">in</wd>
			<wd l="1338" t="4941" r="1519" b="5019" fs="10">pairs,</wd>
			<wd l="1543" t="4960" r="1611" b="5002" fs="10">or</wd>
			<wd l="1631" t="4941" r="1694" b="5000" fs="10">in</wd>
			<wd l="1712" t="4959" r="1983" b="5001" fs="10">racemes</wd>
			<wd l="2004" t="4939" r="2153" b="4999" fs="10">with</wd>
			<wd l="2173" t="4958" r="2209" b="4999" fs="10">a</wd>
		</ln>
		<ln lx="642" ly="5029" rx="2203" ry="5111">
			<wd l="642" t="5035" r="880" b="5096" fs="10">slender</wd>
			<wd l="904" t="5034" r="1101" b="5095" fs="10">rachis</wd>
			<wd l="1127" t="5053" r="1209" b="5111" fs="10">up</wd>
			<wd l="1235" t="5041" r="1298" b="5094" fs="10">to</wd>
			<wd l="1334" t="5034" r="1405" b="5093" fs="10">12</wd>
			<wd l="1432" t="5052" r="1560" b="5092" fs="10">mm</wd>
			<wd l="1588" t="5032" r="1754" b="5109" fs="10">long;</wd>
			<wd l="1782" t="5031" r="1979" b="5092" fs="10">bracts</wd>
			<wd l="2009" t="5029" r="2203" b="5102" fs="10">small,</wd>
		</ln>
		<ln lx="641" ly="5123" rx="2208" ry="5203">
			<wd l="641" t="5127" r="976" b="5188" fs="10">lanceolate</wd>
			<wd l="1012" t="5145" r="1080" b="5186" fs="10">or</wd>
			<wd l="1146" t="5125" r="1494" b="5203" fs="10">spine-like;</wd>
			<wd l="1530" t="5123" r="1803" b="5202" fs="10">pedicels</wd>
			<wd l="1847" t="5124" r="2044" b="5183" fs="10">17-28</wd>
			<wd l="2080" t="5141" r="2208" b="5181" fs="10">mm</wd>
		</ln>
		<ln lx="641" ly="5215" rx="2205" ry="5296">
			<wd l="641" t="5219" r="805" b="5296" fs="10">long,</wd>
			<wd l="834" t="5238" r="885" b="5279" fs="10">c.</wd>
			<wd l="923" t="5219" r="945" b="5278" fs="10">1</wd>
			<wd l="979" t="5237" r="1106" b="5278" fs="10">mm</wd>
			<wd l="1133" t="5216" r="1439" b="5289" fs="10">diameter,</wd>
			<wd l="1467" t="5215" r="1616" b="5277" fs="10">with</wd>
			<wd l="1666" t="5234" r="1889" b="5293" fs="10">sparse,</wd>
			<wd l="1919" t="5222" r="2205" b="5286" fs="10">antrorse,</wd>
		</ln>
		<ln lx="642" ly="5305" rx="2204" ry="5387">
			<wd l="642" t="5310" r="879" b="5387" fs="10">simple,</wd>
			<wd l="914" t="5308" r="1228" b="5369" fs="10">brownish</wd>
			<wd l="1260" t="5308" r="1443" b="5380" fs="10">hairs;</wd>
			<wd l="1482" t="5307" r="1700" b="5367" fs="10">flower</wd>
			<wd l="1732" t="5306" r="1889" b="5367" fs="10">buds</wd>
			<wd l="1925" t="5305" r="2204" b="5383" fs="10">globose,</wd>
		</ln>
		<ln lx="642" ly="5397" rx="2209" ry="5479">
			<wd l="642" t="5401" r="881" b="5479" fs="10">shortly</wd>
			<wd l="917" t="5400" r="1199" b="5479" fs="10">pointed,</wd>
			<wd l="1241" t="5399" r="1515" b="5472" fs="10">smooth;</wd>
			<wd l="1557" t="5407" r="1735" b="5460" fs="10">outer</wd>
			<wd l="1773" t="5398" r="1982" b="5476" fs="10">sepals</wd>
			<wd l="2022" t="5397" r="2209" b="5458" fs="10">fused</wd>
		</ln>
		<ln lx="641" ly="5489" rx="2204" ry="5567">
			<wd l="641" t="5494" r="702" b="5553" fs="10">in</wd>
			<wd l="730" t="5493" r="868" b="5566" fs="10">bud,</wd>
			<wd l="912" t="5502" r="956" b="5546" fs="10">±</wd>
			<wd l="987" t="5501" r="1176" b="5565" fs="10">ovate,</wd>
			<wd l="1220" t="5501" r="1264" b="5546" fs="10">±</wd>
			<wd l="1327" t="5491" r="1644" b="5563" fs="10">cuculiate,</wd>
			<wd l="1682" t="5492" r="1837" b="5551" fs="10">7-11</wd>
			<wd l="1878" t="5509" r="2006" b="5550" fs="10">mm</wd>
			<wd l="2040" t="5489" r="2204" b="5567" fs="10">long,</wd>
		</ln>
	</region>
	<region article-doi="10.2307/41729925" region-id="2">
		<rc l="2334" t="849" r="3870" b="5554"/>
		<ln lx="2343" ly="854" rx="3854" ry="931">
			<wd l="2343" t="856" r="2499" b="916" fs="10">8-11</wd>
			<wd l="2542" t="874" r="2671" b="915" fs="10">mm</wd>
			<wd l="2705" t="854" r="2889" b="927" fs="10">wide,</wd>
			<wd l="2928" t="854" r="3309" b="927" fs="10">coriaceous,</wd>
			<wd l="3346" t="854" r="3647" b="931" fs="10">minutely</wd>
			<wd l="3681" t="854" r="3854" b="931" fs="10">hairy</wd>
		</ln>
		<ln lx="2341" ly="946" rx="3848" ry="1024">
			<wd l="2341" t="947" r="2695" b="1024" fs="10">externally;</wd>
			<wd l="2717" t="947" r="2889" b="1007" fs="10">inner</wd>
			<wd l="2909" t="946" r="3109" b="1024" fs="10">sepals</wd>
			<wd l="3131" t="946" r="3276" b="1019" fs="10">free,</wd>
			<wd l="3297" t="946" r="3848" b="1018" fs="10">narrow-obovate,</wd>
		</ln>
		<ln lx="2340" ly="1038" rx="3850" ry="1116">
			<wd l="2340" t="1048" r="2385" b="1093" fs="10">±</wd>
			<wd l="2409" t="1039" r="2720" b="1111" fs="10">flattened,</wd>
			<wd l="2751" t="1040" r="2913" b="1099" fs="10">8-12</wd>
			<wd l="2960" t="1058" r="3088" b="1098" fs="10">mm</wd>
			<wd l="3114" t="1038" r="3280" b="1116" fs="10">long,</wd>
			<wd l="3307" t="1040" r="3491" b="1099" fs="10">4-6.5</wd>
			<wd l="3519" t="1057" r="3647" b="1098" fs="10">mm</wd>
			<wd l="3670" t="1038" r="3850" b="1110" fs="10">wide,</wd>
		</ln>
		<ln lx="2340" ly="1129" rx="3851" ry="1209">
			<wd l="2340" t="1131" r="2665" b="1209" fs="10">glabrous</wd>
			<wd l="2728" t="1150" r="2802" b="1191" fs="10">or</wd>
			<wd l="2859" t="1130" r="3195" b="1208" fs="10">minutely</wd>
			<wd l="3255" t="1130" r="3385" b="1191" fs="10">and</wd>
			<wd l="3445" t="1129" r="3851" b="1208" fs="10">irregularly</wd>
		</ln>
		<ln lx="2339" ly="1222" rx="3853" ry="1302">
			<wd l="2339" t="1223" r="2716" b="1302" fs="10">marginally</wd>
			<wd l="2755" t="1223" r="2986" b="1296" fs="10">ciliate,</wd>
			<wd l="3029" t="1223" r="3378" b="1284" fs="10">somewhat</wd>
			<wd l="3412" t="1222" r="3752" b="1284" fs="10">thickened</wd>
			<wd l="3789" t="1222" r="3853" b="1282" fs="10">in</wd>
		</ln>
		<ln lx="2339" ly="1315" rx="3852" ry="1395">
			<wd l="2339" t="1316" r="2592" b="1390" fs="10">middle;</wd>
			<wd l="2625" t="1316" r="2820" b="1395" fs="10">petals</wd>
			<wd l="2850" t="1315" r="3109" b="1394" fs="10">broadly</wd>
			<wd l="3168" t="1315" r="3452" b="1389" fs="10">obovate,</wd>
			<wd l="3494" t="1317" r="3690" b="1376" fs="10">15-25</wd>
			<wd l="3724" t="1334" r="3852" b="1376" fs="10">mm</wd>
		</ln>
		<ln lx="2342" ly="1407" rx="3850" ry="1486">
			<wd l="2342" t="1409" r="2507" b="1486" fs="10">long,</wd>
			<wd l="2531" t="1410" r="2694" b="1469" fs="10">7-10</wd>
			<wd l="2714" t="1427" r="2842" b="1468" fs="10">mm</wd>
			<wd l="2860" t="1408" r="3041" b="1481" fs="10">wide,</wd>
			<wd l="3064" t="1408" r="3392" b="1480" fs="10">flabellate,</wd>
			<wd l="3415" t="1427" r="3642" b="1468" fs="10">cream-</wd>
			<wd l="3647" t="1407" r="3850" b="1479" fs="10">white,</wd>
		</ln>
		<ln lx="2342" ly="1498" rx="3854" ry="1579">
			<wd l="2342" t="1500" r="2579" b="1579" fs="10">loosely</wd>
			<wd l="2595" t="1500" r="2766" b="1578" fs="10">hairy</wd>
			<wd l="2784" t="1499" r="2980" b="1561" fs="10">inside</wd>
			<wd l="3000" t="1500" r="3096" b="1560" fs="10">for</wd>
			<wd l="3113" t="1499" r="3298" b="1560" fs="10">entire</wd>
			<wd l="3319" t="1499" r="3525" b="1577" fs="10">length</wd>
			<wd l="3543" t="1518" r="3610" b="1560" fs="10">or</wd>
			<wd l="3626" t="1498" r="3854" b="1577" fs="10">mainly</wd>
		</ln>
		<ln lx="2341" ly="1591" rx="3852" ry="1670">
			<wd l="2341" t="1593" r="2404" b="1653" fs="10">in</wd>
			<wd l="2429" t="1593" r="2619" b="1654" fs="10">lower</wd>
			<wd l="2639" t="1592" r="2789" b="1665" fs="10">half,</wd>
			<wd l="2834" t="1592" r="3073" b="1670" fs="10">margin</wd>
			<wd l="3098" t="1592" r="3437" b="1653" fs="10">somewhat</wd>
			<wd l="3460" t="1592" r="3765" b="1652" fs="10">fimbriate</wd>
			<wd l="3789" t="1591" r="3852" b="1651" fs="10">in</wd>
		</ln>
		<ln lx="2339" ly="1684" rx="3852" ry="1762">
			<wd l="2339" t="1704" r="2533" b="1762" fs="10">upper</wd>
			<wd l="2554" t="1684" r="2705" b="1757" fs="10">half;</wd>
			<wd l="2734" t="1692" r="3000" b="1745" fs="10">stamens</wd>
			<wd l="3029" t="1685" r="3296" b="1756" fs="10">80-100,</wd>
			<wd l="3324" t="1684" r="3564" b="1744" fs="10">anthers</wd>
			<wd l="3588" t="1702" r="3852" b="1744" fs="10">narrow-</wd>
		</ln>
		<ln lx="2341" ly="1775" rx="3850" ry="1855">
			<wd l="2341" t="1777" r="2592" b="1855" fs="10">oblong,</wd>
			<wd l="2638" t="1777" r="2880" b="1838" fs="10">1.5-1.6</wd>
			<wd l="2915" t="1796" r="3043" b="1836" fs="10">mm</wd>
			<wd l="3079" t="1776" r="3245" b="1854" fs="10">long,</wd>
			<wd l="3282" t="1796" r="3333" b="1837" fs="10">c.</wd>
			<wd l="3374" t="1777" r="3470" b="1837" fs="10">0.5</wd>
			<wd l="3509" t="1795" r="3636" b="1836" fs="10">mm</wd>
			<wd l="3670" t="1775" r="3850" b="1848" fs="10">wide,</wd>
		</ln>
		<ln lx="2342" ly="1868" rx="3850" ry="1945">
			<wd l="2342" t="1889" r="2562" b="1942" fs="10">cream,</wd>
			<wd l="2598" t="1869" r="2907" b="1929" fs="10">filaments</wd>
			<wd l="2971" t="1868" r="3249" b="1941" fs="10">filiform,</wd>
			<wd l="3292" t="1870" r="3488" b="1929" fs="10">13-15</wd>
			<wd l="3524" t="1887" r="3652" b="1927" fs="10">mm</wd>
			<wd l="3685" t="1868" r="3850" b="1945" fs="10">long,</wd>
		</ln>
		<ln lx="2342" ly="1959" rx="3852" ry="2039">
			<wd l="2342" t="1980" r="2564" b="2034" fs="10">cream;</wd>
			<wd l="2591" t="1960" r="2951" b="2039" fs="10">gynophore</wd>
			<wd l="2976" t="1960" r="3255" b="2033" fs="10">filiform,</wd>
			<wd l="3289" t="1961" r="3488" b="2021" fs="10">10-17</wd>
			<wd l="3513" t="1979" r="3641" b="2019" fs="10">mm</wd>
			<wd l="3687" t="1959" r="3852" b="2037" fs="10">long,</wd>
		</ln>
		<ln lx="2342" ly="2052" rx="3852" ry="2130">
			<wd l="2342" t="2073" r="2393" b="2114" fs="10">c.</wd>
			<wd l="2429" t="2054" r="2526" b="2114" fs="10">0.5</wd>
			<wd l="2561" t="2072" r="2690" b="2113" fs="10">mm</wd>
			<wd l="2721" t="2052" r="3031" b="2126" fs="10">diameter,</wd>
			<wd l="3066" t="2072" r="3287" b="2125" fs="10">cream,</wd>
			<wd l="3321" t="2052" r="3629" b="2130" fs="10">glabrous,</wd>
			<wd l="3664" t="2071" r="3852" b="2129" fs="10">ovary</wd>
		</ln>
		<ln lx="2342" ly="2144" rx="3852" ry="2223">
			<wd l="2342" t="2146" r="2550" b="2219" fs="10">ovoid,</wd>
			<wd l="2581" t="2147" r="2699" b="2206" fs="10">2-3</wd>
			<wd l="2731" t="2165" r="2860" b="2205" fs="10">mm</wd>
			<wd l="2912" t="2145" r="3078" b="2223" fs="10">long,</wd>
			<wd l="3117" t="2146" r="3360" b="2205" fs="10">1.8-2.0</wd>
			<wd l="3387" t="2164" r="3515" b="2205" fs="10">mm</wd>
			<wd l="3543" t="2144" r="3852" b="2217" fs="10">diameter,</wd>
		</ln>
		<ln lx="2341" ly="2236" rx="3855" ry="2317">
			<wd l="2341" t="2238" r="2650" b="2317" fs="10">glabrous,</wd>
			<wd l="2679" t="2257" r="2884" b="2316" fs="10">green,</wd>
			<wd l="2915" t="2237" r="3137" b="2316" fs="10">stigma</wd>
			<wd l="3162" t="2237" r="3662" b="2315" fs="10">inconspicuous.</wd>
			<wd l="3692" t="2236" r="3855" b="2297" fs="10">Fruit</wd>
		</ln>
		<ln lx="2342" ly="2329" rx="3850" ry="2408">
			<wd l="2342" t="2350" r="2423" b="2391" fs="10">on</wd>
			<wd l="2441" t="2350" r="2477" b="2391" fs="10">a</wd>
			<wd l="2494" t="2330" r="2645" b="2408" fs="10">stipe</wd>
			<wd l="2672" t="2331" r="2865" b="2391" fs="10">10-15</wd>
			<wd l="2886" t="2349" r="3014" b="2390" fs="10">mm</wd>
			<wd l="3033" t="2330" r="3195" b="2407" fs="10">long,</wd>
			<wd l="3216" t="2329" r="3490" b="2407" fs="10">globose,</wd>
			<wd l="3510" t="2329" r="3850" b="2401" fs="10">incrassate,</wd>
		</ln>
		<ln lx="2342" ly="2421" rx="3854" ry="2499">
			<wd l="2342" t="2424" r="2557" b="2484" fs="10">35-40</wd>
			<wd l="2596" t="2442" r="2726" b="2483" fs="10">mm</wd>
			<wd l="2765" t="2422" r="3092" b="2495" fs="10">diameter;</wd>
			<wd l="3135" t="2422" r="3320" b="2483" fs="10">seeds</wd>
			<wd l="3361" t="2441" r="3414" b="2483" fs="10">c.</wd>
			<wd l="3459" t="2424" r="3491" b="2482" fs="10">5</wd>
			<wd l="3533" t="2441" r="3663" b="2481" fs="10">mm</wd>
			<wd l="3702" t="2421" r="3854" b="2499" fs="10">long</wd>
		</ln>
		<ln lx="2342" ly="2514" rx="3453" ry="2593">
			<wd l="2342" t="2515" r="2737" b="2593" fs="10">(immature).</wd>
			<wd l="2760" t="2517" r="2960" b="2592" fs="10">Hairy</wd>
			<wd l="2983" t="2536" r="3186" b="2593" fs="10">caper.</wd>
			<wd l="3240" t="2514" r="3368" b="2592" fs="10">Fig.</wd>
			<wd l="3405" t="2516" r="3453" b="2575" fs="10">1.</wd>
		</ln>
		<ln lx="2339" ly="2678" rx="3849" ry="2740">
			<wd l="2339" t="2679" r="2575" b="2728" fs="10">Selected</wd>
			<wd l="2586" t="2679" r="2874" b="2728" fs="10">additional</wd>
			<wd l="2883" t="2679" r="3172" b="2740" fs="10">specimens</wd>
			<wd l="3187" t="2678" r="3460" b="2727" fs="10">examined</wd>
			<wd l="3460" t="2693" r="3471" b="2726" fs="10">:</wd>
			<wd l="3493" t="2678" r="3849" b="2737" fs="10">Queensland.</wd>
		</ln>
		<ln lx="2341" ly="2752" rx="3850" ry="2811">
			<wd l="2341" t="2756" r="2473" b="2803" fs="10">Port</wd>
			<wd l="2491" t="2755" r="2670" b="2803" fs="10">Curtis</wd>
			<wd l="2688" t="2755" r="2932" b="2803" fs="10">District:</wd>
			<wd l="2954" t="2754" r="3033" b="2802" fs="10">2.5</wd>
			<wd l="3054" t="2753" r="3138" b="2802" fs="10">km</wd>
			<wd l="3152" t="2755" r="3202" b="2801" fs="10">N</wd>
			<wd l="3220" t="2753" r="3283" b="2802" fs="10">of</wd>
			<wd l="3293" t="2752" r="3557" b="2802" fs="10">Glassford</wd>
			<wd l="3574" t="2752" r="3715" b="2811" fs="10">Vale,</wd>
			<wd l="3735" t="2753" r="3850" b="2801" fs="10">T.R.</wd>
		</ln>
		<ln lx="2343" ly="2828" rx="3850" ry="2890">
			<wd l="2343" t="2830" r="2455" b="2888" fs="10">353,</wd>
			<wd l="2472" t="2830" r="2706" b="2887" fs="10">24°34'S,</wd>
			<wd l="2729" t="2829" r="2994" b="2887" fs="10">151°18'E,</wd>
			<wd l="3013" t="2829" r="3108" b="2890" fs="10">Sep</wd>
			<wd l="3131" t="2829" r="3272" b="2887" fs="10">1989,</wd>
			<wd l="3290" t="2830" r="3492" b="2876" fs="10">Forster</wd>
			<wd l="3508" t="2828" r="3638" b="2876" fs="10">5678</wd>
			<wd l="3656" t="2828" r="3850" b="2876" fs="10"><![CDATA[&Bean]]></wd>
		</ln>
		<ln lx="2342" ly="2903" rx="3856" ry="2967">
			<wd l="2342" t="2905" r="2515" b="2967" fs="10">(BRI);</wd>
			<wd l="2543" t="2905" r="2645" b="2954" fs="10">S.F.</wd>
			<wd l="2670" t="2905" r="2786" b="2963" fs="10">471,</wd>
			<wd l="2810" t="2906" r="2889" b="2953" fs="10">Mt</wd>
			<wd l="2911" t="2904" r="3171" b="2962" fs="10">Coulston,</wd>
			<wd l="3197" t="2904" r="3434" b="2962" fs="10">24°11'S,</wd>
			<wd l="3465" t="2904" r="3734" b="2962" fs="10">151°26'E,</wd>
			<wd l="3760" t="2903" r="3856" b="2952" fs="10">Oct</wd>
		</ln>
		<ln lx="2348" ly="2979" rx="3851" ry="3041">
			<wd l="2348" t="2981" r="2485" b="3040" fs="10">1989,</wd>
			<wd l="2518" t="2982" r="2725" b="3029" fs="10">Forster</wd>
			<wd l="2751" t="2981" r="2879" b="3029" fs="10">5810</wd>
			<wd l="2906" t="2981" r="2954" b="3029" fs="10"><![CDATA[&]]></wd>
			<wd l="2987" t="2981" r="3126" b="3028" fs="10">Bean</wd>
			<wd l="3155" t="2980" r="3328" b="3041" fs="10">(BRI);</wd>
			<wd l="3357" t="2979" r="3686" b="3041" fs="10">Resumption</wd>
			<wd l="3713" t="2980" r="3851" b="3037" fs="10">L.A.,</wd>
		</ln>
		<ln lx="2344" ly="3054" rx="3852" ry="3114">
			<wd l="2344" t="3057" r="2453" b="3105" fs="10">S.F.</wd>
			<wd l="2490" t="3057" r="2586" b="3104" fs="10">391</wd>
			<wd l="2625" t="3055" r="2900" b="3114" fs="10">Bulburin,</wd>
			<wd l="2935" t="3055" r="3188" b="3113" fs="10">24°32'S,</wd>
			<wd l="3229" t="3055" r="3516" b="3113" fs="10">151°28'E,</wd>
			<wd l="3549" t="3056" r="3660" b="3103" fs="10">Dec</wd>
			<wd l="3700" t="3054" r="3852" b="3112" fs="10">1993,</wd>
		</ln>
		<ln lx="2339" ly="3129" rx="3855" ry="3192">
			<wd l="2339" t="3133" r="2546" b="3180" fs="10">Forster</wd>
			<wd l="2573" t="3132" r="2734" b="3180" fs="10">14542</wd>
			<wd l="2759" t="3138" r="2806" b="3180" fs="10">et</wd>
			<wd l="2828" t="3131" r="2884" b="3180" fs="10">al.</wd>
			<wd l="2915" t="3131" r="3088" b="3192" fs="10">(BRI);</wd>
			<wd l="3116" t="3131" r="3253" b="3180" fs="10">Scott</wd>
			<wd l="3274" t="3130" r="3433" b="3189" fs="10">Road,</wd>
			<wd l="3457" t="3131" r="3487" b="3178" fs="10">4</wd>
			<wd l="3511" t="3130" r="3595" b="3178" fs="10">km</wd>
			<wd l="3619" t="3129" r="3748" b="3178" fs="10">from</wd>
			<wd l="3771" t="3129" r="3855" b="3178" fs="10">old</wd>
		</ln>
		<ln lx="2341" ly="3205" rx="3855" ry="3268">
			<wd l="2341" t="3207" r="2571" b="3256" fs="10">barracks</wd>
			<wd l="2596" t="3207" r="2702" b="3266" fs="10">site,</wd>
			<wd l="2725" t="3208" r="2902" b="3268" fs="10">Boyne</wd>
			<wd l="2923" t="3207" r="3062" b="3265" fs="10">L.A.,</wd>
			<wd l="3087" t="3207" r="3190" b="3255" fs="10">S.F.</wd>
			<wd l="3216" t="3206" r="3307" b="3254" fs="10">391</wd>
			<wd l="3336" t="3205" r="3594" b="3264" fs="10">Bulburin,</wd>
			<wd l="3618" t="3205" r="3855" b="3263" fs="10">24°32'S,</wd>
		</ln>
		<ln lx="2349" ly="3281" rx="3851" ry="3343">
			<wd l="2349" t="3283" r="2615" b="3342" fs="10">151°29'E,</wd>
			<wd l="2643" t="3284" r="2749" b="3331" fs="10">Dec</wd>
			<wd l="2783" t="3282" r="2925" b="3341" fs="10">1993,</wd>
			<wd l="2958" t="3283" r="3165" b="3330" fs="10">Forster</wd>
			<wd l="3197" t="3282" r="3357" b="3330" fs="10">14566</wd>
			<wd l="3387" t="3281" r="3560" b="3343" fs="10">(BRI);</wd>
			<wd l="3590" t="3282" r="3705" b="3330" fs="10">T.R.</wd>
			<wd l="3742" t="3281" r="3851" b="3339" fs="10">115,</wd>
		</ln>
		<ln lx="2342" ly="3357" rx="3855" ry="3417">
			<wd l="2342" t="3360" r="2419" b="3408" fs="10">Mt</wd>
			<wd l="2434" t="3358" r="2688" b="3417" fs="10">Coulston,</wd>
			<wd l="2705" t="3359" r="2734" b="3406" fs="10">9</wd>
			<wd l="2749" t="3358" r="2833" b="3406" fs="10">km</wd>
			<wd l="2844" t="3359" r="3005" b="3407" fs="10">NNW</wd>
			<wd l="3020" t="3357" r="3082" b="3407" fs="10">of</wd>
			<wd l="3087" t="3359" r="3320" b="3416" fs="10">Bororen,</wd>
			<wd l="3337" t="3358" r="3426" b="3405" fs="10">24°</wd>
			<wd l="3436" t="3357" r="3569" b="3416" fs="10">II'S,</wd>
			<wd l="3592" t="3357" r="3676" b="3405" fs="10">151</wd>
			<wd l="3688" t="3357" r="3855" b="3414" fs="10">°26'E,</wd>
		</ln>
		<ln lx="2345" ly="3432" rx="3853" ry="3497">
			<wd l="2345" t="3435" r="2441" b="3497" fs="10">Sep</wd>
			<wd l="2469" t="3435" r="2612" b="3493" fs="10">1989,</wd>
			<wd l="2638" t="3434" r="2830" b="3483" fs="10">Gibson</wd>
			<wd l="2852" t="3434" r="3064" b="3482" fs="10">TOI814</wd>
			<wd l="3106" t="3433" r="3255" b="3494" fs="10">(BRI,</wd>
			<wd l="3277" t="3433" r="3356" b="3494" fs="10">L);</wd>
			<wd l="3383" t="3433" r="3485" b="3482" fs="10">S.F.</wd>
			<wd l="3510" t="3433" r="3574" b="3481" fs="10">67</wd>
			<wd l="3596" t="3432" r="3853" b="3490" fs="10">Bulburin,</wd>
		</ln>
		<ln lx="2343" ly="3508" rx="3852" ry="3570">
			<wd l="2343" t="3510" r="2418" b="3560" fs="10">Jul</wd>
			<wd l="2451" t="3510" r="2591" b="3569" fs="10">1978,</wd>
			<wd l="2626" t="3509" r="2923" b="3558" fs="10">McDonald</wd>
			<wd l="2944" t="3509" r="3074" b="3558" fs="10">2369</wd>
			<wd l="3101" t="3509" r="3150" b="3558" fs="10"><![CDATA[&]]></wd>
			<wd l="3185" t="3509" r="3392" b="3558" fs="10">Stanton</wd>
			<wd l="3447" t="3508" r="3620" b="3570" fs="10">(BRI);</wd>
			<wd l="3654" t="3508" r="3756" b="3557" fs="10">S.F.</wd>
			<wd l="3789" t="3508" r="3852" b="3556" fs="10">67</wd>
		</ln>
		<ln lx="2342" ly="3584" rx="3854" ry="3646">
			<wd l="2342" t="3585" r="2632" b="3643" fs="10">Bulburin,</wd>
			<wd l="2670" t="3585" r="2907" b="3646" fs="10">vicinity</wd>
			<wd l="2945" t="3585" r="3011" b="3633" fs="10">of</wd>
			<wd l="3039" t="3586" r="3229" b="3633" fs="10">Forest</wd>
			<wd l="3267" t="3584" r="3501" b="3642" fs="10">Station,</wd>
			<wd l="3538" t="3585" r="3652" b="3645" fs="10">Apr</wd>
			<wd l="3694" t="3584" r="3854" b="3640" fs="10">1980,</wd>
		</ln>
		<ln lx="2341" ly="3657" rx="3854" ry="3720">
			<wd l="2341" t="3660" r="2638" b="3708" fs="10">McDonald</wd>
			<wd l="2653" t="3660" r="2782" b="3708" fs="10">3223</wd>
			<wd l="2807" t="3665" r="2855" b="3708" fs="10">et</wd>
			<wd l="2874" t="3659" r="2930" b="3708" fs="10">al.</wd>
			<wd l="2958" t="3659" r="3131" b="3720" fs="10">(BRI);</wd>
			<wd l="3156" t="3659" r="3258" b="3707" fs="10">S.F.</wd>
			<wd l="3283" t="3659" r="3346" b="3706" fs="10">67</wd>
			<wd l="3368" t="3658" r="3625" b="3716" fs="10">Bulburin,</wd>
			<wd l="3647" t="3657" r="3854" b="3719" fs="10">vicinity</wd>
		</ln>
		<ln lx="2344" ly="3732" rx="3845" ry="3797">
			<wd l="2344" t="3735" r="2406" b="3785" fs="10">of</wd>
			<wd l="2451" t="3737" r="2622" b="3785" fs="10">Forest</wd>
			<wd l="2677" t="3734" r="2881" b="3793" fs="10">Station,</wd>
			<wd l="2910" t="3736" r="3016" b="3797" fs="10">Apr</wd>
			<wd l="3050" t="3734" r="3193" b="3793" fs="10">1980,</wd>
			<wd l="3228" t="3733" r="3526" b="3782" fs="10">McDonald</wd>
			<wd l="3550" t="3733" r="3683" b="3782" fs="10">3224</wd>
			<wd l="3714" t="3739" r="3761" b="3782" fs="10">et</wd>
			<wd l="3790" t="3732" r="3845" b="3782" fs="10">al.</wd>
		</ln>
		<ln lx="2344" ly="3809" rx="3857" ry="3873">
			<wd l="2344" t="3812" r="2516" b="3873" fs="10">(BRI);</wd>
			<wd l="2536" t="3812" r="2638" b="3861" fs="10">S.F.</wd>
			<wd l="2658" t="3811" r="2749" b="3859" fs="10">391</wd>
			<wd l="2771" t="3810" r="3028" b="3869" fs="10">Bulburin,</wd>
			<wd l="3045" t="3809" r="3251" b="3872" fs="10">vicinity</wd>
			<wd l="3267" t="3809" r="3330" b="3859" fs="10">of</wd>
			<wd l="3336" t="3811" r="3506" b="3859" fs="10">Forest</wd>
			<wd l="3523" t="3809" r="3726" b="3867" fs="10">Station,</wd>
			<wd l="3741" t="3810" r="3857" b="3858" fs="10">Nov</wd>
		</ln>
		<ln lx="2350" ly="3885" rx="3855" ry="3947">
			<wd l="2350" t="3887" r="2492" b="3945" fs="10">1981,</wd>
			<wd l="2515" t="3886" r="2811" b="3935" fs="10">McDonald</wd>
			<wd l="2828" t="3886" r="2957" b="3934" fs="10">3425</wd>
			<wd l="2983" t="3886" r="3153" b="3947" fs="10">(BRI).</wd>
			<wd l="3180" t="3887" r="3320" b="3933" fs="10">Wide</wd>
			<wd l="3340" t="3887" r="3453" b="3933" fs="10">Bay</wd>
			<wd l="3474" t="3886" r="3718" b="3932" fs="10">District:</wd>
			<wd l="3742" t="3885" r="3855" b="3932" fs="10">NW</wd>
		</ln>
		<ln lx="2345" ly="3960" rx="3858" ry="4025">
			<wd l="2345" t="3962" r="2509" b="4025" fs="10">slopes</wd>
			<wd l="2525" t="3961" r="2586" b="4012" fs="10">of</wd>
			<wd l="2591" t="3963" r="2669" b="4011" fs="10">Mt</wd>
			<wd l="2684" t="3961" r="3026" b="4024" fs="10">Glastonbury,</wd>
			<wd l="3043" t="3961" r="3276" b="4020" fs="10">26°14'S,</wd>
			<wd l="3299" t="3961" r="3563" b="4019" fs="10">152°27'E,</wd>
			<wd l="3590" t="3961" r="3696" b="4009" fs="10">Dec</wd>
			<wd l="3718" t="3960" r="3858" b="4018" fs="10">1991,</wd>
		</ln>
		<ln lx="2341" ly="4036" rx="3855" ry="4097">
			<wd l="2341" t="4040" r="2548" b="4085" fs="10">Forster</wd>
			<wd l="2564" t="4038" r="2698" b="4085" fs="10">9274</wd>
			<wd l="2717" t="4038" r="2765" b="4085" fs="10"><![CDATA[&]]></wd>
			<wd l="2779" t="4037" r="2973" b="4097" fs="10">Sharpe</wd>
			<wd l="2989" t="4037" r="3162" b="4096" fs="10">(BRI);</wd>
			<wd l="3181" t="4036" r="3403" b="4096" fs="10">Fireclay</wd>
			<wd l="3423" t="4036" r="3593" b="4092" fs="10">Scrub,</wd>
			<wd l="3613" t="4037" r="3855" b="4083" fs="10">Wrattens</wd>
		</ln>
		<ln lx="2346" ly="4108" rx="3855" ry="4171">
			<wd l="2346" t="4112" r="2467" b="4169" fs="10">S.F.,</wd>
			<wd l="2498" t="4112" r="2600" b="4159" fs="10">S.F.</wd>
			<wd l="2630" t="4111" r="2728" b="4158" fs="10">639</wd>
			<wd l="2757" t="4110" r="2981" b="4171" fs="10">Widgee,</wd>
			<wd l="3009" t="4110" r="3247" b="4167" fs="10">26°15'S,</wd>
			<wd l="3282" t="4109" r="3551" b="4166" fs="10">152°19'E,</wd>
			<wd l="3579" t="4108" r="3678" b="4156" fs="10">Feb</wd>
			<wd l="3712" t="4108" r="3855" b="4165" fs="10">1988,</wd>
		</ln>
		<ln lx="2342" ly="4182" rx="3854" ry="4245">
			<wd l="2342" t="4185" r="2668" b="4234" fs="10">McDonald</wd>
			<wd l="2699" t="4185" r="2845" b="4233" fs="10">4162</wd>
			<wd l="2885" t="4184" r="3050" b="4245" fs="10">(BRI,</wd>
			<wd l="3087" t="4184" r="3294" b="4245" fs="10">NSW);</wd>
			<wd l="3333" t="4183" r="3514" b="4241" fs="10">Imbil,</wd>
			<wd l="3553" t="4184" r="3650" b="4231" fs="10">Jan</wd>
			<wd l="3694" t="4182" r="3854" b="4240" fs="10">1918,</wd>
		</ln>
		<ln lx="2351" ly="4258" rx="3855" ry="4321">
			<wd l="2351" t="4260" r="2712" b="4309" fs="10">Weatherhead</wd>
			<wd l="2726" t="4260" r="2818" b="4308" fs="10">381</wd>
			<wd l="2845" t="4259" r="3016" b="4321" fs="10">(BRI).</wd>
			<wd l="3036" t="4261" r="3263" b="4307" fs="10">Darling</wd>
			<wd l="3282" t="4260" r="3470" b="4307" fs="10">Downs</wd>
			<wd l="3488" t="4260" r="3732" b="4306" fs="10">District:</wd>
			<wd l="3758" t="4258" r="3855" b="4306" fs="10">SW</wd>
		</ln>
		<ln lx="2347" ly="4333" rx="3857" ry="4397">
			<wd l="2347" t="4336" r="2487" b="4397" fs="10">slope</wd>
			<wd l="2515" t="4335" r="2577" b="4384" fs="10">of</wd>
			<wd l="2598" t="4335" r="2817" b="4384" fs="10">Wilsons</wd>
			<wd l="2844" t="4334" r="2991" b="4392" fs="10">Peak,</wd>
			<wd l="3020" t="4334" r="3258" b="4392" fs="10">28°15'S,</wd>
			<wd l="3294" t="4334" r="3563" b="4391" fs="10">152°29'E,</wd>
			<wd l="3592" t="4334" r="3681" b="4381" fs="10">Jan</wd>
			<wd l="3714" t="4333" r="3857" b="4390" fs="10">1990,</wd>
		</ln>
		<ln lx="2342" ly="4407" rx="3855" ry="4470">
			<wd l="2342" t="4412" r="2549" b="4459" fs="10">Forster</wd>
			<wd l="2572" t="4411" r="2705" b="4458" fs="10">6220</wd>
			<wd l="2731" t="4416" r="2778" b="4458" fs="10">et</wd>
			<wd l="2803" t="4409" r="2863" b="4458" fs="10">al.</wd>
			<wd l="2891" t="4409" r="3064" b="4470" fs="10">(BRI);</wd>
			<wd l="3092" t="4408" r="3339" b="4457" fs="10">Warwick</wd>
			<wd l="3363" t="4408" r="3566" b="4466" fs="10">district,</wd>
			<wd l="3593" t="4409" r="3681" b="4456" fs="10">Jan</wd>
			<wd l="3712" t="4407" r="3855" b="4465" fs="10">1919,</wd>
		</ln>
		<ln lx="2344" ly="4481" rx="3854" ry="4546">
			<wd l="2344" t="4487" r="2525" b="4533" fs="10">Moore</wd>
			<wd l="2550" t="4486" r="2577" b="4533" fs="10">8</wd>
			<wd l="2604" t="4485" r="2772" b="4546" fs="10">(BRI).</wd>
			<wd l="2803" t="4486" r="3055" b="4532" fs="10">Moreton</wd>
			<wd l="3078" t="4485" r="3322" b="4531" fs="10">District:</wd>
			<wd l="3350" t="4483" r="3506" b="4531" fs="10">Three</wd>
			<wd l="3530" t="4482" r="3656" b="4530" fs="10">Mile</wd>
			<wd l="3684" t="4481" r="3854" b="4539" fs="10">Scrub,</wd>
		</ln>
		<ln lx="2342" ly="4556" rx="3853" ry="4619">
			<wd l="2342" t="4559" r="2692" b="4617" fs="10">Newmarket,</wd>
			<wd l="2727" t="4560" r="2820" b="4607" fs="10">Jan</wd>
			<wd l="2858" t="4559" r="3010" b="4616" fs="10">1891,</wd>
			<wd l="3049" t="4558" r="3237" b="4619" fs="10">Bailey</wd>
			<wd l="3271" t="4557" r="3632" b="4618" fs="10">[AQ028017]</wd>
			<wd l="3669" t="4556" r="3853" b="4617" fs="10">(BRI);</wd>
		</ln>
		<ln lx="2346" ly="4631" rx="3858" ry="4694">
			<wd l="2346" t="4635" r="2375" b="4683" fs="10">2</wd>
			<wd l="2392" t="4634" r="2477" b="4682" fs="10">km</wd>
			<wd l="2492" t="4636" r="2531" b="4682" fs="10">E</wd>
			<wd l="2548" t="4634" r="2610" b="4683" fs="10">of</wd>
			<wd l="2617" t="4635" r="2696" b="4682" fs="10">Mt</wd>
			<wd l="2710" t="4633" r="2968" b="4691" fs="10">Brisbane,</wd>
			<wd l="2985" t="4632" r="3167" b="4694" fs="10">Rough</wd>
			<wd l="3195" t="4633" r="3333" b="4690" fs="10">L.A.,</wd>
			<wd l="3352" t="4633" r="3467" b="4680" fs="10">T.R.</wd>
			<wd l="3486" t="4632" r="3602" b="4690" fs="10">209,</wd>
			<wd l="3620" t="4631" r="3858" b="4688" fs="10">27°06'S,</wd>
		</ln>
		<ln lx="2352" ly="4707" rx="3854" ry="4770">
			<wd l="2352" t="4710" r="2622" b="4768" fs="10">152°33'E,</wd>
			<wd l="2652" t="4710" r="2758" b="4770" fs="10">Apr</wd>
			<wd l="2792" t="4709" r="2935" b="4767" fs="10">1989,</wd>
			<wd l="2971" t="4709" r="3180" b="4756" fs="10">Forster</wd>
			<wd l="3210" t="4707" r="3342" b="4755" fs="10">5038</wd>
			<wd l="3375" t="4707" r="3526" b="4768" fs="10">(BRI,</wd>
			<wd l="3558" t="4707" r="3760" b="4764" fs="10">CANB,</wd>
			<wd l="3791" t="4707" r="3854" b="4764" fs="10">K,</wd>
		</ln>
		<ln lx="2345" ly="4781" rx="3858" ry="4845">
			<wd l="2345" t="4785" r="2526" b="4845" fs="10">MEL);</wd>
			<wd l="2545" t="4784" r="2793" b="4832" fs="10">Nineteen</wd>
			<wd l="2812" t="4784" r="2950" b="4841" fs="10">L.A.,</wd>
			<wd l="2972" t="4784" r="3087" b="4831" fs="10">T.R.</wd>
			<wd l="3110" t="4783" r="3225" b="4840" fs="10">209,</wd>
			<wd l="3246" t="4784" r="3324" b="4830" fs="10">Mt</wd>
			<wd l="3342" t="4782" r="3599" b="4839" fs="10">Brisbane,</wd>
			<wd l="3620" t="4781" r="3858" b="4838" fs="10">27°06'S,</wd>
		</ln>
		<ln lx="2353" ly="4855" rx="3855" ry="4917">
			<wd l="2353" t="4859" r="2619" b="4917" fs="10">152°32'E,</wd>
			<wd l="2648" t="4860" r="2740" b="4907" fs="10">Jun</wd>
			<wd l="2773" t="4858" r="2915" b="4916" fs="10">1990,</wd>
			<wd l="2947" t="4859" r="3153" b="4906" fs="10">Forster</wd>
			<wd l="3179" t="4857" r="3310" b="4905" fs="10">6868</wd>
			<wd l="3341" t="4863" r="3388" b="4905" fs="10">et</wd>
			<wd l="3416" t="4856" r="3471" b="4905" fs="10">al.</wd>
			<wd l="3507" t="4856" r="3655" b="4917" fs="10">(BRI,</wd>
			<wd l="3686" t="4855" r="3855" b="4916" fs="10">QRS);</wd>
		</ln>
		<ln lx="2346" ly="4931" rx="3859" ry="4995">
			<wd l="2346" t="4936" r="2425" b="4983" fs="10">Mt</wd>
			<wd l="2452" t="4933" r="2720" b="4995" fs="10">Lindesay,</wd>
			<wd l="2752" t="4933" r="2993" b="4990" fs="10">28°20'S,</wd>
			<wd l="3031" t="4932" r="3305" b="4989" fs="10">152°42'E,</wd>
			<wd l="3337" t="4932" r="3433" b="4980" fs="10">Oct</wd>
			<wd l="3468" t="4931" r="3614" b="4988" fs="10">1992,</wd>
			<wd l="3648" t="4932" r="3859" b="4978" fs="10">Forster</wd>
		</ln>
		<ln lx="2353" ly="5005" rx="3859" ry="5070">
			<wd l="2353" t="5010" r="2371" b="5057" fs="10">1</wd>
			<wd l="2382" t="5010" r="2411" b="5057" fs="10">2</wd>
			<wd l="2421" t="5010" r="2439" b="5057" fs="10">1</wd>
			<wd l="2452" t="5009" r="2512" b="5057" fs="10">83</wd>
			<wd l="2531" t="5009" r="2579" b="5057" fs="10"><![CDATA[&]]></wd>
			<wd l="2588" t="5010" r="2765" b="5070" fs="10">Leiper</wd>
			<wd l="2779" t="5008" r="2949" b="5068" fs="10">(BRI);</wd>
			<wd l="2965" t="5006" r="3187" b="5056" fs="10">Blackall</wd>
			<wd l="3202" t="5008" r="3388" b="5068" fs="10">Range,</wd>
			<wd l="3404" t="5007" r="3509" b="5067" fs="10">Apr</wd>
			<wd l="3529" t="5006" r="3670" b="5063" fs="10">1918,</wd>
			<wd l="3710" t="5005" r="3859" b="5053" fs="10">White</wd>
		</ln>
		<ln lx="2351" ly="5079" rx="3857" ry="5145">
			<wd l="2351" t="5083" r="2692" b="5145" fs="10">[AQ028016]</wd>
			<wd l="2716" t="5082" r="2887" b="5144" fs="10">(BRI).</wd>
			<wd l="2908" t="5083" r="3033" b="5131" fs="10">New</wd>
			<wd l="3056" t="5082" r="3221" b="5130" fs="10">South</wd>
			<wd l="3259" t="5082" r="3452" b="5129" fs="10">Wales.</wd>
			<wd l="3471" t="5080" r="3662" b="5129" fs="10">Acacia</wd>
			<wd l="3681" t="5079" r="3857" b="5137" fs="10">Creek,</wd>
		</ln>
		<ln lx="2346" ly="5155" rx="3694" ry="5217">
			<wd l="2346" t="5158" r="2446" b="5207" fs="10">Feb</wd>
			<wd l="2473" t="5158" r="2598" b="5206" fs="10">1905</wd>
			<wd l="2606" t="5159" r="2888" b="5216" fs="10">,Boorman</wd>
			<wd l="2910" t="5156" r="3251" b="5217" fs="10">[AQ027999]</wd>
			<wd l="3275" t="5155" r="3407" b="5217" fs="10">(BRI</wd>
			<wd l="3428" t="5170" r="3490" b="5204" fs="10">ex</wd>
			<wd l="3506" t="5155" r="3694" b="5215" fs="10">NSW).</wd>
		</ln>
		<ln lx="2366" ly="5301" rx="3861" ry="5380">
			<wd l="2366" t="5305" r="2785" b="5365" fs="10">Distribution</wd>
			<wd l="2812" t="5304" r="2946" b="5363" fs="10">and</wd>
			<wd l="2965" t="5304" r="3210" b="5363" fs="10">habitat</wd>
			<wd l="3211" t="5321" r="3226" b="5362" fs="10">:</wd>
			<wd l="3259" t="5303" r="3566" b="5380" fs="10">Capparis</wd>
			<wd l="3593" t="5301" r="3861" b="5361" fs="10">velutina</wd>
		</ln>
		<ln lx="2348" ly="5393" rx="3865" ry="5470">
			<wd l="2348" t="5396" r="2400" b="5457" fs="10">is</wd>
			<wd l="2433" t="5395" r="2712" b="5457" fs="10">endemic</wd>
			<wd l="2744" t="5404" r="2807" b="5456" fs="10">to</wd>
			<wd l="2842" t="5395" r="3286" b="5456" fs="10">south-eastern</wd>
			<wd l="3318" t="5393" r="3713" b="5470" fs="10">Queensland</wd>
			<wd l="3745" t="5393" r="3865" b="5454" fs="10">and</wd>
		</ln>
		<ln lx="2347" ly="5486" rx="3865" ry="5549">
			<wd l="2347" t="5488" r="2852" b="5549" fs="10">north-eastern</wd>
			<wd l="2905" t="5489" r="3076" b="5548" fs="10">New</wd>
			<wd l="3134" t="5486" r="3347" b="5547" fs="10">South</wd>
			<wd l="3403" t="5486" r="3630" b="5547" fs="10">Wales</wd>
			<wd l="3689" t="5486" r="3865" b="5546" fs="10">from</wd>
		</ln>
	</region>
</ocr-page>
