<?xml version="1.0" encoding="UTF-8"?>
<ocr-page type="coords" ocr-vers="1.0" creation-date="20130321" res="600" height="6300" width="4500">
	<region article-doi="10.2307/41729929" region-id="0">
		<rc l="1021" t="837" r="3423" b="1065"/>
		<ln lx="1026" ly="842" rx="3418" ry="938">
			<wd l="1026" t="844" r="1488" b="938" fs="10">Leptochloa</wd>
			<wd l="1514" t="844" r="2020" b="916" fs="10">southwoodii</wd>
			<wd l="2046" t="844" r="2448" b="934" fs="10">(Poaceae:</wd>
			<wd l="2484" t="842" r="3146" b="932" fs="10">Chloridoideae),</wd>
			<wd l="3176" t="862" r="3220" b="914" fs="10">a</wd>
			<wd l="3252" t="862" r="3418" b="912" fs="10">new</wd>
		</ln>
		<ln lx="1464" ly="964" rx="2984" ry="1060">
			<wd l="1464" t="966" r="1754" b="1060" fs="10">species</wd>
			<wd l="1784" t="966" r="1990" b="1038" fs="10">from</wd>
			<wd l="2022" t="966" r="2454" b="1038" fs="10">south-east</wd>
			<wd l="2482" t="964" r="2984" b="1052" fs="10">Queensland</wd>
		</ln>
	</region>
	<region article-doi="10.2307/41729929" region-id="1">
		<rc l="1685" t="1149" r="2763" b="1237"/>
		<ln lx="1690" ly="1154" rx="2758" ry="1232">
			<wd l="1690" t="1158" r="1826" b="1216" fs="10">Neil</wd>
			<wd l="1844" t="1154" r="2048" b="1216" fs="10">Snow1</wd>
			<wd l="2072" t="1158" r="2198" b="1216" fs="10">and</wd>
			<wd l="2214" t="1158" r="2426" b="1232" fs="10">Bryan</wd>
			<wd l="2446" t="1156" r="2524" b="1214" fs="10">K.</wd>
			<wd l="2544" t="1156" r="2758" b="1214" fs="10">Simon</wd>
		</ln>
	</region>
	<region article-doi="10.2307/41729929" region-id="2">
		<rc l="2057" t="1307" r="2395" b="1393"/>
		<ln lx="2062" ly="1312" rx="2390" ry="1388">
			<wd l="2062" t="1312" r="2390" b="1388" fs="10">Summary</wd>
		</ln>
	</region>
	<region article-doi="10.2307/41729929" region-id="3">
		<rc l="867" t="1462" r="3586" b="1840"/>
		<ln lx="875" ly="1467" rx="3581" ry="1532">
			<wd l="875" t="1473" r="1038" b="1529" fs="10">Snow,</wd>
			<wd l="1069" t="1471" r="1203" b="1529" fs="10">Neil,</wd>
			<wd l="1236" t="1472" r="1283" b="1520" fs="10"><![CDATA[&]]></wd>
			<wd l="1315" t="1473" r="1481" b="1532" fs="10">Bryan</wd>
			<wd l="1511" t="1472" r="1572" b="1519" fs="10">K.</wd>
			<wd l="1608" t="1470" r="1797" b="1519" fs="10">Simon.</wd>
			<wd l="1832" t="1470" r="2029" b="1531" fs="10">(1997).</wd>
			<wd l="2070" t="1469" r="2385" b="1531" fs="10">Leptochloa</wd>
			<wd l="2414" t="1469" r="2757" b="1517" fs="10">southwoodii</wd>
			<wd l="2787" t="1469" r="3052" b="1529" fs="10">(Poaceae,</wd>
			<wd l="3085" t="1467" r="3520" b="1527" fs="10">Chloridoideae),</wd>
			<wd l="3553" t="1482" r="3581" b="1515" fs="10">a</wd>
		</ln>
		<ln lx="873" ly="1543" rx="3579" ry="1608">
			<wd l="873" t="1563" r="987" b="1596" fs="10">new</wd>
			<wd l="1024" t="1547" r="1234" b="1608" fs="10">species</wd>
			<wd l="1270" t="1547" r="1406" b="1595" fs="10">from</wd>
			<wd l="1443" t="1546" r="1598" b="1595" fs="10">south</wd>
			<wd l="1634" t="1546" r="1832" b="1594" fs="10">central</wd>
			<wd l="1870" t="1545" r="2232" b="1605" fs="10">Queensland.</wd>
			<wd l="2305" t="1545" r="2725" b="1605" fs="10">Austrobaileya</wd>
			<wd l="2761" t="1545" r="2895" b="1604" fs="10">5(1):</wd>
			<wd l="2941" t="1544" r="3202" b="1591" fs="10">137-143.</wd>
			<wd l="3246" t="1543" r="3579" b="1604" fs="10">Leptochloa</wd>
		</ln>
		<ln lx="872" ly="1618" rx="3580" ry="1683">
			<wd l="872" t="1623" r="1213" b="1670" fs="10">southwoodii</wd>
			<wd l="1217" t="1662" r="1228" b="1679" fs="10">,</wd>
			<wd l="1262" t="1638" r="1289" b="1670" fs="10">a</wd>
			<wd l="1318" t="1637" r="1430" b="1670" fs="10">new</wd>
			<wd l="1463" t="1621" r="1661" b="1683" fs="10">species</wd>
			<wd l="1694" t="1621" r="1823" b="1669" fs="10">from</wd>
			<wd l="1854" t="1621" r="1936" b="1669" fs="10">the</wd>
			<wd l="1968" t="1620" r="2214" b="1682" fs="10">brigalow</wd>
			<wd l="2246" t="1620" r="2348" b="1668" fs="10">belt</wd>
			<wd l="2380" t="1620" r="2442" b="1668" fs="10">of</wd>
			<wd l="2466" t="1620" r="2704" b="1668" fs="10">southern</wd>
			<wd l="2735" t="1619" r="3078" b="1679" fs="10">Queensland,</wd>
			<wd l="3113" t="1619" r="3154" b="1667" fs="10">is</wd>
			<wd l="3186" t="1618" r="3452" b="1667" fs="10">described</wd>
			<wd l="3484" t="1618" r="3580" b="1666" fs="10">and</wd>
		</ln>
		<ln lx="874" ly="1693" rx="3580" ry="1760">
			<wd l="874" t="1698" r="1180" b="1760" fs="10">diagnosed</wd>
			<wd l="3441" t="1693" r="3580" b="1742" fs="10">from</wd>
		</ln>
		<ln lx="872" ly="1772" rx="2195" ry="1835">
			<wd l="872" t="1776" r="922" b="1822" fs="10">L.</wd>
			<wd l="949" t="1774" r="1157" b="1835" fs="10">ligulata</wd>
			<wd l="1179" t="1773" r="1457" b="1831" fs="10">Lazarides,</wd>
			<wd l="1483" t="1773" r="1543" b="1821" fs="10">its</wd>
			<wd l="1567" t="1780" r="1800" b="1834" fs="10">apparent</wd>
			<wd l="1824" t="1772" r="1965" b="1821" fs="10">sister</wd>
			<wd l="1989" t="1772" r="2195" b="1834" fs="10">species.</wd>
		</ln>
	</region>
	<region article-doi="10.2307/41729929" region-id="4">
		<rc l="867" t="1912" r="3586" b="2434"/>
		<ln lx="874" ly="1917" rx="3519" ry="1983">
			<wd l="874" t="1924" r="980" b="1983" fs="10">Key</wd>
			<wd l="1002" t="1922" r="1178" b="1970" fs="10">words:</wd>
			<wd l="1202" t="1921" r="1501" b="1983" fs="10">Leptochloa</wd>
			<wd l="1520" t="1920" r="1848" b="1969" fs="10">southwoodii</wd>
			<wd l="1850" t="1960" r="1861" b="1978" fs="10">,</wd>
			<wd l="1883" t="1922" r="2114" b="1977" fs="10">Poaceae,</wd>
			<wd l="2138" t="1919" r="2528" b="1976" fs="10">Chloridoideae,</wd>
			<wd l="2552" t="1918" r="2879" b="1979" fs="10">Queensland,</wd>
			<wd l="2900" t="1917" r="3158" b="1975" fs="10">Australia,</wd>
			<wd l="3181" t="1917" r="3519" b="1966" fs="10">conservation</wd>
		</ln>
		<ln lx="872" ly="2064" rx="3580" ry="2130">
			<wd l="872" t="2069" r="982" b="2118" fs="10">Neil</wd>
			<wd l="1011" t="2070" r="1171" b="2126" fs="10">Snow,</wd>
			<wd l="1198" t="2070" r="1504" b="2130" fs="10">Department</wd>
			<wd l="1529" t="2068" r="1590" b="2116" fs="10">of</wd>
			<wd l="1606" t="2068" r="1830" b="2129" fs="10">Biology,</wd>
			<wd l="1859" t="2067" r="2172" b="2129" fs="10">Washington</wd>
			<wd l="2198" t="2066" r="2486" b="2128" fs="10">University,</wd>
			<wd l="2514" t="2067" r="2725" b="2128" fs="10">Campus</wd>
			<wd l="2750" t="2068" r="2858" b="2114" fs="10">Box</wd>
			<wd l="2890" t="2066" r="3027" b="2123" fs="10">1137,</wd>
			<wd l="3056" t="2066" r="3119" b="2114" fs="10">St.</wd>
			<wd l="3147" t="2065" r="3309" b="2123" fs="10">Louis,</wd>
			<wd l="3335" t="2064" r="3580" b="2122" fs="10">Missouri,</wd>
		</ln>
		<ln lx="875" ly="2140" rx="3581" ry="2205">
			<wd l="875" t="2146" r="1036" b="2193" fs="10">63130</wd>
			<wd l="1061" t="2145" r="1193" b="2205" fs="10">(U.S.</wd>
			<wd l="1197" t="2146" r="1264" b="2205" fs="10">A)</wd>
			<wd l="1298" t="2143" r="1305" b="2170" fs="10">1</wd>
			<wd l="1336" t="2145" r="1538" b="2193" fs="10">Current</wd>
			<wd l="1564" t="2144" r="1776" b="2192" fs="10">address:</wd>
			<wd l="1806" t="2143" r="2119" b="2203" fs="10">Queensland</wd>
			<wd l="2145" t="2142" r="2445" b="2200" fs="10">Herbarium,</wd>
			<wd l="2472" t="2142" r="2655" b="2191" fs="10">Meiers</wd>
			<wd l="2681" t="2142" r="2834" b="2199" fs="10">Road,</wd>
			<wd l="2862" t="2141" r="3241" b="2203" fs="10">Indooroopilly,</wd>
			<wd l="3269" t="2140" r="3581" b="2201" fs="10">Queensland</wd>
		</ln>
		<ln lx="875" ly="2219" rx="2226" ry="2283">
			<wd l="875" t="2222" r="1021" b="2279" fs="10">4068,</wd>
			<wd l="1025" t="2221" r="1269" b="2269" fs="10">Australia</wd>
			<wd l="1290" t="2220" r="1460" b="2269" fs="10">Email:</wd>
			<wd l="1484" t="2219" r="2226" b="2283" fs="10">Neil.Snow@env.qld.gov.au</wd>
		</ln>
		<ln lx="876" ly="2363" rx="3512" ry="2429">
			<wd l="876" t="2370" r="1035" b="2429" fs="10">Bryan</wd>
			<wd l="1056" t="2369" r="1100" b="2415" fs="10">K</wd>
			<wd l="1122" t="2367" r="1305" b="2425" fs="10">Simon,</wd>
			<wd l="1329" t="2367" r="1642" b="2426" fs="10">Queensland</wd>
			<wd l="1663" t="2366" r="1963" b="2424" fs="10">Herbarium,</wd>
			<wd l="1985" t="2366" r="2167" b="2414" fs="10">Meiers</wd>
			<wd l="2188" t="2365" r="2341" b="2423" fs="10">Road,</wd>
			<wd l="2365" t="2365" r="2744" b="2426" fs="10">Indooroopilly,</wd>
			<wd l="2767" t="2364" r="3080" b="2424" fs="10">Queensland</wd>
			<wd l="3100" t="2365" r="3246" b="2421" fs="10">4068,</wd>
			<wd l="3268" t="2363" r="3512" b="2412" fs="10">Australia</wd>
		</ln>
	</region>
	<region article-doi="10.2307/41729929" region-id="5">
		<rc l="619" t="2535" r="2173" b="5049"/>
		<ln lx="624" ly="2540" rx="1036" ry="2599">
			<wd l="624" t="2540" r="1036" b="2599" fs="10">Introduction</wd>
		</ln>
		<ln lx="625" ly="2702" rx="2157" ry="2780">
			<wd l="625" t="2703" r="749" b="2763" fs="10">The</wd>
			<wd l="785" t="2703" r="1156" b="2780" fs="10">eragrostoid</wd>
			<wd l="1190" t="2722" r="1381" b="2779" fs="10">genus</wd>
			<wd l="1424" t="2702" r="1805" b="2779" fs="10">Leptochloa</wd>
			<wd l="1840" t="2704" r="1893" b="2761" fs="10">P.</wd>
			<wd l="1931" t="2703" r="2157" b="2761" fs="10">Beauv.</wd>
		</ln>
		<ln lx="626" ly="2794" rx="2160" ry="2872">
			<wd l="626" t="2796" r="836" b="2871" fs="10">(sensu</wd>
			<wd l="872" t="2795" r="1010" b="2867" fs="10">lato,</wd>
			<wd l="1049" t="2794" r="1362" b="2872" fs="10">including</wd>
			<wd l="1405" t="2794" r="1760" b="2871" fs="10">Diplachne</wd>
			<wd l="1796" t="2796" r="1858" b="2853" fs="10">P.</wd>
			<wd l="1897" t="2794" r="2160" b="2868" fs="10">Beauv.)</wd>
		</ln>
		<ln lx="626" ly="2886" rx="2161" ry="2964">
			<wd l="626" t="2888" r="908" b="2948" fs="10">consists</wd>
			<wd l="952" t="2888" r="1032" b="2947" fs="10">of</wd>
			<wd l="1064" t="2887" r="1584" b="2964" fs="10">approximately</wd>
			<wd l="1627" t="2887" r="1800" b="2963" fs="10">forty</wd>
			<wd l="1840" t="2895" r="2011" b="2957" fs="10">taxa,</wd>
			<wd l="2054" t="2886" r="2161" b="2945" fs="10">the</wd>
		</ln>
		<ln lx="626" ly="2978" rx="2161" ry="3057">
			<wd l="626" t="2980" r="928" b="3057" fs="10">diversity</wd>
			<wd l="968" t="2980" r="1046" b="3040" fs="10">of</wd>
			<wd l="1074" t="2979" r="1284" b="3040" fs="10">which</wd>
			<wd l="1322" t="2979" r="1375" b="3039" fs="10">is</wd>
			<wd l="1417" t="2979" r="1641" b="3057" fs="10">spread</wd>
			<wd l="1681" t="2978" r="1868" b="3056" fs="10">fairly</wd>
			<wd l="1908" t="2978" r="2161" b="3056" fs="10">equally</wd>
		</ln>
		<ln lx="626" ly="3071" rx="2163" ry="3150">
			<wd l="626" t="3093" r="853" b="3150" fs="10">among</wd>
			<wd l="887" t="3073" r="988" b="3133" fs="10">the</wd>
			<wd l="1024" t="3072" r="1399" b="3150" fs="10">neotropics,</wd>
			<wd l="1438" t="3072" r="1657" b="3132" fs="10">Africa</wd>
			<wd l="1691" t="3072" r="1830" b="3149" fs="10">plus</wd>
			<wd l="1870" t="3071" r="2163" b="3132" fs="10">southern</wd>
		</ln>
		<ln lx="625" ly="3164" rx="2160" ry="3242">
			<wd l="625" t="3166" r="791" b="3238" fs="10">Asia,</wd>
			<wd l="813" t="3166" r="929" b="3226" fs="10">and</wd>
			<wd l="945" t="3165" r="1247" b="3226" fs="10">Australia</wd>
			<wd l="1264" t="3165" r="1550" b="3242" fs="10">(Clayton</wd>
			<wd l="1567" t="3166" r="1627" b="3225" fs="10"><![CDATA[&]]></wd>
			<wd l="1647" t="3164" r="1957" b="3225" fs="10">Renvoize</wd>
			<wd l="1984" t="3165" r="2160" b="3236" fs="10">1986;</wd>
		</ln>
		<ln lx="626" ly="3257" rx="2163" ry="3332">
			<wd l="626" t="3261" r="876" b="3318" fs="10">Watson</wd>
			<wd l="894" t="3260" r="953" b="3318" fs="10"><![CDATA[&]]></wd>
			<wd l="973" t="3258" r="1254" b="3318" fs="10">Dallwitz</wd>
			<wd l="1281" t="3259" r="1456" b="3329" fs="10">1994;</wd>
			<wd l="1479" t="3259" r="1664" b="3317" fs="10">Snow</wd>
			<wd l="1691" t="3258" r="1927" b="3332" fs="10">1997a).</wd>
			<wd l="1949" t="3259" r="2007" b="3316" fs="10">A</wd>
			<wd l="2042" t="3257" r="2163" b="3317" fs="10">few</wd>
		</ln>
		<ln lx="628" ly="3348" rx="2163" ry="3427">
			<wd l="628" t="3350" r="862" b="3427" fs="10">species</wd>
			<wd l="883" t="3350" r="1012" b="3409" fs="10">also</wd>
			<wd l="1033" t="3369" r="1130" b="3409" fs="10">are</wd>
			<wd l="1149" t="3349" r="1376" b="3409" fs="10">known</wd>
			<wd l="1394" t="3349" r="1679" b="3426" fs="10">primarly</wd>
			<wd l="1699" t="3368" r="1766" b="3408" fs="10">or</wd>
			<wd l="1785" t="3348" r="2163" b="3425" fs="10">exclusively</wd>
		</ln>
		<ln lx="628" ly="3441" rx="2162" ry="3518">
			<wd l="628" t="3442" r="795" b="3503" fs="10">from</wd>
			<wd l="837" t="3442" r="1107" b="3503" fs="10">oceanic</wd>
			<wd l="1151" t="3442" r="1398" b="3502" fs="10">islands</wd>
			<wd l="1442" t="3442" r="1672" b="3518" fs="10">(Snow</wd>
			<wd l="1723" t="3442" r="1983" b="3518" fs="10">1997a).</wd>
			<wd l="2029" t="3441" r="2162" b="3501" fs="10">The</wd>
		</ln>
		<ln lx="626" ly="3534" rx="2162" ry="3613">
			<wd l="626" t="3536" r="864" b="3613" fs="10">generic</wd>
			<wd l="882" t="3535" r="1240" b="3595" fs="10">boundaries</wd>
			<wd l="1261" t="3535" r="1335" b="3595" fs="10">of</wd>
			<wd l="1335" t="3535" r="1706" b="3612" fs="10">Leptochloa</wd>
			<wd l="1723" t="3535" r="1876" b="3594" fs="10">have</wd>
			<wd l="1894" t="3535" r="2048" b="3594" fs="10">been</wd>
			<wd l="2064" t="3534" r="2162" b="3594" fs="10">the</wd>
		</ln>
		<ln lx="628" ly="3626" rx="2162" ry="3705">
			<wd l="628" t="3628" r="860" b="3705" fs="10">subject</wd>
			<wd l="890" t="3627" r="966" b="3687" fs="10">of</wd>
			<wd l="985" t="3647" r="1153" b="3687" fs="10">more</wd>
			<wd l="1185" t="3627" r="1421" b="3704" fs="10">dispute</wd>
			<wd l="1451" t="3627" r="1595" b="3687" fs="10">than</wd>
			<wd l="1625" t="3646" r="1741" b="3704" fs="10">any</wd>
			<wd l="1773" t="3626" r="1943" b="3686" fs="10">other</wd>
			<wd l="1973" t="3626" r="2035" b="3685" fs="10">in</wd>
			<wd l="2063" t="3626" r="2162" b="3686" fs="10">the</wd>
		</ln>
		<ln lx="628" ly="3719" rx="2162" ry="3796">
			<wd l="628" t="3720" r="991" b="3796" fs="10">subfamily</wd>
			<wd l="1035" t="3720" r="1331" b="3795" fs="10">(Jacobs,</wd>
			<wd l="1387" t="3720" r="1588" b="3794" fs="10">1987)</wd>
			<wd l="1634" t="3719" r="1761" b="3779" fs="10">and</wd>
			<wd l="1803" t="3738" r="2162" b="3778" fs="10">numerous</wd>
		</ln>
		<ln lx="625" ly="3810" rx="2165" ry="3889">
			<wd l="625" t="3812" r="931" b="3889" fs="10">problems</wd>
			<wd l="956" t="3812" r="1111" b="3871" fs="10">have</wd>
			<wd l="1138" t="3811" r="1511" b="3871" fs="10">surrounded</wd>
			<wd l="1534" t="3811" r="1633" b="3871" fs="10">the</wd>
			<wd l="1657" t="3819" r="1990" b="3888" fs="10">taxonomy</wd>
			<wd l="2016" t="3810" r="2093" b="3870" fs="10">of</wd>
			<wd l="2108" t="3819" r="2165" b="3870" fs="10">at</wd>
		</ln>
		<ln lx="629" ly="3903" rx="2160" ry="3982">
			<wd l="629" t="3904" r="776" b="3964" fs="10">least</wd>
			<wd l="792" t="3913" r="914" b="3964" fs="10">two</wd>
			<wd l="935" t="3904" r="1169" b="3982" fs="10">species</wd>
			<wd l="1189" t="3923" r="1412" b="3981" fs="10">groups</wd>
			<wd l="1433" t="3904" r="1648" b="3980" fs="10">(Snow</wd>
			<wd l="1676" t="3905" r="1887" b="3975" fs="10">1997a,</wd>
			<wd l="1917" t="3903" r="2160" b="3979" fs="10">1997b).</wd>
		</ln>
		<ln lx="863" ly="4068" rx="2163" ry="4146">
			<wd l="863" t="4068" r="1092" b="4146" fs="10">During</wd>
			<wd l="1108" t="4068" r="1277" b="4146" fs="10">April</wd>
			<wd l="1296" t="4068" r="1371" b="4129" fs="10">of</wd>
			<wd l="1387" t="4070" r="1407" b="4127" fs="10">1</wd>
			<wd l="1419" t="4069" r="1538" b="4128" fs="10">996</wd>
			<wd l="1555" t="4088" r="1649" b="4128" fs="10">we</wd>
			<wd l="1666" t="4068" r="1841" b="4128" fs="10">made</wd>
			<wd l="1860" t="4068" r="2163" b="4128" fs="10">extensive</wd>
		</ln>
		<ln lx="628" ly="4161" rx="2165" ry="4238">
			<wd l="628" t="4162" r="982" b="4221" fs="10">collections</wd>
			<wd l="1010" t="4161" r="1086" b="4221" fs="10">of</wd>
			<wd l="1099" t="4162" r="1476" b="4238" fs="10">Leptochloa</wd>
			<wd l="1503" t="4181" r="1568" b="4221" fs="10">as</wd>
			<wd l="1593" t="4170" r="1723" b="4237" fs="10">part</wd>
			<wd l="1749" t="4161" r="1825" b="4220" fs="10">of</wd>
			<wd l="1842" t="4161" r="2165" b="4220" fs="10">fieldwork</wd>
		</ln>
		<ln lx="629" ly="4252" rx="2165" ry="4325">
			<wd l="629" t="4253" r="721" b="4313" fs="10">for</wd>
			<wd l="735" t="4253" r="832" b="4313" fs="10">the</wd>
			<wd l="851" t="4253" r="977" b="4313" fs="10">first</wd>
			<wd l="994" t="4253" r="1255" b="4313" fs="10">author's</wd>
			<wd l="1274" t="4252" r="1644" b="4313" fs="10">dissertation</wd>
			<wd l="1660" t="4252" r="1947" b="4325" fs="10">research,</wd>
			<wd l="1966" t="4252" r="2165" b="4312" fs="10">which</wd>
		</ln>
		<ln lx="629" ly="4345" rx="2165" ry="4421">
			<wd l="629" t="4346" r="914" b="4406" fs="10">entailed</wd>
			<wd l="954" t="4345" r="1483" b="4421" fs="10">monographing</wd>
			<wd l="1532" t="4345" r="1949" b="4421" fs="10">Leptochloa</wd>
			<wd l="1994" t="4345" r="2165" b="4404" fs="10">from</wd>
		</ln>
		<ln lx="629" ly="4436" rx="2166" ry="4512">
			<wd l="629" t="4456" r="664" b="4496" fs="10">a</wd>
			<wd l="705" t="4437" r="928" b="4512" fs="10">global</wd>
			<wd l="971" t="4436" r="1389" b="4512" fs="10">perspective</wd>
			<wd l="1434" t="4437" r="1667" b="4510" fs="10">(Snow</wd>
			<wd l="1718" t="4437" r="1982" b="4510" fs="10">1997a).</wd>
			<wd l="2030" t="4437" r="2166" b="4495" fs="10">Our</wd>
		</ln>
		<ln lx="629" ly="4527" rx="2166" ry="4604">
			<wd l="629" t="4527" r="928" b="4587" fs="10">activities</wd>
			<wd l="966" t="4527" r="1227" b="4587" fs="10">focused</wd>
			<wd l="1261" t="4527" r="1574" b="4604" fs="10">primarily</wd>
			<wd l="1611" t="4546" r="1693" b="4586" fs="10">on</wd>
			<wd l="1727" t="4527" r="1828" b="4586" fs="10">the</wd>
			<wd l="1864" t="4527" r="2166" b="4603" fs="10">brigalow</wd>
		</ln>
		<ln lx="629" ly="4618" rx="2166" ry="4694">
			<wd l="629" t="4620" r="885" b="4693" fs="10">{Acacia</wd>
			<wd l="920" t="4619" r="1355" b="4694" fs="10">harpophylla)</wd>
			<wd l="1390" t="4618" r="1740" b="4694" fs="10">vegetation</wd>
			<wd l="1775" t="4618" r="1853" b="4677" fs="10">of</wd>
			<wd l="1879" t="4618" r="2166" b="4677" fs="10">southern</wd>
		</ln>
		<ln lx="629" ly="4710" rx="2165" ry="4784">
			<wd l="629" t="4710" r="749" b="4769" fs="10">and</wd>
			<wd l="787" t="4710" r="1017" b="4769" fs="10">central</wd>
			<wd l="1056" t="4710" r="1462" b="4783" fs="10">Queensland</wd>
			<wd l="1500" t="4710" r="1764" b="4784" fs="10">(Beadle</wd>
			<wd l="1812" t="4710" r="2023" b="4784" fs="10">1981),</wd>
			<wd l="2062" t="4710" r="2165" b="4769" fs="10">the</wd>
		</ln>
		<ln lx="629" ly="4801" rx="2162" ry="4877">
			<wd l="629" t="4810" r="831" b="4861" fs="10">center</wd>
			<wd l="850" t="4801" r="927" b="4860" fs="10">of</wd>
			<wd l="939" t="4801" r="1227" b="4877" fs="10">diversity</wd>
			<wd l="1249" t="4801" r="1345" b="4860" fs="10">fox</wd>
			<wd l="1357" t="4801" r="1736" b="4877" fs="10">Leptochloa</wd>
			<wd l="1757" t="4801" r="1819" b="4859" fs="10">in</wd>
			<wd l="1839" t="4801" r="2162" b="4860" fs="10">Australia.</wd>
		</ln>
		<ln lx="629" ly="4892" rx="2166" ry="4969">
			<wd l="629" t="4895" r="695" b="4951" fs="10">In</wd>
			<wd l="725" t="4892" r="824" b="4952" fs="10">the</wd>
			<wd l="856" t="4892" r="1109" b="4969" fs="10">Darling</wd>
			<wd l="1141" t="4894" r="1375" b="4951" fs="10">Downs</wd>
			<wd l="1407" t="4892" r="1656" b="4951" fs="10">District</wd>
			<wd l="1688" t="4892" r="1750" b="4950" fs="10">in</wd>
			<wd l="1780" t="4892" r="1880" b="4951" fs="10">the</wd>
			<wd l="1912" t="4892" r="2166" b="4968" fs="10">vicinity</wd>
		</ln>
		<ln lx="629" ly="4984" rx="2168" ry="5044">
			<wd l="629" t="4984" r="709" b="5044" fs="10">of</wd>
			<wd l="741" t="4984" r="1143" b="5044" fs="10">Southwood</wd>
			<wd l="1181" t="4984" r="1489" b="5044" fs="10">National</wd>
			<wd l="1531" t="4984" r="1693" b="5044" fs="10">Park</wd>
			<wd l="1734" t="4984" r="1859" b="5044" fs="10">and</wd>
			<wd l="1900" t="5004" r="1979" b="5044" fs="10">an</wd>
			<wd l="2020" t="5004" r="2168" b="5044" fs="10">area</wd>
		</ln>
	</region>
	<region article-doi="10.2307/41729929" region-id="6">
		<rc l="2301" t="2693" r="3855" b="5501"/>
		<ln lx="2308" ly="2698" rx="3843" ry="2760">
			<wd l="2308" t="2700" r="2660" b="2760" fs="10">somewhat</wd>
			<wd l="2697" t="2700" r="2883" b="2760" fs="10">north</wd>
			<wd l="2921" t="2719" r="3018" b="2759" fs="10">we</wd>
			<wd l="3059" t="2699" r="3261" b="2759" fs="10">found</wd>
			<wd l="3301" t="2718" r="3379" b="2759" fs="10">an</wd>
			<wd l="3417" t="2698" r="3843" b="2758" fs="10">undescribed</wd>
		</ln>
		<ln lx="2308" ly="2790" rx="3843" ry="2870">
			<wd l="2308" t="2792" r="2554" b="2870" fs="10">species</wd>
			<wd l="2594" t="2792" r="2672" b="2852" fs="10">of</wd>
			<wd l="2708" t="2792" r="3109" b="2869" fs="10">Leptochloa</wd>
			<wd l="3148" t="2791" r="3282" b="2851" fs="10">that</wd>
			<wd l="3321" t="2791" r="3375" b="2851" fs="10">is</wd>
			<wd l="3417" t="2790" r="3843" b="2867" fs="10">consistently</wd>
		</ln>
		<ln lx="2308" ly="2883" rx="3840" ry="2962">
			<wd l="2308" t="2885" r="2702" b="2962" fs="10">diagnosable</wd>
			<wd l="2722" t="2885" r="2804" b="2962" fs="10">by</wd>
			<wd l="2824" t="2884" r="3104" b="2961" fs="10">ordinary</wd>
			<wd l="3122" t="2903" r="3332" b="2944" fs="10">means</wd>
			<wd l="3354" t="2885" r="3569" b="2959" fs="10">(Snow</wd>
			<wd l="3598" t="2883" r="3840" b="2958" fs="10">1997b),</wd>
		</ln>
		<ln lx="2306" ly="2977" rx="3361" ry="3038">
			<wd l="2306" t="2977" r="2509" b="3038" fs="10">which</wd>
			<wd l="2532" t="2997" r="2627" b="3037" fs="10">we</wd>
			<wd l="2653" t="2977" r="2926" b="3037" fs="10">describe</wd>
			<wd l="2951" t="2977" r="3092" b="3037" fs="10">here</wd>
			<wd l="3118" t="2996" r="3182" b="3037" fs="10">as</wd>
			<wd l="3207" t="2996" r="3361" b="3037" fs="10">new.</wd>
		</ln>
		<ln lx="2308" ly="3144" rx="3125" ry="3202">
			<wd l="2308" t="3144" r="2647" b="3202" fs="10">Materials</wd>
			<wd l="2674" t="3144" r="2802" b="3202" fs="10">and</wd>
			<wd l="2828" t="3144" r="3125" b="3202" fs="10">methods</wd>
		</ln>
		<ln lx="2311" ly="3304" rx="3845" ry="3383">
			<wd l="2311" t="3306" r="2666" b="3383" fs="10">Specimens</wd>
			<wd l="2690" t="3325" r="2849" b="3365" fs="10">were</wd>
			<wd l="2874" t="3306" r="3173" b="3365" fs="10">collected</wd>
			<wd l="3197" t="3306" r="3258" b="3364" fs="10">in</wd>
			<wd l="3280" t="3306" r="3379" b="3365" fs="10">the</wd>
			<wd l="3404" t="3305" r="3571" b="3376" fs="10">field,</wd>
			<wd l="3596" t="3304" r="3845" b="3381" fs="10">pressed</wd>
		</ln>
		<ln lx="2309" ly="3396" rx="3841" ry="3475">
			<wd l="2309" t="3398" r="2433" b="3458" fs="10">and</wd>
			<wd l="2474" t="3398" r="2656" b="3458" fs="10">dried</wd>
			<wd l="2698" t="3398" r="3045" b="3475" fs="10">following</wd>
			<wd l="3087" t="3397" r="3389" b="3458" fs="10">standard</wd>
			<wd l="3428" t="3396" r="3841" b="3475" fs="10">procedures.</wd>
		</ln>
		<ln lx="2308" ly="3490" rx="3845" ry="3568">
			<wd l="2308" t="3491" r="2588" b="3552" fs="10">Material</wd>
			<wd l="2624" t="3491" r="2923" b="3552" fs="10">collected</wd>
			<wd l="2958" t="3491" r="3054" b="3551" fs="10">for</wd>
			<wd l="3089" t="3491" r="3314" b="3551" fs="10">further</wd>
			<wd l="3349" t="3490" r="3526" b="3568" fs="10">study</wd>
			<wd l="3561" t="3490" r="3845" b="3551" fs="10">included</wd>
		</ln>
		<ln lx="2310" ly="3582" rx="3844" ry="3661">
			<wd l="2310" t="3584" r="2491" b="3644" fs="10">fresh</wd>
			<wd l="2534" t="3603" r="2735" b="3661" fs="10">green</wd>
			<wd l="2779" t="3584" r="2923" b="3643" fs="10">leaf</wd>
			<wd l="2955" t="3583" r="3254" b="3643" fs="10">material</wd>
			<wd l="3300" t="3583" r="3404" b="3643" fs="10">for</wd>
			<wd l="3446" t="3582" r="3844" b="3643" fs="10">anatomical</wd>
		</ln>
		<ln lx="2310" ly="3675" rx="3847" ry="3753">
			<wd l="2310" t="3676" r="2581" b="3753" fs="10">analyses</wd>
			<wd l="2600" t="3676" r="2716" b="3736" fs="10">and</wd>
			<wd l="2733" t="3676" r="3086" b="3753" fs="10">anticipated</wd>
			<wd l="3105" t="3677" r="3278" b="3735" fs="10">DNA</wd>
			<wd l="3283" t="3675" r="3414" b="3735" fs="10">-bas</wd>
			<wd l="3419" t="3675" r="3492" b="3735" fs="10">ed</wd>
			<wd l="3523" t="3675" r="3847" b="3735" fs="10">molecular</wd>
		</ln>
		<ln lx="2311" ly="3767" rx="3844" ry="3845">
			<wd l="2311" t="3769" r="2579" b="3840" fs="10">studies,</wd>
			<wd l="2621" t="3788" r="2842" b="3845" fs="10">young</wd>
			<wd l="2883" t="3768" r="3398" b="3828" fs="10">inflorescences</wd>
			<wd l="3441" t="3767" r="3542" b="3827" fs="10">for</wd>
			<wd l="3581" t="3767" r="3844" b="3827" fs="10">meiotic</wd>
		</ln>
		<ln lx="2311" ly="3859" rx="3846" ry="3938">
			<wd l="2311" t="3860" r="2569" b="3932" fs="10">studies,</wd>
			<wd l="2611" t="3860" r="2732" b="3921" fs="10">and</wd>
			<wd l="2769" t="3869" r="3006" b="3920" fs="10">mature</wd>
			<wd l="3046" t="3879" r="3384" b="3938" fs="10">caryopses</wd>
			<wd l="3425" t="3859" r="3524" b="3920" fs="10">for</wd>
			<wd l="3560" t="3859" r="3846" b="3937" fs="10">growing</wd>
		</ln>
		<ln lx="2308" ly="3953" rx="3845" ry="4031">
			<wd l="2308" t="3954" r="2505" b="4031" fs="10">plants</wd>
			<wd l="2538" t="3953" r="2599" b="4013" fs="10">in</wd>
			<wd l="2628" t="3953" r="2727" b="4014" fs="10">the</wd>
			<wd l="2759" t="3953" r="3155" b="4031" fs="10">greenhouse.</wd>
			<wd l="3192" t="3953" r="3371" b="4013" fs="10">Since</wd>
			<wd l="3401" t="3953" r="3500" b="4013" fs="10">the</wd>
			<wd l="3533" t="3953" r="3647" b="4013" fs="10">late</wd>
			<wd l="3680" t="3961" r="3845" b="4030" fs="10">stage</wd>
		</ln>
		<ln lx="2311" ly="4045" rx="3846" ry="4124">
			<wd l="2311" t="4046" r="2387" b="4107" fs="10">of</wd>
			<wd l="2399" t="4047" r="2498" b="4107" fs="10">the</wd>
			<wd l="2523" t="4046" r="2844" b="4124" fs="10">flowering</wd>
			<wd l="2869" t="4066" r="3089" b="4107" fs="10">season</wd>
			<wd l="3109" t="4046" r="3373" b="4107" fs="10">resulted</wd>
			<wd l="3396" t="4046" r="3457" b="4105" fs="10">in</wd>
			<wd l="3480" t="4065" r="3515" b="4106" fs="10">a</wd>
			<wd l="3535" t="4045" r="3846" b="4123" fs="10">relatively</wd>
		</ln>
		<ln lx="2309" ly="4138" rx="3845" ry="4216">
			<wd l="2309" t="4159" r="2475" b="4216" fs="10">poor</wd>
			<wd l="2518" t="4139" r="2771" b="4216" fs="10">quality</wd>
			<wd l="2816" t="4139" r="2896" b="4199" fs="10">of</wd>
			<wd l="2928" t="4139" r="3229" b="4216" fs="10">possible</wd>
			<wd l="3272" t="4148" r="3426" b="4215" fs="10">type</wd>
			<wd l="3471" t="4138" r="3845" b="4215" fs="10">specimens</wd>
		</ln>
		<ln lx="2311" ly="4230" rx="3846" ry="4308">
			<wd l="2311" t="4231" r="2624" b="4291" fs="10">collected</wd>
			<wd l="2663" t="4231" r="2726" b="4290" fs="10">in</wd>
			<wd l="2763" t="4231" r="2866" b="4291" fs="10">the</wd>
			<wd l="2906" t="4231" r="3082" b="4303" fs="10">field,</wd>
			<wd l="3123" t="4250" r="3219" b="4291" fs="10">we</wd>
			<wd l="3259" t="4230" r="3449" b="4308" fs="10">opted</wd>
			<wd l="3485" t="4239" r="3549" b="4290" fs="10">to</wd>
			<wd l="3587" t="4249" r="3846" b="4307" fs="10">prepare</wd>
		</ln>
		<ln lx="2310" ly="4323" rx="3846" ry="4400">
			<wd l="2310" t="4324" r="2736" b="4400" fs="10">greenhouse</wd>
			<wd l="2784" t="4343" r="3017" b="4400" fs="10">grown</wd>
			<wd l="3063" t="4324" r="3368" b="4383" fs="10">material</wd>
			<wd l="3417" t="4343" r="3487" b="4383" fs="10">as</wd>
			<wd l="3534" t="4323" r="3644" b="4383" fs="10">the</wd>
			<wd l="3690" t="4332" r="3846" b="4399" fs="10">type</wd>
		</ln>
		<ln lx="2312" ly="4414" rx="3846" ry="4490">
			<wd l="2312" t="4415" r="2719" b="4490" fs="10">specimens.</wd>
			<wd l="2786" t="4415" r="3012" b="4473" fs="10">Plants</wd>
			<wd l="3075" t="4433" r="3251" b="4473" fs="10">were</wd>
			<wd l="3314" t="4433" r="3546" b="4490" fs="10">grown</wd>
			<wd l="3610" t="4414" r="3676" b="4472" fs="10">in</wd>
			<wd l="3737" t="4414" r="3846" b="4472" fs="10">the</wd>
		</ln>
		<ln lx="2310" ly="4505" rx="3846" ry="4582">
			<wd l="2310" t="4505" r="2689" b="4582" fs="10">greenhouse</wd>
			<wd l="2714" t="4505" r="2872" b="4565" fs="10">from</wd>
			<wd l="2918" t="4505" r="3062" b="4565" fs="10">seed</wd>
			<wd l="3087" t="4525" r="3331" b="4565" fs="10">sources</wd>
			<wd l="3355" t="4506" r="3534" b="4565" fs="10">Snow</wd>
			<wd l="3558" t="4506" r="3617" b="4564" fs="10"><![CDATA[&]]></wd>
			<wd l="3641" t="4506" r="3846" b="4565" fs="10">Simon</wd>
		</ln>
		<ln lx="2313" ly="4596" rx="3846" ry="4673">
			<wd l="2313" t="4599" r="2489" b="4656" fs="10">7362</wd>
			<wd l="2551" t="4598" r="2679" b="4656" fs="10">and</wd>
			<wd l="2739" t="4599" r="2916" b="4656" fs="10">7364</wd>
			<wd l="2977" t="4597" r="3083" b="4656" fs="10">for</wd>
			<wd l="3139" t="4597" r="3413" b="4673" fs="10">making</wd>
			<wd l="3472" t="4596" r="3846" b="4656" fs="10">additional</wd>
		</ln>
		<ln lx="2312" ly="4688" rx="3846" ry="4765">
			<wd l="2312" t="4688" r="2748" b="4748" fs="10">observations.</wd>
			<wd l="2786" t="4688" r="2961" b="4748" fs="10">After</wd>
			<wd l="2994" t="4688" r="3371" b="4765" fs="10">greenhouse</wd>
			<wd l="3407" t="4707" r="3619" b="4764" fs="10">grown</wd>
			<wd l="3651" t="4688" r="3846" b="4764" fs="10">plants</wd>
		</ln>
		<ln lx="2310" ly="4779" rx="3845" ry="4856">
			<wd l="2310" t="4799" r="2485" b="4839" fs="10">were</wd>
			<wd l="2599" t="4780" r="3116" b="4856" fs="10">photographed</wd>
			<wd l="3229" t="4780" r="3358" b="4839" fs="10">and</wd>
			<wd l="3469" t="4779" r="3845" b="4850" fs="10">measured,</wd>
		</ln>
		<ln lx="2310" ly="4871" rx="3847" ry="4948">
			<wd l="2310" t="4871" r="2767" b="4931" fs="10">modifications</wd>
			<wd l="2789" t="4891" r="2949" b="4931" fs="10">were</wd>
			<wd l="2973" t="4872" r="3171" b="4931" fs="10">added</wd>
			<wd l="3190" t="4880" r="3253" b="4931" fs="10">to</wd>
			<wd l="3275" t="4871" r="3374" b="4931" fs="10">the</wd>
			<wd l="3399" t="4871" r="3587" b="4931" fs="10">initial</wd>
			<wd l="3612" t="4871" r="3847" b="4948" fs="10">species</wd>
		</ln>
		<ln lx="2312" ly="4963" rx="3848" ry="5040">
			<wd l="2312" t="4963" r="2700" b="5040" fs="10">description,</wd>
			<wd l="2723" t="4963" r="2913" b="5023" fs="10">based</wd>
			<wd l="2934" t="4963" r="3243" b="5040" fs="10">primarily</wd>
			<wd l="3267" t="4983" r="3347" b="5023" fs="10">on</wd>
			<wd l="3371" t="4963" r="3848" b="5023" fs="10">field-collected</wd>
		</ln>
		<ln lx="2313" ly="5054" rx="3850" ry="5131">
			<wd l="2313" t="5055" r="2674" b="5131" fs="10">specimens.</wd>
			<wd l="2718" t="5057" r="2957" b="5114" fs="10">Mature</wd>
			<wd l="2981" t="5055" r="3233" b="5114" fs="10">lemmas</wd>
			<wd l="3256" t="5074" r="3415" b="5114" fs="10">were</wd>
			<wd l="3439" t="5055" r="3732" b="5131" fs="10">analyzed</wd>
			<wd l="3755" t="5054" r="3850" b="5114" fs="10">for</wd>
		</ln>
		<ln lx="2310" ly="5146" rx="3848" ry="5223">
			<wd l="2310" t="5146" r="3008" b="5223" fs="10">micromorphological</wd>
			<wd l="3047" t="5147" r="3391" b="5206" fs="10">characters</wd>
			<wd l="3428" t="5147" r="3510" b="5223" fs="10">by</wd>
			<wd l="3549" t="5146" r="3848" b="5223" fs="10">scanning</wd>
		</ln>
		<ln lx="2312" ly="5238" rx="3844" ry="5315">
			<wd l="2312" t="5238" r="2577" b="5298" fs="10">electron</wd>
			<wd l="2609" t="5238" r="2997" b="5315" fs="10">microscopy</wd>
			<wd l="3032" t="5238" r="3353" b="5315" fs="10">following</wd>
			<wd l="3389" t="5239" r="3575" b="5298" fs="10">Snow</wd>
			<wd l="3609" t="5239" r="3844" b="5314" fs="10">(1996).</wd>
		</ln>
		<ln lx="2311" ly="5329" rx="3847" ry="5406">
			<wd l="2311" t="5329" r="2694" b="5406" fs="10">Descriptive</wd>
			<wd l="2729" t="5330" r="3136" b="5406" fs="10">terminology</wd>
			<wd l="3172" t="5330" r="3419" b="5389" fs="10">follows</wd>
			<wd l="3458" t="5330" r="3847" b="5406" fs="10">Systematics</wd>
		</ln>
		<ln lx="2311" ly="5421" rx="3360" ry="5496">
			<wd l="2311" t="5421" r="2704" b="5480" fs="10">Association</wd>
			<wd l="2730" t="5422" r="3096" b="5480" fs="10">Committee</wd>
			<wd l="3122" t="5422" r="3360" b="5496" fs="10">(1962).</wd>
		</ln>
	</region>
	<region article-doi="10.2307/41729929" region-id="7">
		<rc l="624" t="5509" r="1656" b="5580"/>
		<ln lx="629" ly="5514" rx="1651" ry="5575">
			<wd l="629" t="5515" r="877" b="5575" fs="10">Accepted</wd>
			<wd l="897" t="5514" r="973" b="5562" fs="10">for</wd>
			<wd l="991" t="5514" r="1288" b="5575" fs="10">publication</wd>
			<wd l="1308" t="5515" r="1369" b="5562" fs="10">25</wd>
			<wd l="1392" t="5515" r="1500" b="5575" fs="10">July</wd>
			<wd l="1528" t="5516" r="1651" b="5562" fs="10">1997</wd>
		</ln>
	</region>
</ocr-page>
