<?xml version="1.0" encoding="UTF-8"?>
<ocr-page type="coords" ocr-vers="1.0" creation-date="20130321" res="600" height="6300" width="4500">
	<region article-doi="10.2307/41729920" region-id="0">
		<rc l="617" t="729" r="3836" b="797"/>
		<ln lx="622" ly="734" rx="3831" ry="792">
			<wd l="622" t="736" r="781" b="792" fs="10">Jones,</wd>
			<wd l="804" t="734" r="1121" b="782" fs="10">Cooktownia</wd>
			<wd l="1140" t="735" r="1369" b="782" fs="10">robertsii</wd>
			<wd l="3772" t="734" r="3831" b="781" fs="10">73</wd>
		</ln>
	</region>
	<region article-doi="10.2307/41729920" region-id="1">
		<rc l="625" t="2378" r="3634" b="2451"/>
		<ln lx="630" ly="2383" rx="3629" ry="2446">
			<wd l="630" t="2385" r="734" b="2446" fs="10">Fig.</wd>
			<wd l="754" t="2385" r="800" b="2433" fs="10">2.</wd>
			<wd l="837" t="2385" r="914" b="2433" fs="10">2.1</wd>
			<wd l="939" t="2385" r="988" b="2433" fs="10"><![CDATA[&]]></wd>
			<wd l="1010" t="2385" r="1103" b="2433" fs="10">2.2.</wd>
			<wd l="1124" t="2386" r="1315" b="2433" fs="10">Mature</wd>
			<wd l="1337" t="2384" r="1575" b="2433" fs="10">seed-like</wd>
			<wd l="1596" t="2391" r="1852" b="2433" fs="10">structures</wd>
			<wd l="1873" t="2384" r="1934" b="2433" fs="10">of</wd>
			<wd l="1944" t="2384" r="2264" b="2433" fs="10">Cooktownia</wd>
			<wd l="2281" t="2384" r="2512" b="2432" fs="10">robertsii</wd>
			<wd l="2530" t="2383" r="2755" b="2445" fs="10">showing</wd>
			<wd l="2773" t="2383" r="3064" b="2445" fs="10">proembryo</wd>
			<wd l="3086" t="2383" r="3179" b="2432" fs="10">and</wd>
			<wd l="3201" t="2398" r="3437" b="2445" fs="10">supensor</wd>
			<wd l="3456" t="2383" r="3509" b="2444" fs="10">(x</wd>
			<wd l="3529" t="2384" r="3629" b="2444" fs="10">35).</wd>
		</ln>
	</region>
	<region article-doi="10.2307/41729920" region-id="2">
		<rc l="629" t="2700" r="2188" b="5559"/>
		<ln lx="634" ly="2705" rx="2165" ry="2782">
			<wd l="634" t="2706" r="733" b="2766" fs="10">the</wd>
			<wd l="768" t="2706" r="985" b="2782" fs="10">stigma</wd>
			<wd l="1017" t="2706" r="1348" b="2782" fs="10">analogues</wd>
			<wd l="1383" t="2705" r="1567" b="2766" fs="10">could</wd>
			<wd l="1598" t="2706" r="1675" b="2765" fs="10">be</wd>
			<wd l="1710" t="2706" r="2071" b="2765" fs="10">considered</wd>
			<wd l="2102" t="2714" r="2165" b="2765" fs="10">to</wd>
		</ln>
		<ln lx="634" ly="2796" rx="2169" ry="2857">
			<wd l="634" t="2796" r="711" b="2857" fs="10">be</wd>
			<wd l="743" t="2796" r="850" b="2857" fs="10">flat</wd>
			<wd l="877" t="2804" r="939" b="2857" fs="10">to</wd>
			<wd l="972" t="2816" r="1242" b="2857" fs="10">concave</wd>
			<wd l="1274" t="2796" r="1393" b="2857" fs="10">and</wd>
			<wd l="1421" t="2796" r="1560" b="2857" fs="10">thus</wd>
			<wd l="1592" t="2797" r="1925" b="2857" fs="10">consistent</wd>
			<wd l="1954" t="2796" r="2102" b="2856" fs="10">with</wd>
			<wd l="2133" t="2816" r="2169" b="2856" fs="10">a</wd>
		</ln>
		<ln lx="635" ly="2887" rx="2171" ry="2965">
			<wd l="635" t="2888" r="905" b="2949" fs="10">member</wd>
			<wd l="927" t="2888" r="1004" b="2948" fs="10">of</wd>
			<wd l="1015" t="2888" r="1115" b="2948" fs="10">the</wd>
			<wd l="1140" t="2888" r="1528" b="2949" fs="10">Orchidinae.</wd>
			<wd l="1553" t="2887" r="1995" b="2965" fs="10">Alternatively</wd>
			<wd l="2017" t="2887" r="2171" b="2948" fs="10">their</wd>
		</ln>
		<ln lx="637" ly="2979" rx="2168" ry="3058">
			<wd l="637" t="2979" r="985" b="3058" fs="10">elongated</wd>
			<wd l="1026" t="2979" r="1226" b="3058" fs="10">shape</wd>
			<wd l="1269" t="2979" r="1468" b="3041" fs="10">could</wd>
			<wd l="1507" t="2979" r="1696" b="3057" fs="10">place</wd>
			<wd l="1737" t="2979" r="1914" b="3040" fs="10">them</wd>
			<wd l="1955" t="2979" r="2021" b="3039" fs="10">in</wd>
			<wd l="2060" t="2979" r="2168" b="3040" fs="10">the</wd>
		</ln>
		<ln lx="636" ly="3072" rx="2167" ry="3133">
			<wd l="636" t="3072" r="1150" b="3133" fs="10">Habenariinae.</wd>
			<wd l="1197" t="3074" r="1502" b="3133" fs="10">Because</wd>
			<wd l="1547" t="3072" r="1629" b="3132" fs="10">of</wd>
			<wd l="1661" t="3072" r="1794" b="3133" fs="10">this</wd>
			<wd l="1841" t="3072" r="2167" b="3133" fs="10">subtribal</wd>
		</ln>
		<ln lx="636" ly="3163" rx="2172" ry="3242">
			<wd l="636" t="3164" r="1026" b="3242" fs="10">uncertainty,</wd>
			<wd l="1052" t="3164" r="1152" b="3225" fs="10">the</wd>
			<wd l="1178" t="3164" r="1422" b="3242" fs="10">generic</wd>
			<wd l="1447" t="3164" r="1791" b="3242" fs="10">placement</wd>
			<wd l="1816" t="3164" r="1893" b="3224" fs="10">of</wd>
			<wd l="1906" t="3163" r="2007" b="3225" fs="10">the</wd>
			<wd l="2032" t="3183" r="2172" b="3224" fs="10">new</wd>
		</ln>
		<ln lx="639" ly="3255" rx="2164" ry="3333">
			<wd l="639" t="3255" r="885" b="3333" fs="10">species</wd>
			<wd l="924" t="3255" r="977" b="3316" fs="10">is</wd>
			<wd l="1018" t="3256" r="1154" b="3316" fs="10">also</wd>
			<wd l="1192" t="3256" r="1540" b="3316" fs="10">uncertain.</wd>
			<wd l="1586" t="3256" r="1895" b="3316" fs="10">Dressier</wd>
			<wd l="1932" t="3256" r="2164" b="3332" fs="10">(1993)</wd>
		</ln>
		<ln lx="638" ly="3347" rx="2169" ry="3425">
			<wd l="638" t="3356" r="1057" b="3408" fs="10">enumerates</wd>
			<wd l="1118" t="3349" r="1202" b="3408" fs="10">34</wd>
			<wd l="1263" t="3366" r="1513" b="3425" fs="10">genera</wd>
			<wd l="1570" t="3347" r="1637" b="3407" fs="10">in</wd>
			<wd l="1694" t="3347" r="1805" b="3408" fs="10">the</wd>
			<wd l="1867" t="3347" r="2169" b="3408" fs="10">subtribe</wd>
		</ln>
		<ln lx="638" ly="3439" rx="2172" ry="3500">
			<wd l="638" t="3439" r="999" b="3500" fs="10">Orchidinae</wd>
			<wd l="1018" t="3439" r="1136" b="3500" fs="10">and</wd>
			<wd l="1153" t="3441" r="1228" b="3500" fs="10">23</wd>
			<wd l="1252" t="3439" r="1315" b="3499" fs="10">in</wd>
			<wd l="1330" t="3439" r="1430" b="3500" fs="10">the</wd>
			<wd l="1447" t="3439" r="1905" b="3500" fs="10">Habenariinae.</wd>
			<wd l="1929" t="3439" r="2172" b="3500" fs="10">Several</wd>
		</ln>
		<ln lx="639" ly="3530" rx="2172" ry="3606">
			<wd l="639" t="3530" r="878" b="3590" fs="10">authors</wd>
			<wd l="899" t="3530" r="1148" b="3606" fs="10">(Linder</wd>
			<wd l="1167" t="3531" r="1227" b="3590" fs="10"><![CDATA[&]]></wd>
			<wd l="1249" t="3530" r="1638" b="3590" fs="10">Williamson</wd>
			<wd l="1665" t="3531" r="1840" b="3602" fs="10">1986,</wd>
			<wd l="1862" t="3530" r="2172" b="3590" fs="10">Kurzweil</wd>
		</ln>
		<ln lx="639" ly="3621" rx="2169" ry="3697">
			<wd l="639" t="3622" r="699" b="3681" fs="10"><![CDATA[&]]></wd>
			<wd l="743" t="3621" r="980" b="3681" fs="10">Weber</wd>
			<wd l="1029" t="3622" r="1222" b="3693" fs="10">1991,</wd>
			<wd l="1266" t="3621" r="1576" b="3681" fs="10">Dressier</wd>
			<wd l="1624" t="3621" r="1826" b="3697" fs="10">1993)</wd>
			<wd l="1869" t="3621" r="2169" b="3681" fs="10">mention</wd>
		</ln>
		<ln lx="637" ly="3712" rx="2182" ry="3789">
			<wd l="637" t="3712" r="968" b="3789" fs="10">problems</wd>
			<wd l="1010" t="3712" r="1077" b="3771" fs="10">in</wd>
			<wd l="1115" t="3712" r="1223" b="3773" fs="10">the</wd>
			<wd l="1265" t="3712" r="1530" b="3789" fs="10">generic</wd>
			<wd l="1573" t="3712" r="2059" b="3772" fs="10">classification</wd>
			<wd l="2100" t="3712" r="2182" b="3772" fs="10">of</wd>
		</ln>
		<ln lx="638" ly="3803" rx="2183" ry="3864">
			<wd l="638" t="3803" r="738" b="3864" fs="10">the</wd>
			<wd l="775" t="3803" r="1137" b="3864" fs="10">Orchideae.</wd>
			<wd l="1177" t="3805" r="1350" b="3864" fs="10">Even</wd>
			<wd l="1386" t="3822" r="1422" b="3864" fs="10">a</wd>
			<wd l="1454" t="3803" r="1624" b="3864" fs="10">brief</wd>
			<wd l="1651" t="3803" r="2069" b="3864" fs="10">examination</wd>
			<wd l="2104" t="3803" r="2183" b="3864" fs="10">of</wd>
		</ln>
		<ln lx="638" ly="3894" rx="2174" ry="3972">
			<wd l="638" t="3895" r="748" b="3955" fs="10">the</wd>
			<wd l="816" t="3894" r="1159" b="3955" fs="10">literature</wd>
			<wd l="1226" t="3895" r="1493" b="3955" fs="10">reveals</wd>
			<wd l="1563" t="3895" r="1976" b="3972" fs="10">conflicting</wd>
			<wd l="2044" t="3895" r="2174" b="3955" fs="10">and</wd>
		</ln>
		<ln lx="641" ly="3986" rx="2173" ry="4065">
			<wd l="641" t="3987" r="965" b="4064" fs="10">confusing</wd>
			<wd l="997" t="3987" r="1190" b="4047" fs="10">views</wd>
			<wd l="1226" t="4006" r="1308" b="4048" fs="10">on</wd>
			<wd l="1341" t="3987" r="1584" b="4065" fs="10">generic</wd>
			<wd l="1620" t="3986" r="2020" b="4047" fs="10">delimitation</wd>
			<wd l="2054" t="3986" r="2173" b="4048" fs="10">and</wd>
		</ln>
		<ln lx="641" ly="4078" rx="2173" ry="4156">
			<wd l="641" t="4078" r="1165" b="4139" fs="10">characterisation</wd>
			<wd l="1189" t="4079" r="1320" b="4155" fs="10">(see</wd>
			<wd l="1346" t="4078" r="1442" b="4139" fs="10">for</wd>
			<wd l="1465" t="4078" r="1745" b="4156" fs="10">example</wd>
			<wd l="1768" t="4080" r="1961" b="4139" fs="10">Ames</wd>
			<wd l="1994" t="4079" r="2173" b="4150" fs="10">1910;</wd>
		</ln>
		<ln lx="641" ly="4170" rx="2167" ry="4243">
			<wd l="641" t="4172" r="799" b="4230" fs="10">Luer</wd>
			<wd l="842" t="4172" r="1022" b="4242" fs="10">1975;</wd>
			<wd l="1064" t="4170" r="1486" b="4231" fs="10">Seidenfaden</wd>
			<wd l="1530" t="4172" r="1712" b="4242" fs="10">1977;</wd>
			<wd l="1751" t="4172" r="1943" b="4231" fs="10">Inoue</wd>
			<wd l="1984" t="4171" r="2167" b="4243" fs="10">1983;</wd>
		</ln>
		<ln lx="640" ly="4262" rx="1973" ry="4340">
			<wd l="640" t="4263" r="885" b="4323" fs="10">Yokota</wd>
			<wd l="915" t="4264" r="1092" b="4335" fs="10">1990;</wd>
			<wd l="1120" t="4262" r="1364" b="4340" fs="10">Catling</wd>
			<wd l="1388" t="4263" r="1448" b="4323" fs="10"><![CDATA[&]]></wd>
			<wd l="1478" t="4262" r="1745" b="4323" fs="10">Sheviak</wd>
			<wd l="1771" t="4262" r="1973" b="4339" fs="10">1993).</wd>
		</ln>
		<ln lx="876" ly="4424" rx="2175" ry="4502">
			<wd l="876" t="4424" r="1004" b="4485" fs="10">The</wd>
			<wd l="1039" t="4424" r="1329" b="4502" fs="10">majority</wd>
			<wd l="1366" t="4424" r="1444" b="4485" fs="10">of</wd>
			<wd l="1469" t="4424" r="1571" b="4485" fs="10">the</wd>
			<wd l="1609" t="4443" r="1837" b="4502" fs="10">genera</wd>
			<wd l="1873" t="4424" r="2056" b="4485" fs="10">listed</wd>
			<wd l="2090" t="4424" r="2175" b="4502" fs="10">by</wd>
		</ln>
		<ln lx="641" ly="4513" rx="2175" ry="4590">
			<wd l="641" t="4513" r="927" b="4573" fs="10">Dressier</wd>
			<wd l="963" t="4514" r="1212" b="4589" fs="10">(1993),</wd>
			<wd l="1252" t="4532" r="1353" b="4573" fs="10">are</wd>
			<wd l="1389" t="4532" r="1543" b="4590" fs="10">very</wd>
			<wd l="1581" t="4513" r="1835" b="4573" fs="10">distinct</wd>
			<wd l="1872" t="4513" r="2036" b="4573" fs="10">from</wd>
			<wd l="2071" t="4513" r="2175" b="4573" fs="10">the</wd>
		</ln>
		<ln lx="642" ly="4599" rx="2178" ry="4677">
			<wd l="642" t="4600" r="1033" b="4674" fs="10">Queensland</wd>
			<wd l="1057" t="4608" r="1261" b="4672" fs="10">taxon,</wd>
			<wd l="1291" t="4619" r="1327" b="4660" fs="10">a</wd>
			<wd l="1353" t="4600" r="1714" b="4660" fs="10">conclusion</wd>
			<wd l="1742" t="4599" r="2070" b="4677" fs="10">supported</wd>
			<wd l="2095" t="4599" r="2178" b="4677" fs="10">by</wd>
		</ln>
		<ln lx="642" ly="4687" rx="2179" ry="4764">
			<wd l="642" t="4687" r="1084" b="4747" fs="10">examination</wd>
			<wd l="1125" t="4687" r="1206" b="4747" fs="10">of</wd>
			<wd l="1237" t="4687" r="1368" b="4747" fs="10">line</wd>
			<wd l="1411" t="4687" r="1739" b="4764" fs="10">drawings</wd>
			<wd l="1782" t="4687" r="1908" b="4747" fs="10">and</wd>
			<wd l="1949" t="4687" r="2179" b="4747" fs="10">colour</wd>
		</ln>
		<ln lx="642" ly="4773" rx="2179" ry="4850">
			<wd l="642" t="4773" r="1022" b="4834" fs="10">illustrations</wd>
			<wd l="1041" t="4774" r="1118" b="4834" fs="10">of</wd>
			<wd l="1123" t="4793" r="1447" b="4834" fs="10">numerous</wd>
			<wd l="1463" t="4782" r="1602" b="4834" fs="10">taxa</wd>
			<wd l="1618" t="4773" r="1695" b="4834" fs="10">of</wd>
			<wd l="1702" t="4773" r="2038" b="4834" fs="10">Orchideae</wd>
			<wd l="2056" t="4773" r="2179" b="4850" fs="10">(for</wd>
		</ln>
		<ln lx="643" ly="4860" rx="2179" ry="4938">
			<wd l="643" t="4860" r="919" b="4938" fs="10">example</wd>
			<wd l="937" t="4863" r="1094" b="4921" fs="10">Luer</wd>
			<wd l="1120" t="4862" r="1295" b="4934" fs="10">1972,</wd>
			<wd l="1325" t="4861" r="1527" b="4937" fs="10">1975).</wd>
			<wd l="1548" t="4862" r="1608" b="4920" fs="10">A</wd>
			<wd l="1627" t="4861" r="2015" b="4938" fs="10">comparison</wd>
			<wd l="2031" t="4861" r="2179" b="4921" fs="10">with</wd>
		</ln>
		<ln lx="640" ly="4948" rx="2178" ry="5009">
			<wd l="640" t="4948" r="748" b="5009" fs="10">the</wd>
			<wd l="792" t="4948" r="1164" b="5009" fs="10">Orchidoid</wd>
			<wd l="1207" t="4948" r="1381" b="5009" fs="10">flora</wd>
			<wd l="1423" t="4948" r="1505" b="5009" fs="10">of</wd>
			<wd l="1534" t="4951" r="1703" b="5009" fs="10">New</wd>
			<wd l="1746" t="4948" r="2009" b="5009" fs="10">Guinea</wd>
			<wd l="2051" t="4948" r="2178" b="5009" fs="10">and</wd>
		</ln>
		<ln lx="642" ly="5039" rx="2170" ry="5117">
			<wd l="642" t="5039" r="1015" b="5111" fs="10">Indonesia,</wd>
			<wd l="1058" t="5039" r="1276" b="5100" fs="10">where</wd>
			<wd l="1317" t="5039" r="1424" b="5100" fs="10">the</wd>
			<wd l="1467" t="5058" r="1709" b="5117" fs="10">genera</wd>
			<wd l="1752" t="5039" r="2149" b="5100" fs="10">Habenaria</wd>
			<wd l="2157" t="5088" r="2170" b="5112" fs="10">,</wd>
		</ln>
		<ln lx="639" ly="5130" rx="2171" ry="5209">
			<wd l="639" t="5131" r="981" b="5208" fs="10">Peristylus</wd>
			<wd l="1016" t="5131" r="1131" b="5192" fs="10">and</wd>
			<wd l="1171" t="5131" r="1583" b="5192" fs="10">Platanthera</wd>
			<wd l="1620" t="5150" r="1720" b="5191" fs="10">are</wd>
			<wd l="1755" t="5130" r="2171" b="5209" fs="10">represented,</wd>
		</ln>
		<ln lx="641" ly="5223" rx="1855" ry="5301">
			<wd l="641" t="5223" r="927" b="5300" fs="10">provides</wd>
			<wd l="950" t="5242" r="1032" b="5283" fs="10">no</wd>
			<wd l="1059" t="5223" r="1326" b="5284" fs="10">solution</wd>
			<wd l="1348" t="5231" r="1412" b="5284" fs="10">to</wd>
			<wd l="1435" t="5223" r="1536" b="5284" fs="10">the</wd>
			<wd l="1560" t="5223" r="1855" b="5301" fs="10">problem.</wd>
		</ln>
		<ln lx="879" ly="5385" rx="2178" ry="5463">
			<wd l="879" t="5385" r="1216" b="5463" fs="10">Emphasis</wd>
			<wd l="1254" t="5386" r="1368" b="5446" fs="10">has</wd>
			<wd l="1407" t="5386" r="1572" b="5446" fs="10">been</wd>
			<wd l="1608" t="5386" r="1838" b="5463" fs="10">placed</wd>
			<wd l="1874" t="5385" r="1960" b="5463" fs="10">by</wd>
			<wd l="2000" t="5405" r="2178" b="5446" fs="10">some</wd>
		</ln>
		<ln lx="645" ly="5477" rx="2182" ry="5554">
			<wd l="645" t="5477" r="885" b="5537" fs="10">authors</wd>
			<wd l="905" t="5496" r="987" b="5537" fs="10">on</wd>
			<wd l="1002" t="5477" r="1103" b="5537" fs="10">the</wd>
			<wd l="1124" t="5477" r="1309" b="5554" fs="10">shape</wd>
			<wd l="1329" t="5477" r="1448" b="5537" fs="10">and</wd>
			<wd l="1466" t="5477" r="1827" b="5537" fs="10">orientation</wd>
			<wd l="1845" t="5477" r="1922" b="5537" fs="10">of</wd>
			<wd l="1928" t="5477" r="2028" b="5537" fs="10">the</wd>
			<wd l="2046" t="5485" r="2182" b="5537" fs="10">root</wd>
		</ln>
	</region>
	<region article-doi="10.2307/41729920" region-id="3">
		<rc l="2300" t="2700" r="3854" b="5518"/>
		<ln lx="2305" ly="2705" rx="3837" ry="2782">
			<wd l="2305" t="2705" r="2506" b="2765" fs="10">tubers</wd>
			<wd l="2526" t="2706" r="2655" b="2781" fs="10">(see</wd>
			<wd l="2675" t="2705" r="2770" b="2765" fs="10">for</wd>
			<wd l="2787" t="2705" r="3064" b="2782" fs="10">example</wd>
			<wd l="3082" t="2708" r="3269" b="2765" fs="10">Inoue</wd>
			<wd l="3296" t="2705" r="3498" b="2780" fs="10">1983),</wd>
			<wd l="3516" t="2705" r="3623" b="2764" fs="10">but</wd>
			<wd l="3640" t="2724" r="3676" b="2764" fs="10">a</wd>
			<wd l="3693" t="2724" r="3837" b="2764" fs="10">scan</wd>
		</ln>
		<ln lx="2306" ly="2795" rx="3839" ry="2873">
			<wd l="2306" t="2796" r="2579" b="2873" fs="10">through</wd>
			<wd l="2613" t="2797" r="2718" b="2856" fs="10">the</wd>
			<wd l="2759" t="2796" r="3073" b="2856" fs="10">literature</wd>
			<wd l="3112" t="2796" r="3234" b="2856" fs="10">and</wd>
			<wd l="3272" t="2796" r="3647" b="2872" fs="10">experience</wd>
			<wd l="3685" t="2795" r="3839" b="2855" fs="10">with</wd>
		</ln>
		<ln lx="2306" ly="2886" rx="3846" ry="2964">
			<wd l="2306" t="2887" r="2702" b="2948" fs="10">Australian</wd>
			<wd l="2748" t="2887" r="2877" b="2948" fs="10">and</wd>
			<wd l="2919" t="2889" r="3090" b="2948" fs="10">New</wd>
			<wd l="3136" t="2887" r="3403" b="2947" fs="10">Guinea</wd>
			<wd l="3449" t="2887" r="3716" b="2964" fs="10">species</wd>
			<wd l="3764" t="2886" r="3846" b="2947" fs="10">of</wd>
		</ln>
		<ln lx="2307" ly="2977" rx="3837" ry="3052">
			<wd l="2307" t="2979" r="2810" b="3052" fs="10">Habenariinae,</wd>
			<wd l="2854" t="2978" r="3072" b="3040" fs="10">shows</wd>
			<wd l="3112" t="2978" r="3240" b="3039" fs="10">this</wd>
			<wd l="3283" t="2977" r="3613" b="3039" fs="10">character</wd>
			<wd l="3651" t="2986" r="3717" b="3038" fs="10">to</wd>
			<wd l="3757" t="2977" r="3837" b="3038" fs="10">be</wd>
		</ln>
		<ln lx="2309" ly="3070" rx="3837" ry="3149">
			<wd l="2309" t="3071" r="2641" b="3149" fs="10">extremely</wd>
			<wd l="2670" t="3071" r="2939" b="3132" fs="10">variable</wd>
			<wd l="2973" t="3071" r="3092" b="3132" fs="10">and</wd>
			<wd l="3123" t="3071" r="3201" b="3132" fs="10">of</wd>
			<wd l="3223" t="3070" r="3456" b="3131" fs="10">limited</wd>
			<wd l="3485" t="3070" r="3837" b="3131" fs="10">taxonomie</wd>
		</ln>
		<ln lx="2310" ly="3162" rx="3839" ry="3241">
			<wd l="2310" t="3163" r="2696" b="3241" fs="10">application.</wd>
			<wd l="2723" t="3164" r="2907" b="3224" fs="10">Some</wd>
			<wd l="2929" t="3163" r="3006" b="3224" fs="10">of</wd>
			<wd l="3014" t="3163" r="3115" b="3224" fs="10">the</wd>
			<wd l="3137" t="3163" r="3472" b="3223" fs="10">characters</wd>
			<wd l="3494" t="3162" r="3571" b="3223" fs="10">of</wd>
			<wd l="3580" t="3162" r="3680" b="3223" fs="10">the</wd>
			<wd l="3700" t="3181" r="3839" b="3223" fs="10">new</wd>
		</ln>
		<ln lx="2307" ly="3254" rx="3840" ry="3333">
			<wd l="2307" t="3263" r="2512" b="3327" fs="10">taxon,</wd>
			<wd l="2546" t="3255" r="2609" b="3315" fs="10">in</wd>
			<wd l="2637" t="3254" r="2960" b="3333" fs="10">particular</wd>
			<wd l="2987" t="3254" r="3088" b="3315" fs="10">the</wd>
			<wd l="3121" t="3254" r="3444" b="3332" fs="10">elongated</wd>
			<wd l="3473" t="3262" r="3609" b="3315" fs="10">root</wd>
			<wd l="3637" t="3254" r="3840" b="3314" fs="10">tubers</wd>
		</ln>
		<ln lx="2310" ly="3346" rx="3839" ry="3423">
			<wd l="2310" t="3346" r="2429" b="3407" fs="10">and</wd>
			<wd l="2449" t="3346" r="2786" b="3407" fs="10">undivided</wd>
			<wd l="2810" t="3346" r="3117" b="3419" fs="10">labellum,</wd>
			<wd l="3143" t="3365" r="3241" b="3407" fs="10">are</wd>
			<wd l="3266" t="3346" r="3494" b="3406" fs="10">similar</wd>
			<wd l="3513" t="3354" r="3577" b="3406" fs="10">to</wd>
			<wd l="3602" t="3346" r="3839" b="3423" fs="10">species</wd>
		</ln>
		<ln lx="2310" ly="3438" rx="3836" ry="3516">
			<wd l="2310" t="3439" r="2374" b="3498" fs="10">in</wd>
			<wd l="2410" t="3458" r="2583" b="3499" fs="10">some</wd>
			<wd l="2620" t="3439" r="2889" b="3499" fs="10">sections</wd>
			<wd l="2926" t="3438" r="3004" b="3499" fs="10">of</wd>
			<wd l="3027" t="3439" r="3128" b="3499" fs="10">the</wd>
			<wd l="3165" t="3457" r="3390" b="3516" fs="10">genera</wd>
			<wd l="3426" t="3438" r="3836" b="3498" fs="10">Platanthera</wd>
		</ln>
		<ln lx="2311" ly="3529" rx="3835" ry="3607">
			<wd l="2311" t="3530" r="2559" b="3607" fs="10">(Ogura</wd>
			<wd l="2604" t="3531" r="2791" b="3601" fs="10">1953;</wd>
			<wd l="2832" t="3532" r="3030" b="3590" fs="10">Inoue</wd>
			<wd l="3077" t="3530" r="3271" b="3605" fs="10">1983)</wd>
			<wd l="3311" t="3529" r="3434" b="3589" fs="10">and</wd>
			<wd l="3475" t="3529" r="3835" b="3605" fs="10">Peristylus</wd>
		</ln>
		<ln lx="2312" ly="3620" rx="3837" ry="3697">
			<wd l="2312" t="3620" r="2751" b="3696" fs="10">(Seidenfaden</wd>
			<wd l="2789" t="3621" r="2992" b="3696" fs="10">1977).</wd>
			<wd l="3027" t="3623" r="3095" b="3680" fs="10">In</wd>
			<wd l="3123" t="3620" r="3272" b="3681" fs="10">both</wd>
			<wd l="3303" t="3620" r="3379" b="3680" fs="10">of</wd>
			<wd l="3398" t="3620" r="3567" b="3680" fs="10">these</wd>
			<wd l="3599" t="3639" r="3837" b="3697" fs="10">genera,</wd>
		</ln>
		<ln lx="2310" ly="3711" rx="3753" ry="3788">
			<wd l="2310" t="3712" r="2617" b="3783" fs="10">however,</wd>
			<wd l="2642" t="3711" r="2742" b="3772" fs="10">the</wd>
			<wd l="2769" t="3712" r="3016" b="3772" fs="10">flowers</wd>
			<wd l="3040" t="3712" r="3197" b="3772" fs="10">have</wd>
			<wd l="3223" t="3731" r="3259" b="3771" fs="10">a</wd>
			<wd l="3282" t="3711" r="3570" b="3771" fs="10">labellum</wd>
			<wd l="3596" t="3730" r="3753" b="3788" fs="10">spur.</wd>
		</ln>
		<ln lx="2549" ly="3873" rx="3841" ry="3948">
			<wd l="2549" t="3874" r="2717" b="3934" fs="10">Thus</wd>
			<wd l="2752" t="3873" r="2855" b="3934" fs="10">the</wd>
			<wd l="2891" t="3893" r="3033" b="3934" fs="10">new</wd>
			<wd l="3069" t="3873" r="3472" b="3948" fs="10">Queensland</wd>
			<wd l="3506" t="3881" r="3696" b="3933" fs="10">taxon</wd>
			<wd l="3729" t="3873" r="3841" b="3933" fs="10">has</wd>
		</ln>
		<ln lx="2311" ly="3964" rx="3841" ry="4043">
			<wd l="2311" t="3965" r="2620" b="4026" fs="10">uncertain</wd>
			<wd l="2637" t="3965" r="2879" b="4043" fs="10">generic</wd>
			<wd l="2899" t="3965" r="3017" b="4026" fs="10">and</wd>
			<wd l="3036" t="3964" r="3322" b="4026" fs="10">subtribal</wd>
			<wd l="3338" t="3964" r="3694" b="4042" fs="10">placement.</wd>
			<wd l="3716" t="3964" r="3841" b="4025" fs="10">The</wd>
		</ln>
		<ln lx="2314" ly="4056" rx="3844" ry="4134">
			<wd l="2314" t="4057" r="2557" b="4134" fs="10">options</wd>
			<wd l="2579" t="4076" r="2677" b="4117" fs="10">are</wd>
			<wd l="2697" t="4065" r="2761" b="4117" fs="10">to</wd>
			<wd l="2783" t="4057" r="3179" b="4117" fs="10">accomodate</wd>
			<wd l="3201" t="4056" r="3246" b="4117" fs="10">it</wd>
			<wd l="3265" t="4057" r="3328" b="4116" fs="10">in</wd>
			<wd l="3349" t="4075" r="3385" b="4116" fs="10">a</wd>
			<wd l="3402" t="4075" r="3541" b="4117" fs="10">new</wd>
			<wd l="3561" t="4075" r="3753" b="4133" fs="10">genus</wd>
			<wd l="3776" t="4075" r="3844" b="4116" fs="10">or</wd>
		</ln>
		<ln lx="2311" ly="4148" rx="3843" ry="4227">
			<wd l="2311" t="4157" r="2374" b="4210" fs="10">to</wd>
			<wd l="2394" t="4149" r="2569" b="4227" fs="10">place</wd>
			<wd l="2589" t="4149" r="2633" b="4209" fs="10">it</wd>
			<wd l="2652" t="4149" r="2716" b="4209" fs="10">in</wd>
			<wd l="2735" t="4168" r="2812" b="4209" fs="10">an</wd>
			<wd l="2831" t="4149" r="3095" b="4226" fs="10">existing</wd>
			<wd l="3114" t="4168" r="3306" b="4226" fs="10">genus</wd>
			<wd l="3327" t="4148" r="3390" b="4208" fs="10">in</wd>
			<wd l="3407" t="4148" r="3612" b="4209" fs="10">which</wd>
			<wd l="3631" t="4148" r="3675" b="4209" fs="10">it</wd>
			<wd l="3694" t="4148" r="3843" b="4209" fs="10">does</wd>
		</ln>
		<ln lx="2312" ly="4239" rx="3840" ry="4317">
			<wd l="2312" t="4249" r="2430" b="4301" fs="10">not</wd>
			<wd l="2476" t="4241" r="2562" b="4301" fs="10">sit</wd>
			<wd l="2607" t="4241" r="3089" b="4317" fs="10">comfortably.</wd>
			<wd l="3139" t="4240" r="3479" b="4317" fs="10">Opinions</wd>
			<wd l="3526" t="4259" r="3596" b="4300" fs="10">as</wd>
			<wd l="3641" t="4248" r="3709" b="4300" fs="10">to</wd>
			<wd l="3755" t="4239" r="3840" b="4300" fs="10">its</wd>
		</ln>
		<ln lx="2312" ly="4330" rx="3845" ry="4409">
			<wd l="2312" t="4332" r="2657" b="4409" fs="10">placement</wd>
			<wd l="2678" t="4351" r="2776" b="4393" fs="10">are</wd>
			<wd l="2799" t="4331" r="3050" b="4393" fs="10">divided</wd>
			<wd l="3071" t="4331" r="3292" b="4409" fs="10">evenly</wd>
			<wd l="3313" t="4351" r="3537" b="4409" fs="10">among</wd>
			<wd l="3557" t="4330" r="3658" b="4391" fs="10">the</wd>
			<wd l="3680" t="4330" r="3845" b="4409" fs="10">eight</wd>
		</ln>
		<ln lx="2315" ly="4423" rx="3841" ry="4501">
			<wd l="2315" t="4424" r="2527" b="4485" fs="10">orchid</wd>
			<wd l="2551" t="4423" r="2890" b="4501" fs="10">specialists</wd>
			<wd l="2913" t="4423" r="3056" b="4484" fs="10">who</wd>
			<wd l="3079" t="4423" r="3235" b="4484" fs="10">have</wd>
			<wd l="3258" t="4423" r="3401" b="4484" fs="10">read</wd>
			<wd l="3424" t="4423" r="3610" b="4484" fs="10">drafts</wd>
			<wd l="3635" t="4423" r="3712" b="4483" fs="10">of</wd>
			<wd l="3723" t="4423" r="3841" b="4483" fs="10">this</wd>
		</ln>
		<ln lx="2313" ly="4514" rx="3843" ry="4593">
			<wd l="2313" t="4535" r="2516" b="4593" fs="10">paper.</wd>
			<wd l="2538" t="4515" r="2855" b="4592" fs="10">Although</wd>
			<wd l="2875" t="4535" r="2911" b="4576" fs="10">a</wd>
			<wd l="2919" t="4515" r="3280" b="4593" fs="10">judgement</wd>
			<wd l="3299" t="4534" r="3381" b="4575" fs="10">on</wd>
			<wd l="3400" t="4514" r="3474" b="4575" fs="10">its</wd>
			<wd l="3492" t="4514" r="3843" b="4575" fs="10">taxonomie</wd>
		</ln>
		<ln lx="2314" ly="4605" rx="3844" ry="4684">
			<wd l="2314" t="4606" r="2660" b="4684" fs="10">placement</wd>
			<wd l="2694" t="4606" r="2746" b="4666" fs="10">is</wd>
			<wd l="2780" t="4606" r="3076" b="4667" fs="10">hindered</wd>
			<wd l="3109" t="4606" r="3192" b="4683" fs="10">by</wd>
			<wd l="3227" t="4606" r="3302" b="4666" fs="10">its</wd>
			<wd l="3336" t="4605" r="3597" b="4666" fs="10">unusual</wd>
			<wd l="3634" t="4605" r="3844" b="4665" fs="10">sexual</wd>
		</ln>
		<ln lx="2316" ly="4697" rx="3842" ry="4758">
			<wd l="2316" t="4698" r="2605" b="4758" fs="10">elements</wd>
			<wd l="2624" t="4698" r="2742" b="4758" fs="10">and</wd>
			<wd l="2757" t="4698" r="2857" b="4758" fs="10">the</wd>
			<wd l="2873" t="4697" r="3221" b="4758" fs="10">taxonomie</wd>
			<wd l="3240" t="4697" r="3358" b="4757" fs="10">and</wd>
			<wd l="3373" t="4697" r="3842" b="4757" fs="10">nomenclatural</wd>
		</ln>
		<ln lx="2317" ly="4788" rx="3844" ry="4860">
			<wd l="2317" t="4789" r="2639" b="4849" fs="10">confusion</wd>
			<wd l="2653" t="4789" r="2776" b="4849" fs="10">that</wd>
			<wd l="2792" t="4789" r="2974" b="4849" fs="10">exists</wd>
			<wd l="2990" t="4788" r="3200" b="4849" fs="10">within</wd>
			<wd l="3213" t="4788" r="3311" b="4849" fs="10">the</wd>
			<wd l="3327" t="4788" r="3475" b="4848" fs="10">tribe</wd>
			<wd l="3493" t="4788" r="3844" b="4860" fs="10">Orchideae,</wd>
		</ln>
		<ln lx="2317" ly="4879" rx="3847" ry="4956">
			<wd l="2317" t="4880" r="2394" b="4940" fs="10">its</wd>
			<wd l="2432" t="4879" r="2594" b="4940" fs="10">local</wd>
			<wd l="2632" t="4879" r="2996" b="4940" fs="10">abundance</wd>
			<wd l="3034" t="4879" r="3155" b="4940" fs="10">and</wd>
			<wd l="3189" t="4879" r="3445" b="4939" fs="10">relative</wd>
			<wd l="3480" t="4879" r="3847" b="4956" fs="10">uniformity</wd>
		</ln>
		<ln lx="2319" ly="4971" rx="3846" ry="5049">
			<wd l="2319" t="4972" r="2524" b="5033" fs="10">shows</wd>
			<wd l="2545" t="4971" r="2672" b="5032" fs="10">that</wd>
			<wd l="2693" t="4972" r="2738" b="5032" fs="10">it</wd>
			<wd l="2759" t="4972" r="2811" b="5032" fs="10">is</wd>
			<wd l="2836" t="4991" r="2912" b="5032" fs="10">an</wd>
			<wd l="2935" t="4971" r="3266" b="5049" fs="10">extremely</wd>
			<wd l="3288" t="4971" r="3639" b="5048" fs="10">interesting</wd>
			<wd l="3660" t="4979" r="3846" b="5032" fs="10">taxon</wd>
		</ln>
		<ln lx="2316" ly="5062" rx="3841" ry="5141">
			<wd l="2316" t="5064" r="2569" b="5141" fs="10">worthy</wd>
			<wd l="2611" t="5064" r="2692" b="5124" fs="10">of</wd>
			<wd l="2720" t="5063" r="3136" b="5141" fs="10">recognition</wd>
			<wd l="3176" t="5063" r="3301" b="5124" fs="10">and</wd>
			<wd l="3342" t="5063" r="3589" b="5124" fs="10">further</wd>
			<wd l="3630" t="5062" r="3841" b="5140" fs="10">study.</wd>
		</ln>
		<ln lx="2317" ly="5154" rx="3849" ry="5233">
			<wd l="2317" t="5158" r="2594" b="5217" fs="10">Because</wd>
			<wd l="2627" t="5158" r="2651" b="5215" fs="10">I</wd>
			<wd l="2685" t="5164" r="2907" b="5216" fs="10">cannot</wd>
			<wd l="2936" t="5155" r="3241" b="5216" fs="10">reconcile</wd>
			<wd l="3272" t="5154" r="3373" b="5215" fs="10">the</wd>
			<wd l="3406" t="5154" r="3650" b="5233" fs="10">general</wd>
			<wd l="3681" t="5154" r="3849" b="5215" fs="10">habit</wd>
		</ln>
		<ln lx="2319" ly="5247" rx="3848" ry="5325">
			<wd l="2319" t="5248" r="2396" b="5308" fs="10">of</wd>
			<wd l="2407" t="5248" r="2507" b="5309" fs="10">the</wd>
			<wd l="2529" t="5247" r="2697" b="5325" fs="10">plant</wd>
			<wd l="2719" t="5247" r="2838" b="5308" fs="10">and</wd>
			<wd l="2860" t="5248" r="2934" b="5308" fs="10">its</wd>
			<wd l="2956" t="5247" r="3216" b="5308" fs="10">unusual</wd>
			<wd l="3240" t="5247" r="3417" b="5307" fs="10">floral</wd>
			<wd l="3439" t="5247" r="3848" b="5325" fs="10">morphology</wd>
		</ln>
		<ln lx="2318" ly="5338" rx="3847" ry="5417">
			<wd l="2318" t="5339" r="2473" b="5400" fs="10">with</wd>
			<wd l="2511" t="5359" r="2633" b="5416" fs="10">any</wd>
			<wd l="2671" t="5339" r="2908" b="5400" fs="10">known</wd>
			<wd l="2945" t="5358" r="3168" b="5417" fs="10">genus,</wd>
			<wd l="3210" t="5341" r="3234" b="5398" fs="10">I</wd>
			<wd l="3271" t="5339" r="3435" b="5399" fs="10">have</wd>
			<wd l="3475" t="5338" r="3746" b="5399" fs="10">decided</wd>
			<wd l="3782" t="5347" r="3847" b="5398" fs="10">to</wd>
		</ln>
		<ln lx="2317" ly="5436" rx="3256" ry="5513">
			<wd l="2317" t="5436" r="2642" b="5513" fs="10">recognize</wd>
			<wd l="2667" t="5436" r="2712" b="5496" fs="10">it</wd>
			<wd l="2735" t="5455" r="2800" b="5496" fs="10">as</wd>
			<wd l="2826" t="5455" r="2861" b="5496" fs="10">a</wd>
			<wd l="2882" t="5455" r="3021" b="5496" fs="10">new</wd>
			<wd l="3045" t="5455" r="3256" b="5513" fs="10">genus.</wd>
		</ln>
	</region>
</ocr-page>
