<?xml version="1.0" encoding="UTF-8"?>
<ocr-page type="coords" ocr-vers="1.0" creation-date="20130321" res="600" height="6300" width="4500">
	<region article-doi="10.2307/41729913" region-id="0">
		<rc l="628" t="730" r="3852" b="805"/>
		<ln lx="633" ly="735" rx="3847" ry="800">
			<wd l="633" t="738" r="794" b="797" fs="10">Snow,</wd>
			<wd l="815" t="737" r="1161" b="800" fs="10">Phylogenetic</wd>
			<wd l="1184" t="737" r="1373" b="800" fs="10">species</wd>
			<wd l="1395" t="743" r="1601" b="799" fs="10">concept</wd>
			<wd l="3819" t="735" r="3847" b="782" fs="10">7</wd>
		</ln>
	</region>
	<region article-doi="10.2307/41729913" region-id="1">
		<rc l="632" t="851" r="2183" b="1151"/>
		<ln lx="637" ly="856" rx="2178" ry="919">
			<wd l="637" t="860" r="927" b="917" fs="10">Donoghue,</wd>
			<wd l="943" t="859" r="1001" b="906" fs="10">M</wd>
			<wd l="1006" t="859" r="1057" b="906" fs="10">J.</wd>
			<wd l="1082" t="859" r="1098" b="906" fs="10">1</wd>
			<wd l="1110" t="858" r="1221" b="906" fs="10">985.</wd>
			<wd l="1238" t="859" r="1285" b="905" fs="10">A</wd>
			<wd l="1301" t="857" r="1502" b="919" fs="10">critique</wd>
			<wd l="1519" t="857" r="1595" b="906" fs="10">for</wd>
			<wd l="1608" t="857" r="1688" b="906" fs="10">the</wd>
			<wd l="1704" t="857" r="1971" b="919" fs="10">biological</wd>
			<wd l="1989" t="856" r="2178" b="918" fs="10">species</wd>
		</ln>
		<ln lx="826" ly="932" rx="2147" ry="996">
			<wd l="826" t="941" r="1031" b="996" fs="10">concept</wd>
			<wd l="1052" t="934" r="1145" b="982" fs="10">and</wd>
			<wd l="1165" t="933" r="1637" b="982" fs="10">recommendations</wd>
			<wd l="1659" t="933" r="1735" b="982" fs="10">for</wd>
			<wd l="1755" t="948" r="1783" b="981" fs="10">a</wd>
			<wd l="1801" t="932" r="2147" b="994" fs="10">phylogenetic</wd>
		</ln>
		<ln lx="826" ly="1009" rx="1122" ry="1058">
			<wd l="826" t="1009" r="1122" b="1058" fs="10">alternative.</wd>
		</ln>
		<ln lx="829" ly="1084" rx="1584" ry="1146">
			<wd l="829" t="1085" r="923" b="1133" fs="10">The</wd>
			<wd l="939" t="1084" r="1220" b="1146" fs="10">Bryologist</wd>
			<wd l="1238" t="1085" r="1316" b="1133" fs="10">88:</wd>
			<wd l="1345" t="1085" r="1472" b="1132" fs="10">172-</wd>
			<wd l="1479" t="1085" r="1584" b="1132" fs="10">181.</wd>
		</ln>
	</region>
	<region article-doi="10.2307/41729913" region-id="2">
		<rc l="633" t="1229" r="2184" b="1453"/>
		<ln lx="638" ly="1234" rx="2179" ry="1296">
			<wd l="638" t="1238" r="821" b="1294" fs="10">Doyle,</wd>
			<wd l="843" t="1238" r="922" b="1284" fs="10">J.J.</wd>
			<wd l="951" t="1237" r="1090" b="1284" fs="10">1995.</wd>
			<wd l="1113" t="1236" r="1213" b="1284" fs="10">The</wd>
			<wd l="1235" t="1236" r="1528" b="1284" fs="10">irrelevance</wd>
			<wd l="1549" t="1235" r="1610" b="1283" fs="10">of</wd>
			<wd l="1622" t="1235" r="1764" b="1283" fs="10">allele</wd>
			<wd l="1783" t="1242" r="1881" b="1283" fs="10">tree</wd>
			<wd l="1900" t="1234" r="2179" b="1296" fs="10">topologies</wd>
		</ln>
		<ln lx="827" ly="1309" rx="2177" ry="1373">
			<wd l="827" t="1311" r="905" b="1360" fs="10">for</wd>
			<wd l="936" t="1311" r="1133" b="1373" fs="10">species</wd>
			<wd l="1164" t="1310" r="1515" b="1369" fs="10">delimitation,</wd>
			<wd l="1549" t="1310" r="1646" b="1359" fs="10">and</wd>
			<wd l="1677" t="1326" r="1705" b="1359" fs="10">a</wd>
			<wd l="1733" t="1309" r="2177" b="1372" fs="10">non-topological</wd>
		</ln>
		<ln lx="827" ly="1387" rx="2004" ry="1448">
			<wd l="827" t="1387" r="1117" b="1435" fs="10">alternative.</wd>
			<wd l="1139" t="1388" r="1425" b="1448" fs="10">Systematic</wd>
			<wd l="1443" t="1388" r="1634" b="1447" fs="10">Botany</wd>
			<wd l="1653" t="1387" r="1732" b="1434" fs="10">20:</wd>
			<wd l="1759" t="1387" r="2004" b="1434" fs="10">574-588.</wd>
		</ln>
	</region>
	<region article-doi="10.2307/41729913" region-id="3">
		<rc l="633" t="1526" r="2185" b="1675"/>
		<ln lx="638" ly="1531" rx="2180" ry="1594">
			<wd l="638" t="1535" r="717" b="1581" fs="10">Du</wd>
			<wd l="736" t="1535" r="893" b="1592" fs="10">Rietz,</wd>
			<wd l="915" t="1534" r="1030" b="1582" fs="10">O.E.</wd>
			<wd l="1059" t="1533" r="1198" b="1581" fs="10">1930.</wd>
			<wd l="1220" t="1533" r="1321" b="1581" fs="10">The</wd>
			<wd l="1342" t="1532" r="1672" b="1581" fs="10">fundamental</wd>
			<wd l="1691" t="1532" r="1820" b="1581" fs="10">units</wd>
			<wd l="1841" t="1532" r="1903" b="1581" fs="10">of</wd>
			<wd l="1913" t="1531" r="2180" b="1594" fs="10">biological</wd>
		</ln>
		<ln lx="826" ly="1608" rx="2172" ry="1670">
			<wd l="826" t="1616" r="1105" b="1670" fs="10">taxonomy.</wd>
			<wd l="1126" t="1608" r="1310" b="1657" fs="10">Svensk</wd>
			<wd l="1324" t="1608" r="1562" b="1656" fs="10">Botanisk</wd>
			<wd l="1582" t="1608" r="1806" b="1669" fs="10">Tidskrift</wd>
			<wd l="1821" t="1609" r="1901" b="1656" fs="10">24:</wd>
			<wd l="1926" t="1608" r="2172" b="1656" fs="10">333-428.</wd>
		</ln>
	</region>
	<region article-doi="10.2307/41729913" region-id="4">
		<rc l="634" t="1749" r="2193" b="2049"/>
		<ln lx="639" ly="1754" rx="2182" ry="1817">
			<wd l="639" t="1757" r="936" b="1814" fs="10">Estabrook,</wd>
			<wd l="953" t="1756" r="1010" b="1804" fs="10">G.</wd>
			<wd l="1025" t="1757" r="1074" b="1804" fs="10">F.</wd>
			<wd l="1097" t="1756" r="1233" b="1804" fs="10">1972.</wd>
			<wd l="1250" t="1755" r="1479" b="1804" fs="10">Cladistic</wd>
			<wd l="1492" t="1754" r="1852" b="1817" fs="10">methodology:</wd>
			<wd l="1870" t="1770" r="1897" b="1803" fs="10">a</wd>
			<wd l="1910" t="1754" r="2182" b="1803" fs="10">discussion</wd>
		</ln>
		<ln lx="828" ly="1830" rx="2188" ry="1880">
			<wd l="828" t="1831" r="892" b="1880" fs="10">of</wd>
			<wd l="918" t="1831" r="1004" b="1880" fs="10">the</wd>
			<wd l="1038" t="1831" r="1353" b="1880" fs="10">theoretical</wd>
			<wd l="1387" t="1831" r="1533" b="1879" fs="10">basis</wd>
			<wd l="1570" t="1831" r="1653" b="1879" fs="10">for</wd>
			<wd l="1685" t="1831" r="1772" b="1879" fs="10">the</wd>
			<wd l="1809" t="1830" r="2088" b="1879" fs="10">induction</wd>
			<wd l="2124" t="1830" r="2188" b="1879" fs="10">of</wd>
		</ln>
		<ln lx="828" ly="1906" rx="2185" ry="1968">
			<wd l="828" t="1906" r="1160" b="1968" fs="10">evolutionary</wd>
			<wd l="1175" t="1906" r="1371" b="1968" fs="10">history.</wd>
			<wd l="1379" t="1906" r="1574" b="1954" fs="10">Annual</wd>
			<wd l="1583" t="1908" r="1775" b="1954" fs="10">Review</wd>
			<wd l="1789" t="1906" r="1853" b="1967" fs="10">of</wd>
			<wd l="1850" t="1906" r="2069" b="1967" fs="10">Ecology</wd>
			<wd l="2082" t="1906" r="2185" b="1954" fs="10">and</wd>
		</ln>
		<ln lx="826" ly="1983" rx="1470" ry="2044">
			<wd l="826" t="1983" r="1136" b="2044" fs="10">Systematics</wd>
			<wd l="1156" t="1983" r="1201" b="2031" fs="10">3:</wd>
			<wd l="1224" t="1983" r="1470" b="2030" fs="10">427-456.</wd>
		</ln>
	</region>
	<region article-doi="10.2307/41729913" region-id="5">
		<rc l="636" t="2124" r="2183" b="2271"/>
		<ln lx="641" ly="2129" rx="2178" ry="2190">
			<wd l="641" t="2130" r="829" b="2187" fs="10">Gould,</wd>
			<wd l="852" t="2131" r="979" b="2177" fs="10">F.W.</wd>
			<wd l="1011" t="2130" r="1149" b="2177" fs="10">1975.</wd>
			<wd l="1181" t="2129" r="1276" b="2177" fs="10">The</wd>
			<wd l="1300" t="2130" r="1512" b="2177" fs="10">Grasses</wd>
			<wd l="1534" t="2129" r="1599" b="2190" fs="10">of</wd>
			<wd l="1611" t="2130" r="1772" b="2177" fs="10">Texas.</wd>
			<wd l="1799" t="2130" r="1956" b="2177" fs="10">Texas</wd>
			<wd l="1979" t="2130" r="2026" b="2176" fs="10">A</wd>
			<wd l="2049" t="2129" r="2097" b="2177" fs="10"><![CDATA[&]]></wd>
			<wd l="2121" t="2130" r="2178" b="2176" fs="10">M</wd>
		</ln>
		<ln lx="827" ly="2204" rx="1734" ry="2266">
			<wd l="827" t="2204" r="1106" b="2266" fs="10">University</wd>
			<wd l="1128" t="2206" r="1281" b="2262" fs="10">Press,</wd>
			<wd l="1306" t="2204" r="1510" b="2266" fs="10">College</wd>
			<wd l="1535" t="2204" r="1734" b="2252" fs="10">Station.</wd>
		</ln>
	</region>
	<region article-doi="10.2307/41729913" region-id="6">
		<rc l="636" t="2345" r="2187" b="2555"/>
		<ln lx="641" ly="2350" rx="2177" ry="2412">
			<wd l="641" t="2352" r="828" b="2409" fs="10">Gould,</wd>
			<wd l="849" t="2352" r="938" b="2399" fs="10">S.J.</wd>
			<wd l="958" t="2352" r="1005" b="2400" fs="10"><![CDATA[&]]></wd>
			<wd l="1024" t="2353" r="1285" b="2409" fs="10">Johnston,</wd>
			<wd l="1303" t="2352" r="1413" b="2399" fs="10">R.F.</wd>
			<wd l="1439" t="2351" r="1579" b="2399" fs="10">1972.</wd>
			<wd l="1600" t="2350" r="1909" b="2412" fs="10">Geographic</wd>
			<wd l="1927" t="2350" r="2177" b="2399" fs="10">variation.</wd>
		</ln>
		<ln lx="824" ly="2426" rx="2182" ry="2488">
			<wd l="824" t="2426" r="1040" b="2474" fs="10">Annual</wd>
			<wd l="1072" t="2428" r="1285" b="2474" fs="10">Review</wd>
			<wd l="1321" t="2426" r="1389" b="2488" fs="10">of</wd>
			<wd l="1408" t="2426" r="1653" b="2488" fs="10">Ecology</wd>
			<wd l="1688" t="2426" r="1800" b="2474" fs="10">and</wd>
			<wd l="1829" t="2427" r="2182" b="2487" fs="10">Systematics</wd>
		</ln>
		<ln lx="829" ly="2503" rx="1140" ry="2550">
			<wd l="829" t="2503" r="1140" b="2550" fs="10">3:457-498.</wd>
		</ln>
	</region>
	<region article-doi="10.2307/41729913" region-id="7">
		<rc l="637" t="2643" r="2184" b="2790"/>
		<ln lx="642" ly="2648" rx="2179" ry="2710">
			<wd l="642" t="2650" r="827" b="2707" fs="10">Grant,</wd>
			<wd l="853" t="2651" r="912" b="2697" fs="10">V.</wd>
			<wd l="946" t="2650" r="1086" b="2697" fs="10">1981.</wd>
			<wd l="1109" t="2649" r="1257" b="2697" fs="10">Plant</wd>
			<wd l="1277" t="2650" r="1571" b="2710" fs="10">Speciation.</wd>
			<wd l="1600" t="2648" r="1794" b="2697" fs="10">Second</wd>
			<wd l="1817" t="2648" r="2028" b="2697" fs="10">Edition.</wd>
			<wd l="2052" t="2650" r="2179" b="2697" fs="10">New</wd>
		</ln>
		<ln lx="829" ly="2723" rx="1739" ry="2785">
			<wd l="829" t="2724" r="979" b="2772" fs="10">York:</wd>
			<wd l="1003" t="2724" r="1266" b="2772" fs="10">Columbia</wd>
			<wd l="1284" t="2723" r="1565" b="2785" fs="10">University</wd>
			<wd l="1585" t="2725" r="1739" b="2772" fs="10">Press.</wd>
		</ln>
	</region>
	<region article-doi="10.2307/41729913" region-id="8">
		<rc l="637" t="2866" r="2187" b="3315"/>
		<ln lx="642" ly="2871" rx="2178" ry="2929">
			<wd l="642" t="2872" r="876" b="2929" fs="10">Greuter,</wd>
			<wd l="893" t="2872" r="981" b="2929" fs="10">W.,</wd>
			<wd l="996" t="2872" r="1188" b="2929" fs="10">Barrie,</wd>
			<wd l="1203" t="2872" r="1328" b="2928" fs="10">F.R.,</wd>
			<wd l="1343" t="2872" r="1550" b="2928" fs="10">Bürdet,</wd>
			<wd l="1566" t="2872" r="1717" b="2928" fs="10">H.M.,</wd>
			<wd l="1734" t="2871" r="2006" b="2928" fs="10">Chaloner,</wd>
			<wd l="2024" t="2871" r="2178" b="2928" fs="10">W.G.,</wd>
		</ln>
		<ln lx="829" ly="2947" rx="2177" ry="3005">
			<wd l="829" t="2948" r="1101" b="3005" fs="10">Demoulin,</wd>
			<wd l="1118" t="2948" r="1195" b="3005" fs="10">V.,</wd>
			<wd l="1223" t="2948" r="1404" b="2994" fs="10">Hawks</wd>
			<wd l="1408" t="2961" r="1589" b="3004" fs="10">worth,</wd>
			<wd l="1605" t="2948" r="1739" b="3004" fs="10">D.L.,</wd>
			<wd l="1768" t="2948" r="2038" b="2995" fs="10">Jörgensen</wd>
			<wd l="2052" t="2947" r="2101" b="2994" fs="10">P.</wd>
			<wd l="2105" t="2947" r="2177" b="3004" fs="10">M,</wd>
		</ln>
		<ln lx="827" ly="3022" rx="2178" ry="3080">
			<wd l="827" t="3024" r="1109" b="3080" fs="10">Nicolson,</wd>
			<wd l="1143" t="3024" r="1294" b="3080" fs="10">D.H.,</wd>
			<wd l="1358" t="3022" r="1527" b="3080" fs="10">Silva,</wd>
			<wd l="1561" t="3022" r="1698" b="3080" fs="10">P.C.,</wd>
			<wd l="1733" t="3023" r="1990" b="3079" fs="10">Trehane,</wd>
			<wd l="2024" t="3023" r="2095" b="3079" fs="10">P.,</wd>
			<wd l="2130" t="3022" r="2178" b="3070" fs="10"><![CDATA[&]]></wd>
		</ln>
		<ln lx="829" ly="3097" rx="2181" ry="3156">
			<wd l="829" t="3100" r="1081" b="3156" fs="10">McNeill,</wd>
			<wd l="1104" t="3100" r="1158" b="3156" fs="10">J.,</wd>
			<wd l="1169" t="3098" r="1308" b="3146" fs="10">1994.</wd>
			<wd l="1332" t="3097" r="1671" b="3146" fs="10">International</wd>
			<wd l="1693" t="3097" r="1831" b="3146" fs="10">Code</wd>
			<wd l="1854" t="3097" r="1915" b="3146" fs="10">of</wd>
			<wd l="1927" t="3097" r="2181" b="3146" fs="10">Botanical</wd>
		</ln>
		<ln lx="827" ly="3172" rx="2182" ry="3234">
			<wd l="827" t="3173" r="1203" b="3221" fs="10">Nomenclature</wd>
			<wd l="1229" t="3173" r="1421" b="3234" fs="10">(Tokyo</wd>
			<wd l="1447" t="3173" r="1621" b="3233" fs="10">Code).</wd>
			<wd l="1651" t="3174" r="1869" b="3234" fs="10">Regnum</wd>
			<wd l="1904" t="3172" r="2182" b="3234" fs="10">Vegetabile</wd>
		</ln>
		<ln lx="836" ly="3247" rx="2181" ry="3310">
			<wd l="836" t="3249" r="889" b="3296" fs="10">13</wd>
			<wd l="902" t="3249" r="940" b="3306" fs="10">1,</wd>
			<wd l="956" t="3248" r="1258" b="3310" fs="10">Königstein,</wd>
			<wd l="1275" t="3249" r="1530" b="3309" fs="10">Germany:</wd>
			<wd l="1547" t="3247" r="1722" b="3296" fs="10">Koeltz</wd>
			<wd l="1738" t="3247" r="1986" b="3296" fs="10">Scientific</wd>
			<wd l="2000" t="3247" r="2181" b="3296" fs="10">Books.</wd>
		</ln>
	</region>
	<region article-doi="10.2307/41729913" region-id="9">
		<rc l="636" t="3390" r="2189" b="3612"/>
		<ln lx="641" ly="3395" rx="2181" ry="3456">
			<wd l="641" t="3397" r="916" b="3453" fs="10">Hamilton,</wd>
			<wd l="938" t="3396" r="1073" b="3444" fs="10">C.W.</wd>
			<wd l="1095" t="3396" r="1143" b="3444" fs="10"><![CDATA[&]]></wd>
			<wd l="1162" t="3397" r="1427" b="3453" fs="10">Reichard,</wd>
			<wd l="1450" t="3396" r="1561" b="3443" fs="10">S.H.</wd>
			<wd l="1589" t="3396" r="1728" b="3443" fs="10">1992.</wd>
			<wd l="1751" t="3396" r="1954" b="3443" fs="10">Current</wd>
			<wd l="1971" t="3395" r="2181" b="3456" fs="10">practice</wd>
		</ln>
		<ln lx="831" ly="3470" rx="2184" ry="3532">
			<wd l="831" t="3471" r="879" b="3519" fs="10">in</wd>
			<wd l="900" t="3471" r="980" b="3519" fs="10">the</wd>
			<wd l="1002" t="3486" r="1089" b="3519" fs="10">use</wd>
			<wd l="1113" t="3470" r="1175" b="3519" fs="10">of</wd>
			<wd l="1191" t="3470" r="1488" b="3532" fs="10">subspecies,</wd>
			<wd l="1512" t="3470" r="1711" b="3532" fs="10">variety,</wd>
			<wd l="1736" t="3470" r="1831" b="3518" fs="10">and</wd>
			<wd l="1854" t="3470" r="2012" b="3518" fs="10">forma</wd>
			<wd l="2034" t="3470" r="2082" b="3517" fs="10">in</wd>
			<wd l="2104" t="3470" r="2184" b="3518" fs="10">the</wd>
		</ln>
		<ln lx="831" ly="3546" rx="2139" ry="3607">
			<wd l="831" t="3546" r="1180" b="3595" fs="10">classification</wd>
			<wd l="1200" t="3546" r="1261" b="3594" fs="10">of</wd>
			<wd l="1272" t="3546" r="1390" b="3594" fs="10">wild</wd>
			<wd l="1408" t="3546" r="1580" b="3607" fs="10">plants.</wd>
			<wd l="1607" t="3547" r="1768" b="3593" fs="10">Taxon</wd>
			<wd l="1788" t="3546" r="1868" b="3594" fs="10">41:</wd>
			<wd l="1892" t="3546" r="2139" b="3594" fs="10">485-498.</wd>
		</ln>
	</region>
	<region article-doi="10.2307/41729913" region-id="10">
		<rc l="637" t="3687" r="2183" b="3909"/>
		<ln lx="642" ly="3692" rx="2178" ry="3750">
			<wd l="642" t="3694" r="862" b="3750" fs="10">Harvey,</wd>
			<wd l="886" t="3694" r="1018" b="3750" fs="10">P.H.,</wd>
			<wd l="1061" t="3694" r="1210" b="3740" fs="10">Leigh</wd>
			<wd l="1232" t="3694" r="1433" b="3750" fs="10">Brown,</wd>
			<wd l="1456" t="3693" r="1578" b="3750" fs="10">A.J.,</wd>
			<wd l="1624" t="3693" r="1790" b="3749" fs="10">Smith,</wd>
			<wd l="1815" t="3693" r="1946" b="3749" fs="10">J.M.,</wd>
			<wd l="1971" t="3692" r="2019" b="3740" fs="10"><![CDATA[&]]></wd>
			<wd l="2059" t="3693" r="2178" b="3749" fs="10">Nee,</wd>
		</ln>
		<ln lx="833" ly="3767" rx="2177" ry="3829">
			<wd l="833" t="3769" r="896" b="3826" fs="10">S.,</wd>
			<wd l="945" t="3768" r="1105" b="3828" fs="10">(eds.).</wd>
			<wd l="1139" t="3768" r="1278" b="3816" fs="10">1996.</wd>
			<wd l="1302" t="3769" r="1421" b="3815" fs="10">New</wd>
			<wd l="1452" t="3769" r="1574" b="3816" fs="10">Uses</wd>
			<wd l="1585" t="3767" r="1675" b="3829" fs="10">for</wd>
			<wd l="1696" t="3769" r="1815" b="3815" fs="10">New</wd>
			<wd l="1837" t="3767" r="2177" b="3828" fs="10">Phylogenies.</wd>
		</ln>
		<ln lx="832" ly="3843" rx="1723" ry="3904">
			<wd l="832" t="3843" r="1037" b="3892" fs="10">Oxford:</wd>
			<wd l="1061" t="3843" r="1252" b="3892" fs="10">Oxford</wd>
			<wd l="1270" t="3843" r="1551" b="3904" fs="10">University</wd>
			<wd l="1570" t="3844" r="1723" b="3891" fs="10">Press.</wd>
		</ln>
	</region>
	<region article-doi="10.2307/41729913" region-id="11">
		<rc l="637" t="3984" r="2190" b="4194"/>
		<ln lx="642" ly="3989" rx="2185" ry="4051">
			<wd l="642" t="3992" r="885" b="4048" fs="10">Hedberg,</wd>
			<wd l="902" t="3991" r="959" b="4039" fs="10">0.</wd>
			<wd l="983" t="3991" r="1119" b="4038" fs="10">1957.</wd>
			<wd l="1135" t="3990" r="1419" b="4051" fs="10">Afroalpine</wd>
			<wd l="1433" t="3990" r="1652" b="4038" fs="10">vascular</wd>
			<wd l="1663" t="3990" r="1833" b="4051" fs="10">plants.</wd>
			<wd l="1849" t="3991" r="1896" b="4037" fs="10">A</wd>
			<wd l="1909" t="3989" r="2185" b="4038" fs="10">taxonomie</wd>
		</ln>
		<ln lx="830" ly="4065" rx="2185" ry="4127">
			<wd l="830" t="4065" r="1072" b="4114" fs="10">revision.</wd>
			<wd l="1140" t="4065" r="1430" b="4127" fs="10">Symbolae</wd>
			<wd l="1476" t="4067" r="1782" b="4113" fs="10">Botanicae</wd>
			<wd l="1837" t="4065" r="2185" b="4126" fs="10">Upsaliensis</wd>
		</ln>
		<ln lx="838" ly="4142" rx="1110" ry="4189">
			<wd l="838" t="4142" r="910" b="4189" fs="10">15:</wd>
			<wd l="938" t="4142" r="1110" b="4189" fs="10">1-411.</wd>
		</ln>
	</region>
	<region article-doi="10.2307/41729913" region-id="12">
		<rc l="637" t="4282" r="2184" b="4429"/>
		<ln lx="642" ly="4287" rx="2179" ry="4349">
			<wd l="642" t="4290" r="857" b="4346" fs="10">Hennig,</wd>
			<wd l="890" t="4290" r="963" b="4337" fs="10">W.</wd>
			<wd l="1002" t="4289" r="1145" b="4336" fs="10">1966.</wd>
			<wd l="1183" t="4288" r="1552" b="4349" fs="10">Phylogenetic</wd>
			<wd l="1582" t="4288" r="1924" b="4349" fs="10">Systematics.</wd>
			<wd l="1958" t="4287" r="2179" b="4336" fs="10">Urbana:</wd>
		</ln>
		<ln lx="831" ly="4363" rx="1568" ry="4424">
			<wd l="831" t="4363" r="1110" b="4424" fs="10">University</wd>
			<wd l="1133" t="4363" r="1194" b="4411" fs="10">of</wd>
			<wd l="1207" t="4363" r="1394" b="4411" fs="10">Illinois</wd>
			<wd l="1415" t="4365" r="1568" b="4411" fs="10">Press.</wd>
		</ln>
	</region>
	<region article-doi="10.2307/41729913" region-id="13">
		<rc l="637" t="4502" r="2194" b="4647"/>
		<ln lx="642" ly="4507" rx="2189" ry="4568">
			<wd l="642" t="4509" r="883" b="4564" fs="10">Hubbell,</wd>
			<wd l="900" t="4509" r="1016" b="4555" fs="10">T.H.</wd>
			<wd l="1040" t="4508" r="1179" b="4555" fs="10">1954.</wd>
			<wd l="1197" t="4507" r="1297" b="4555" fs="10">The</wd>
			<wd l="1312" t="4507" r="1511" b="4567" fs="10">naming</wd>
			<wd l="1526" t="4507" r="1587" b="4554" fs="10">of</wd>
			<wd l="1593" t="4507" r="1989" b="4568" fs="10">geographically</wd>
			<wd l="2004" t="4507" r="2189" b="4554" fs="10">variant</wd>
		</ln>
		<ln lx="831" ly="4581" rx="2033" ry="4642">
			<wd l="831" t="4581" r="1155" b="4642" fs="10">populations.</wd>
			<wd l="1176" t="4582" r="1461" b="4642" fs="10">Systematic</wd>
			<wd l="1480" t="4581" r="1700" b="4642" fs="10">Zoology</wd>
			<wd l="1718" t="4582" r="1763" b="4629" fs="10">3:</wd>
			<wd l="1793" t="4582" r="2033" b="4629" fs="10">113-121.</wd>
		</ln>
	</region>
	<region article-doi="10.2307/41729913" region-id="14">
		<rc l="638" t="4721" r="2195" b="4930"/>
		<ln lx="643" ly="4726" rx="2185" ry="4787">
			<wd l="643" t="4729" r="893" b="4784" fs="10">Kellogg,</wd>
			<wd l="923" t="4728" r="1042" b="4775" fs="10">E.A.</wd>
			<wd l="1081" t="4728" r="1222" b="4774" fs="10">1994.</wd>
			<wd l="1256" t="4727" r="1400" b="4774" fs="10">What</wd>
			<wd l="1427" t="4726" r="1597" b="4774" fs="10">makes</wd>
			<wd l="1628" t="4742" r="1655" b="4774" fs="10">a</wd>
			<wd l="1683" t="4727" r="1817" b="4787" fs="10">good</wd>
			<wd l="1846" t="4726" r="2185" b="4787" fs="10">monograph?</wd>
		</ln>
		<ln lx="828" ly="4801" rx="2190" ry="4860">
			<wd l="828" t="4802" r="1089" b="4849" fs="10">American</wd>
			<wd l="1106" t="4802" r="1301" b="4860" fs="10">Society</wd>
			<wd l="1318" t="4801" r="1382" b="4860" fs="10">of</wd>
			<wd l="1383" t="4801" r="1530" b="4849" fs="10">Plant</wd>
			<wd l="1550" t="4803" r="1885" b="4849" fs="10">Taxonomists</wd>
			<wd l="1900" t="4801" r="2190" b="4849" fs="10">Newsletter</wd>
		</ln>
		<ln lx="835" ly="4878" rx="1079" ry="4925">
			<wd l="835" t="4878" r="878" b="4925" fs="10">8:</wd>
			<wd l="907" t="4878" r="1079" b="4924" fs="10">12-15.</wd>
		</ln>
	</region>
	<region article-doi="10.2307/41729913" region-id="15">
		<rc l="640" t="5017" r="2193" b="5225"/>
		<ln lx="645" ly="5022" rx="2180" ry="5083">
			<wd l="645" t="5024" r="951" b="5079" fs="10">Lazarides,</wd>
			<wd l="985" t="5024" r="1058" b="5070" fs="10">M.</wd>
			<wd l="1101" t="5023" r="1249" b="5070" fs="10">1980.</wd>
			<wd l="1284" t="5022" r="1390" b="5070" fs="10">The</wd>
			<wd l="1423" t="5037" r="1586" b="5083" fs="10">genus</wd>
			<wd l="1624" t="5022" r="1951" b="5083" fs="10">Leptochloa</wd>
			<wd l="1982" t="5024" r="2180" b="5070" fs="10">Beauv.</wd>
		</ln>
		<ln lx="834" ly="5097" rx="2188" ry="5158">
			<wd l="834" t="5097" r="1089" b="5158" fs="10">(Poaceae,</wd>
			<wd l="1120" t="5097" r="1513" b="5158" fs="10">Eragrostideae)</wd>
			<wd l="1545" t="5097" r="1594" b="5144" fs="10">in</wd>
			<wd l="1621" t="5097" r="1871" b="5145" fs="10">Australia</wd>
			<wd l="1899" t="5097" r="1994" b="5145" fs="10">and</wd>
			<wd l="2022" t="5099" r="2188" b="5158" fs="10">Papua</wd>
		</ln>
		<ln lx="831" ly="5172" rx="1769" ry="5220">
			<wd l="831" t="5174" r="957" b="5220" fs="10">New</wd>
			<wd l="977" t="5172" r="1181" b="5220" fs="10">Guinea.</wd>
			<wd l="1199" t="5174" r="1453" b="5219" fs="10">Brunonia</wd>
			<wd l="1471" t="5173" r="1769" b="5220" fs="10">3:247-269.</wd>
		</ln>
	</region>
	<region article-doi="10.2307/41729913" region-id="16">
		<rc l="641" t="5312" r="2192" b="5532"/>
		<ln lx="646" ly="5317" rx="2185" ry="5378">
			<wd l="646" t="5319" r="899" b="5375" fs="10">Luckow,</wd>
			<wd l="952" t="5319" r="1025" b="5365" fs="10">M.</wd>
			<wd l="1087" t="5318" r="1238" b="5365" fs="10">1993.</wd>
			<wd l="1293" t="5317" r="1629" b="5378" fs="10">Monograph</wd>
			<wd l="1682" t="5317" r="1747" b="5365" fs="10">of</wd>
			<wd l="1814" t="5318" r="2185" b="5365" fs="10">Desmanthus</wd>
		</ln>
		<ln lx="834" ly="5392" rx="2187" ry="5453">
			<wd l="834" t="5392" r="1640" b="5452" fs="10">(Leguminosae-Mimosoideae).</wd>
			<wd l="1675" t="5393" r="1967" b="5453" fs="10">Systematic</wd>
			<wd l="1993" t="5394" r="2187" b="5453" fs="10">Botany</wd>
		</ln>
		<ln lx="833" ly="5466" rx="1402" ry="5527">
			<wd l="833" t="5466" r="1173" b="5527" fs="10">Monographs</wd>
			<wd l="1190" t="5466" r="1302" b="5514" fs="10">Vol.</wd>
			<wd l="1324" t="5467" r="1402" b="5514" fs="10">38.</wd>
		</ln>
	</region>
	<region article-doi="10.2307/41729913" region-id="17">
		<rc l="2312" t="849" r="3821" b="998"/>
		<ln lx="2317" ly="854" rx="3816" ry="918">
			<wd l="2317" t="885" r="2419" b="889" fs="10">
			</wd>
			<wd l="2443" t="857" r="2582" b="904" fs="10">1995.</wd>
			<wd l="2607" t="855" r="2806" b="918" fs="10">Species</wd>
			<wd l="2827" t="862" r="3075" b="917" fs="10">concepts:</wd>
			<wd l="3098" t="855" r="3441" b="917" fs="10">assumptions,</wd>
			<wd l="3462" t="854" r="3700" b="913" fs="10">methods,</wd>
			<wd l="3723" t="854" r="3816" b="903" fs="10">and</wd>
		</ln>
		<ln lx="2509" ly="931" rx="3726" ry="993">
			<wd l="2509" t="931" r="2842" b="993" fs="10">applications.</wd>
			<wd l="2865" t="932" r="3151" b="993" fs="10">Systematic</wd>
			<wd l="3169" t="933" r="3360" b="992" fs="10">Botany</wd>
			<wd l="3378" t="931" r="3457" b="979" fs="10">20:</wd>
			<wd l="3483" t="931" r="3726" b="979" fs="10">589-605.</wd>
		</ln>
	</region>
	<region article-doi="10.2307/41729913" region-id="18">
		<rc l="2313" t="1072" r="3823" b="1447"/>
		<ln lx="2318" ly="1077" rx="3813" ry="1140">
			<wd l="2318" t="1080" r="2601" b="1137" fs="10">Maddison,</wd>
			<wd l="2620" t="1080" r="2746" b="1127" fs="10">W.P.</wd>
			<wd l="2772" t="1079" r="2911" b="1127" fs="10">1995.</wd>
			<wd l="2930" t="1078" r="3278" b="1140" fs="10">Phylogenetic</wd>
			<wd l="3294" t="1077" r="3519" b="1126" fs="10">histories</wd>
			<wd l="3534" t="1077" r="3704" b="1126" fs="10">within</wd>
			<wd l="3720" t="1077" r="3813" b="1126" fs="10">and</wd>
		</ln>
		<ln lx="2510" ly="1153" rx="3810" ry="1216">
			<wd l="2510" t="1170" r="2689" b="1216" fs="10">among</wd>
			<wd l="2709" t="1154" r="2912" b="1216" fs="10">species.</wd>
			<wd l="2933" t="1156" r="3016" b="1216" fs="10">Pp.</wd>
			<wd l="3038" t="1155" r="3270" b="1202" fs="10">273-287</wd>
			<wd l="3308" t="1154" r="3356" b="1201" fs="10">in</wd>
			<wd l="3374" t="1155" r="3423" b="1202" fs="10">P.</wd>
			<wd l="3445" t="1154" r="3500" b="1202" fs="10">C.</wd>
			<wd l="3521" t="1153" r="3665" b="1202" fs="10">Hoch</wd>
			<wd l="3684" t="1154" r="3731" b="1202" fs="10"><![CDATA[&]]></wd>
			<wd l="3750" t="1154" r="3810" b="1202" fs="10">A.</wd>
		</ln>
		<ln lx="2510" ly="1229" rx="3818" ry="1291">
			<wd l="2510" t="1231" r="2573" b="1278" fs="10">G.</wd>
			<wd l="2626" t="1230" r="2969" b="1291" fs="10">Stephenson</wd>
			<wd l="3018" t="1229" r="3205" b="1291" fs="10">(eds.),</wd>
			<wd l="3252" t="1229" r="3661" b="1291" fs="10">Experimental</wd>
			<wd l="3706" t="1229" r="3818" b="1277" fs="10">and</wd>
		</ln>
		<ln lx="2508" ly="1305" rx="3807" ry="1367">
			<wd l="2508" t="1305" r="2788" b="1354" fs="10">Molecular</wd>
			<wd l="2809" t="1305" r="3131" b="1367" fs="10">Approaches</wd>
			<wd l="3159" t="1313" r="3206" b="1353" fs="10">to</wd>
			<wd l="3231" t="1305" r="3379" b="1353" fs="10">Plant</wd>
			<wd l="3401" t="1306" r="3807" b="1366" fs="10">Biosystematics.</wd>
		</ln>
		<ln lx="2509" ly="1380" rx="3673" ry="1442">
			<wd l="2509" t="1383" r="2737" b="1442" fs="10">Monogr.</wd>
			<wd l="2762" t="1382" r="2886" b="1442" fs="10">Syst.</wd>
			<wd l="2908" t="1382" r="3017" b="1429" fs="10">Bot.</wd>
			<wd l="3039" t="1380" r="3276" b="1429" fs="10">Missouri</wd>
			<wd l="3296" t="1382" r="3404" b="1429" fs="10">Bot.</wd>
			<wd l="3428" t="1380" r="3572" b="1429" fs="10">Gard.</wd>
			<wd l="3597" t="1381" r="3673" b="1428" fs="10">53.</wd>
		</ln>
	</region>
	<region article-doi="10.2307/41729913" region-id="19">
		<rc l="2314" t="1521" r="3821" b="1821"/>
		<ln lx="2319" ly="1526" rx="3810" ry="1588">
			<wd l="2319" t="1529" r="2495" b="1585" fs="10">Mayr,</wd>
			<wd l="2525" t="1529" r="2578" b="1576" fs="10">E.</wd>
			<wd l="2615" t="1528" r="2756" b="1575" fs="10">1982.</wd>
			<wd l="2800" t="1527" r="2897" b="1575" fs="10">The</wd>
			<wd l="2928" t="1527" r="3135" b="1576" fs="10">Growth</wd>
			<wd l="3166" t="1527" r="3231" b="1588" fs="10">of</wd>
			<wd l="3244" t="1526" r="3536" b="1588" fs="10">Biological</wd>
			<wd l="3567" t="1526" r="3810" b="1588" fs="10">Thought:</wd>
		</ln>
		<ln lx="2508" ly="1602" rx="3807" ry="1665">
			<wd l="2508" t="1605" r="2868" b="1665" fs="10">Divergence,</wd>
			<wd l="2923" t="1603" r="3232" b="1658" fs="10">Evolution,</wd>
			<wd l="3289" t="1602" r="3401" b="1650" fs="10">and</wd>
			<wd l="3443" t="1602" r="3807" b="1650" fs="10">Inheritance.</wd>
		</ln>
		<ln lx="2511" ly="1677" rx="3816" ry="1740">
			<wd l="2511" t="1678" r="2849" b="1740" fs="10">Cambridge:</wd>
			<wd l="2887" t="1678" r="2994" b="1727" fs="10">The</wd>
			<wd l="3028" t="1678" r="3269" b="1739" fs="10">Belknap</wd>
			<wd l="3303" t="1680" r="3455" b="1726" fs="10">Press</wd>
			<wd l="3490" t="1677" r="3555" b="1726" fs="10">of</wd>
			<wd l="3580" t="1677" r="3816" b="1726" fs="10">Harvard</wd>
		</ln>
		<ln lx="2510" ly="1754" rx="2806" ry="1816">
			<wd l="2510" t="1754" r="2806" b="1816" fs="10">University.</wd>
		</ln>
	</region>
	<region article-doi="10.2307/41729913" region-id="20">
		<rc l="2315" t="1895" r="3821" b="2119"/>
		<ln lx="2320" ly="1900" rx="3816" ry="1962">
			<wd l="2320" t="1902" r="2569" b="1958" fs="10">McDade,</wd>
			<wd l="2592" t="1902" r="2709" b="1949" fs="10">L.A.</wd>
			<wd l="2740" t="1901" r="2879" b="1949" fs="10">1995.</wd>
			<wd l="2907" t="1900" r="3106" b="1962" fs="10">Species</wd>
			<wd l="3130" t="1907" r="3361" b="1962" fs="10">concepts</wd>
			<wd l="3384" t="1900" r="3478" b="1948" fs="10">and</wd>
			<wd l="3498" t="1900" r="3744" b="1962" fs="10">problems</wd>
			<wd l="3768" t="1900" r="3816" b="1947" fs="10">in</wd>
		</ln>
		<ln lx="2510" ly="1975" rx="3814" ry="2038">
			<wd l="2510" t="1976" r="2749" b="2038" fs="10">practice:</wd>
			<wd l="2785" t="1976" r="2975" b="2038" fs="10">insight</wd>
			<wd l="3007" t="1976" r="3138" b="2025" fs="10">from</wd>
			<wd l="3168" t="1975" r="3425" b="2025" fs="10">botanical</wd>
			<wd l="3456" t="1975" r="3814" b="2037" fs="10">monographs.</wd>
		</ln>
		<ln lx="2510" ly="2052" rx="3370" ry="2114">
			<wd l="2510" t="2053" r="2796" b="2114" fs="10">Systematic</wd>
			<wd l="2814" t="2054" r="3005" b="2114" fs="10">Botany</wd>
			<wd l="3021" t="2053" r="3101" b="2101" fs="10">20:</wd>
			<wd l="3125" t="2052" r="3370" b="2100" fs="10">606-622.</wd>
		</ln>
	</region>
	<region article-doi="10.2307/41729913" region-id="21">
		<rc l="2316" t="2193" r="3819" b="2417"/>
		<ln lx="2321" ly="2198" rx="3814" ry="2260">
			<wd l="2321" t="2201" r="2560" b="2257" fs="10">Mishler,</wd>
			<wd l="2590" t="2201" r="2731" b="2257" fs="10">B.D.,</wd>
			<wd l="2762" t="2200" r="2809" b="2248" fs="10"><![CDATA[&]]></wd>
			<wd l="2838" t="2199" r="3086" b="2257" fs="10">Brandon,</wd>
			<wd l="3116" t="2201" r="3239" b="2248" fs="10">R.N.</wd>
			<wd l="3278" t="2200" r="3419" b="2247" fs="10">1987.</wd>
			<wd l="3451" t="2198" r="3814" b="2260" fs="10">Individuality,</wd>
		</ln>
		<ln lx="2511" ly="2274" rx="3814" ry="2336">
			<wd l="2511" t="2274" r="2776" b="2336" fs="10">pluralism,</wd>
			<wd l="2800" t="2274" r="2894" b="2323" fs="10">and</wd>
			<wd l="2914" t="2275" r="2995" b="2323" fs="10">the</wd>
			<wd l="3016" t="2274" r="3361" b="2336" fs="10">phylogenetic</wd>
			<wd l="3385" t="2274" r="3573" b="2335" fs="10">species</wd>
			<wd l="3596" t="2281" r="3814" b="2335" fs="10">concept.</wd>
		</ln>
		<ln lx="2510" ly="2350" rx="3439" ry="2412">
			<wd l="2510" t="2350" r="2720" b="2412" fs="10">Biology</wd>
			<wd l="2739" t="2351" r="2784" b="2398" fs="10"><![CDATA[&]]></wd>
			<wd l="2803" t="2350" r="3107" b="2412" fs="10">Philosophy</wd>
			<wd l="3124" t="2350" r="3170" b="2398" fs="10">2:</wd>
			<wd l="3194" t="2350" r="3439" b="2398" fs="10">397-414.</wd>
		</ln>
	</region>
	<region article-doi="10.2307/41729913" region-id="22">
		<rc l="2317" t="2491" r="3822" b="2927"/>
		<ln lx="2322" ly="2496" rx="3813" ry="2558">
			<wd l="2322" t="2499" r="2531" b="2555" fs="10">Moritz,</wd>
			<wd l="2549" t="2498" r="2621" b="2555" fs="10">C.,</wd>
			<wd l="2639" t="2498" r="2686" b="2545" fs="10"><![CDATA[&]]></wd>
			<wd l="2702" t="2499" r="2875" b="2555" fs="10">Hillis,</wd>
			<wd l="2891" t="2498" r="3027" b="2545" fs="10">D.M.</wd>
			<wd l="3052" t="2497" r="3191" b="2545" fs="10">1996.</wd>
			<wd l="3208" t="2496" r="3482" b="2545" fs="10">Molecular</wd>
			<wd l="3497" t="2496" r="3813" b="2558" fs="10">systematics:</wd>
		</ln>
		<ln lx="2514" ly="2571" rx="3817" ry="2633">
			<wd l="2514" t="2579" r="2734" b="2621" fs="10">context</wd>
			<wd l="2776" t="2572" r="2877" b="2620" fs="10">and</wd>
			<wd l="2920" t="2572" r="3343" b="2621" fs="10">controversies.</wd>
			<wd l="3387" t="2573" r="3477" b="2633" fs="10">Pp.</wd>
			<wd l="3529" t="2572" r="3685" b="2629" fs="10">1-13,</wd>
			<wd l="3765" t="2571" r="3817" b="2619" fs="10">in</wd>
		</ln>
		<ln lx="2512" ly="2647" rx="3812" ry="2708">
			<wd l="2512" t="2650" r="2661" b="2696" fs="10">D.M.</wd>
			<wd l="2670" t="2647" r="2856" b="2706" fs="10">Hillis,</wd>
			<wd l="2907" t="2648" r="2967" b="2696" fs="10">C.</wd>
			<wd l="2976" t="2647" r="3196" b="2705" fs="10">Moritz,</wd>
			<wd l="3247" t="2647" r="3577" b="2696" fs="10">G.K.Mable</wd>
			<wd l="3626" t="2647" r="3812" b="2708" fs="10">(eds.),</wd>
		</ln>
		<ln lx="2511" ly="2722" rx="3813" ry="2784">
			<wd l="2511" t="2723" r="2825" b="2770" fs="10">Molecular</wd>
			<wd l="2869" t="2724" r="3262" b="2784" fs="10">Systemtatics,</wd>
			<wd l="3314" t="2722" r="3528" b="2770" fs="10">Second</wd>
			<wd l="3575" t="2722" r="3813" b="2770" fs="10">Edition.</wd>
		</ln>
		<ln lx="2515" ly="2797" rx="3815" ry="2856">
			<wd l="2515" t="2798" r="2831" b="2856" fs="10">Sunderland,</wd>
			<wd l="2858" t="2797" r="3260" b="2846" fs="10">Massachusetts:</wd>
			<wd l="3292" t="2797" r="3493" b="2846" fs="10">Sinauer</wd>
			<wd l="3517" t="2797" r="3815" b="2855" fs="10">Associates,</wd>
		</ln>
		<ln lx="2513" ly="2876" rx="2611" ry="2922">
			<wd l="2513" t="2876" r="2611" b="2922" fs="10">Inc.</wd>
		</ln>
	</region>
	<region article-doi="10.2307/41729913" region-id="23">
		<rc l="2316" t="3015" r="3823" b="3150"/>
		<ln lx="2321" ly="3020" rx="3818" ry="3082">
			<wd l="2321" t="3023" r="2536" b="3079" fs="10">Nelson,</wd>
			<wd l="2567" t="3022" r="2625" b="3069" fs="10">G.</wd>
			<wd l="2663" t="3021" r="2803" b="3069" fs="10">1989.</wd>
			<wd l="2835" t="3020" r="3097" b="3069" fs="10">Cladistics</wd>
			<wd l="3127" t="3020" r="3221" b="3069" fs="10">and</wd>
			<wd l="3249" t="3020" r="3586" b="3082" fs="10">evolutionary</wd>
			<wd l="3614" t="3020" r="3818" b="3068" fs="10">models.</wd>
		</ln>
		<ln lx="2516" ly="3097" rx="3114" ry="3145">
			<wd l="2516" t="3097" r="2779" b="3145" fs="10">Cladistics</wd>
			<wd l="2801" t="3098" r="2844" b="3145" fs="10">5:</wd>
			<wd l="2868" t="3097" r="3114" b="3144" fs="10">275-289.</wd>
		</ln>
	</region>
	<region article-doi="10.2307/41729913" region-id="24">
		<rc l="2317" t="3237" r="3827" b="3460"/>
		<ln lx="2322" ly="3242" rx="3822" ry="3304">
			<wd l="2322" t="3245" r="2546" b="3301" fs="10">Nelson,</wd>
			<wd l="2580" t="3244" r="2661" b="3301" fs="10">G.,</wd>
			<wd l="2694" t="3243" r="2742" b="3291" fs="10"><![CDATA[&]]></wd>
			<wd l="2774" t="3244" r="3043" b="3301" fs="10">Platnick,</wd>
			<wd l="3072" t="3244" r="3135" b="3291" fs="10">N.</wd>
			<wd l="3174" t="3243" r="3317" b="3291" fs="10">1981.</wd>
			<wd l="3357" t="3243" r="3685" b="3304" fs="10">Systematics</wd>
			<wd l="3716" t="3242" r="3822" b="3290" fs="10">and</wd>
		</ln>
		<ln lx="2512" ly="3318" rx="3813" ry="3380">
			<wd l="2512" t="3318" r="2930" b="3380" fs="10">Biogeography:</wd>
			<wd l="2967" t="3318" r="3246" b="3367" fs="10">Cladistics</wd>
			<wd l="3276" t="3318" r="3383" b="3365" fs="10">and</wd>
			<wd l="3406" t="3318" r="3813" b="3379" fs="10">Biogeography.</wd>
		</ln>
		<ln lx="2512" ly="3393" rx="3570" ry="3455">
			<wd l="2512" t="3396" r="2639" b="3442" fs="10">New</wd>
			<wd l="2659" t="3394" r="2810" b="3442" fs="10">York:</wd>
			<wd l="2834" t="3394" r="3097" b="3442" fs="10">Columbia</wd>
			<wd l="3115" t="3393" r="3396" b="3455" fs="10">University</wd>
			<wd l="3417" t="3395" r="3570" b="3442" fs="10">Press.</wd>
		</ln>
	</region>
	<region article-doi="10.2307/41729913" region-id="25">
		<rc l="2317" t="3532" r="3823" b="3736"/>
		<ln lx="2322" ly="3537" rx="3818" ry="3598">
			<wd l="2322" t="3540" r="2503" b="3596" fs="10">Nixon,</wd>
			<wd l="2527" t="3539" r="2667" b="3596" fs="10">K.C.,</wd>
			<wd l="2692" t="3539" r="2739" b="3586" fs="10"><![CDATA[&]]></wd>
			<wd l="2765" t="3539" r="3017" b="3595" fs="10">Wheeler,</wd>
			<wd l="3043" t="3538" r="3167" b="3597" fs="10">Q.D.</wd>
			<wd l="3198" t="3538" r="3338" b="3585" fs="10">1990.</wd>
			<wd l="3362" t="3538" r="3443" b="3584" fs="10">An</wd>
			<wd l="3466" t="3537" r="3818" b="3598" fs="10">amplification</wd>
		</ln>
		<ln lx="2516" ly="3608" rx="3818" ry="3669">
			<wd l="2516" t="3608" r="2577" b="3656" fs="10">of</wd>
			<wd l="2595" t="3608" r="2675" b="3656" fs="10">the</wd>
			<wd l="2702" t="3608" r="3048" b="3669" fs="10">phylogenetic</wd>
			<wd l="3078" t="3608" r="3267" b="3669" fs="10">species</wd>
			<wd l="3297" t="3615" r="3515" b="3669" fs="10">concept.</wd>
			<wd l="3553" t="3608" r="3818" b="3656" fs="10">Cladistics</wd>
		</ln>
		<ln lx="2516" ly="3683" rx="2812" ry="3731">
			<wd l="2516" t="3683" r="2812" b="3731" fs="10">6:211-223.</wd>
		</ln>
	</region>
	<region article-doi="10.2307/41729913" region-id="26">
		<rc l="2321" t="3823" r="3826" b="4034"/>
		<ln lx="2326" ly="3828" rx="3821" ry="3891">
			<wd l="2326" t="3830" r="2641" b="3888" fs="10">Olmstead,</wd>
			<wd l="2699" t="3830" r="2833" b="3878" fs="10">R.G.</wd>
			<wd l="2899" t="3830" r="3056" b="3878" fs="10">1995.</wd>
			<wd l="3118" t="3828" r="3343" b="3891" fs="10">Species</wd>
			<wd l="3401" t="3835" r="3661" b="3891" fs="10">concepts</wd>
			<wd l="3719" t="3828" r="3821" b="3877" fs="10">and</wd>
		</ln>
		<ln lx="2515" ly="3905" rx="3821" ry="3967">
			<wd l="2515" t="3905" r="2941" b="3967" fs="10">plesiomorphic</wd>
			<wd l="2979" t="3905" r="3209" b="3967" fs="10">species.</wd>
			<wd l="3253" t="3905" r="3576" b="3966" fs="10">Sysetmatic</wd>
			<wd l="3609" t="3906" r="3821" b="3966" fs="10">Botany</wd>
		</ln>
		<ln lx="2516" ly="3982" rx="2862" ry="4029">
			<wd l="2516" t="3982" r="2596" b="4029" fs="10">20:</wd>
			<wd l="2617" t="3982" r="2862" b="4029" fs="10">623-630.</wd>
		</ln>
	</region>
	<region article-doi="10.2307/41729913" region-id="27">
		<rc l="2321" t="4118" r="3827" b="4321"/>
		<ln lx="2326" ly="4123" rx="3822" ry="4185">
			<wd l="2326" t="4126" r="2578" b="4182" fs="10">Pimentel,</wd>
			<wd l="2595" t="4125" r="2715" b="4173" fs="10">R.A.</wd>
			<wd l="2739" t="4125" r="2877" b="4173" fs="10">1959.</wd>
			<wd l="2894" t="4124" r="3177" b="4173" fs="10">Mendelian</wd>
			<wd l="3193" t="4123" r="3519" b="4185" fs="10">infraspecific</wd>
			<wd l="3536" t="4123" r="3822" b="4185" fs="10">divergence</wd>
		</ln>
		<ln lx="2518" ly="4195" rx="3821" ry="4257">
			<wd l="2518" t="4196" r="2676" b="4244" fs="10">levels</wd>
			<wd l="2708" t="4196" r="2804" b="4244" fs="10">and</wd>
			<wd l="2833" t="4195" r="2960" b="4244" fs="10">their</wd>
			<wd l="2990" t="4195" r="3226" b="4257" fs="10">analysis.</wd>
			<wd l="3265" t="4196" r="3564" b="4257" fs="10">Systematic</wd>
			<wd l="3593" t="4195" r="3821" b="4256" fs="10">Zoology</wd>
		</ln>
		<ln lx="2519" ly="4268" rx="2830" ry="4316">
			<wd l="2519" t="4268" r="2563" b="4316" fs="10">8:</wd>
			<wd l="2590" t="4268" r="2830" b="4316" fs="10">139-159.</wd>
		</ln>
	</region>
	<region article-doi="10.2307/41729913" region-id="28">
		<rc l="2321" t="4404" r="3827" b="4615"/>
		<ln lx="2326" ly="4409" rx="3821" ry="4469">
			<wd l="2326" t="4411" r="2525" b="4465" fs="10">Raven,</wd>
			<wd l="2559" t="4411" r="2679" b="4456" fs="10">P.H.</wd>
			<wd l="2722" t="4410" r="2870" b="4456" fs="10">1962.</wd>
			<wd l="2906" t="4409" r="3012" b="4456" fs="10">The</wd>
			<wd l="3047" t="4409" r="3373" b="4469" fs="10">systematics</wd>
			<wd l="3407" t="4409" r="3470" b="4456" fs="10">of</wd>
			<wd l="3520" t="4409" r="3821" b="4456" fs="10">Oenothera</wd>
		</ln>
		<ln lx="2519" ly="4478" rx="3822" ry="4539">
			<wd l="2519" t="4479" r="2766" b="4539" fs="10">subgenus</wd>
			<wd l="2806" t="4479" r="3096" b="4539" fs="10">Chylismia.</wd>
			<wd l="3138" t="4480" r="3423" b="4539" fs="10">University</wd>
			<wd l="3452" t="4478" r="3517" b="4539" fs="10">of</wd>
			<wd l="3535" t="4478" r="3822" b="4539" fs="10">California</wd>
		</ln>
		<ln lx="2515" ly="4549" rx="3583" ry="4610">
			<wd l="2515" t="4549" r="2854" b="4596" fs="10">Publications</wd>
			<wd l="2876" t="4553" r="2923" b="4596" fs="10">in</wd>
			<wd l="2941" t="4550" r="3133" b="4610" fs="10">Botany</wd>
			<wd l="3133" t="4589" r="3144" b="4606" fs="10">,</wd>
			<wd l="3166" t="4549" r="3278" b="4597" fs="10">Vol.</wd>
			<wd l="3302" t="4549" r="3380" b="4596" fs="10">34:</wd>
			<wd l="3410" t="4549" r="3583" b="4597" fs="10">1-222.</wd>
		</ln>
	</region>
	<region article-doi="10.2307/41729913" region-id="29">
		<rc l="2322" t="4685" r="3841" b="4901"/>
		<ln lx="2327" ly="4690" rx="3819" ry="4751">
			<wd l="2327" t="4692" r="2514" b="4748" fs="10">Raven,</wd>
			<wd l="2534" t="4692" r="2666" b="4748" fs="10">P.H.,</wd>
			<wd l="2686" t="4691" r="2734" b="4738" fs="10"><![CDATA[&]]></wd>
			<wd l="2752" t="4692" r="2939" b="4748" fs="10">Raven,</wd>
			<wd l="2959" t="4692" r="3068" b="4738" fs="10">T.E.</wd>
			<wd l="3096" t="4691" r="3236" b="4738" fs="10">1976.</wd>
			<wd l="3256" t="4690" r="3358" b="4738" fs="10">The</wd>
			<wd l="3376" t="4706" r="3530" b="4751" fs="10">genus</wd>
			<wd l="3542" t="4690" r="3819" b="4751" fs="10">Epilobium</wd>
		</ln>
		<ln lx="2519" ly="4760" rx="3836" ry="4821">
			<wd l="2519" t="4760" r="2569" b="4807" fs="10">in</wd>
			<wd l="2598" t="4760" r="2926" b="4808" fs="10">Australasia.</wd>
			<wd l="2991" t="4762" r="3114" b="4808" fs="10">New</wd>
			<wd l="3145" t="4760" r="3380" b="4808" fs="10">Zealand</wd>
			<wd l="3403" t="4762" r="3741" b="4821" fs="10">Department</wd>
			<wd l="3771" t="4760" r="3836" b="4821" fs="10">of</wd>
		</ln>
		<ln lx="2517" ly="4834" rx="3811" ry="4896">
			<wd l="2517" t="4834" r="2765" b="4896" fs="10">Scientific</wd>
			<wd l="2785" t="4834" r="2889" b="4882" fs="10">and</wd>
			<wd l="2902" t="4834" r="3170" b="4882" fs="10">Industrial</wd>
			<wd l="3187" t="4834" r="3445" b="4890" fs="10">Research,</wd>
			<wd l="3471" t="4834" r="3681" b="4882" fs="10">Bulletin</wd>
			<wd l="3700" t="4835" r="3811" b="4883" fs="10">216.</wd>
		</ln>
	</region>
	<region article-doi="10.2307/41729913" region-id="30">
		<rc l="2325" t="4972" r="3836" b="5185"/>
		<ln lx="2330" ly="4977" rx="3820" ry="5038">
			<wd l="2330" t="4978" r="2502" b="5035" fs="10">Simon,</wd>
			<wd l="2525" t="4979" r="2645" b="5025" fs="10">B.K.</wd>
			<wd l="2676" t="4978" r="2815" b="5025" fs="10">1993.</wd>
			<wd l="2835" t="4978" r="2874" b="5024" fs="10">A</wd>
			<wd l="2898" t="4977" r="2985" b="5038" fs="10">key</wd>
			<wd l="3006" t="4986" r="3053" b="5025" fs="10">to</wd>
			<wd l="3071" t="4977" r="3356" b="5025" fs="10">Australian</wd>
			<wd l="3379" t="4978" r="3601" b="5025" fs="10">Grasses.</wd>
			<wd l="3628" t="4977" r="3820" b="5025" fs="10">Second</wd>
		</ln>
		<ln lx="2518" ly="5048" rx="3831" ry="5109">
			<wd l="2518" t="5048" r="2735" b="5096" fs="10">Edition.</wd>
			<wd l="2767" t="5048" r="3028" b="5096" fs="10">Brisbane:</wd>
			<wd l="3063" t="5048" r="3388" b="5107" fs="10">Queensland</wd>
			<wd l="3417" t="5049" r="3740" b="5109" fs="10">Department</wd>
			<wd l="3770" t="5048" r="3831" b="5096" fs="10">of</wd>
		</ln>
		<ln lx="2518" ly="5119" rx="3029" ry="5180">
			<wd l="2518" t="5119" r="2729" b="5180" fs="10">Primary</wd>
			<wd l="2752" t="5119" r="3029" b="5167" fs="10">Industries.</wd>
		</ln>
	</region>
	<region article-doi="10.2307/41729913" region-id="31">
		<rc l="2325" t="5255" r="3836" b="5454"/>
		<ln lx="2330" ly="5260" rx="3831" ry="5321">
			<wd l="2330" t="5261" r="2507" b="5317" fs="10">Snow,</wd>
			<wd l="2547" t="5262" r="2613" b="5308" fs="10">N.</wd>
			<wd l="2663" t="5261" r="2820" b="5308" fs="10">1996.</wd>
			<wd l="2864" t="5260" r="2973" b="5308" fs="10">The</wd>
			<wd l="3014" t="5260" r="3405" b="5321" fs="10">phylogenetic</wd>
			<wd l="3445" t="5260" r="3726" b="5321" fs="10">paradigm</wd>
			<wd l="3766" t="5260" r="3831" b="5308" fs="10">of</wd>
		</ln>
		<ln lx="2519" ly="5331" rx="3820" ry="5392">
			<wd l="2519" t="5331" r="2851" b="5392" fs="10">comparative</wd>
			<wd l="2880" t="5331" r="3086" b="5392" fs="10">biology</wd>
			<wd l="3114" t="5360" r="3149" b="5363" fs="10">-</wd>
			<wd l="3177" t="5346" r="3204" b="5379" fs="10">a</wd>
			<wd l="3231" t="5346" r="3467" b="5392" fs="10">response</wd>
			<wd l="3495" t="5338" r="3545" b="5379" fs="10">to</wd>
			<wd l="3574" t="5331" r="3820" b="5392" fs="10">Hedberg.</wd>
		</ln>
		<ln lx="2522" ly="5402" rx="2983" ry="5449">
			<wd l="2522" t="5403" r="2683" b="5449" fs="10">Taxon</wd>
			<wd l="2702" t="5402" r="2782" b="5449" fs="10">45:</wd>
			<wd l="2806" t="5402" r="2983" b="5449" fs="10">85-90.</wd>
		</ln>
	</region>
</ocr-page>
