<?xml version="1.0" encoding="UTF-8"?>
<ocr-page type="coords" ocr-vers="1.0" creation-date="20130321" res="600" height="6300" width="4500">
	<region article-doi="10.2307/41729914" region-id="0">
		<rc l="636" t="731" r="3759" b="803"/>
		<ln lx="641" ly="736" rx="3754" ry="798">
			<wd l="641" t="744" r="697" b="791" fs="10">12</wd>
			<wd l="2880" t="736" r="3258" b="798" fs="10">Austrobaileya</wd>
			<wd l="3278" t="737" r="3401" b="797" fs="10">5(1):</wd>
			<wd l="3425" t="737" r="3557" b="784" fs="10">9-27</wd>
			<wd l="3578" t="736" r="3754" b="796" fs="10">(1997)</wd>
		</ln>
	</region>
	<region article-doi="10.2307/41729914" region-id="1">
		<rc l="629" t="852" r="2199" b="5564"/>
		<ln lx="636" ly="857" rx="2176" ry="939">
			<wd l="636" t="861" r="785" b="922" fs="10">dark</wd>
			<wd l="820" t="880" r="1009" b="939" fs="10">green</wd>
			<wd l="1043" t="860" r="1194" b="921" fs="10">with</wd>
			<wd l="1228" t="859" r="1525" b="920" fs="10">venation</wd>
			<wd l="1559" t="867" r="1603" b="913" fs="10">±</wd>
			<wd l="1642" t="858" r="1928" b="931" fs="10">obscure;</wd>
			<wd l="1966" t="857" r="2176" b="918" fs="10">below</wd>
		</ln>
		<ln lx="635" ly="950" rx="2174" ry="1031">
			<wd l="635" t="954" r="853" b="1031" fs="10">glossy</wd>
			<wd l="889" t="953" r="1030" b="1031" fs="10">pale</wd>
			<wd l="1068" t="971" r="1259" b="1030" fs="10">green</wd>
			<wd l="1294" t="952" r="1447" b="1012" fs="10">with</wd>
			<wd l="1481" t="951" r="1782" b="1012" fs="10">venation</wd>
			<wd l="1816" t="950" r="2174" b="1028" fs="10">prominent</wd>
		</ln>
		<ln lx="634" ly="1042" rx="2172" ry="1121">
			<wd l="634" t="1045" r="794" b="1107" fs="10">with</wd>
			<wd l="836" t="1045" r="923" b="1106" fs="10">all</wd>
			<wd l="966" t="1043" r="1405" b="1106" fs="10">interlaterals</wd>
			<wd l="1447" t="1043" r="1692" b="1116" fs="10">raised;</wd>
			<wd l="1735" t="1042" r="1830" b="1121" fs="10">tip</wd>
			<wd l="1875" t="1050" r="2064" b="1104" fs="10">acute</wd>
			<wd l="2105" t="1050" r="2172" b="1103" fs="10">to</wd>
		</ln>
		<ln lx="636" ly="1134" rx="2174" ry="1210">
			<wd l="636" t="1138" r="869" b="1210" fs="10">obtuse;</wd>
			<wd l="887" t="1137" r="1033" b="1198" fs="10">base</wd>
			<wd l="1052" t="1145" r="1365" b="1209" fs="10">attenuate,</wd>
			<wd l="1386" t="1136" r="1600" b="1196" fs="10">obtuse</wd>
			<wd l="1619" t="1155" r="1687" b="1196" fs="10">or</wd>
			<wd l="1701" t="1143" r="1985" b="1195" fs="10">truncate.</wd>
			<wd l="2006" t="1134" r="2174" b="1194" fs="10">Male</wd>
		</ln>
		<ln lx="636" ly="1226" rx="2173" ry="1305">
			<wd l="636" t="1229" r="1110" b="1290" fs="10">inflorescences</wd>
			<wd l="1146" t="1228" r="1209" b="1288" fs="10">in</wd>
			<wd l="1228" t="1228" r="1405" b="1289" fs="10">distal</wd>
			<wd l="1425" t="1227" r="1599" b="1300" fs="10">axils,</wd>
			<wd l="1618" t="1246" r="1700" b="1305" fs="10">up</wd>
			<wd l="1719" t="1235" r="1782" b="1288" fs="10">to</wd>
			<wd l="1804" t="1229" r="1839" b="1287" fs="10">7</wd>
			<wd l="1859" t="1246" r="1987" b="1286" fs="10">mm</wd>
			<wd l="2007" t="1226" r="2173" b="1304" fs="10">long;</wd>
		</ln>
		<ln lx="634" ly="1319" rx="2173" ry="1401">
			<wd l="634" t="1322" r="966" b="1401" fs="10">peduncles</wd>
			<wd l="990" t="1341" r="1072" b="1400" fs="10">up</wd>
			<wd l="1096" t="1330" r="1159" b="1383" fs="10">to</wd>
			<wd l="1193" t="1323" r="1215" b="1382" fs="10">1</wd>
			<wd l="1248" t="1340" r="1375" b="1381" fs="10">mm</wd>
			<wd l="1401" t="1320" r="1567" b="1399" fs="10">long;</wd>
			<wd l="1593" t="1320" r="1792" b="1381" fs="10">bracts</wd>
			<wd l="1819" t="1319" r="2173" b="1392" fs="10">lanceolate,</wd>
		</ln>
		<ln lx="644" ly="1410" rx="2173" ry="1491">
			<wd l="644" t="1416" r="831" b="1475" fs="10">1-1.5</wd>
			<wd l="876" t="1433" r="1007" b="1474" fs="10">mm</wd>
			<wd l="1049" t="1413" r="1227" b="1491" fs="10">long,</wd>
			<wd l="1273" t="1414" r="1541" b="1474" fs="10">0.4-1.2</wd>
			<wd l="1583" t="1432" r="1715" b="1472" fs="10">mm</wd>
			<wd l="1755" t="1411" r="1948" b="1472" fs="10">wide.</wd>
			<wd l="1993" t="1410" r="2173" b="1472" fs="10">Male</wd>
		</ln>
		<ln lx="637" ly="1503" rx="2170" ry="1585">
			<wd l="637" t="1507" r="913" b="1568" fs="10">flowers</wd>
			<wd l="971" t="1506" r="1134" b="1567" fs="10">with</wd>
			<wd l="1189" t="1505" r="1497" b="1585" fs="10">pedicels</wd>
			<wd l="1556" t="1506" r="1735" b="1565" fs="10">4-12</wd>
			<wd l="1794" t="1523" r="1927" b="1565" fs="10">mm</wd>
			<wd l="1986" t="1503" r="2170" b="1582" fs="10">long,</wd>
		</ln>
		<ln lx="638" ly="1597" rx="2174" ry="1676">
			<wd l="638" t="1602" r="784" b="1661" fs="10">0.5-</wd>
			<wd l="817" t="1601" r="917" b="1661" fs="10">0.9</wd>
			<wd l="951" t="1619" r="1079" b="1659" fs="10">mm</wd>
			<wd l="1114" t="1599" r="1423" b="1671" fs="10">diameter,</wd>
			<wd l="1459" t="1598" r="1609" b="1659" fs="10">with</wd>
			<wd l="1645" t="1617" r="1851" b="1676" fs="10">sparse</wd>
			<wd l="1885" t="1606" r="1948" b="1657" fs="10">to</wd>
			<wd l="1985" t="1597" r="2174" b="1657" fs="10">dense</wd>
		</ln>
		<ln lx="636" ly="1689" rx="2177" ry="1771">
			<wd l="636" t="1692" r="863" b="1771" fs="10">golden</wd>
			<wd l="887" t="1691" r="1235" b="1764" fs="10">trichomes;</wd>
			<wd l="1267" t="1690" r="1466" b="1769" fs="10">sepals</wd>
			<wd l="1495" t="1689" r="1742" b="1768" fs="10">elliptic,</wd>
			<wd l="1781" t="1691" r="1803" b="1750" fs="10">1</wd>
			<wd l="1819" t="1690" r="2018" b="1750" fs="10">.8-4.5</wd>
			<wd l="2049" t="1708" r="2177" b="1749" fs="10">mm</wd>
		</ln>
		<ln lx="638" ly="1781" rx="2173" ry="1864">
			<wd l="638" t="1786" r="801" b="1864" fs="10">long,</wd>
			<wd l="841" t="1786" r="1016" b="1846" fs="10">1.2-2</wd>
			<wd l="1046" t="1803" r="1174" b="1845" fs="10">mm</wd>
			<wd l="1201" t="1784" r="1381" b="1857" fs="10">wide,</wd>
			<wd l="1412" t="1783" r="1561" b="1844" fs="10">with</wd>
			<wd l="1591" t="1802" r="1795" b="1861" fs="10">sparse</wd>
			<wd l="1823" t="1781" r="2173" b="1854" fs="10">trichomes;</wd>
		</ln>
		<ln lx="637" ly="1874" rx="2174" ry="1949">
			<wd l="637" t="1878" r="773" b="1939" fs="10">disk</wd>
			<wd l="790" t="1879" r="969" b="1939" fs="10">2-2.5</wd>
			<wd l="990" t="1897" r="1118" b="1938" fs="10">mm</wd>
			<wd l="1136" t="1877" r="1440" b="1949" fs="10">diameter,</wd>
			<wd l="1459" t="1876" r="1607" b="1937" fs="10">with</wd>
			<wd l="1625" t="1875" r="1810" b="1936" fs="10">dense</wd>
			<wd l="1827" t="1874" r="2174" b="1947" fs="10">trichomes;</wd>
		</ln>
		<ln lx="638" ly="1966" rx="2174" ry="2043">
			<wd l="638" t="1979" r="908" b="2031" fs="10">stamens</wd>
			<wd l="954" t="1970" r="1180" b="2042" fs="10">15-20;</wd>
			<wd l="1221" t="1968" r="1537" b="2029" fs="10">filaments</wd>
			<wd l="1551" t="1968" r="1792" b="2028" fs="10">1.5-3.1</wd>
			<wd l="1836" t="1986" r="1966" b="2026" fs="10">mm</wd>
			<wd l="2003" t="1966" r="2174" b="2043" fs="10">long;</wd>
		</ln>
		<ln lx="638" ly="2057" rx="2171" ry="2138">
			<wd l="638" t="2062" r="883" b="2123" fs="10">anthers</wd>
			<wd l="922" t="2062" r="1105" b="2122" fs="10">0.5-1</wd>
			<wd l="1149" t="2080" r="1278" b="2121" fs="10">mm</wd>
			<wd l="1316" t="2060" r="1486" b="2138" fs="10">long,</wd>
			<wd l="1527" t="2060" r="1783" b="2120" fs="10">0.3-0.7</wd>
			<wd l="1821" t="2078" r="1950" b="2119" fs="10">mm</wd>
			<wd l="1986" t="2057" r="2171" b="2119" fs="10">wide.</wd>
		</ln>
		<ln lx="637" ly="2150" rx="2178" ry="2228">
			<wd l="637" t="2154" r="876" b="2215" fs="10">Female</wd>
			<wd l="894" t="2154" r="1363" b="2215" fs="10">inflorescences</wd>
			<wd l="1382" t="2153" r="1445" b="2212" fs="10">in</wd>
			<wd l="1463" t="2152" r="1637" b="2213" fs="10">distal</wd>
			<wd l="1656" t="2151" r="1827" b="2224" fs="10">axils,</wd>
			<wd l="1849" t="2151" r="1925" b="2212" fs="10">of</wd>
			<wd l="1934" t="2150" r="2178" b="2228" fs="10">solitary</wd>
		</ln>
		<ln lx="639" ly="2243" rx="2173" ry="2324">
			<wd l="639" t="2246" r="884" b="2308" fs="10">flowers</wd>
			<wd l="907" t="2245" r="1055" b="2307" fs="10">with</wd>
			<wd l="1075" t="2244" r="1408" b="2324" fs="10">peduncles</wd>
			<wd l="1433" t="2243" r="1730" b="2317" fs="10">obsolete;</wd>
			<wd l="1753" t="2243" r="1952" b="2304" fs="10">bracts</wd>
			<wd l="1976" t="2250" r="2173" b="2315" fs="10">ovate,</wd>
		</ln>
		<ln lx="639" ly="2335" rx="2176" ry="2416">
			<wd l="639" t="2359" r="691" b="2400" fs="10">c.</wd>
			<wd l="731" t="2340" r="768" b="2399" fs="10">2</wd>
			<wd l="805" t="2358" r="934" b="2399" fs="10">mm</wd>
			<wd l="971" t="2338" r="1120" b="2416" fs="10">long</wd>
			<wd l="1157" t="2337" r="1278" b="2399" fs="10">and</wd>
			<wd l="1322" t="2338" r="1344" b="2397" fs="10">1</wd>
			<wd l="1388" t="2356" r="1518" b="2397" fs="10">mm</wd>
			<wd l="1553" t="2336" r="1738" b="2409" fs="10">wide,</wd>
			<wd l="1776" t="2335" r="1928" b="2396" fs="10">with</wd>
			<wd l="1966" t="2354" r="2176" b="2413" fs="10">sparse</wd>
		</ln>
		<ln lx="636" ly="2427" rx="2175" ry="2506">
			<wd l="636" t="2431" r="1015" b="2493" fs="10">trichomes.</wd>
			<wd l="1059" t="2430" r="1321" b="2491" fs="10">Female</wd>
			<wd l="1364" t="2429" r="1635" b="2490" fs="10">flowers</wd>
			<wd l="1676" t="2428" r="1837" b="2489" fs="10">with</wd>
			<wd l="1876" t="2427" r="2175" b="2506" fs="10">pedicels</wd>
		</ln>
		<ln lx="638" ly="2519" rx="2178" ry="2601">
			<wd l="638" t="2524" r="820" b="2585" fs="10">2.5-9</wd>
			<wd l="837" t="2542" r="964" b="2583" fs="10">mm</wd>
			<wd l="982" t="2522" r="1144" b="2601" fs="10">long,</wd>
			<wd l="1172" t="2524" r="1194" b="2582" fs="10">1</wd>
			<wd l="1209" t="2523" r="1346" b="2583" fs="10">.2-2</wd>
			<wd l="1363" t="2540" r="1491" b="2581" fs="10">mm</wd>
			<wd l="1509" t="2521" r="1811" b="2594" fs="10">diameter,</wd>
			<wd l="1830" t="2519" r="1977" b="2581" fs="10">with</wd>
			<wd l="1994" t="2519" r="2178" b="2581" fs="10">dense</wd>
		</ln>
		<ln lx="638" ly="2613" rx="2176" ry="2695">
			<wd l="638" t="2616" r="876" b="2695" fs="10">golden</wd>
			<wd l="913" t="2615" r="1283" b="2688" fs="10">trichomes;</wd>
			<wd l="1326" t="2614" r="1537" b="2693" fs="10">sepals</wd>
			<wd l="1578" t="2613" r="1822" b="2692" fs="10">elliptic</wd>
			<wd l="1860" t="2621" r="1926" b="2674" fs="10">to</wd>
			<wd l="1967" t="2620" r="2176" b="2686" fs="10">ovate,</wd>
		</ln>
		<ln lx="639" ly="2706" rx="2176" ry="2787">
			<wd l="639" t="2711" r="760" b="2771" fs="10">3-4</wd>
			<wd l="790" t="2729" r="918" b="2770" fs="10">mm</wd>
			<wd l="949" t="2709" r="1112" b="2787" fs="10">long,</wd>
			<wd l="1153" t="2709" r="1392" b="2769" fs="10">1.8-2.2</wd>
			<wd l="1423" t="2727" r="1552" b="2768" fs="10">mm</wd>
			<wd l="1580" t="2707" r="1760" b="2780" fs="10">wide,</wd>
			<wd l="1792" t="2706" r="1941" b="2767" fs="10">with</wd>
			<wd l="1972" t="2725" r="2176" b="2784" fs="10">sparse</wd>
		</ln>
		<ln lx="636" ly="2798" rx="2177" ry="2878">
			<wd l="636" t="2811" r="699" b="2863" fs="10">to</wd>
			<wd l="723" t="2802" r="909" b="2863" fs="10">dense</wd>
			<wd l="929" t="2800" r="1279" b="2873" fs="10">trichomes;</wd>
			<wd l="1303" t="2819" r="1492" b="2878" fs="10">ovary</wd>
			<wd l="1513" t="2800" r="1695" b="2860" fs="10">2.5-3</wd>
			<wd l="1720" t="2818" r="1848" b="2859" fs="10">mm</wd>
			<wd l="1870" t="2798" r="2177" b="2870" fs="10">diameter,</wd>
		</ln>
		<ln lx="637" ly="2891" rx="2178" ry="2971">
			<wd l="637" t="2894" r="783" b="2955" fs="10">with</wd>
			<wd l="799" t="2894" r="981" b="2954" fs="10">dense</wd>
			<wd l="998" t="2893" r="1220" b="2971" fs="10">golden</wd>
			<wd l="1233" t="2892" r="1574" b="2964" fs="10">trichomes;</wd>
			<wd l="1595" t="2891" r="1774" b="2969" fs="10">styles</wd>
			<wd l="1792" t="2892" r="2031" b="2951" fs="10">2.6-3.5</wd>
			<wd l="2051" t="2909" r="2178" b="2950" fs="10">mm</wd>
		</ln>
		<ln lx="640" ly="2982" rx="2175" ry="3064">
			<wd l="640" t="2987" r="804" b="3064" fs="10">long,</wd>
			<wd l="842" t="2985" r="1071" b="3064" fs="10">shortly</wd>
			<wd l="1106" t="2993" r="1362" b="3046" fs="10">connate</wd>
			<wd l="1398" t="2984" r="1495" b="3045" fs="10">for</wd>
			<wd l="1529" t="3003" r="1580" b="3045" fs="10">c.</wd>
			<wd l="1626" t="2985" r="1648" b="3043" fs="10">1</wd>
			<wd l="1690" t="3002" r="1818" b="3043" fs="10">mm</wd>
			<wd l="1852" t="2982" r="1915" b="3043" fs="10">in</wd>
			<wd l="1950" t="2982" r="2175" b="3060" fs="10">length,</wd>
		</ln>
		<ln lx="641" ly="3074" rx="2177" ry="3157">
			<wd l="641" t="3078" r="911" b="3157" fs="10">strongly</wd>
			<wd l="934" t="3077" r="1245" b="3151" fs="10">recurved,</wd>
			<wd l="1271" t="3076" r="1572" b="3156" fs="10">papillose</wd>
			<wd l="1598" t="3095" r="1681" b="3137" fs="10">on</wd>
			<wd l="1703" t="3094" r="1896" b="3154" fs="10">upper</wd>
			<wd l="1921" t="3074" r="2177" b="3148" fs="10">surface,</wd>
		</ln>
		<ln lx="638" ly="3167" rx="2179" ry="3232">
			<wd l="638" t="3171" r="784" b="3232" fs="10">with</wd>
			<wd l="800" t="3171" r="983" b="3232" fs="10">dense</wd>
			<wd l="998" t="3170" r="1318" b="3231" fs="10">trichomes</wd>
			<wd l="1336" t="3189" r="1417" b="3230" fs="10">on</wd>
			<wd l="1434" t="3169" r="1620" b="3230" fs="10">lower</wd>
			<wd l="1636" t="3168" r="1868" b="3229" fs="10">surface</wd>
			<wd l="1887" t="3168" r="1981" b="3228" fs="10">for</wd>
			<wd l="1997" t="3167" r="2179" b="3228" fs="10">entire</wd>
		</ln>
		<ln lx="641" ly="3259" rx="2177" ry="3342">
			<wd l="641" t="3263" r="888" b="3342" fs="10">length.</wd>
			<wd l="934" t="3262" r="1146" b="3324" fs="10">Fruits</wd>
			<wd l="1190" t="3261" r="1496" b="3340" fs="10">globose,</wd>
			<wd l="1540" t="3260" r="1802" b="3338" fs="10">weakly</wd>
			<wd l="1842" t="3259" r="2177" b="3332" fs="10">trilobate,</wd>
		</ln>
		<ln lx="648" ly="3351" rx="2180" ry="3432">
			<wd l="648" t="3358" r="670" b="3416" fs="10">1</wd>
			<wd l="682" t="3357" r="802" b="3416" fs="10">2-2</wd>
			<wd l="815" t="3357" r="837" b="3415" fs="10">1</wd>
			<wd l="863" t="3374" r="990" b="3415" fs="10">mm</wd>
			<wd l="1009" t="3355" r="1171" b="3432" fs="10">long,</wd>
			<wd l="1200" t="3356" r="1223" b="3414" fs="10">1</wd>
			<wd l="1237" t="3355" r="1397" b="3415" fs="10">5-22</wd>
			<wd l="1415" t="3373" r="1544" b="3413" fs="10">mm</wd>
			<wd l="1562" t="3353" r="1867" b="3425" fs="10">diameter,</wd>
			<wd l="1886" t="3351" r="2180" b="3429" fs="10">minutely</wd>
		</ln>
		<ln lx="638" ly="3443" rx="2177" ry="3522">
			<wd l="638" t="3447" r="1067" b="3521" fs="10">muriculate;</wd>
			<wd l="1173" t="3445" r="1370" b="3508" fs="10">seeds</wd>
			<wd l="1476" t="3446" r="1653" b="3507" fs="10">8-10</wd>
			<wd l="1755" t="3464" r="1889" b="3505" fs="10">mm</wd>
			<wd l="1991" t="3443" r="2177" b="3522" fs="10">long,</wd>
		</ln>
		<ln lx="640" ly="3535" rx="2179" ry="3613">
			<wd l="640" t="3542" r="887" b="3603" fs="10">4.5-5.5</wd>
			<wd l="925" t="3559" r="1054" b="3601" fs="10">mm</wd>
			<wd l="1087" t="3539" r="1268" b="3613" fs="10">wide,</wd>
			<wd l="1306" t="3539" r="1493" b="3600" fs="10">2-2.4</wd>
			<wd l="1528" t="3557" r="1657" b="3599" fs="10">mm</wd>
			<wd l="1689" t="3536" r="1876" b="3610" fs="10">thick,</wd>
			<wd l="1916" t="3535" r="2179" b="3609" fs="10">smooth,</wd>
		</ln>
		<ln lx="642" ly="3633" rx="1310" ry="3712">
			<wd l="642" t="3634" r="819" b="3712" fs="10">shiny</wd>
			<wd l="841" t="3634" r="1071" b="3695" fs="10">brown.</wd>
			<wd l="1098" t="3633" r="1225" b="3711" fs="10">Fig.</wd>
			<wd l="1262" t="3634" r="1310" b="3693" fs="10">1.</wd>
		</ln>
		<ln lx="638" ly="3771" rx="2176" ry="3835">
			<wd l="638" t="3775" r="870" b="3824" fs="10">Selected</wd>
			<wd l="892" t="3774" r="1175" b="3823" fs="10">additional</wd>
			<wd l="1197" t="3773" r="1481" b="3835" fs="10">specimens</wd>
			<wd l="1508" t="3772" r="1790" b="3821" fs="10">examined'.</wd>
			<wd l="1823" t="3771" r="2176" b="3830" fs="10">Queensland.</wd>
		</ln>
		<ln lx="637" ly="3845" rx="2178" ry="3910">
			<wd l="637" t="3852" r="814" b="3899" fs="10">North</wd>
			<wd l="840" t="3851" r="1079" b="3898" fs="10">Kennedy</wd>
			<wd l="1104" t="3850" r="1343" b="3897" fs="10">District:</wd>
			<wd l="1375" t="3848" r="1508" b="3910" fs="10">Slaty</wd>
			<wd l="1537" t="3847" r="1709" b="3906" fs="10">Creek,</wd>
			<wd l="1737" t="3861" r="1853" b="3896" fs="10">near</wd>
			<wd l="1877" t="3845" r="2178" b="3908" fs="10">Proserpine,</wd>
		</ln>
		<ln lx="639" ly="3921" rx="2178" ry="3987">
			<wd l="639" t="3926" r="858" b="3975" fs="10">Michael</wd>
			<wd l="878" t="3926" r="973" b="3974" fs="10">988</wd>
			<wd l="997" t="3925" r="1162" b="3987" fs="10">(BRI).</wd>
			<wd l="1189" t="3925" r="1352" b="3974" fs="10">South</wd>
			<wd l="1371" t="3925" r="1611" b="3972" fs="10">Kennedy</wd>
			<wd l="1630" t="3924" r="1869" b="3971" fs="10">District:</wd>
			<wd l="1894" t="3921" r="2178" b="3984" fs="10">Cherrytree</wd>
		</ln>
		<ln lx="642" ly="3996" rx="2188" ry="4060">
			<wd l="642" t="4001" r="813" b="4060" fs="10">Creek,</wd>
			<wd l="835" t="4000" r="1092" b="4058" fs="10">Koumala,</wd>
			<wd l="1112" t="4002" r="1228" b="4049" fs="10">Nov</wd>
			<wd l="1256" t="4000" r="1396" b="4057" fs="10">1987,</wd>
			<wd l="1422" t="4000" r="1650" b="4060" fs="10">Canning</wd>
			<wd l="1670" t="3999" r="1764" b="4047" fs="10">305</wd>
			<wd l="1790" t="3997" r="1959" b="4059" fs="10">(BRI);</wd>
			<wd l="1981" t="3998" r="2104" b="4046" fs="10">Foot</wd>
			<wd l="2125" t="3996" r="2188" b="4045" fs="10">of</wd>
		</ln>
		<ln lx="641" ly="4071" rx="2175" ry="4137">
			<wd l="641" t="4091" r="815" b="4137" fs="10">ranges</wd>
			<wd l="832" t="4077" r="892" b="4123" fs="10">W</wd>
			<wd l="907" t="4075" r="1035" b="4123" fs="10">from</wd>
			<wd l="1048" t="4074" r="1307" b="4131" fs="10">Koumala,</wd>
			<wd l="1323" t="4075" r="1444" b="4134" fs="10">May</wd>
			<wd l="1467" t="4074" r="1484" b="4120" fs="10">1</wd>
			<wd l="1495" t="4074" r="1558" b="4120" fs="10">92</wd>
			<wd l="1569" t="4074" r="1586" b="4120" fs="10">1</wd>
			<wd l="1616" t="4074" r="1827" b="4120" fs="10">Francis</wd>
			<wd l="1841" t="4072" r="2121" b="4132" fs="10">[AQ20226</wd>
			<wd l="2131" t="4072" r="2149" b="4118" fs="10">1</wd>
			<wd l="2159" t="4071" r="2175" b="4130" fs="10">]</wd>
		</ln>
		<ln lx="643" ly="4145" rx="2180" ry="4211">
			<wd l="643" t="4150" r="812" b="4211" fs="10">(BRI).</wd>
			<wd l="825" t="4151" r="954" b="4197" fs="10">Port</wd>
			<wd l="968" t="4150" r="1143" b="4198" fs="10">Curtis</wd>
			<wd l="1157" t="4150" r="1393" b="4196" fs="10">District:</wd>
			<wd l="1410" t="4147" r="1527" b="4196" fs="10">Pine</wd>
			<wd l="1542" t="4146" r="1713" b="4204" fs="10">Creek,</wd>
			<wd l="1730" t="4146" r="1814" b="4195" fs="10">off</wd>
			<wd l="1821" t="4145" r="1971" b="4194" fs="10">lower</wd>
			<wd l="1982" t="4145" r="2180" b="4194" fs="10">reaches</wd>
		</ln>
		<ln lx="644" ly="4220" rx="2182" ry="4281">
			<wd l="644" t="4224" r="705" b="4273" fs="10">of</wd>
			<wd l="721" t="4224" r="917" b="4273" fs="10">Granite</wd>
			<wd l="941" t="4223" r="1113" b="4281" fs="10">Creek,</wd>
			<wd l="1139" t="4223" r="1240" b="4271" fs="10">S.F.</wd>
			<wd l="1267" t="4223" r="1357" b="4270" fs="10">391</wd>
			<wd l="1387" t="4221" r="1640" b="4279" fs="10">Bulburin,</wd>
			<wd l="1664" t="4221" r="1892" b="4278" fs="10">24°37'S,</wd>
			<wd l="1923" t="4220" r="2182" b="4277" fs="10">151°33'E,</wd>
		</ln>
		<ln lx="642" ly="4293" rx="2180" ry="4357">
			<wd l="642" t="4301" r="747" b="4348" fs="10">Dec</wd>
			<wd l="775" t="4299" r="914" b="4357" fs="10">1993,</wd>
			<wd l="938" t="4299" r="1137" b="4346" fs="10">Forster</wd>
			<wd l="1166" t="4297" r="1325" b="4345" fs="10">14580</wd>
			<wd l="1349" t="4303" r="1396" b="4345" fs="10">et</wd>
			<wd l="1418" t="4296" r="1477" b="4345" fs="10">al.</wd>
			<wd l="1502" t="4296" r="1672" b="4357" fs="10">(BRI);</wd>
			<wd l="1699" t="4296" r="1799" b="4344" fs="10">S.F.</wd>
			<wd l="1825" t="4295" r="1905" b="4352" fs="10">67,</wd>
			<wd l="1927" t="4293" r="2180" b="4351" fs="10">Bulburin,</wd>
		</ln>
		<ln lx="645" ly="4369" rx="2178" ry="4436">
			<wd l="645" t="4375" r="742" b="4436" fs="10">Sep</wd>
			<wd l="778" t="4374" r="921" b="4431" fs="10">1983,</wd>
			<wd l="962" t="4372" r="1153" b="4422" fs="10">Gibson</wd>
			<wd l="1192" t="4372" r="1290" b="4420" fs="10">559</wd>
			<wd l="1323" t="4371" r="1501" b="4433" fs="10">(BRI);</wd>
			<wd l="1535" t="4370" r="1784" b="4432" fs="10">Crossing</wd>
			<wd l="1812" t="4371" r="2037" b="4418" fs="10">Reserve</wd>
			<wd l="2067" t="4369" r="2178" b="4416" fs="10">R73</wd>
		</ln>
		<ln lx="643" ly="4443" rx="2185" ry="4506">
			<wd l="643" t="4448" r="841" b="4497" fs="10">Miriam</wd>
			<wd l="859" t="4448" r="998" b="4506" fs="10">Vale,</wd>
			<wd l="1018" t="4463" r="1084" b="4496" fs="10">on</wd>
			<wd l="1100" t="4446" r="1267" b="4496" fs="10">Baffle</wd>
			<wd l="1287" t="4446" r="1459" b="4504" fs="10">Creek,</wd>
			<wd l="1481" t="4447" r="1507" b="4494" fs="10">5</wd>
			<wd l="1529" t="4445" r="1613" b="4493" fs="10">km</wd>
			<wd l="1630" t="4447" r="1669" b="4493" fs="10">E</wd>
			<wd l="1688" t="4444" r="1750" b="4494" fs="10">of</wd>
			<wd l="1759" t="4444" r="1959" b="4493" fs="10">Miriam</wd>
			<wd l="1976" t="4443" r="2100" b="4492" fs="10">Vale</wd>
			<wd l="2120" t="4458" r="2185" b="4492" fs="10">on</wd>
		</ln>
		<ln lx="643" ly="4519" rx="2180" ry="4585">
			<wd l="643" t="4523" r="762" b="4573" fs="10">road</wd>
			<wd l="775" t="4530" r="826" b="4572" fs="10">to</wd>
			<wd l="840" t="4524" r="1010" b="4585" fs="10">Agnes</wd>
			<wd l="1027" t="4523" r="1202" b="4580" fs="10">Water,</wd>
			<wd l="1219" t="4521" r="1295" b="4570" fs="10">Jul</wd>
			<wd l="1317" t="4522" r="1334" b="4569" fs="10">1</wd>
			<wd l="1345" t="4521" r="1458" b="4579" fs="10">978,</wd>
			<wd l="1467" t="4519" r="1758" b="4569" fs="10">McDonald</wd>
			<wd l="1767" t="4519" r="1900" b="4568" fs="10">2347</wd>
			<wd l="1918" t="4519" r="1966" b="4567" fs="10"><![CDATA[&]]></wd>
			<wd l="1976" t="4519" r="2180" b="4567" fs="10">Stanton</wd>
		</ln>
		<ln lx="645" ly="4593" rx="2180" ry="4660">
			<wd l="645" t="4600" r="791" b="4660" fs="10">(BRI,</wd>
			<wd l="812" t="4598" r="1032" b="4659" fs="10">CANB).</wd>
			<wd l="1052" t="4599" r="1189" b="4646" fs="10">Wide</wd>
			<wd l="1205" t="4598" r="1316" b="4645" fs="10">Bay</wd>
			<wd l="1332" t="4598" r="1571" b="4645" fs="10">District:</wd>
			<wd l="1591" t="4596" r="1875" b="4652" fs="10">Amamoor,</wd>
			<wd l="1893" t="4595" r="2014" b="4655" fs="10">May</wd>
			<wd l="2038" t="4593" r="2180" b="4651" fs="10">1918,</wd>
		</ln>
		<ln lx="642" ly="4667" rx="2191" ry="4735">
			<wd l="642" t="4676" r="874" b="4735" fs="10">Forestry</wd>
			<wd l="893" t="4674" r="1033" b="4735" fs="10">Dept.</wd>
			<wd l="1066" t="4672" r="1400" b="4733" fs="10">[AQ202271]</wd>
			<wd l="1427" t="4671" r="1597" b="4732" fs="10">(BRI);</wd>
			<wd l="1625" t="4671" r="1726" b="4719" fs="10">S.F.</wd>
			<wd l="1754" t="4670" r="1832" b="4728" fs="10">50,</wd>
			<wd l="1859" t="4670" r="1936" b="4717" fs="10">3.5</wd>
			<wd l="1962" t="4668" r="2047" b="4717" fs="10">km</wd>
			<wd l="2071" t="4669" r="2102" b="4717" fs="10">S</wd>
			<wd l="2129" t="4667" r="2191" b="4717" fs="10">of</wd>
		</ln>
		<ln lx="644" ly="4743" rx="2179" ry="4807">
			<wd l="644" t="4751" r="723" b="4798" fs="10">Mt</wd>
			<wd l="749" t="4748" r="899" b="4807" fs="10">Urah,</wd>
			<wd l="930" t="4748" r="1162" b="4805" fs="10">25°52'S,</wd>
			<wd l="1198" t="4747" r="1462" b="4804" fs="10">152°22'E,</wd>
			<wd l="1490" t="4747" r="1608" b="4794" fs="10">Nov</wd>
			<wd l="1643" t="4745" r="1787" b="4803" fs="10">1988,</wd>
			<wd l="1811" t="4745" r="2013" b="4792" fs="10">Forster</wd>
			<wd l="2046" t="4743" r="2179" b="4791" fs="10">4842</wd>
		</ln>
		<ln lx="646" ly="4817" rx="2193" ry="4886">
			<wd l="646" t="4825" r="795" b="4886" fs="10">(BRI,</wd>
			<wd l="826" t="4824" r="1027" b="4881" fs="10">CANB,</wd>
			<wd l="1056" t="4822" r="1238" b="4883" fs="10">MEL);</wd>
			<wd l="1271" t="4822" r="1374" b="4871" fs="10">S.F.</wd>
			<wd l="1408" t="4821" r="1470" b="4869" fs="10">50</wd>
			<wd l="1501" t="4820" r="1735" b="4878" fs="10">Glenbar,</wd>
			<wd l="1772" t="4820" r="1790" b="4867" fs="10">1</wd>
			<wd l="1825" t="4819" r="1911" b="4867" fs="10">km</wd>
			<wd l="1939" t="4819" r="2102" b="4867" fs="10">WSW</wd>
			<wd l="2131" t="4817" r="2193" b="4867" fs="10">of</wd>
		</ln>
		<ln lx="645" ly="4894" rx="2184" ry="4955">
			<wd l="645" t="4901" r="722" b="4947" fs="10">Mt</wd>
			<wd l="747" t="4898" r="879" b="4947" fs="10">Urah</wd>
			<wd l="907" t="4897" r="1114" b="4955" fs="10">summit,</wd>
			<wd l="1143" t="4897" r="1369" b="4954" fs="10">25°50'S,</wd>
			<wd l="1404" t="4896" r="1661" b="4953" fs="10">152°20'E,</wd>
			<wd l="1690" t="4896" r="1777" b="4943" fs="10">Jan</wd>
			<wd l="1810" t="4894" r="1950" b="4952" fs="10">1993,</wd>
			<wd l="1981" t="4895" r="2184" b="4941" fs="10">Forster</wd>
		</ln>
		<ln lx="653" ly="4968" rx="2183" ry="5033">
			<wd l="653" t="4974" r="859" b="5022" fs="10">13126A</wd>
			<wd l="879" t="4974" r="927" b="5022" fs="10"><![CDATA[&]]></wd>
			<wd l="949" t="4972" r="1150" b="5021" fs="10">Machin</wd>
			<wd l="1193" t="4972" r="1275" b="5033" fs="10">(A,</wd>
			<wd l="1297" t="4972" r="1423" b="5029" fs="10">BRI,</wd>
			<wd l="1445" t="4972" r="1507" b="5029" fs="10">K,</wd>
			<wd l="1530" t="4971" r="1584" b="5028" fs="10">L,</wd>
			<wd l="1606" t="4970" r="1761" b="5028" fs="10">MEL,</wd>
			<wd l="1785" t="4968" r="1950" b="5030" fs="10">QRS),</wd>
			<wd l="1980" t="4968" r="2183" b="5016" fs="10">13126B</wd>
		</ln>
		<ln lx="647" ly="5042" rx="2184" ry="5110">
			<wd l="647" t="5050" r="793" b="5110" fs="10">(BRI,</wd>
			<wd l="817" t="5050" r="879" b="5106" fs="10">K,</wd>
			<wd l="903" t="5049" r="957" b="5106" fs="10">L,</wd>
			<wd l="982" t="5048" r="1136" b="5105" fs="10">MEL,</wd>
			<wd l="1162" t="5046" r="1327" b="5107" fs="10">QRS);</wd>
			<wd l="1352" t="5045" r="1452" b="5093" fs="10">Kin</wd>
			<wd l="1474" t="5045" r="1589" b="5103" fs="10">Kin,</wd>
			<wd l="1613" t="5046" r="1813" b="5093" fs="10">Eastern</wd>
			<wd l="1835" t="5042" r="2029" b="5092" fs="10">Branch</wd>
			<wd l="2051" t="5042" r="2184" b="5100" fs="10">road,</wd>
		</ln>
		<ln lx="647" ly="5118" rx="2182" ry="5181">
			<wd l="647" t="5123" r="872" b="5181" fs="10">26°18'S,</wd>
			<wd l="894" t="5122" r="1150" b="5180" fs="10">152°53'E,</wd>
			<wd l="1165" t="5120" r="1263" b="5170" fs="10">Feb</wd>
			<wd l="1284" t="5118" r="2182" b="5179" fs="10">1995,Forsterl6123A(BRI,MEL,</wd>
		</ln>
		<ln lx="644" ly="5191" rx="2194" ry="5258">
			<wd l="644" t="5199" r="812" b="5256" fs="10">NSW,</wd>
			<wd l="844" t="5198" r="1012" b="5258" fs="10">QRS).</wd>
			<wd l="1053" t="5198" r="1312" b="5244" fs="10">Moreton</wd>
			<wd l="1343" t="5197" r="1597" b="5243" fs="10">District:</wd>
			<wd l="1631" t="5193" r="1785" b="5242" fs="10">Bahr'</wd>
			<wd l="1796" t="5208" r="1818" b="5242" fs="10">s</wd>
			<wd l="1852" t="5192" r="2029" b="5251" fs="10">Scrub,</wd>
			<wd l="2064" t="5193" r="2095" b="5241" fs="10">S</wd>
			<wd l="2129" t="5191" r="2194" b="5240" fs="10">of</wd>
		</ln>
		<ln lx="646" ly="5267" rx="2182" ry="5334">
			<wd l="646" t="5272" r="930" b="5334" fs="10">Beenleigh,</wd>
			<wd l="959" t="5271" r="1186" b="5328" fs="10">27°43'S,</wd>
			<wd l="1221" t="5270" r="1479" b="5327" fs="10">153°10'E,</wd>
			<wd l="1508" t="5270" r="1600" b="5318" fs="10">Jun</wd>
			<wd l="1633" t="5269" r="1773" b="5326" fs="10">1983,</wd>
			<wd l="1810" t="5268" r="2018" b="5329" fs="10">Guymer</wd>
			<wd l="2057" t="5267" r="2182" b="5314" fs="10">1857</wd>
		</ln>
		<ln lx="648" ly="5340" rx="2186" ry="5409">
			<wd l="648" t="5348" r="793" b="5409" fs="10">(BRI,</wd>
			<wd l="818" t="5347" r="1016" b="5404" fs="10">CANB,</wd>
			<wd l="1039" t="5345" r="1217" b="5406" fs="10">MEL);</wd>
			<wd l="1243" t="5346" r="1271" b="5393" fs="10">7</wd>
			<wd l="1294" t="5344" r="1378" b="5392" fs="10">km</wd>
			<wd l="1402" t="5345" r="1475" b="5393" fs="10">SE</wd>
			<wd l="1498" t="5343" r="1560" b="5393" fs="10">of</wd>
			<wd l="1573" t="5345" r="1651" b="5392" fs="10">Mt</wd>
			<wd l="1669" t="5342" r="1830" b="5401" fs="10">Nebo,</wd>
			<wd l="1857" t="5341" r="2008" b="5391" fs="10">Scrub</wd>
			<wd l="2030" t="5340" r="2186" b="5399" fs="10">Road,</wd>
		</ln>
		<ln lx="647" ly="5416" rx="2185" ry="5478">
			<wd l="647" t="5422" r="896" b="5470" fs="10">Brisbane</wd>
			<wd l="927" t="5422" r="1104" b="5470" fs="10">Forest</wd>
			<wd l="1132" t="5419" r="1276" b="5478" fs="10">Park,</wd>
			<wd l="1309" t="5419" r="1550" b="5477" fs="10">27°25'S,</wd>
			<wd l="1590" t="5418" r="1864" b="5475" fs="10">152°50'E,</wd>
			<wd l="1899" t="5417" r="1998" b="5478" fs="10">Sep</wd>
			<wd l="2036" t="5416" r="2185" b="5474" fs="10">1993,</wd>
		</ln>
		<ln lx="646" ly="5490" rx="2187" ry="5559">
			<wd l="646" t="5496" r="863" b="5559" fs="10">Haiford</wd>
			<wd l="894" t="5496" r="1077" b="5556" fs="10">Q1842</wd>
			<wd l="1109" t="5495" r="1285" b="5556" fs="10">(BRI);</wd>
			<wd l="1316" t="5493" r="1477" b="5543" fs="10">Petrie</wd>
			<wd l="1508" t="5492" r="1686" b="5551" fs="10">Creek,</wd>
			<wd l="1719" t="5494" r="1858" b="5541" fs="10">West</wd>
			<wd l="1888" t="5490" r="2187" b="5553" fs="10">Woombye,</wd>
		</ln>
	</region>
	<region article-doi="10.2307/41729914" region-id="2">
		<rc l="2304" t="849" r="3879" b="5501"/>
		<ln lx="2312" ly="854" rx="3856" ry="917">
			<wd l="2312" t="857" r="2541" b="915" fs="10">26°40'S,</wd>
			<wd l="2577" t="856" r="2837" b="914" fs="10">152°57'E,</wd>
			<wd l="2865" t="856" r="2970" b="917" fs="10">Apr</wd>
			<wd l="3003" t="855" r="3145" b="913" fs="10">1986,</wd>
			<wd l="3178" t="855" r="3364" b="916" fs="10">Sharpe</wd>
			<wd l="3397" t="855" r="3526" b="903" fs="10">4324</wd>
			<wd l="3553" t="855" r="3601" b="903" fs="10"><![CDATA[&]]></wd>
			<wd l="3639" t="854" r="3856" b="915" fs="10">Guymer</wd>
		</ln>
		<ln lx="2313" ly="929" rx="3854" ry="994">
			<wd l="2313" t="932" r="2484" b="994" fs="10">(BRI);</wd>
			<wd l="2502" t="931" r="2762" b="989" fs="10">Eumundi,</wd>
			<wd l="2779" t="932" r="2901" b="993" fs="10">May</wd>
			<wd l="2924" t="931" r="3066" b="989" fs="10">1896,</wd>
			<wd l="3078" t="930" r="3357" b="979" fs="10">Simmonds</wd>
			<wd l="3368" t="930" r="3467" b="978" fs="10">470</wd>
			<wd l="3485" t="930" r="3653" b="991" fs="10">(BRI);</wd>
			<wd l="3672" t="929" r="3854" b="978" fs="10">Kelvin</wd>
		</ln>
		<ln lx="2314" ly="1004" rx="3851" ry="1069">
			<wd l="2314" t="1008" r="2490" b="1066" fs="10">Grove,</wd>
			<wd l="2521" t="1008" r="2615" b="1069" fs="10">Sep</wd>
			<wd l="2648" t="1007" r="2787" b="1065" fs="10">1920,</wd>
			<wd l="2829" t="1006" r="2977" b="1055" fs="10">White</wd>
			<wd l="3005" t="1006" r="3051" b="1055" fs="10"><![CDATA[&]]></wd>
			<wd l="3076" t="1007" r="3286" b="1054" fs="10">Francis</wd>
			<wd l="3316" t="1005" r="3650" b="1066" fs="10">[AQ202263]</wd>
			<wd l="3681" t="1004" r="3851" b="1066" fs="10">(BRI);</wd>
		</ln>
		<ln lx="2312" ly="1080" rx="3855" ry="1145">
			<wd l="2312" t="1083" r="2560" b="1145" fs="10">Highvale</wd>
			<wd l="2588" t="1098" r="2705" b="1132" fs="10">near</wd>
			<wd l="2734" t="1082" r="2978" b="1140" fs="10">Samford,</wd>
			<wd l="3009" t="1082" r="3240" b="1140" fs="10">27°22'S,</wd>
			<wd l="3277" t="1081" r="3540" b="1139" fs="10">152°49'E,</wd>
			<wd l="3569" t="1082" r="3676" b="1129" fs="10">Dec</wd>
			<wd l="3711" t="1080" r="3855" b="1138" fs="10">1983,</wd>
		</ln>
		<ln lx="2319" ly="1158" rx="2921" ry="1219">
			<wd l="2319" t="1158" r="2549" b="1207" fs="10">Williams</wd>
			<wd l="2570" t="1158" r="2726" b="1206" fs="10">83091</wd>
			<wd l="2754" t="1158" r="2921" b="1219" fs="10">(BRI).</wd>
		</ln>
		<ln lx="2309" ly="1298" rx="3855" ry="1377">
			<wd l="2309" t="1302" r="2753" b="1363" fs="10">Distribution</wd>
			<wd l="2792" t="1302" r="2931" b="1362" fs="10">and</wd>
			<wd l="2963" t="1301" r="3237" b="1362" fs="10">habitat:</wd>
			<wd l="3277" t="1302" r="3354" b="1360" fs="10">D.</wd>
			<wd l="3402" t="1298" r="3855" b="1377" fs="10">baloghioides</wd>
		</ln>
		<ln lx="2315" ly="1387" rx="3855" ry="1466">
			<wd l="2315" t="1410" r="2529" b="1452" fs="10">occurs</wd>
			<wd l="2553" t="1390" r="2617" b="1450" fs="10">in</wd>
			<wd l="2636" t="1389" r="2737" b="1451" fs="10">the</wd>
			<wd l="2757" t="1389" r="2955" b="1450" fs="10">North</wd>
			<wd l="2975" t="1388" r="3295" b="1466" fs="10">Kennedy,</wd>
			<wd l="3323" t="1387" r="3514" b="1449" fs="10">South</wd>
			<wd l="3535" t="1387" r="3855" b="1465" fs="10">Kennedy,</wd>
		</ln>
		<ln lx="2313" ly="1474" rx="3870" ry="1555">
			<wd l="2313" t="1481" r="2453" b="1540" fs="10">Port</wd>
			<wd l="2472" t="1478" r="2692" b="1551" fs="10">Curtis,</wd>
			<wd l="2714" t="1477" r="2893" b="1539" fs="10">Wide</wd>
			<wd l="2912" t="1479" r="3046" b="1555" fs="10">Bay</wd>
			<wd l="3065" t="1476" r="3184" b="1538" fs="10">and</wd>
			<wd l="3201" t="1478" r="3491" b="1537" fs="10">Moreton</wd>
			<wd l="3510" t="1475" r="3771" b="1537" fs="10">districts</wd>
			<wd l="3792" t="1474" r="3870" b="1536" fs="10">of</wd>
		</ln>
		<ln lx="2315" ly="1564" rx="3856" ry="1644">
			<wd l="2315" t="1566" r="2710" b="1642" fs="10">Queensland</wd>
			<wd l="2743" t="1566" r="2806" b="1626" fs="10">in</wd>
			<wd l="2839" t="1566" r="3103" b="1644" fs="10">disjunct</wd>
			<wd l="3133" t="1564" r="3524" b="1643" fs="10">populations</wd>
			<wd l="3559" t="1564" r="3737" b="1641" fs="10">(Map</wd>
			<wd l="3780" t="1564" r="3856" b="1640" fs="10">1).</wd>
		</ln>
		<ln lx="2315" ly="1651" rx="3862" ry="1733">
			<wd l="2315" t="1655" r="2461" b="1716" fs="10">This</wd>
			<wd l="2498" t="1654" r="2736" b="1733" fs="10">species</wd>
			<wd l="2772" t="1654" r="2823" b="1715" fs="10">is</wd>
			<wd l="2857" t="1673" r="3028" b="1715" fs="10">more</wd>
			<wd l="3062" t="1652" r="3290" b="1731" fs="10">widely</wd>
			<wd l="3325" t="1651" r="3684" b="1714" fs="10">distributed</wd>
			<wd l="3716" t="1651" r="3862" b="1712" fs="10">than</wd>
		</ln>
		<ln lx="2317" ly="1739" rx="3859" ry="1822">
			<wd l="2317" t="1743" r="2507" b="1805" fs="10">stated</wd>
			<wd l="2522" t="1743" r="2605" b="1822" fs="10">by</wd>
			<wd l="2620" t="1742" r="2772" b="1821" fs="10">Airy</wd>
			<wd l="2792" t="1742" r="2974" b="1804" fs="10">Shaw</wd>
			<wd l="2991" t="1742" r="3229" b="1820" fs="10">(1981),</wd>
			<wd l="3250" t="1741" r="3566" b="1819" fs="10">occurring</wd>
			<wd l="3585" t="1740" r="3744" b="1801" fs="10">from</wd>
			<wd l="3759" t="1739" r="3859" b="1801" fs="10">the</wd>
		</ln>
		<ln lx="2314" ly="1828" rx="3859" ry="1910">
			<wd l="2314" t="1834" r="2412" b="1893" fs="10">Mt</wd>
			<wd l="2429" t="1831" r="2747" b="1910" fs="10">Dryander</wd>
			<wd l="2766" t="1850" r="2904" b="1892" fs="10">area</wd>
			<wd l="2922" t="1830" r="2985" b="1891" fs="10">in</wd>
			<wd l="3002" t="1830" r="3103" b="1891" fs="10">the</wd>
			<wd l="3122" t="1829" r="3300" b="1891" fs="10">north</wd>
			<wd l="3317" t="1838" r="3380" b="1890" fs="10">to</wd>
			<wd l="3400" t="1849" r="3545" b="1890" fs="10">near</wd>
			<wd l="3562" t="1828" r="3859" b="1889" fs="10">Brisbane</wd>
		</ln>
		<ln lx="2316" ly="1916" rx="3859" ry="1996">
			<wd l="2316" t="1920" r="2384" b="1981" fs="10">in</wd>
			<wd l="2430" t="1920" r="2542" b="1981" fs="10">the</wd>
			<wd l="2594" t="1919" r="2815" b="1981" fs="10">south.</wd>
			<wd l="2867" t="1919" r="3095" b="1979" fs="10">Plants</wd>
			<wd l="3146" t="1938" r="3333" b="1996" fs="10">grow</wd>
			<wd l="3382" t="1918" r="3450" b="1977" fs="10">in</wd>
			<wd l="3497" t="1916" r="3859" b="1994" fs="10">notophyll</wd>
		</ln>
		<ln lx="2314" ly="2004" rx="3862" ry="2069">
			<wd l="2314" t="2007" r="2677" b="2069" fs="10">vineforests</wd>
			<wd l="2697" t="2026" r="2779" b="2068" fs="10">on</wd>
			<wd l="2794" t="2006" r="3074" b="2067" fs="10">volcanic</wd>
			<wd l="3094" t="2005" r="3417" b="2067" fs="10">substrates</wd>
			<wd l="3437" t="2004" r="3685" b="2066" fs="10">derived</wd>
			<wd l="3703" t="2004" r="3862" b="2065" fs="10">from</wd>
		</ln>
		<ln lx="2316" ly="2091" rx="3859" ry="2174">
			<wd l="2316" t="2095" r="2571" b="2174" fs="10">granite</wd>
			<wd l="2615" t="2115" r="2687" b="2156" fs="10">or</wd>
			<wd l="2727" t="2094" r="3015" b="2173" fs="10">rhyolite</wd>
			<wd l="3059" t="2093" r="3187" b="2155" fs="10">and</wd>
			<wd l="3229" t="2113" r="3335" b="2154" fs="10">are</wd>
			<wd l="3380" t="2093" r="3567" b="2154" fs="10">often</wd>
			<wd l="3610" t="2091" r="3859" b="2170" fs="10">locally</wd>
		</ln>
		<ln lx="2317" ly="2186" rx="3631" ry="2267">
			<wd l="2317" t="2189" r="2641" b="2262" fs="10">abundant,</wd>
			<wd l="2667" t="2187" r="3053" b="2267" fs="10">particularly</wd>
			<wd l="3078" t="2207" r="3160" b="2248" fs="10">on</wd>
			<wd l="3184" t="2187" r="3365" b="2248" fs="10">creek</wd>
			<wd l="3389" t="2186" r="3631" b="2248" fs="10">alluvia.</wd>
		</ln>
		<ln lx="2312" ly="2353" rx="3863" ry="2433">
			<wd l="2312" t="2359" r="2511" b="2418" fs="10">Notes</wd>
			<wd l="2517" t="2376" r="2532" b="2418" fs="10">:</wd>
			<wd l="2565" t="2356" r="2812" b="2418" fs="10">Bâillon</wd>
			<wd l="2840" t="2356" r="3061" b="2433" fs="10">(1867)</wd>
			<wd l="3092" t="2355" r="3253" b="2416" fs="10">cited</wd>
			<wd l="3279" t="2355" r="3445" b="2416" fs="10">three</wd>
			<wd l="3476" t="2354" r="3769" b="2415" fs="10">elements</wd>
			<wd l="3799" t="2353" r="3863" b="2413" fs="10">in</wd>
		</ln>
		<ln lx="2315" ly="2447" rx="3858" ry="2529">
			<wd l="2315" t="2451" r="2418" b="2512" fs="10">the</wd>
			<wd l="2453" t="2450" r="2826" b="2529" fs="10">protologue</wd>
			<wd l="2864" t="2450" r="2942" b="2511" fs="10">of</wd>
			<wd l="2973" t="2452" r="3049" b="2510" fs="10">D.</wd>
			<wd l="3097" t="2449" r="3545" b="2527" fs="10">baloghioides</wd>
			<wd l="3551" t="2498" r="3565" b="2521" fs="10">,</wd>
			<wd l="3604" t="2447" r="3858" b="2525" fs="10">namely</wd>
		</ln>
		<ln lx="2318" ly="2540" rx="3859" ry="2619">
			<wd l="2318" t="2545" r="2350" b="2568" fs="10">"</wd>
			<wd l="2350" t="2542" r="2724" b="2605" fs="10">Leichhardt</wd>
			<wd l="2725" t="2592" r="2738" b="2615" fs="10">,</wd>
			<wd l="2761" t="2543" r="2926" b="2615" fs="10">n.13,</wd>
			<wd l="2949" t="2543" r="3095" b="2603" fs="10">n.14</wd>
			<wd l="3119" t="2541" r="3358" b="2619" fs="10">(1843),</wd>
			<wd l="3382" t="2543" r="3670" b="2602" fs="10">Moreton</wd>
			<wd l="3691" t="2540" r="3859" b="2618" fs="10">Bay"</wd>
		</ln>
		<ln lx="2318" ly="2632" rx="3859" ry="2709">
			<wd l="2318" t="2636" r="2435" b="2698" fs="10">and</wd>
			<wd l="2451" t="2635" r="2775" b="2709" fs="10">"Fitzalan,</wd>
			<wd l="2793" t="2635" r="2937" b="2696" fs="10">Pine</wd>
			<wd l="2953" t="2634" r="3151" b="2708" fs="10">River,</wd>
			<wd l="3169" t="2636" r="3306" b="2695" fs="10">Port</wd>
			<wd l="3320" t="2633" r="3645" b="2695" fs="10">Denison".</wd>
			<wd l="3666" t="2635" r="3690" b="2693" fs="10">I</wd>
			<wd l="3706" t="2632" r="3859" b="2694" fs="10">have</wd>
		</ln>
		<ln lx="2316" ly="2726" rx="3855" ry="2798">
			<wd l="2316" t="2738" r="2424" b="2791" fs="10">not</wd>
			<wd l="2444" t="2729" r="2603" b="2790" fs="10">been</wd>
			<wd l="2626" t="2728" r="2761" b="2790" fs="10">able</wd>
			<wd l="2783" t="2736" r="2846" b="2789" fs="10">to</wd>
			<wd l="2871" t="2728" r="3067" b="2789" fs="10">locate</wd>
			<wd l="3089" t="2728" r="3190" b="2788" fs="10">the</wd>
			<wd l="3206" t="2727" r="3487" b="2788" fs="10">Fitzalan</wd>
			<wd l="3508" t="2726" r="3855" b="2798" fs="10">collection,</wd>
		</ln>
		<ln lx="2316" ly="2817" rx="3861" ry="2899">
			<wd l="2316" t="2822" r="2424" b="2883" fs="10">but</wd>
			<wd l="2449" t="2821" r="2612" b="2882" fs="10">what</wd>
			<wd l="2639" t="2840" r="2890" b="2899" fs="10">appears</wd>
			<wd l="2917" t="2829" r="2980" b="2881" fs="10">to</wd>
			<wd l="3008" t="2820" r="3085" b="2881" fs="10">be</wd>
			<wd l="3112" t="2828" r="3242" b="2898" fs="10">part</wd>
			<wd l="3270" t="2819" r="3347" b="2880" fs="10">of</wd>
			<wd l="3362" t="2819" r="3462" b="2880" fs="10">the</wd>
			<wd l="3488" t="2817" r="3861" b="2879" fs="10">Leichhardt</wd>
		</ln>
		<ln lx="2319" ly="2910" rx="3860" ry="2975">
			<wd l="2319" t="2913" r="2678" b="2975" fs="10">collections</wd>
			<wd l="2709" t="2913" r="2761" b="2973" fs="10">is</wd>
			<wd l="2792" t="2920" r="2995" b="2973" fs="10">extant</wd>
			<wd l="3024" t="2920" r="3082" b="2972" fs="10">at</wd>
			<wd l="3108" t="2914" r="3171" b="2972" fs="10">P.</wd>
			<wd l="3204" t="2911" r="3349" b="2972" fs="10">This</wd>
			<wd l="3378" t="2913" r="3422" b="2970" fs="10">P</wd>
			<wd l="3450" t="2910" r="3722" b="2971" fs="10">material</wd>
			<wd l="3750" t="2910" r="3860" b="2970" fs="10">has</wd>
		</ln>
		<ln lx="2320" ly="3003" rx="3863" ry="3080">
			<wd l="2320" t="3005" r="2554" b="3067" fs="10">several</wd>
			<wd l="2585" t="3005" r="2776" b="3067" fs="10">labels</wd>
			<wd l="2808" t="3004" r="3103" b="3077" fs="10">attached,</wd>
			<wd l="3133" t="3004" r="3242" b="3065" fs="10">but</wd>
			<wd l="3268" t="3003" r="3378" b="3065" fs="10">has</wd>
			<wd l="3407" t="3003" r="3508" b="3064" fs="10">the</wd>
			<wd l="3537" t="3021" r="3863" b="3080" fs="10">necessary</wd>
		</ln>
		<ln lx="2317" ly="3094" rx="3862" ry="3177">
			<wd l="2317" t="3098" r="2742" b="3177" fs="10">requirements</wd>
			<wd l="2760" t="3097" r="2837" b="3159" fs="10">of</wd>
			<wd l="2844" t="3105" r="2901" b="3159" fs="10">at</wd>
			<wd l="2917" t="3096" r="3064" b="3158" fs="10">least</wd>
			<wd l="3080" t="3116" r="3195" b="3158" fs="10">one</wd>
			<wd l="3213" t="3096" r="3290" b="3158" fs="10">of</wd>
			<wd l="3294" t="3096" r="3393" b="3157" fs="10">the</wd>
			<wd l="3411" t="3095" r="3567" b="3157" fs="10">cited</wd>
			<wd l="3581" t="3094" r="3862" b="3156" fs="10">numbers</wd>
		</ln>
		<ln lx="2320" ly="3188" rx="3866" ry="3268">
			<wd l="2320" t="3191" r="2539" b="3268" fs="10">(n.14),</wd>
			<wd l="2566" t="3190" r="2667" b="3251" fs="10">the</wd>
			<wd l="2694" t="3198" r="2926" b="3251" fs="10">correct</wd>
			<wd l="2951" t="3189" r="3087" b="3250" fs="10">date</wd>
			<wd l="3114" t="3189" r="3335" b="3266" fs="10">(1843)</wd>
			<wd l="3363" t="3188" r="3483" b="3249" fs="10">and</wd>
			<wd l="3506" t="3188" r="3606" b="3249" fs="10">the</wd>
			<wd l="3634" t="3195" r="3866" b="3248" fs="10">correct</wd>
		</ln>
		<ln lx="2321" ly="3279" rx="3865" ry="3360">
			<wd l="2321" t="3283" r="2601" b="3360" fs="10">locality</wd>
			<wd l="2645" t="3283" r="2993" b="3359" fs="10">(Moreton</wd>
			<wd l="3035" t="3281" r="3232" b="3359" fs="10">Bay).</wd>
			<wd l="3280" t="3280" r="3416" b="3341" fs="10">The</wd>
			<wd l="3460" t="3279" r="3865" b="3341" fs="10">Leichhardt</wd>
		</ln>
		<ln lx="2320" ly="3372" rx="3864" ry="3451">
			<wd l="2320" t="3375" r="2650" b="3436" fs="10">collection</wd>
			<wd l="2679" t="3374" r="2880" b="3451" fs="10">(n.14)</wd>
			<wd l="2912" t="3374" r="2963" b="3434" fs="10">is</wd>
			<wd l="2993" t="3373" r="3132" b="3434" fs="10">thus</wd>
			<wd l="3165" t="3372" r="3432" b="3434" fs="10">selected</wd>
			<wd l="3462" t="3392" r="3527" b="3433" fs="10">as</wd>
			<wd l="3560" t="3372" r="3864" b="3449" fs="10">lectotype</wd>
		</ln>
		<ln lx="2321" ly="3467" rx="2733" ry="3529">
			<wd l="2321" t="3467" r="2398" b="3529" fs="10">of</wd>
			<wd l="2411" t="3467" r="2512" b="3529" fs="10">the</wd>
			<wd l="2535" t="3486" r="2733" b="3528" fs="10">name.</wd>
		</ln>
		<ln lx="2514" ly="3628" rx="3862" ry="3693">
			<wd l="2514" t="3633" r="2712" b="3693" fs="10">Some</wd>
			<wd l="2757" t="3630" r="3162" b="3692" fs="10">collections</wd>
			<wd l="3207" t="3629" r="3289" b="3691" fs="10">of</wd>
			<wd l="3326" t="3631" r="3405" b="3690" fs="10">D.</wd>
			<wd l="3461" t="3628" r="3862" b="3690" fs="10">indistincta</wd>
		</ln>
		<ln lx="2320" ly="3720" rx="3866" ry="3800">
			<wd l="2320" t="3727" r="2650" b="3786" fs="10">P.I.Forst,</wd>
			<wd l="2694" t="3724" r="2862" b="3784" fs="10">from</wd>
			<wd l="2900" t="3725" r="3000" b="3784" fs="10">Mt</wd>
			<wd l="3037" t="3722" r="3374" b="3800" fs="10">Dryander</wd>
			<wd l="3412" t="3722" r="3478" b="3782" fs="10">in</wd>
			<wd l="3515" t="3721" r="3621" b="3782" fs="10">the</wd>
			<wd l="3658" t="3720" r="3866" b="3781" fs="10">North</wd>
		</ln>
		<ln lx="2320" ly="3812" rx="3866" ry="3895">
			<wd l="2320" t="3816" r="2627" b="3895" fs="10">Kennedy</wd>
			<wd l="2663" t="3815" r="2898" b="3877" fs="10">district</wd>
			<wd l="2930" t="3815" r="3090" b="3876" fs="10">have</wd>
			<wd l="3124" t="3815" r="3285" b="3876" fs="10">been</wd>
			<wd l="3318" t="3813" r="3767" b="3875" fs="10">misidentified</wd>
			<wd l="3802" t="3812" r="3866" b="3872" fs="10">in</wd>
		</ln>
		<ln lx="2320" ly="3905" rx="3864" ry="3986">
			<wd l="2320" t="3909" r="2598" b="3970" fs="10">herbaria</wd>
			<wd l="2615" t="3928" r="2681" b="3970" fs="10">as</wd>
			<wd l="2690" t="3910" r="2765" b="3969" fs="10">D.</wd>
			<wd l="2792" t="3907" r="3217" b="3986" fs="10">baloghioides</wd>
			<wd l="3222" t="3926" r="3236" b="3980" fs="10">;</wd>
			<wd l="3255" t="3906" r="3544" b="3967" fs="10">however</wd>
			<wd l="3559" t="3905" r="3676" b="3966" fs="10">this</wd>
			<wd l="3697" t="3905" r="3864" b="3966" fs="10">latter</wd>
		</ln>
		<ln lx="2324" ly="3997" rx="3866" ry="4079">
			<wd l="2324" t="4001" r="2561" b="4079" fs="10">species</wd>
			<wd l="2582" t="4001" r="2634" b="4061" fs="10">is</wd>
			<wd l="2656" t="4000" r="2848" b="4077" fs="10">easily</wd>
			<wd l="2869" t="3998" r="3316" b="4076" fs="10">distinguished</wd>
			<wd l="3333" t="3998" r="3417" b="4075" fs="10">by</wd>
			<wd l="3434" t="3998" r="3535" b="4058" fs="10">the</wd>
			<wd l="3556" t="3997" r="3866" b="4057" fs="10">indistinct</wd>
		</ln>
		<ln lx="2323" ly="4088" rx="3866" ry="4153">
			<wd l="2323" t="4091" r="2683" b="4153" fs="10">interlateral</wd>
			<wd l="2700" t="4090" r="2990" b="4151" fs="10">venation</wd>
			<wd l="3008" t="4090" r="3072" b="4149" fs="10">in</wd>
			<wd l="3087" t="4089" r="3189" b="4150" fs="10">the</wd>
			<wd l="3209" t="4089" r="3399" b="4149" fs="10">lower</wd>
			<wd l="3417" t="4088" r="3549" b="4149" fs="10">leaf</wd>
			<wd l="3558" t="4088" r="3784" b="4148" fs="10">lamina</wd>
			<wd l="3801" t="4106" r="3866" b="4147" fs="10">as</wd>
		</ln>
		<ln lx="2321" ly="4178" rx="3863" ry="4255">
			<wd l="2321" t="4182" r="2476" b="4243" fs="10">well</wd>
			<wd l="2519" t="4202" r="2588" b="4242" fs="10">as</wd>
			<wd l="2633" t="4181" r="2890" b="4242" fs="10">several</wd>
			<wd l="2933" t="4180" r="3120" b="4241" fs="10">other</wd>
			<wd l="3161" t="4180" r="3449" b="4240" fs="10">features</wd>
			<wd l="3493" t="4178" r="3728" b="4255" fs="10">(Table</wd>
			<wd l="3779" t="4178" r="3863" b="4253" fs="10">1).</wd>
		</ln>
		<ln lx="2319" ly="4268" rx="3864" ry="4350">
			<wd l="2319" t="4276" r="2393" b="4334" fs="10">D.</wd>
			<wd l="2422" t="4272" r="2850" b="4350" fs="10">baloghioides</wd>
			<wd l="2869" t="4271" r="3018" b="4332" fs="10">does</wd>
			<wd l="3038" t="4290" r="3222" b="4332" fs="10">occur</wd>
			<wd l="3239" t="4278" r="3298" b="4331" fs="10">at</wd>
			<wd l="3313" t="4272" r="3410" b="4330" fs="10">Mt</wd>
			<wd l="3426" t="4269" r="3742" b="4347" fs="10">Dryander</wd>
			<wd l="3757" t="4268" r="3864" b="4329" fs="10">but</wd>
		</ln>
		<ln lx="2324" ly="4361" rx="3867" ry="4443">
			<wd l="2324" t="4384" r="2530" b="4443" fs="10">grows</wd>
			<wd l="2568" t="4365" r="2633" b="4424" fs="10">in</wd>
			<wd l="2669" t="4364" r="2831" b="4425" fs="10">drier</wd>
			<wd l="2866" t="4362" r="3306" b="4424" fs="10">communities</wd>
			<wd l="3344" t="4381" r="3427" b="4422" fs="10">on</wd>
			<wd l="3461" t="4361" r="3563" b="4422" fs="10">the</wd>
			<wd l="3599" t="4368" r="3867" b="4421" fs="10">western</wd>
		</ln>
		<ln lx="2325" ly="4452" rx="3861" ry="4534">
			<wd l="2325" t="4456" r="2538" b="4534" fs="10">slopes</wd>
			<wd l="2578" t="4455" r="2657" b="4516" fs="10">of</wd>
			<wd l="2682" t="4455" r="2786" b="4515" fs="10">the</wd>
			<wd l="2823" t="4454" r="3152" b="4515" fs="10">mountain</wd>
			<wd l="3189" t="4452" r="3660" b="4529" fs="10">(M.C.Tucker,</wd>
			<wd l="3698" t="4470" r="3861" b="4528" fs="10">pers.</wd>
		</ln>
		<ln lx="2325" ly="4542" rx="3861" ry="4623">
			<wd l="2325" t="4567" r="2564" b="4609" fs="10">comm.</wd>
			<wd l="2618" t="4546" r="2843" b="4623" fs="10">1994),</wd>
			<wd l="2887" t="4545" r="3184" b="4606" fs="10">whereas</wd>
			<wd l="3232" t="4546" r="3311" b="4605" fs="10">D.</wd>
			<wd l="3366" t="4544" r="3763" b="4605" fs="10">indistincta</wd>
			<wd l="3805" t="4542" r="3861" b="4603" fs="10">is</wd>
		</ln>
		<ln lx="2325" ly="4634" rx="3867" ry="4716">
			<wd l="2325" t="4658" r="2642" b="4701" fs="10">common</wd>
			<wd l="2687" t="4638" r="2892" b="4716" fs="10">along</wd>
			<wd l="2938" t="4637" r="3174" b="4698" fs="10">creeks</wd>
			<wd l="3219" t="4645" r="3287" b="4697" fs="10">to</wd>
			<wd l="3333" t="4636" r="3444" b="4697" fs="10">the</wd>
			<wd l="3492" t="4635" r="3692" b="4696" fs="10">south</wd>
			<wd l="3737" t="4634" r="3867" b="4695" fs="10">and</wd>
		</ln>
		<ln lx="2327" ly="4729" rx="3041" ry="4792">
			<wd l="2327" t="4731" r="2664" b="4792" fs="10">south-east</wd>
			<wd l="2687" t="4729" r="2765" b="4790" fs="10">of</wd>
			<wd l="2778" t="4729" r="2852" b="4790" fs="10">its</wd>
			<wd l="2875" t="4729" r="3041" b="4789" fs="10">base.</wd>
		</ln>
		<ln lx="2322" ly="4888" rx="3868" ry="4970">
			<wd l="2322" t="4895" r="2713" b="4970" fs="10">Phenology:</wd>
			<wd l="2751" t="4892" r="3019" b="4952" fs="10">Flowers</wd>
			<wd l="3053" t="4890" r="3355" b="4967" fs="10">February</wd>
			<wd l="3387" t="4898" r="3450" b="4950" fs="10">to</wd>
			<wd l="3485" t="4891" r="3658" b="4960" fs="10">June;</wd>
			<wd l="3695" t="4888" r="3868" b="4948" fs="10">fruits</wd>
		</ln>
		<ln lx="2325" ly="4982" rx="3099" ry="5061">
			<wd l="2325" t="4984" r="2627" b="5061" fs="10">February</wd>
			<wd l="2650" t="4991" r="2713" b="5044" fs="10">to</wd>
			<wd l="2738" t="4982" r="3099" b="5043" fs="10">December.</wd>
		</ln>
		<ln lx="2330" ly="5141" rx="3872" ry="5220">
			<wd l="2330" t="5146" r="2811" b="5208" fs="10">Conservation</wd>
			<wd l="2848" t="5153" r="3084" b="5205" fs="10">status:</wd>
			<wd l="3128" t="5141" r="3570" b="5220" fs="10">Widespread,</wd>
			<wd l="3609" t="5141" r="3723" b="5202" fs="10">but</wd>
			<wd l="3758" t="5148" r="3872" b="5202" fs="10">not</wd>
		</ln>
		<ln lx="2328" ly="5233" rx="3874" ry="5312">
			<wd l="2328" t="5257" r="2645" b="5299" fs="10">common</wd>
			<wd l="2714" t="5236" r="2879" b="5297" fs="10">with</wd>
			<wd l="2952" t="5235" r="3216" b="5297" fs="10">several</wd>
			<wd l="3287" t="5234" r="3731" b="5312" fs="10">populations</wd>
			<wd l="3805" t="5233" r="3874" b="5293" fs="10">in</wd>
		</ln>
		<ln lx="2328" ly="5325" rx="3873" ry="5403">
			<wd l="2328" t="5328" r="2756" b="5390" fs="10">conservation</wd>
			<wd l="2774" t="5346" r="3048" b="5388" fs="10">reserves</wd>
			<wd l="3071" t="5327" r="3336" b="5403" fs="10">(Forster</wd>
			<wd l="3357" t="5334" r="3415" b="5386" fs="10">et</wd>
			<wd l="3436" t="5325" r="3511" b="5386" fs="10">al.</wd>
			<wd l="3544" t="5325" r="3748" b="5400" fs="10">1991).</wd>
			<wd l="3771" t="5326" r="3873" b="5384" fs="10">No</wd>
		</ln>
		<ln lx="2329" ly="5417" rx="3729" ry="5496">
			<wd l="2329" t="5419" r="2757" b="5481" fs="10">conservation</wd>
			<wd l="2781" t="5418" r="3007" b="5496" fs="10">coding</wd>
			<wd l="3031" t="5418" r="3083" b="5478" fs="10">is</wd>
			<wd l="3106" t="5417" r="3364" b="5495" fs="10">thought</wd>
			<wd l="3386" t="5435" r="3729" b="5493" fs="10">necessary.</wd>
		</ln>
	</region>
</ocr-page>
