<?xml version="1.0" encoding="UTF-8"?>
<ocr-page type="coords" ocr-vers="1.0" creation-date="20130321" res="600" height="6300" width="4500">
	<region article-doi="10.2307/41729926" region-id="0">
		<rc l="629" t="734" r="3858" b="805"/>
		<ln lx="634" ly="739" rx="3853" ry="800">
			<wd l="634" t="741" r="836" b="799" fs="10">Forster,</wd>
			<wd l="856" t="739" r="1164" b="789" fs="10">Naturalised</wd>
			<wd l="1184" t="739" r="1325" b="789" fs="10">Flora</wd>
			<wd l="1345" t="739" r="1406" b="789" fs="10">of</wd>
			<wd l="1419" t="739" r="1733" b="800" fs="10">Queensland</wd>
			<wd l="3766" t="739" r="3783" b="786" fs="10">1</wd>
			<wd l="3800" t="739" r="3816" b="786" fs="10">1</wd>
			<wd l="3829" t="739" r="3853" b="786" fs="10">5</wd>
		</ln>
	</region>
	<region article-doi="10.2307/41729926" region-id="1">
		<rc l="631" t="853" r="3858" b="2056"/>
		<ln lx="824" ly="858" rx="3853" ry="938">
			<wd l="824" t="861" r="954" b="921" fs="10">The</wd>
			<wd l="993" t="880" r="1225" b="938" fs="10">genera</wd>
			<wd l="1262" t="860" r="1341" b="921" fs="10">of</wd>
			<wd l="1370" t="860" r="1824" b="921" fs="10">Crassulaceae</wd>
			<wd l="1864" t="860" r="2224" b="937" fs="10">(including</wd>
			<wd l="2260" t="859" r="2364" b="920" fs="10">the</wd>
			<wd l="2402" t="859" r="2614" b="920" fs="10">native</wd>
			<wd l="2660" t="859" r="3000" b="936" fs="10">Crassula)</wd>
			<wd l="3041" t="859" r="3106" b="919" fs="10">in</wd>
			<wd l="3144" t="858" r="3557" b="934" fs="10">Queensland</wd>
			<wd l="3593" t="877" r="3739" b="935" fs="10">may</wd>
			<wd l="3775" t="858" r="3853" b="918" fs="10">be</wd>
		</ln>
		<ln lx="636" ly="952" rx="1911" ry="1031">
			<wd l="636" t="953" r="1079" b="1031" fs="10">distinguished</wd>
			<wd l="1102" t="953" r="1249" b="1013" fs="10">with</wd>
			<wd l="1271" t="953" r="1371" b="1013" fs="10">the</wd>
			<wd l="1398" t="952" r="1721" b="1030" fs="10">following</wd>
			<wd l="1744" t="952" r="1863" b="1030" fs="10">key</wd>
			<wd l="1889" t="988" r="1911" b="995" fs="10">-</wd>
		</ln>
		<ln lx="644" ly="1115" rx="3830" ry="1193">
			<wd l="644" t="1119" r="665" b="1176" fs="10">1</wd>
			<wd l="681" t="1167" r="692" b="1177" fs="10">.</wd>
			<wd l="756" t="1119" r="1001" b="1177" fs="10">Stamen</wd>
			<wd l="1023" t="1116" r="1279" b="1176" fs="10">number</wd>
			<wd l="1303" t="1116" r="1479" b="1193" fs="10">equal</wd>
			<wd l="1503" t="1124" r="1566" b="1176" fs="10">to</wd>
			<wd l="1591" t="1116" r="1751" b="1193" fs="10">petal</wd>
			<wd l="1775" t="1115" r="2032" b="1175" fs="10">number</wd>
			<wd l="2061" t="1163" r="3455" b="1175" fs="10">
			</wd>
			<wd l="3520" t="1115" r="3830" b="1173" fs="10">Crassula</wd>
		</ln>
		<ln lx="756" ly="1207" rx="3840" ry="1286">
			<wd l="756" t="1210" r="1001" b="1270" fs="10">Stamen</wd>
			<wd l="1024" t="1208" r="1280" b="1269" fs="10">number</wd>
			<wd l="1301" t="1208" r="1480" b="1269" fs="10">twice</wd>
			<wd l="1505" t="1208" r="1665" b="1286" fs="10">petal</wd>
			<wd l="1689" t="1207" r="1946" b="1268" fs="10">number</wd>
			<wd l="1980" t="1255" r="3754" b="1268" fs="10">
			</wd>
			<wd l="3804" t="1207" r="3840" b="1265" fs="10">2</wd>
		</ln>
		<ln lx="637" ly="1371" rx="3825" ry="1451">
			<wd l="637" t="1376" r="692" b="1434" fs="10">2.</wd>
			<wd l="753" t="1374" r="949" b="1434" fs="10">Floral</wd>
			<wd l="972" t="1382" r="1132" b="1451" fs="10">parts</wd>
			<wd l="1158" t="1373" r="1220" b="1432" fs="10">in</wd>
			<wd l="1244" t="1373" r="1412" b="1433" fs="10">fours</wd>
			<wd l="1434" t="1419" r="3742" b="1433" fs="10">
			</wd>
			<wd l="3793" t="1371" r="3825" b="1429" fs="10">3</wd>
		</ln>
		<ln lx="753" ly="1462" rx="3830" ry="1543">
			<wd l="753" t="1465" r="950" b="1526" fs="10">Floral</wd>
			<wd l="972" t="1474" r="1133" b="1543" fs="10">parts</wd>
			<wd l="1158" t="1465" r="1221" b="1525" fs="10">in</wd>
			<wd l="1244" t="1465" r="1402" b="1525" fs="10">fives</wd>
			<wd l="1433" t="1511" r="3743" b="1525" fs="10">
			</wd>
			<wd l="3792" t="1462" r="3830" b="1520" fs="10">4</wd>
		</ln>
		<ln lx="638" ly="1625" rx="3832" ry="1701">
			<wd l="638" t="1631" r="693" b="1690" fs="10">3.</wd>
			<wd l="754" t="1629" r="1020" b="1690" fs="10">Flowers</wd>
			<wd l="1046" t="1637" r="1225" b="1701" fs="10">erect;</wd>
			<wd l="1253" t="1628" r="1559" b="1689" fs="10">filaments</wd>
			<wd l="1585" t="1627" r="1764" b="1689" fs="10">fused</wd>
			<wd l="1786" t="1636" r="1849" b="1688" fs="10">to</wd>
			<wd l="1876" t="1627" r="2107" b="1688" fs="10">corolla</wd>
			<wd l="2128" t="1627" r="2270" b="1688" fs="10">tube</wd>
			<wd l="2296" t="1635" r="2354" b="1687" fs="10">at</wd>
			<wd l="2377" t="1646" r="2445" b="1687" fs="10">or</wd>
			<wd l="2469" t="1626" r="2665" b="1687" fs="10">above</wd>
			<wd l="2709" t="1625" r="2939" b="1686" fs="10">middle</wd>
			<wd l="2986" t="1675" r="3419" b="1686" fs="10">
			</wd>
			<wd l="3455" t="1626" r="3832" b="1685" fs="10">Kalanchoe</wd>
		</ln>
		<ln lx="754" ly="1718" rx="3833" ry="1800">
			<wd l="754" t="1721" r="1020" b="1783" fs="10">Flowers</wd>
			<wd l="1044" t="1720" r="1409" b="1800" fs="10">pendulous;</wd>
			<wd l="1437" t="1720" r="1743" b="1782" fs="10">filaments</wd>
			<wd l="1769" t="1719" r="1948" b="1781" fs="10">fused</wd>
			<wd l="1970" t="1728" r="2033" b="1781" fs="10">to</wd>
			<wd l="2060" t="1719" r="2291" b="1781" fs="10">corolla</wd>
			<wd l="2311" t="1719" r="2453" b="1780" fs="10">tube</wd>
			<wd l="2479" t="1719" r="2541" b="1779" fs="10">in</wd>
			<wd l="2566" t="1718" r="2755" b="1780" fs="10">lower</wd>
			<wd l="2776" t="1718" r="2934" b="1779" fs="10">third</wd>
			<wd l="2987" t="1767" r="3335" b="1779" fs="10">
			</wd>
			<wd l="3363" t="1718" r="3833" b="1795" fs="10">Bryophyllum</wd>
		</ln>
		<ln lx="637" ly="1882" rx="3832" ry="1947">
			<wd l="637" t="1888" r="693" b="1947" fs="10">4.</wd>
			<wd l="755" t="1886" r="1202" b="1947" fs="10">Inflorescence</wd>
			<wd l="1226" t="1885" r="1502" b="1946" fs="10">terminal</wd>
			<wd l="1559" t="1931" r="3542" b="1946" fs="10">
			</wd>
			<wd l="3594" t="1882" r="3832" b="1942" fs="10">Sedum</wd>
		</ln>
		<ln lx="755" ly="1975" rx="3834" ry="2051">
			<wd l="755" t="1979" r="1202" b="2039" fs="10">Inflorescence</wd>
			<wd l="1228" t="1978" r="1431" b="2038" fs="10">lateral</wd>
			<wd l="1476" t="2024" r="3249" b="2038" fs="10">
			</wd>
			<wd l="3286" t="1975" r="3834" b="2051" fs="10">Graptopetalum</wd>
		</ln>
	</region>
	<region article-doi="10.2307/41729926" region-id="2">
		<rc l="634" t="2478" r="2185" b="3424"/>
		<ln lx="639" ly="2483" rx="1332" ry="2544">
			<wd l="639" t="2483" r="1332" b="2544" fs="10">EUPHORBIACEAE</wd>
		</ln>
		<ln lx="639" ly="2649" rx="1050" ry="2724">
			<wd l="639" t="2649" r="961" b="2724" fs="10">Jatropha</wd>
			<wd l="985" t="2649" r="1050" b="2706" fs="10">L.</wd>
		</ln>
		<ln lx="641" ly="2808" rx="2180" ry="2888">
			<wd l="641" t="2813" r="790" b="2871" fs="10">Two</wd>
			<wd l="814" t="2810" r="1050" b="2888" fs="10">species</wd>
			<wd l="1073" t="2810" r="1150" b="2870" fs="10">of</wd>
			<wd l="1151" t="2809" r="1456" b="2887" fs="10">Jatropha</wd>
			<wd l="1473" t="2809" r="1630" b="2870" fs="10">have</wd>
			<wd l="1650" t="2809" r="1808" b="2869" fs="10">been</wd>
			<wd l="1826" t="2808" r="2180" b="2886" fs="10">previously</wd>
		</ln>
		<ln lx="639" ly="2900" rx="2180" ry="2980">
			<wd l="639" t="2902" r="1032" b="2980" fs="10">recognised</wd>
			<wd l="1073" t="2922" r="1141" b="2963" fs="10">as</wd>
			<wd l="1183" t="2901" r="1584" b="2962" fs="10">naturalised</wd>
			<wd l="1625" t="2901" r="1691" b="2960" fs="10">in</wd>
			<wd l="1733" t="2900" r="2180" b="2976" fs="10">Queensland,</wd>
		</ln>
		<ln lx="639" ly="2993" rx="2175" ry="3073">
			<wd l="639" t="2995" r="882" b="3073" fs="10">namely</wd>
			<wd l="923" t="2997" r="975" b="3056" fs="10">J.</wd>
			<wd l="1022" t="3015" r="1250" b="3056" fs="10">curcas</wd>
			<wd l="1286" t="2996" r="1352" b="3055" fs="10">L.</wd>
			<wd l="1391" t="2993" r="1510" b="3054" fs="10">and</wd>
			<wd l="1550" t="2996" r="1602" b="3054" fs="10">J.</wd>
			<wd l="1645" t="2993" r="2072" b="3071" fs="10">gossypifolia</wd>
			<wd l="2108" t="2995" r="2175" b="3053" fs="10">L.</wd>
		</ln>
		<ln lx="642" ly="3087" rx="1476" ry="3164">
			<wd l="642" t="3087" r="1029" b="3164" fs="10">(Henderson</wd>
			<wd l="1063" t="3088" r="1237" b="3159" fs="10">1994,</wd>
			<wd l="1275" t="3087" r="1476" b="3162" fs="10">1997).</wd>
		</ln>
		<ln lx="641" ly="3249" rx="2178" ry="3329">
			<wd l="641" t="3253" r="693" b="3312" fs="10">4.</wd>
			<wd l="736" t="3253" r="1061" b="3329" fs="10">Jatropha</wd>
			<wd l="1098" t="3251" r="1456" b="3328" fs="10">podagrica</wd>
			<wd l="1490" t="3249" r="1717" b="3322" fs="10">Hook.,</wd>
			<wd l="1754" t="3251" r="1892" b="3309" fs="10">Bot.</wd>
			<wd l="1930" t="3251" r="2101" b="3326" fs="10">Mag.</wd>
			<wd l="2139" t="3256" r="2178" b="3308" fs="10">t.</wd>
		</ln>
		<ln lx="831" ly="3343" rx="1260" ry="3419">
			<wd l="831" t="3344" r="994" b="3403" fs="10">4376</wd>
			<wd l="1023" t="3343" r="1260" b="3419" fs="10">(1848).</wd>
		</ln>
	</region>
	<region article-doi="10.2307/41729926" region-id="3">
		<rc l="2313" t="2473" r="3840" b="3397"/>
		<ln lx="2319" ly="2478" rx="3827" ry="2542">
			<wd l="2319" t="2480" r="2600" b="2542" fs="10">Specimen</wd>
			<wd l="2633" t="2479" r="2919" b="2528" fs="10">examined</wd>
			<wd l="2920" t="2494" r="2931" b="2527" fs="10">:</wd>
			<wd l="2969" t="2479" r="3340" b="2538" fs="10">Queensland.</wd>
			<wd l="3375" t="2478" r="3545" b="2526" fs="10">South</wd>
			<wd l="3577" t="2478" r="3827" b="2524" fs="10">Kennedy</wd>
		</ln>
		<ln lx="2321" ly="2552" rx="3827" ry="2616">
			<wd l="2321" t="2557" r="2559" b="2604" fs="10">District:</wd>
			<wd l="2579" t="2554" r="2813" b="2604" fs="10">Keswick</wd>
			<wd l="2829" t="2554" r="3006" b="2612" fs="10">Island,</wd>
			<wd l="3027" t="2555" r="3122" b="2616" fs="10">Sep</wd>
			<wd l="3147" t="2554" r="3288" b="2611" fs="10">1996,</wd>
			<wd l="3300" t="2552" r="3563" b="2614" fs="10">Batianojf</wd>
			<wd l="3565" t="2552" r="3761" b="2600" fs="10">960912</wd>
			<wd l="3779" t="2552" r="3827" b="2600" fs="10"><![CDATA[&]]></wd>
		</ln>
		<ln lx="2324" ly="2631" rx="2783" ry="2692">
			<wd l="2324" t="2631" r="2599" b="2692" fs="10">Champion</wd>
			<wd l="2616" t="2631" r="2783" b="2691" fs="10">(BRI).</wd>
		</ln>
		<ln lx="2318" ly="2774" rx="3829" ry="2855">
			<wd l="2318" t="2780" r="2527" b="2838" fs="10">Notes</wd>
			<wd l="2538" t="2797" r="2552" b="2838" fs="10">:</wd>
			<wd l="2594" t="2779" r="2648" b="2838" fs="10">J.</wd>
			<wd l="2686" t="2777" r="3064" b="2855" fs="10">podagrica</wd>
			<wd l="3103" t="2776" r="3157" b="2836" fs="10">is</wd>
			<wd l="3198" t="2775" r="3416" b="2836" fs="10">native</wd>
			<wd l="3456" t="2783" r="3521" b="2835" fs="10">to</wd>
			<wd l="3562" t="2774" r="3829" b="2835" fs="10">Mexico</wd>
		</ln>
		<ln lx="2324" ly="2866" rx="3833" ry="2947">
			<wd l="2324" t="2870" r="2625" b="2947" fs="10">(Dehgan</wd>
			<wd l="2664" t="2871" r="2724" b="2930" fs="10"><![CDATA[&]]></wd>
			<wd l="2766" t="2869" r="3059" b="2929" fs="10">Webster</wd>
			<wd l="3106" t="2868" r="3300" b="2944" fs="10">1979)</wd>
			<wd l="3341" t="2867" r="3464" b="2928" fs="10">and</wd>
			<wd l="3503" t="2867" r="3557" b="2927" fs="10">is</wd>
			<wd l="3596" t="2866" r="3833" b="2944" fs="10">widely</wd>
		</ln>
		<ln lx="2324" ly="2959" rx="3834" ry="3039">
			<wd l="2324" t="2962" r="2652" b="3023" fs="10">cultivated</wd>
			<wd l="2676" t="2962" r="2739" b="3022" fs="10">in</wd>
			<wd l="2764" t="2960" r="3132" b="3039" fs="10">subtropical</wd>
			<wd l="3158" t="2960" r="3277" b="3021" fs="10">and</wd>
			<wd l="3298" t="2960" r="3553" b="3038" fs="10">tropical</wd>
			<wd l="3577" t="2959" r="3834" b="3038" fs="10">gardens</wd>
		</ln>
		<ln lx="2324" ly="3051" rx="3835" ry="3115">
			<wd l="2324" t="3055" r="2389" b="3114" fs="10">in</wd>
			<wd l="2427" t="3063" r="2673" b="3115" fs="10">eastern</wd>
			<wd l="2710" t="3053" r="3050" b="3114" fs="10">Australia.</wd>
			<wd l="3093" t="3055" r="3143" b="3114" fs="10">It</wd>
			<wd l="3179" t="3053" r="3292" b="3113" fs="10">has</wd>
			<wd l="3330" t="3053" r="3494" b="3113" fs="10">been</wd>
			<wd l="3530" t="3051" r="3835" b="3112" fs="10">recorded</wd>
		</ln>
		<ln lx="2323" ly="3143" rx="3834" ry="3224">
			<wd l="2323" t="3146" r="2610" b="3224" fs="10">recently</wd>
			<wd l="2651" t="3166" r="2718" b="3207" fs="10">as</wd>
			<wd l="2760" t="3165" r="2839" b="3206" fs="10">an</wd>
			<wd l="2879" t="3145" r="3222" b="3206" fs="10">adventive</wd>
			<wd l="3261" t="3163" r="3414" b="3205" fs="10">near</wd>
			<wd l="3453" t="3143" r="3834" b="3205" fs="10">abandoned</wd>
		</ln>
		<ln lx="2323" ly="3235" rx="3834" ry="3315">
			<wd l="2323" t="3239" r="2674" b="3299" fs="10">habitation.</wd>
			<wd l="2703" t="3238" r="2829" b="3298" fs="10">The</wd>
			<wd l="2857" t="3238" r="3093" b="3315" fs="10">species</wd>
			<wd l="3118" t="3245" r="3479" b="3315" fs="10">propagates</wd>
			<wd l="3506" t="3236" r="3651" b="3313" fs="10">only</wd>
			<wd l="3677" t="3235" r="3834" b="3296" fs="10">from</wd>
		</ln>
		<ln lx="2327" ly="3331" rx="2488" ry="3392">
			<wd l="2327" t="3331" r="2488" b="3392" fs="10">seed.</wd>
		</ln>
	</region>
	<region article-doi="10.2307/41729926" region-id="4">
		<rc l="647" t="3692" r="3861" b="4294"/>
		<ln lx="1516" ly="3697" rx="2997" ry="3776">
			<wd l="1516" t="3701" r="1658" b="3776" fs="10">Key</wd>
			<wd l="1682" t="3705" r="1748" b="3758" fs="10">to</wd>
			<wd l="1773" t="3700" r="1882" b="3758" fs="10">the</wd>
			<wd l="1908" t="3699" r="2308" b="3758" fs="10">naturalised</wd>
			<wd l="2334" t="3698" r="2576" b="3774" fs="10">species</wd>
			<wd l="2602" t="3698" r="2676" b="3757" fs="10">of</wd>
			<wd l="2687" t="3697" r="2997" b="3774" fs="10">Jatropha</wd>
		</ln>
		<ln lx="659" ly="3859" rx="3848" ry="3941">
			<wd l="659" t="3866" r="707" b="3925" fs="10">1.</wd>
			<wd l="768" t="3864" r="1016" b="3941" fs="10">Foliage</wd>
			<wd l="1042" t="3863" r="1160" b="3924" fs="10">and</wd>
			<wd l="1185" t="3872" r="1369" b="3924" fs="10">stems</wd>
			<wd l="1393" t="3862" r="1541" b="3923" fs="10">with</wd>
			<wd l="1566" t="3862" r="1825" b="3940" fs="10">stipitate</wd>
			<wd l="1850" t="3861" r="2167" b="3940" fs="10">glandular</wd>
			<wd l="2188" t="3860" r="2515" b="3922" fs="10">trichomes</wd>
			<wd l="2539" t="3909" r="3307" b="3921" fs="10">
			</wd>
			<wd l="3349" t="3861" r="3407" b="3919" fs="10">J.</wd>
			<wd l="3435" t="3859" r="3848" b="3936" fs="10">gossypifolia</wd>
		</ln>
		<ln lx="768" ly="3952" rx="3856" ry="4034">
			<wd l="768" t="3957" r="1016" b="4034" fs="10">Foliage</wd>
			<wd l="1042" t="3956" r="1160" b="4017" fs="10">and</wd>
			<wd l="1185" t="3964" r="1369" b="4017" fs="10">stems</wd>
			<wd l="1394" t="3955" r="1680" b="4033" fs="10">glabrous</wd>
			<wd l="1706" t="3975" r="1775" b="4015" fs="10">or</wd>
			<wd l="1796" t="3954" r="1945" b="4015" fs="10">with</wd>
			<wd l="1970" t="3954" r="2187" b="4032" fs="10">simple</wd>
			<wd l="2210" t="3954" r="2538" b="4014" fs="10">trichomes</wd>
			<wd l="2581" t="4001" r="3770" b="4014" fs="10">
			</wd>
			<wd l="3820" t="3952" r="3856" b="4010" fs="10">2</wd>
		</ln>
		<ln lx="652" ly="4117" rx="3848" ry="4197">
			<wd l="652" t="4123" r="708" b="4181" fs="10">2.</wd>
			<wd l="772" t="4120" r="1035" b="4197" fs="10">Stipules</wd>
			<wd l="1061" t="4120" r="1268" b="4191" fs="10">entire;</wd>
			<wd l="1296" t="4119" r="1428" b="4179" fs="10">leaf</wd>
			<wd l="1443" t="4119" r="1667" b="4179" fs="10">lamina</wd>
			<wd l="1688" t="4118" r="2154" b="4195" fs="10">broadly-ovate</wd>
			<wd l="2204" t="4164" r="3478" b="4177" fs="10">
			</wd>
			<wd l="3535" t="4117" r="3594" b="4175" fs="10">J.</wd>
			<wd l="3621" t="4133" r="3848" b="4174" fs="10">curcas</wd>
		</ln>
		<ln lx="772" ly="4207" rx="3849" ry="4289">
			<wd l="772" t="4212" r="1035" b="4289" fs="10">Stipules</wd>
			<wd l="1058" t="4211" r="1347" b="4283" fs="10">multifid;</wd>
			<wd l="1375" t="4210" r="1506" b="4271" fs="10">leaf</wd>
			<wd l="1521" t="4210" r="1747" b="4271" fs="10">lamina</wd>
			<wd l="1770" t="4211" r="1888" b="4270" fs="10">3-5</wd>
			<wd l="1916" t="4209" r="2259" b="4287" fs="10">palmatifid</wd>
			<wd l="2283" t="4228" r="2351" b="4269" fs="10">or</wd>
			<wd l="2372" t="4208" r="2834" b="4286" fs="10">palmatipartite</wd>
			<wd l="2873" t="4257" r="3348" b="4268" fs="10">
			</wd>
			<wd l="3389" t="4209" r="3448" b="4267" fs="10">J.</wd>
			<wd l="3495" t="4207" r="3849" b="4284" fs="10">podagrica</wd>
		</ln>
	</region>
	<region article-doi="10.2307/41729926" region-id="5">
		<rc l="640" t="4508" r="2195" b="5030"/>
		<ln lx="646" ly="4513" rx="1130" ry="4574">
			<wd l="646" t="4515" r="950" b="4574" fs="10">Manihot</wd>
			<wd l="971" t="4513" r="1130" b="4573" fs="10">Mill.</wd>
		</ln>
		<ln lx="646" ly="4673" rx="2189" ry="4735">
			<wd l="646" t="4675" r="837" b="4735" fs="10">There</wd>
			<wd l="869" t="4694" r="1067" b="4734" fs="10">seems</wd>
			<wd l="1096" t="4682" r="1158" b="4734" fs="10">to</wd>
			<wd l="1188" t="4674" r="1344" b="4734" fs="10">have</wd>
			<wd l="1373" t="4673" r="1531" b="4733" fs="10">been</wd>
			<wd l="1562" t="4692" r="1733" b="4733" fs="10">some</wd>
			<wd l="1764" t="4673" r="2094" b="4733" fs="10">confusion</wd>
			<wd l="2124" t="4692" r="2189" b="4733" fs="10">as</wd>
		</ln>
		<ln lx="645" ly="4765" rx="2188" ry="4843">
			<wd l="645" t="4775" r="711" b="4827" fs="10">to</wd>
			<wd l="753" t="4766" r="914" b="4827" fs="10">both</wd>
			<wd l="954" t="4766" r="1062" b="4826" fs="10">the</wd>
			<wd l="1107" t="4765" r="1388" b="4843" fs="10">identity</wd>
			<wd l="1431" t="4765" r="1558" b="4825" fs="10">and</wd>
			<wd l="1601" t="4765" r="1924" b="4842" fs="10">diversity</wd>
			<wd l="1967" t="4765" r="2049" b="4825" fs="10">of</wd>
			<wd l="2079" t="4765" r="2188" b="4825" fs="10">the</wd>
		</ln>
		<ln lx="645" ly="4857" rx="2186" ry="4934">
			<wd l="645" t="4858" r="1006" b="4918" fs="10">naturalised</wd>
			<wd l="1037" t="4866" r="1176" b="4918" fs="10">taxa</wd>
			<wd l="1207" t="4858" r="1283" b="4918" fs="10">of</wd>
			<wd l="1312" t="4857" r="1599" b="4917" fs="10">Manihot</wd>
			<wd l="1602" t="4906" r="1613" b="4917" fs="10">.</wd>
			<wd l="1684" t="4857" r="1931" b="4934" fs="10">Stanley</wd>
			<wd l="1965" t="4857" r="2186" b="4933" fs="10">(1983)</wd>
		</ln>
		<ln lx="648" ly="4948" rx="2190" ry="5025">
			<wd l="648" t="4950" r="774" b="5010" fs="10">lists</wd>
			<wd l="804" t="4952" r="885" b="5009" fs="10">M</wd>
			<wd l="923" t="4949" r="1237" b="5009" fs="10">esculenta</wd>
			<wd l="1265" t="4950" r="1485" b="5009" fs="10">Crantz</wd>
			<wd l="1514" t="4968" r="1579" b="5008" fs="10">as</wd>
			<wd l="1607" t="4948" r="1794" b="5025" fs="10">being</wd>
			<wd l="1821" t="4948" r="2190" b="5008" fs="10">naturalised</wd>
		</ln>
	</region>
	<region article-doi="10.2307/41729926" region-id="6">
		<rc l="2322" t="4503" r="3878" b="5141"/>
		<ln lx="2329" ly="4508" rx="3871" ry="4584">
			<wd l="2329" t="4511" r="2393" b="4570" fs="10">in</wd>
			<wd l="2430" t="4510" r="2881" b="4571" fs="10">south-eastern</wd>
			<wd l="2916" t="4509" r="3316" b="4584" fs="10">Queensland</wd>
			<wd l="3352" t="4509" r="3471" b="4569" fs="10">and</wd>
			<wd l="3505" t="4508" r="3871" b="4568" fs="10">Henderson</wd>
		</ln>
		<ln lx="2330" ly="4600" rx="3868" ry="4678">
			<wd l="2330" t="4603" r="2548" b="4677" fs="10">(1994)</wd>
			<wd l="2569" t="4602" r="2698" b="4662" fs="10">also</wd>
			<wd l="2718" t="4601" r="2846" b="4661" fs="10">lists</wd>
			<wd l="2864" t="4601" r="2981" b="4661" fs="10">this</wd>
			<wd l="3003" t="4601" r="3237" b="4678" fs="10">species</wd>
			<wd l="3257" t="4600" r="3353" b="4660" fs="10">for</wd>
			<wd l="3367" t="4600" r="3467" b="4660" fs="10">the</wd>
			<wd l="3487" t="4600" r="3670" b="4660" fs="10">entire</wd>
			<wd l="3692" t="4601" r="3868" b="4659" fs="10">State.</wd>
		</ln>
		<ln lx="2327" ly="4690" rx="3863" ry="4770">
			<wd l="2327" t="4695" r="2408" b="4753" fs="10">M.</wd>
			<wd l="2431" t="4693" r="2718" b="4770" fs="10">glaziovii</wd>
			<wd l="2732" t="4694" r="2882" b="4752" fs="10">Mue</wd>
			<wd l="2887" t="4692" r="2945" b="4752" fs="10">11.</wd>
			<wd l="2950" t="4694" r="3096" b="4769" fs="10">Arg.</wd>
			<wd l="3118" t="4691" r="3236" b="4752" fs="10">and</wd>
			<wd l="3245" t="4693" r="3326" b="4751" fs="10">M</wd>
			<wd l="3348" t="4691" r="3654" b="4768" fs="10">grahamii</wd>
			<wd l="3666" t="4690" r="3863" b="4750" fs="10">Hook,</wd>
		</ln>
		<ln lx="2331" ly="4782" rx="3871" ry="4861">
			<wd l="2331" t="4785" r="2461" b="4845" fs="10">also</wd>
			<wd l="2496" t="4804" r="2680" b="4845" fs="10">occur</wd>
			<wd l="2713" t="4804" r="2777" b="4845" fs="10">as</wd>
			<wd l="2811" t="4784" r="3178" b="4844" fs="10">naturalised</wd>
			<wd l="3212" t="4783" r="3448" b="4861" fs="10">species</wd>
			<wd l="3483" t="4782" r="3871" b="4859" fs="10">(Henderson</wd>
		</ln>
		<ln lx="2338" ly="4874" rx="3873" ry="4953">
			<wd l="2338" t="4877" r="2538" b="4953" fs="10">1997).</wd>
			<wd l="2558" t="4879" r="2831" b="4937" fs="10">Because</wd>
			<wd l="2850" t="4876" r="2927" b="4936" fs="10">of</wd>
			<wd l="2932" t="4876" r="3031" b="4936" fs="10">the</wd>
			<wd l="3050" t="4883" r="3333" b="4953" fs="10">apparent</wd>
			<wd l="3350" t="4875" r="3689" b="4947" fs="10">confusion,</wd>
			<wd l="3711" t="4874" r="3873" b="4935" fs="10">short</wd>
		</ln>
		<ln lx="2331" ly="4966" rx="3868" ry="5045">
			<wd l="2331" t="4968" r="2732" b="5045" fs="10">descriptions</wd>
			<wd l="2755" t="4987" r="2852" b="5028" fs="10">are</wd>
			<wd l="2873" t="4967" r="3172" b="5044" fs="10">provided</wd>
			<wd l="3193" t="4967" r="3289" b="5027" fs="10">for</wd>
			<wd l="3306" t="4967" r="3406" b="5027" fs="10">the</wd>
			<wd l="3426" t="4967" r="3591" b="5026" fs="10">three</wd>
			<wd l="3614" t="4966" r="3868" b="5043" fs="10">species,</wd>
		</ln>
		<ln lx="2331" ly="5058" rx="3538" ry="5136">
			<wd l="2331" t="5079" r="2396" b="5119" fs="10">as</wd>
			<wd l="2420" t="5059" r="2562" b="5119" fs="10">well</wd>
			<wd l="2588" t="5078" r="2653" b="5119" fs="10">as</wd>
			<wd l="2679" t="5078" r="2715" b="5119" fs="10">a</wd>
			<wd l="2736" t="5059" r="2855" b="5136" fs="10">key</wd>
			<wd l="2878" t="5067" r="2940" b="5119" fs="10">to</wd>
			<wd l="2967" t="5058" r="3333" b="5135" fs="10">distinguish</wd>
			<wd l="3355" t="5058" r="3538" b="5118" fs="10">them.</wd>
		</ln>
	</region>
</ocr-page>
