<?xml version="1.0" encoding="UTF-8"?>
<ocr-page type="coords" ocr-vers="1.0" creation-date="20130321" res="600" height="6300" width="4500">
	<region article-doi="10.2307/41729928" region-id="0">
		<rc l="883" t="859" r="3579" b="1083"/>
		<ln lx="888" ly="864" rx="3574" ry="956">
			<wd l="888" t="866" r="1122" b="936" fs="10">Notes</wd>
			<wd l="1152" t="886" r="1252" b="936" fs="10">on</wd>
			<wd l="1276" t="864" r="1744" b="956" fs="10">Eucalyptus</wd>
			<wd l="1770" t="884" r="1918" b="936" fs="10">ser.</wd>
			<wd l="1944" t="864" r="2490" b="956" fs="10">Psathyroxyla</wd>
			<wd l="2514" t="866" r="2836" b="956" fs="10">Blakely</wd>
			<wd l="2866" t="864" r="3386" b="956" fs="10">(Myrtaceae)</wd>
			<wd l="3418" t="864" r="3574" b="934" fs="10">and</wd>
		</ln>
		<ln lx="1634" ly="984" rx="2830" ry="1078">
			<wd l="1634" t="986" r="1860" b="1058" fs="10">other</wd>
			<wd l="1892" t="986" r="2084" b="1056" fs="10">'Ash</wd>
			<wd l="2116" t="984" r="2398" b="1078" fs="10">group'</wd>
			<wd l="2432" t="986" r="2830" b="1078" fs="10">eucalypts</wd>
		</ln>
	</region>
	<region article-doi="10.2307/41729928" region-id="1">
		<rc l="2043" t="1171" r="2415" b="1239"/>
		<ln lx="2048" ly="1176" rx="2410" ry="1234">
			<wd l="2048" t="1176" r="2208" b="1234" fs="10">A.R.</wd>
			<wd l="2234" t="1176" r="2410" b="1234" fs="10">Bean</wd>
		</ln>
	</region>
	<region article-doi="10.2307/41729928" region-id="2">
		<rc l="2053" t="1341" r="2411" b="1429"/>
		<ln lx="2058" ly="1346" rx="2406" ry="1424">
			<wd l="2058" t="1346" r="2406" b="1424" fs="10">Summary</wd>
		</ln>
	</region>
	<region article-doi="10.2307/41729928" region-id="3">
		<rc l="851" t="1507" r="3616" b="1959"/>
		<ln lx="857" ly="1512" rx="3604" ry="1575">
			<wd l="857" t="1516" r="1007" b="1572" fs="10">Bean,</wd>
			<wd l="1028" t="1515" r="1149" b="1562" fs="10">A.R.</wd>
			<wd l="1174" t="1514" r="1363" b="1575" fs="10">(1997).</wd>
			<wd l="1383" t="1515" r="1540" b="1562" fs="10">Notes</wd>
			<wd l="1561" t="1529" r="1626" b="1562" fs="10">on</wd>
			<wd l="1642" t="1514" r="1939" b="1575" fs="10">Eucalyptus</wd>
			<wd l="1961" t="1529" r="2048" b="1562" fs="10">ser.</wd>
			<wd l="2069" t="1513" r="2423" b="1574" fs="10">Psathyroxyla</wd>
			<wd l="2441" t="1512" r="2647" b="1574" fs="10">Blakely</wd>
			<wd l="2669" t="1513" r="2992" b="1574" fs="10">(Myrtaceae)</wd>
			<wd l="3014" t="1512" r="3108" b="1561" fs="10">and</wd>
			<wd l="3129" t="1512" r="3265" b="1561" fs="10">other</wd>
			<wd l="3288" t="1512" r="3413" b="1561" fs="10">'Ash</wd>
			<wd l="3433" t="1513" r="3604" b="1574" fs="10">group'</wd>
		</ln>
		<ln lx="858" ly="1587" rx="3605" ry="1651">
			<wd l="858" t="1589" r="1123" b="1651" fs="10">eucalypts.</wd>
			<wd l="1132" t="1589" r="1506" b="1651" fs="10">Austrobaileya</wd>
			<wd l="1521" t="1589" r="1597" b="1650" fs="10">5(1</wd>
			<wd l="1608" t="1590" r="1641" b="1650" fs="10">):</wd>
			<wd l="1666" t="1590" r="1816" b="1637" fs="10">125-1</wd>
			<wd l="1828" t="1589" r="1904" b="1637" fs="10">35.</wd>
			<wd l="1920" t="1590" r="1968" b="1636" fs="10">A</wd>
			<wd l="1981" t="1588" r="2075" b="1650" fs="10">key</wd>
			<wd l="2088" t="1595" r="2138" b="1637" fs="10">to</wd>
			<wd l="2152" t="1588" r="2231" b="1637" fs="10">the</wd>
			<wd l="2248" t="1588" r="2435" b="1650" fs="10">species</wd>
			<wd l="2450" t="1588" r="2511" b="1637" fs="10">of</wd>
			<wd l="2516" t="1588" r="2595" b="1637" fs="10">the</wd>
			<wd l="2607" t="1590" r="2733" b="1637" fs="10">New</wd>
			<wd l="2746" t="1588" r="2966" b="1650" fs="10">England</wd>
			<wd l="2980" t="1588" r="3261" b="1637" fs="10">Blackbutts</wd>
			<wd l="3277" t="1587" r="3370" b="1636" fs="10">and</wd>
			<wd l="3386" t="1587" r="3605" b="1649" fs="10">Scribbly</wd>
		</ln>
		<ln lx="859" ly="1663" rx="3607" ry="1727">
			<wd l="859" t="1666" r="1014" b="1714" fs="10">Gums</wd>
			<wd l="1031" t="1666" r="1049" b="1727" fs="10">(</wd>
			<wd l="1053" t="1667" r="1092" b="1713" fs="10">E</wd>
			<wd l="1093" t="1707" r="1099" b="1713" fs="10">.</wd>
			<wd l="1125" t="1681" r="1214" b="1714" fs="10">ser.</wd>
			<wd l="1226" t="1665" r="1580" b="1727" fs="10">Psathyroxyla</wd>
			<wd l="1592" t="1664" r="1821" b="1727" fs="10">Blakely)</wd>
			<wd l="1838" t="1664" r="1900" b="1713" fs="10">of</wd>
			<wd l="1909" t="1664" r="2264" b="1713" fs="10">south-eastern</wd>
			<wd l="2278" t="1664" r="2524" b="1713" fs="10">Australia</wd>
			<wd l="2539" t="1664" r="2579" b="1713" fs="10">is</wd>
			<wd l="2594" t="1663" r="2845" b="1726" fs="10">provided.</wd>
			<wd l="2864" t="1663" r="2965" b="1712" fs="10">The</wd>
			<wd l="2980" t="1679" r="3091" b="1712" fs="10">new</wd>
			<wd l="3107" t="1663" r="3297" b="1725" fs="10">species</wd>
			<wd l="3310" t="1663" r="3607" b="1725" fs="10">Eucalyptus</wd>
		</ln>
		<ln lx="858" ly="1739" rx="3608" ry="1803">
			<wd l="858" t="1745" r="1138" b="1803" fs="10">montivaga</wd>
			<wd l="1153" t="1742" r="1416" b="1790" fs="10">A.R.Bean</wd>
			<wd l="1435" t="1741" r="1475" b="1790" fs="10">is</wd>
			<wd l="1493" t="1740" r="1748" b="1790" fs="10">described</wd>
			<wd l="1766" t="1740" r="1860" b="1789" fs="10">and</wd>
			<wd l="1878" t="1740" r="2157" b="1789" fs="10">illustrated.</wd>
			<wd l="2177" t="1740" r="2278" b="1789" fs="10">The</wd>
			<wd l="2297" t="1740" r="2487" b="1802" fs="10">species</wd>
			<wd l="2503" t="1740" r="2684" b="1789" fs="10">related</wd>
			<wd l="2700" t="1746" r="2749" b="1788" fs="10">to</wd>
			<wd l="2774" t="1741" r="2824" b="1787" fs="10">E.</wd>
			<wd l="2849" t="1743" r="3130" b="1801" fs="10">montivaga</wd>
			<wd l="3147" t="1755" r="3224" b="1788" fs="10">are</wd>
			<wd l="3243" t="1739" r="3497" b="1788" fs="10">described</wd>
			<wd l="3514" t="1739" r="3608" b="1787" fs="10">and</wd>
		</ln>
		<ln lx="857" ly="1814" rx="3611" ry="1878">
			<wd l="857" t="1817" r="978" b="1866" fs="10">their</wd>
			<wd l="1004" t="1816" r="1332" b="1866" fs="10">distributions</wd>
			<wd l="1359" t="1816" r="1580" b="1878" fs="10">mapped.</wd>
			<wd l="1613" t="1818" r="1664" b="1864" fs="10">E.</wd>
			<wd l="1699" t="1816" r="2017" b="1864" fs="10">microcodon</wd>
			<wd l="2044" t="1815" r="2440" b="1864" fs="10">L.A.S.Johnson</wd>
			<wd l="2468" t="1816" r="2516" b="1864" fs="10"><![CDATA[&]]></wd>
			<wd l="2544" t="1815" r="2776" b="1864" fs="10">K.D.Hill</wd>
			<wd l="2806" t="1815" r="2846" b="1864" fs="10">is</wd>
			<wd l="2874" t="1815" r="3086" b="1864" fs="10">reduced</wd>
			<wd l="3112" t="1822" r="3161" b="1863" fs="10">to</wd>
			<wd l="3192" t="1830" r="3465" b="1876" fs="10">synonymy</wd>
			<wd l="3493" t="1814" r="3611" b="1862" fs="10">with</wd>
		</ln>
		<ln lx="856" ly="1892" rx="1797" ry="1954">
			<wd l="856" t="1894" r="906" b="1940" fs="10">E.</wd>
			<wd l="933" t="1893" r="1284" b="1954" fs="10">codonocarpa</wd>
			<wd l="1302" t="1892" r="1509" b="1953" fs="10">Blakely</wd>
			<wd l="1530" t="1893" r="1578" b="1941" fs="10"><![CDATA[&]]></wd>
			<wd l="1598" t="1892" r="1797" b="1940" fs="10">McKie.</wd>
		</ln>
	</region>
	<region article-doi="10.2307/41729928" region-id="4">
		<rc l="853" t="2031" r="3622" b="2327"/>
		<ln lx="858" ly="2036" rx="3617" ry="2101">
			<wd l="858" t="2039" r="1146" b="2100" fs="10">Keywords:</wd>
			<wd l="1158" t="2039" r="1457" b="2101" fs="10">Eucalyptus,</wd>
			<wd l="1475" t="2039" r="1767" b="2100" fs="10">Eucalyptus</wd>
			<wd l="1781" t="2038" r="2047" b="2094" fs="10">andrewsii,</wd>
			<wd l="2065" t="2038" r="2357" b="2100" fs="10">Eucalyptus</wd>
			<wd l="2371" t="2038" r="2721" b="2099" fs="10">campanulata,</wd>
			<wd l="2739" t="2037" r="3032" b="2099" fs="10">Eucalyptus</wd>
			<wd l="3045" t="2053" r="3308" b="2092" fs="10">racemosa,</wd>
			<wd l="3326" t="2036" r="3617" b="2098" fs="10">Eucalyptus</wd>
		</ln>
		<ln lx="859" ly="2113" rx="2895" ry="2176">
			<wd l="859" t="2118" r="1149" b="2176" fs="10">montivaga,</wd>
			<wd l="1173" t="2114" r="1471" b="2176" fs="10">Eucalyptus</wd>
			<wd l="1490" t="2114" r="1808" b="2162" fs="10">microcodon</wd>
			<wd l="1810" t="2154" r="1821" b="2172" fs="10">,</wd>
			<wd l="1842" t="2115" r="2139" b="2175" fs="10">Myrtaceae,</wd>
			<wd l="2160" t="2113" r="2267" b="2162" fs="10">Ash</wd>
			<wd l="2287" t="2128" r="2457" b="2175" fs="10">group,</wd>
			<wd l="2481" t="2113" r="2704" b="2174" fs="10">Scribbly</wd>
			<wd l="2725" t="2113" r="2895" b="2161" fs="10">Gums.</wd>
		</ln>
		<ln lx="858" ly="2259" rx="3349" ry="2322">
			<wd l="858" t="2263" r="1135" b="2320" fs="10">A.R.Bean,</wd>
			<wd l="1158" t="2261" r="1472" b="2321" fs="10">Queensland</wd>
			<wd l="1491" t="2261" r="1793" b="2319" fs="10">Herbarium,</wd>
			<wd l="1815" t="2261" r="1999" b="2309" fs="10">Meiers</wd>
			<wd l="2019" t="2260" r="2174" b="2319" fs="10">Road,</wd>
			<wd l="2196" t="2260" r="2577" b="2322" fs="10">Indooroopilly,</wd>
			<wd l="2601" t="2259" r="2915" b="2320" fs="10">Queensland</wd>
			<wd l="2935" t="2260" r="3082" b="2318" fs="10">4068,</wd>
			<wd l="3103" t="2259" r="3349" b="2308" fs="10">Australia</wd>
		</ln>
	</region>
	<region article-doi="10.2307/41729928" region-id="5">
		<rc l="620" t="2505" r="2187" b="5307"/>
		<ln lx="625" ly="2510" rx="1074" ry="2570">
			<wd l="625" t="2510" r="1074" b="2570" fs="10">Introduction</wd>
		</ln>
		<ln lx="626" ly="2670" rx="2165" ry="2749">
			<wd l="626" t="2672" r="750" b="2732" fs="10">The</wd>
			<wd l="779" t="2672" r="912" b="2732" fs="10">Ash</wd>
			<wd l="941" t="2691" r="1130" b="2749" fs="10">group</wd>
			<wd l="1162" t="2671" r="1238" b="2731" fs="10">of</wd>
			<wd l="1259" t="2671" r="1632" b="2749" fs="10">Eucalyptus</wd>
			<wd l="1662" t="2690" r="1789" b="2731" fs="10">was</wd>
			<wd l="1823" t="2670" r="2165" b="2748" fs="10">accurately</wd>
		</ln>
		<ln lx="627" ly="2760" rx="2168" ry="2838">
			<wd l="627" t="2761" r="893" b="2822" fs="10">defined</wd>
			<wd l="932" t="2761" r="1018" b="2838" fs="10">by</wd>
			<wd l="1057" t="2763" r="1256" b="2838" fs="10">Pryor</wd>
			<wd l="1296" t="2760" r="1421" b="2821" fs="10">and</wd>
			<wd l="1461" t="2760" r="1755" b="2821" fs="10">Johnson</wd>
			<wd l="1796" t="2760" r="2055" b="2836" fs="10">(1971),</wd>
			<wd l="2100" t="2780" r="2168" b="2820" fs="10">as</wd>
		</ln>
		<ln lx="627" ly="2850" rx="2163" ry="2927">
			<wd l="627" t="2850" r="921" b="2910" fs="10">informal</wd>
			<wd l="968" t="2852" r="1034" b="2910" fs="10">E.</wd>
			<wd l="1084" t="2850" r="1277" b="2910" fs="10">series</wd>
			<wd l="1330" t="2850" r="1660" b="2927" fs="10">Obliquae</wd>
			<wd l="1699" t="2852" r="1856" b="2909" fs="10">L.D.</wd>
			<wd l="1865" t="2851" r="2063" b="2926" fs="10">Pryor</wd>
			<wd l="2103" t="2850" r="2163" b="2909" fs="10"><![CDATA[&]]></wd>
		</ln>
		<ln lx="626" ly="2938" rx="2169" ry="3017">
			<wd l="626" t="2939" r="1161" b="3001" fs="10">L.A.S.Johnson.</wd>
			<wd l="1203" t="2939" r="1333" b="3000" fs="10">The</wd>
			<wd l="1373" t="2959" r="1572" b="3017" fs="10">group</wd>
			<wd l="1612" t="2939" r="1665" b="3000" fs="10">is</wd>
			<wd l="1706" t="2938" r="2169" b="3000" fs="10">characterised</wd>
		</ln>
		<ln lx="625" ly="3028" rx="2171" ry="3108">
			<wd l="625" t="3030" r="707" b="3108" fs="10">by</wd>
			<wd l="731" t="3030" r="887" b="3091" fs="10">buds</wd>
			<wd l="913" t="3030" r="1061" b="3090" fs="10">with</wd>
			<wd l="1087" t="3050" r="1122" b="3090" fs="10">a</wd>
			<wd l="1148" t="3029" r="1343" b="3107" fs="10">single</wd>
			<wd l="1370" t="3029" r="1726" b="3107" fs="10">operculum</wd>
			<wd l="1753" t="3029" r="1871" b="3089" fs="10">and</wd>
			<wd l="1897" t="3028" r="2171" b="3089" fs="10">inflexed</wd>
		</ln>
		<ln lx="627" ly="3118" rx="2167" ry="3197">
			<wd l="627" t="3139" r="695" b="3180" fs="10">or</wd>
			<wd l="730" t="3119" r="1086" b="3197" fs="10">irregularly</wd>
			<wd l="1123" t="3119" r="1333" b="3179" fs="10">flexed</wd>
			<wd l="1370" t="3127" r="1658" b="3191" fs="10">stamens,</wd>
			<wd l="1698" t="3118" r="1818" b="3179" fs="10">and</wd>
			<wd l="1855" t="3118" r="2167" b="3196" fs="10">seedlings</wd>
		</ln>
		<ln lx="627" ly="3208" rx="2171" ry="3286">
			<wd l="627" t="3210" r="690" b="3269" fs="10">in</wd>
			<wd l="709" t="3210" r="912" b="3270" fs="10">which</wd>
			<wd l="931" t="3210" r="1031" b="3270" fs="10">the</wd>
			<wd l="1055" t="3209" r="1259" b="3270" fs="10">leaves</wd>
			<wd l="1282" t="3228" r="1380" b="3269" fs="10">are</wd>
			<wd l="1403" t="3209" r="1683" b="3286" fs="10">opposite</wd>
			<wd l="1707" t="3209" r="1803" b="3269" fs="10">for</wd>
			<wd l="1824" t="3208" r="1970" b="3286" fs="10">only</wd>
			<wd l="1992" t="3228" r="2027" b="3269" fs="10">a</wd>
			<wd l="2048" t="3208" r="2171" b="3268" fs="10">few</wd>
		</ln>
		<ln lx="626" ly="3297" rx="2172" ry="3376">
			<wd l="626" t="3299" r="812" b="3376" fs="10">pairs,</wd>
			<wd l="851" t="3299" r="1000" b="3359" fs="10">then</wd>
			<wd l="1038" t="3298" r="1265" b="3359" fs="10">falcate</wd>
			<wd l="1305" t="3298" r="1426" b="3359" fs="10">and</wd>
			<wd l="1461" t="3298" r="1818" b="3375" fs="10">pendulous</wd>
			<wd l="1859" t="3297" r="2172" b="3373" fs="10">(Brooker</wd>
		</ln>
		<ln lx="636" ly="3386" rx="2181" ry="3466">
			<wd l="636" t="3389" r="859" b="3465" fs="10">1977).</wd>
			<wd l="906" t="3388" r="1207" b="3448" fs="10">Brooker</wd>
			<wd l="1247" t="3387" r="1587" b="3466" fs="10">proposed</wd>
			<wd l="1628" t="3395" r="1761" b="3448" fs="10">two</wd>
			<wd l="1806" t="3406" r="2054" b="3465" fs="10">groups</wd>
			<wd l="2100" t="3386" r="2181" b="3447" fs="10">of</wd>
		</ln>
		<ln lx="626" ly="3477" rx="2169" ry="3551">
			<wd l="626" t="3478" r="850" b="3551" fs="10">Ashes,</wd>
			<wd l="887" t="3478" r="1093" b="3539" fs="10">which</wd>
			<wd l="1126" t="3478" r="1284" b="3539" fs="10">have</wd>
			<wd l="1319" t="3478" r="1579" b="3539" fs="10">become</wd>
			<wd l="1615" t="3478" r="1846" b="3538" fs="10">known</wd>
			<wd l="1882" t="3497" r="1947" b="3538" fs="10">as</wd>
			<wd l="1990" t="3477" r="2169" b="3538" fs="10">'Blue</wd>
		</ln>
		<ln lx="627" ly="3567" rx="2169" ry="3629">
			<wd l="627" t="3568" r="877" b="3629" fs="10">Ashes'</wd>
			<wd l="942" t="3568" r="1070" b="3629" fs="10">and</wd>
			<wd l="1133" t="3569" r="1385" b="3628" fs="10">'Green</wd>
			<wd l="1440" t="3568" r="1721" b="3629" fs="10">Ashes'.</wd>
			<wd l="1784" t="3567" r="2001" b="3628" fs="10">These</wd>
			<wd l="2061" t="3586" r="2169" b="3628" fs="10">are</wd>
		</ln>
		<ln lx="629" ly="3657" rx="2171" ry="3735">
			<wd l="629" t="3658" r="983" b="3719" fs="10">considered</wd>
			<wd l="999" t="3666" r="1060" b="3718" fs="10">to</wd>
			<wd l="1078" t="3658" r="1154" b="3718" fs="10">be</wd>
			<wd l="1171" t="3657" r="1623" b="3735" fs="10">monophyletic</wd>
			<wd l="1642" t="3677" r="1865" b="3735" fs="10">groups</wd>
			<wd l="1885" t="3657" r="2171" b="3734" fs="10">(Ladiges</wd>
		</ln>
		<ln lx="629" ly="3747" rx="2170" ry="3824">
			<wd l="629" t="3756" r="687" b="3808" fs="10">et</wd>
			<wd l="722" t="3748" r="796" b="3808" fs="10">al.</wd>
			<wd l="836" t="3748" r="1268" b="3824" fs="10">(1989,1992).</wd>
			<wd l="1306" t="3747" r="1758" b="3824" fs="10">Ash-eucalypt</wd>
			<wd l="1795" t="3747" r="2034" b="3824" fs="10">species</wd>
			<wd l="2072" t="3766" r="2170" b="3807" fs="10">are</wd>
		</ln>
		<ln lx="630" ly="3836" rx="2182" ry="3898">
			<wd l="630" t="3837" r="831" b="3898" fs="10">found</wd>
			<wd l="870" t="3837" r="934" b="3897" fs="10">in</wd>
			<wd l="973" t="3837" r="1215" b="3898" fs="10">coastal</wd>
			<wd l="1256" t="3836" r="1378" b="3897" fs="10">and</wd>
			<wd l="1415" t="3836" r="1844" b="3897" fs="10">near-coastal</wd>
			<wd l="1885" t="3856" r="2062" b="3897" fs="10">areas</wd>
			<wd l="2103" t="3836" r="2182" b="3896" fs="10">of</wd>
		</ln>
		<ln lx="631" ly="3926" rx="2174" ry="4003">
			<wd l="631" t="3927" r="1074" b="3988" fs="10">south-eastern</wd>
			<wd l="1100" t="3926" r="1425" b="3999" fs="10">Australia,</wd>
			<wd l="1457" t="3926" r="1616" b="3987" fs="10">from</wd>
			<wd l="1643" t="3946" r="1788" b="3987" fs="10">near</wd>
			<wd l="1814" t="3926" r="2083" b="4003" fs="10">Mackay</wd>
			<wd l="2112" t="3926" r="2174" b="3985" fs="10">in</wd>
		</ln>
		<ln lx="630" ly="4016" rx="2173" ry="4092">
			<wd l="630" t="4017" r="1024" b="4092" fs="10">Queensland</wd>
			<wd l="1057" t="4025" r="1120" b="4077" fs="10">to</wd>
			<wd l="1157" t="4016" r="1499" b="4089" fs="10">Tasmania,</wd>
			<wd l="1537" t="4016" r="1656" b="4077" fs="10">and</wd>
			<wd l="1692" t="4035" r="1757" b="4076" fs="10">as</wd>
			<wd l="1794" t="4016" r="1886" b="4076" fs="10">far</wd>
			<wd l="1918" t="4024" r="2073" b="4076" fs="10">west</wd>
			<wd l="2108" t="4035" r="2173" b="4076" fs="10">as</wd>
		</ln>
		<ln lx="628" ly="4105" rx="2174" ry="4183">
			<wd l="628" t="4109" r="956" b="4183" fs="10">Kangaroo</wd>
			<wd l="988" t="4106" r="1191" b="4166" fs="10">Island</wd>
			<wd l="1221" t="4106" r="1284" b="4165" fs="10">in</wd>
			<wd l="1316" t="4106" r="1508" b="4166" fs="10">South</wd>
			<wd l="1536" t="4105" r="1860" b="4165" fs="10">Australia.</wd>
			<wd l="1896" t="4107" r="2174" b="4165" fs="10">Greatest</wd>
		</ln>
		<ln lx="631" ly="4194" rx="2175" ry="4272">
			<wd l="631" t="4195" r="866" b="4272" fs="10">species</wd>
			<wd l="887" t="4195" r="1176" b="4272" fs="10">diversity</wd>
			<wd l="1196" t="4195" r="1246" b="4255" fs="10">is</wd>
			<wd l="1268" t="4194" r="1461" b="4255" fs="10">found</wd>
			<wd l="1480" t="4195" r="1543" b="4254" fs="10">in</wd>
			<wd l="1561" t="4194" r="1786" b="4254" fs="10">central</wd>
			<wd l="1804" t="4202" r="1866" b="4254" fs="10">to</wd>
			<wd l="1889" t="4194" r="2175" b="4254" fs="10">southern</wd>
		</ln>
		<ln lx="627" ly="4283" rx="2173" ry="4357">
			<wd l="627" t="4287" r="784" b="4346" fs="10">New</wd>
			<wd l="803" t="4284" r="991" b="4346" fs="10">South</wd>
			<wd l="1008" t="4285" r="1229" b="4357" fs="10">Wales,</wd>
			<wd l="1248" t="4284" r="1448" b="4345" fs="10">where</wd>
			<wd l="1467" t="4304" r="1503" b="4345" fs="10">a</wd>
			<wd l="1516" t="4284" r="1770" b="4345" fs="10">number</wd>
			<wd l="1787" t="4284" r="1863" b="4345" fs="10">of</wd>
			<wd l="1868" t="4283" r="2173" b="4345" fs="10">restricted</wd>
		</ln>
		<ln lx="631" ly="4374" rx="1347" ry="4434">
			<wd l="631" t="4375" r="941" b="4434" fs="10">endemics</wd>
			<wd l="968" t="4394" r="1065" b="4434" fs="10">are</wd>
			<wd l="1092" t="4374" r="1347" b="4434" fs="10">located.</wd>
		</ln>
		<ln lx="816" ly="4532" rx="2169" ry="4610">
			<wd l="816" t="4533" r="1204" b="4610" fs="10">Eucalyptus</wd>
			<wd l="1242" t="4552" r="1351" b="4593" fs="10">ser.</wd>
			<wd l="1397" t="4533" r="1862" b="4610" fs="10">Psathyroxyla</wd>
			<wd l="1898" t="4532" r="2169" b="4609" fs="10">Blakely</wd>
		</ln>
		<ln lx="631" ly="4621" rx="2173" ry="4699">
			<wd l="631" t="4622" r="953" b="4699" fs="10">originally</wd>
			<wd l="979" t="4621" r="1266" b="4681" fs="10">included</wd>
			<wd l="1293" t="4621" r="1439" b="4698" fs="10">only</wd>
			<wd l="1463" t="4621" r="1564" b="4681" fs="10">the</wd>
			<wd l="1597" t="4621" r="1902" b="4698" fs="10">'Scribbly</wd>
			<wd l="1929" t="4623" r="2173" b="4693" fs="10">Gums',</wd>
		</ln>
		<ln lx="629" ly="4710" rx="2172" ry="4788">
			<wd l="629" t="4711" r="735" b="4771" fs="10">but</wd>
			<wd l="767" t="4730" r="894" b="4771" fs="10">was</wd>
			<wd l="931" t="4710" r="1249" b="4788" fs="10">expanded</wd>
			<wd l="1281" t="4710" r="1364" b="4787" fs="10">by</wd>
			<wd l="1399" t="4710" r="1818" b="4788" fs="10">Chippendale</wd>
			<wd l="1855" t="4711" r="2075" b="4786" fs="10">(1988)</wd>
			<wd l="2109" t="4719" r="2172" b="4770" fs="10">to</wd>
		</ln>
		<ln lx="631" ly="4799" rx="2175" ry="4876">
			<wd l="631" t="4800" r="867" b="4860" fs="10">include</wd>
			<wd l="883" t="4799" r="981" b="4859" fs="10">the</wd>
			<wd l="997" t="4800" r="1218" b="4859" fs="10">related</wd>
			<wd l="1231" t="4802" r="1389" b="4859" fs="10">New</wd>
			<wd l="1404" t="4799" r="1677" b="4876" fs="10">England</wd>
			<wd l="1693" t="4799" r="2040" b="4859" fs="10">Blackbutts</wd>
			<wd l="2059" t="4799" r="2175" b="4859" fs="10">and</wd>
		</ln>
		<ln lx="634" ly="4888" rx="1177" ry="4965">
			<wd l="634" t="4888" r="933" b="4965" fs="10">Silvertop</wd>
			<wd l="956" t="4888" r="1177" b="4948" fs="10">Ashes.</wd>
		</ln>
		<ln lx="820" ly="5048" rx="2170" ry="5124">
			<wd l="820" t="5048" r="946" b="5108" fs="10">The</wd>
			<wd l="974" t="5050" r="1154" b="5108" fs="10">'New</wd>
			<wd l="1175" t="5048" r="1452" b="5124" fs="10">England</wd>
			<wd l="1473" t="5048" r="1851" b="5107" fs="10">Blackbutts'</wd>
			<wd l="1881" t="5048" r="1958" b="5107" fs="10">of</wd>
			<wd l="1968" t="5048" r="2170" b="5107" fs="10">north-</wd>
		</ln>
		<ln lx="633" ly="5136" rx="2173" ry="5214">
			<wd l="633" t="5145" r="870" b="5197" fs="10">eastern</wd>
			<wd l="902" t="5139" r="1063" b="5197" fs="10">New</wd>
			<wd l="1100" t="5136" r="1294" b="5197" fs="10">South</wd>
			<wd l="1329" t="5137" r="1538" b="5197" fs="10">Wales</wd>
			<wd l="1575" t="5137" r="1823" b="5197" fs="10">include</wd>
			<wd l="1858" t="5136" r="1960" b="5197" fs="10">the</wd>
			<wd l="1998" t="5137" r="2173" b="5214" fs="10">long-</wd>
		</ln>
		<ln lx="635" ly="5225" rx="2172" ry="5302">
			<wd l="635" t="5226" r="922" b="5302" fs="10">standing</wd>
			<wd l="961" t="5226" r="1205" b="5302" fs="10">species</wd>
			<wd l="1249" t="5228" r="1315" b="5285" fs="10">E.</wd>
			<wd l="1363" t="5226" r="1710" b="5285" fs="10">andrewsii</wd>
			<wd l="1744" t="5225" r="2010" b="5285" fs="10">Maiden</wd>
			<wd l="2049" t="5226" r="2172" b="5285" fs="10">and</wd>
		</ln>
	</region>
	<region article-doi="10.2307/41729928" region-id="6">
		<rc l="2300" t="2663" r="3873" b="5576"/>
		<ln lx="2305" ly="2668" rx="3846" ry="2747">
			<wd l="2305" t="2672" r="2368" b="2730" fs="10">E.</wd>
			<wd l="2396" t="2670" r="2828" b="2747" fs="10">campanulata</wd>
			<wd l="2843" t="2669" r="3189" b="2730" fs="10">R.T.Baker</wd>
			<wd l="3206" t="2670" r="3266" b="2729" fs="10"><![CDATA[&]]></wd>
			<wd l="3286" t="2670" r="3595" b="2741" fs="10">H.G.Sm.,</wd>
			<wd l="3616" t="2668" r="3733" b="2728" fs="10">and</wd>
			<wd l="3748" t="2668" r="3846" b="2728" fs="10">the</wd>
		</ln>
		<ln lx="2307" ly="2758" rx="3845" ry="2836">
			<wd l="2307" t="2759" r="2587" b="2836" fs="10">recently</wd>
			<wd l="2623" t="2759" r="2852" b="2819" fs="10">named</wd>
			<wd l="2895" t="2761" r="2961" b="2819" fs="10">E.</wd>
			<wd l="3010" t="2759" r="3188" b="2819" fs="10">olida</wd>
			<wd l="3226" t="2758" r="3747" b="2818" fs="10">L.A.S.Johnson</wd>
			<wd l="3786" t="2759" r="3845" b="2818" fs="10"><![CDATA[&]]></wd>
		</ln>
		<ln lx="2308" ly="2846" rx="3847" ry="2925">
			<wd l="2308" t="2848" r="2621" b="2909" fs="10">K.D.Hill.</wd>
			<wd l="2659" t="2850" r="2718" b="2908" fs="10">A</wd>
			<wd l="2755" t="2848" r="2960" b="2908" fs="10">fourth</wd>
			<wd l="2992" t="2850" r="3153" b="2908" fs="10">New</wd>
			<wd l="3188" t="2847" r="3469" b="2925" fs="10">England</wd>
			<wd l="3503" t="2846" r="3847" b="2919" fs="10">Blackbutt,</wd>
		</ln>
		<ln lx="2306" ly="2936" rx="3850" ry="3017">
			<wd l="2306" t="2941" r="2369" b="2999" fs="10">E.</wd>
			<wd l="2396" t="2943" r="2746" b="3017" fs="10">montivaga</wd>
			<wd l="2765" t="2958" r="2852" b="3016" fs="10">sp.</wd>
			<wd l="2873" t="2958" r="3037" b="3011" fs="10">nov.,</wd>
			<wd l="3074" t="2938" r="3125" b="2999" fs="10">is</wd>
			<wd l="3143" t="2937" r="3455" b="3015" fs="10">relatively</wd>
			<wd l="3472" t="2936" r="3850" b="3015" fs="10">widespread</wd>
		</ln>
		<ln lx="2310" ly="3027" rx="3853" ry="3106">
			<wd l="2310" t="3028" r="2592" b="3106" fs="10">(though</wd>
			<wd l="2631" t="3048" r="2790" b="3106" fs="10">very</wd>
			<wd l="2834" t="3028" r="3280" b="3106" fs="10">sporadically</wd>
			<wd l="3323" t="3027" r="3744" b="3103" fs="10">distributed)</wd>
			<wd l="3787" t="3027" r="3853" b="3086" fs="10">in</wd>
		</ln>
		<ln lx="2308" ly="3116" rx="3851" ry="3178">
			<wd l="2308" t="3118" r="2787" b="3178" fs="10">mountainous</wd>
			<wd l="2833" t="3137" r="3020" b="3178" fs="10">areas</wd>
			<wd l="3066" t="3117" r="3240" b="3177" fs="10">from</wd>
			<wd l="3284" t="3116" r="3744" b="3177" fs="10">Toowoomba</wd>
			<wd l="3784" t="3124" r="3851" b="3176" fs="10">to</wd>
		</ln>
		<ln lx="2310" ly="3205" rx="3854" ry="3285">
			<wd l="2310" t="3207" r="2624" b="3285" fs="10">Eungella.</wd>
			<wd l="2648" t="3210" r="2716" b="3267" fs="10">In</wd>
			<wd l="2734" t="3215" r="2940" b="3267" fs="10">recent</wd>
			<wd l="2957" t="3226" r="3152" b="3284" fs="10">years,</wd>
			<wd l="3176" t="3207" r="3220" b="3267" fs="10">it</wd>
			<wd l="3238" t="3206" r="3347" b="3267" fs="10">has</wd>
			<wd l="3368" t="3206" r="3526" b="3266" fs="10">been</wd>
			<wd l="3544" t="3205" r="3854" b="3283" fs="10">variously</wd>
		</ln>
		<ln lx="2311" ly="3295" rx="3844" ry="3372">
			<wd l="2311" t="3297" r="2631" b="3357" fs="10">identified</wd>
			<wd l="2655" t="3316" r="2720" b="3357" fs="10">as</wd>
			<wd l="2735" t="3299" r="2799" b="3357" fs="10">E.</wd>
			<wd l="2830" t="3296" r="3171" b="3366" fs="10">andrewsii,</wd>
			<wd l="3198" t="3298" r="3262" b="3356" fs="10">E.</wd>
			<wd l="3293" t="3296" r="3623" b="3356" fs="10">andrewsii</wd>
			<wd l="3642" t="3295" r="3844" b="3372" fs="10">subsp.</wd>
		</ln>
		<ln lx="2310" ly="3385" rx="3850" ry="3464">
			<wd l="2310" t="3387" r="2645" b="3447" fs="10">andrewsii</wd>
			<wd l="2677" t="3385" r="3123" b="3464" fs="10">(Chippendale</wd>
			<wd l="3167" t="3386" r="3370" b="3463" fs="10">1988),</wd>
			<wd l="3411" t="3387" r="3475" b="3446" fs="10">E.</wd>
			<wd l="3519" t="3385" r="3850" b="3446" fs="10">andrewsii</wd>
		</ln>
		<ln lx="2313" ly="3475" rx="3846" ry="3555">
			<wd l="2313" t="3477" r="2520" b="3555" fs="10">subsp.</wd>
			<wd l="2537" t="3476" r="2970" b="3554" fs="10">campanulata</wd>
			<wd l="2987" t="3476" r="3286" b="3553" fs="10">(Johnson</wd>
			<wd l="3304" t="3477" r="3363" b="3536" fs="10"><![CDATA[&]]></wd>
			<wd l="3383" t="3475" r="3618" b="3536" fs="10">Blaxell</wd>
			<wd l="3645" t="3475" r="3846" b="3552" fs="10">1973),</wd>
		</ln>
		<ln lx="2312" ly="3566" rx="3854" ry="3645">
			<wd l="2312" t="3587" r="2380" b="3628" fs="10">or</wd>
			<wd l="2415" t="3587" r="2492" b="3628" fs="10">an</wd>
			<wd l="2526" t="3566" r="2866" b="3645" fs="10">intergrade</wd>
			<wd l="2900" t="3566" r="3182" b="3627" fs="10">between</wd>
			<wd l="3215" t="3566" r="3315" b="3627" fs="10">the</wd>
			<wd l="3353" t="3566" r="3523" b="3626" fs="10">latter</wd>
			<wd l="3555" t="3574" r="3679" b="3626" fs="10">two</wd>
			<wd l="3713" t="3573" r="3854" b="3626" fs="10">taxa</wd>
		</ln>
		<ln lx="2312" ly="3657" rx="3001" ry="3733">
			<wd l="2312" t="3657" r="2580" b="3733" fs="10">(Boland</wd>
			<wd l="2605" t="3665" r="2663" b="3717" fs="10">et</wd>
			<wd l="2687" t="3657" r="2761" b="3717" fs="10">al.</wd>
			<wd l="2798" t="3657" r="3001" b="3733" fs="10">1984).</wd>
		</ln>
		<ln lx="2502" ly="3816" rx="3853" ry="3894">
			<wd l="2502" t="3817" r="2627" b="3878" fs="10">The</wd>
			<wd l="2645" t="3817" r="3078" b="3877" fs="10">Mallee-ashes</wd>
			<wd l="3097" t="3817" r="3174" b="3877" fs="10">of</wd>
			<wd l="3179" t="3816" r="3279" b="3877" fs="10">the</wd>
			<wd l="3298" t="3818" r="3498" b="3877" fs="10">Green</wd>
			<wd l="3513" t="3816" r="3647" b="3877" fs="10">Ash</wd>
			<wd l="3663" t="3835" r="3853" b="3894" fs="10">group</wd>
		</ln>
		<ln lx="2313" ly="3907" rx="3849" ry="3984">
			<wd l="2313" t="3907" r="2624" b="3984" fs="10">(informal</wd>
			<wd l="2648" t="3909" r="2711" b="3967" fs="10">E.</wd>
			<wd l="2748" t="3907" r="3049" b="3968" fs="10">subseries</wd>
			<wd l="3076" t="3908" r="3402" b="3967" fs="10">Strictinae</wd>
			<wd l="3426" t="3908" r="3765" b="3983" fs="10">L.D.Pryor</wd>
			<wd l="3790" t="3907" r="3849" b="3966" fs="10"><![CDATA[&]]></wd>
		</ln>
		<ln lx="2312" ly="3995" rx="3851" ry="4073">
			<wd l="2312" t="3997" r="2851" b="4073" fs="10">L.A.S.Johnson)</wd>
			<wd l="2891" t="4016" r="2991" b="4057" fs="10">are</wd>
			<wd l="3027" t="3996" r="3520" b="4073" fs="10">taxonomically</wd>
			<wd l="3558" t="3995" r="3851" b="4056" fs="10">difficult.</wd>
		</ln>
		<ln lx="2313" ly="4085" rx="3856" ry="4147">
			<wd l="2313" t="4087" r="2508" b="4147" fs="10">Three</wd>
			<wd l="2543" t="4095" r="2687" b="4147" fs="10">taxa</wd>
			<wd l="2719" t="4086" r="2878" b="4146" fs="10">have</wd>
			<wd l="2914" t="4086" r="3075" b="4146" fs="10">been</wd>
			<wd l="3109" t="4086" r="3334" b="4146" fs="10">named</wd>
			<wd l="3371" t="4085" r="3533" b="4146" fs="10">from</wd>
			<wd l="3566" t="4085" r="3856" b="4145" fs="10">northern</wd>
		</ln>
		<ln lx="2310" ly="4174" rx="3851" ry="4249">
			<wd l="2310" t="4178" r="2480" b="4236" fs="10">New</wd>
			<wd l="2566" t="4175" r="2779" b="4236" fs="10">South</wd>
			<wd l="2862" t="4175" r="3089" b="4235" fs="10">Wales</wd>
			<wd l="3176" t="4175" r="3304" b="4235" fs="10">and</wd>
			<wd l="3389" t="4174" r="3851" b="4249" fs="10">Queensland:</wd>
		</ln>
		<ln lx="2310" ly="4264" rx="3854" ry="4343">
			<wd l="2310" t="4268" r="2376" b="4326" fs="10">E.</wd>
			<wd l="2425" t="4270" r="2890" b="4343" fs="10">approximans</wd>
			<wd l="2929" t="4265" r="3200" b="4326" fs="10">Maiden</wd>
			<wd l="3238" t="4284" r="3372" b="4325" fs="10">was</wd>
			<wd l="3412" t="4264" r="3646" b="4325" fs="10">named</wd>
			<wd l="3687" t="4264" r="3854" b="4325" fs="10">from</wd>
		</ln>
		<ln lx="2313" ly="4354" rx="3855" ry="4430">
			<wd l="2313" t="4358" r="2555" b="4415" fs="10">Barren</wd>
			<wd l="2594" t="4355" r="2940" b="4414" fs="10">Mountain</wd>
			<wd l="2981" t="4356" r="3164" b="4430" fs="10">(near</wd>
			<wd l="3202" t="4354" r="3514" b="4430" fs="10">Dorrigo)</wd>
			<wd l="3557" t="4354" r="3622" b="4413" fs="10">in</wd>
			<wd l="3670" t="4355" r="3855" b="4414" fs="10">1919.</wd>
		</ln>
		<ln lx="2310" ly="4442" rx="3855" ry="4520">
			<wd l="2310" t="4445" r="2374" b="4503" fs="10">E.</wd>
			<wd l="2386" t="4443" r="2826" b="4520" fs="10">codonocarpa</wd>
			<wd l="2850" t="4443" r="3109" b="4520" fs="10">Blakely</wd>
			<wd l="3136" t="4444" r="3196" b="4503" fs="10"><![CDATA[&]]></wd>
			<wd l="3224" t="4442" r="3454" b="4503" fs="10">McKie</wd>
			<wd l="3480" t="4461" r="3607" b="4502" fs="10">was</wd>
			<wd l="3634" t="4442" r="3855" b="4503" fs="10">named</wd>
		</ln>
		<ln lx="2315" ly="4532" rx="3855" ry="4609">
			<wd l="2315" t="4533" r="2473" b="4593" fs="10">from</wd>
			<wd l="2490" t="4532" r="2785" b="4593" fs="10">Pheasant</wd>
			<wd l="2802" t="4534" r="2939" b="4592" fs="10">Mtn</wd>
			<wd l="2958" t="4533" r="3127" b="4608" fs="10">(near</wd>
			<wd l="3145" t="4532" r="3376" b="4609" fs="10">Guyra)</wd>
			<wd l="3396" t="4532" r="3458" b="4591" fs="10">in</wd>
			<wd l="3484" t="4533" r="3657" b="4592" fs="10">1930.</wd>
			<wd l="3678" t="4534" r="3855" b="4592" fs="10">More</wd>
		</ln>
		<ln lx="2312" ly="4620" rx="3851" ry="4698">
			<wd l="2312" t="4621" r="2610" b="4698" fs="10">recently,</wd>
			<wd l="2657" t="4623" r="2724" b="4681" fs="10">E.</wd>
			<wd l="2772" t="4621" r="3191" b="4681" fs="10">microcodon</wd>
			<wd l="3230" t="4620" r="3754" b="4681" fs="10">L.A.S.Johnson</wd>
			<wd l="3792" t="4622" r="3851" b="4680" fs="10"><![CDATA[&]]></wd>
		</ln>
		<ln lx="2313" ly="4709" rx="3858" ry="4787">
			<wd l="2313" t="4710" r="2604" b="4770" fs="10">K.D.Hill</wd>
			<wd l="2637" t="4729" r="2765" b="4770" fs="10">was</wd>
			<wd l="2797" t="4710" r="3020" b="4770" fs="10">named</wd>
			<wd l="3053" t="4710" r="3213" b="4770" fs="10">from</wd>
			<wd l="3244" t="4712" r="3341" b="4770" fs="10">Mt</wd>
			<wd l="3372" t="4712" r="3612" b="4787" fs="10">Barney</wd>
			<wd l="3645" t="4710" r="3735" b="4786" fs="10">(in</wd>
			<wd l="3768" t="4709" r="3858" b="4769" fs="10">far</wd>
		</ln>
		<ln lx="2316" ly="4799" rx="3868" ry="4876">
			<wd l="2316" t="4800" r="2602" b="4860" fs="10">southern</wd>
			<wd l="2625" t="4799" r="3046" b="4876" fs="10">Queensland)</wd>
			<wd l="3071" t="4800" r="3133" b="4859" fs="10">in</wd>
			<wd l="3164" t="4801" r="3339" b="4860" fs="10">1991.</wd>
			<wd l="3366" t="4799" r="3493" b="4859" fs="10">The</wd>
			<wd l="3517" t="4799" r="3768" b="4876" fs="10">identity</wd>
			<wd l="3792" t="4799" r="3868" b="4859" fs="10">of</wd>
		</ln>
		<ln lx="2313" ly="4888" rx="3856" ry="4965">
			<wd l="2313" t="4888" r="2412" b="4949" fs="10">the</wd>
			<wd l="2429" t="4888" r="2841" b="4949" fs="10">MacPherson</wd>
			<wd l="2857" t="4888" r="3187" b="4965" fs="10">Range/Mt</wd>
			<wd l="3202" t="4890" r="3439" b="4965" fs="10">Barney</wd>
			<wd l="3454" t="4888" r="3719" b="4960" fs="10">mallees,</wd>
			<wd l="3740" t="4888" r="3856" b="4948" fs="10">and</wd>
		</ln>
		<ln lx="2313" ly="4977" rx="3855" ry="5054">
			<wd l="2313" t="4977" r="2413" b="5038" fs="10">the</wd>
			<wd l="2431" t="4977" r="2581" b="5038" fs="10">rank</wd>
			<wd l="2600" t="4977" r="2718" b="5037" fs="10">and</wd>
			<wd l="2737" t="4977" r="3261" b="5054" fs="10">circumscription</wd>
			<wd l="3279" t="4977" r="3356" b="5037" fs="10">of</wd>
			<wd l="3371" t="4979" r="3384" b="5002" fs="10">'</wd>
			<wd l="3389" t="4977" r="3826" b="5054" fs="10">codonocarpa</wd>
			<wd l="3843" t="4979" r="3855" b="4998" fs="10">'</wd>
		</ln>
		<ln lx="2313" ly="5066" rx="3814" ry="5143">
			<wd l="2313" t="5066" r="2470" b="5126" fs="10">have</wd>
			<wd l="2494" t="5066" r="2652" b="5126" fs="10">been</wd>
			<wd l="2677" t="5066" r="3059" b="5126" fs="10">contentious</wd>
			<wd l="3085" t="5066" r="3281" b="5126" fs="10">issues</wd>
			<wd l="3308" t="5066" r="3404" b="5126" fs="10">for</wd>
			<wd l="3429" t="5085" r="3599" b="5126" fs="10">some</wd>
			<wd l="3622" t="5085" r="3814" b="5143" fs="10">years.</wd>
		</ln>
		<ln lx="2316" ly="5226" rx="3857" ry="5302">
			<wd l="2316" t="5226" r="2442" b="5286" fs="10">The</wd>
			<wd l="2464" t="5234" r="2616" b="5285" fs="10">term</wd>
			<wd l="2645" t="5226" r="2846" b="5286" fs="10">'floral</wd>
			<wd l="2871" t="5226" r="3094" b="5302" fs="10">cavity'</wd>
			<wd l="3124" t="5226" r="3175" b="5286" fs="10">is</wd>
			<wd l="3198" t="5226" r="3352" b="5285" fs="10">used</wd>
			<wd l="3373" t="5234" r="3435" b="5285" fs="10">to</wd>
			<wd l="3461" t="5226" r="3735" b="5286" fs="10">describe</wd>
			<wd l="3758" t="5226" r="3857" b="5285" fs="10">the</wd>
		</ln>
		<ln lx="2317" ly="5314" rx="3856" ry="5392">
			<wd l="2317" t="5333" r="2500" b="5391" fs="10">space</wd>
			<wd l="2535" t="5314" r="2817" b="5374" fs="10">between</wd>
			<wd l="2850" t="5314" r="2951" b="5374" fs="10">the</wd>
			<wd l="2986" t="5314" r="3135" b="5375" fs="10">base</wd>
			<wd l="3172" t="5314" r="3250" b="5374" fs="10">of</wd>
			<wd l="3273" t="5314" r="3375" b="5374" fs="10">the</wd>
			<wd l="3413" t="5314" r="3566" b="5392" fs="10">style</wd>
			<wd l="3603" t="5314" r="3722" b="5374" fs="10">and</wd>
			<wd l="3755" t="5314" r="3856" b="5375" fs="10">the</wd>
		</ln>
		<ln lx="2313" ly="5403" rx="3858" ry="5481">
			<wd l="2313" t="5403" r="2639" b="5464" fs="10">underside</wd>
			<wd l="2661" t="5403" r="2738" b="5464" fs="10">of</wd>
			<wd l="2746" t="5403" r="2846" b="5464" fs="10">the</wd>
			<wd l="2868" t="5403" r="3045" b="5464" fs="10">distal</wd>
			<wd l="3064" t="5411" r="3195" b="5481" fs="10">part</wd>
			<wd l="3215" t="5403" r="3292" b="5464" fs="10">of</wd>
			<wd l="3300" t="5403" r="3400" b="5464" fs="10">the</wd>
			<wd l="3422" t="5403" r="3776" b="5481" fs="10">operculum</wd>
			<wd l="3796" t="5403" r="3858" b="5463" fs="10">in</wd>
		</ln>
		<ln lx="2312" ly="5493" rx="2841" ry="5571">
			<wd l="2312" t="5493" r="2685" b="5571" fs="10">Eucalyptus</wd>
			<wd l="2712" t="5512" r="2841" b="5571" fs="10">spp.</wd>
		</ln>
	</region>
	<region article-doi="10.2307/41729928" region-id="7">
		<rc l="627" t="5518" r="1648" b="5590"/>
		<ln lx="632" ly="5523" rx="1643" ry="5585">
			<wd l="632" t="5523" r="881" b="5585" fs="10">Accepted</wd>
			<wd l="902" t="5523" r="978" b="5572" fs="10">for</wd>
			<wd l="995" t="5523" r="1296" b="5585" fs="10">publication</wd>
			<wd l="1333" t="5524" r="1362" b="5571" fs="10">9</wd>
			<wd l="1383" t="5523" r="1492" b="5585" fs="10">July</wd>
			<wd l="1519" t="5524" r="1535" b="5571" fs="10">1</wd>
			<wd l="1547" t="5524" r="1643" b="5572" fs="10">997</wd>
		</ln>
	</region>
</ocr-page>
