<?xml version="1.0" encoding="UTF-8"?>
<ocr-page type="coords" ocr-vers="1.0" creation-date="20130321" res="600" height="6300" width="4500">
	<region article-doi="10.2307/41729926" region-id="0">
		<rc l="632" t="732" r="3866" b="803"/>
		<ln lx="637" ly="737" rx="3861" ry="798">
			<wd l="637" t="739" r="839" b="795" fs="10">Forster,</wd>
			<wd l="859" t="737" r="1167" b="786" fs="10">Naturalised</wd>
			<wd l="1187" t="738" r="1328" b="786" fs="10">Flora</wd>
			<wd l="1348" t="737" r="1409" b="786" fs="10">of</wd>
			<wd l="1422" t="738" r="1737" b="798" fs="10">Queensland</wd>
			<wd l="3770" t="742" r="3861" b="788" fs="10">119</wd>
		</ln>
	</region>
	<region article-doi="10.2307/41729926" region-id="1">
		<rc l="632" t="852" r="2183" b="1152"/>
		<ln lx="637" ly="857" rx="2178" ry="920">
			<wd l="637" t="858" r="863" b="916" fs="10">Dehgan,</wd>
			<wd l="892" t="859" r="950" b="906" fs="10">B.</wd>
			<wd l="982" t="858" r="1030" b="906" fs="10"><![CDATA[&]]></wd>
			<wd l="1061" t="859" r="1311" b="916" fs="10">Webster,</wd>
			<wd l="1342" t="858" r="1459" b="906" fs="10">G.L.</wd>
			<wd l="1492" t="857" r="1684" b="919" fs="10">(1979).</wd>
			<wd l="1715" t="857" r="2053" b="920" fs="10">Morphology</wd>
			<wd l="2083" t="857" r="2178" b="907" fs="10">and</wd>
		</ln>
		<ln lx="828" ly="933" rx="2175" ry="996">
			<wd l="828" t="933" r="1144" b="996" fs="10">infřageneric</wd>
			<wd l="1170" t="933" r="1509" b="996" fs="10">relationships</wd>
			<wd l="1538" t="933" r="1599" b="983" fs="10">of</wd>
			<wd l="1616" t="933" r="1696" b="983" fs="10">the</wd>
			<wd l="1724" t="949" r="1878" b="996" fs="10">genus</wd>
			<wd l="1931" t="934" r="2175" b="996" fs="10">Jatropha</wd>
		</ln>
		<ln lx="827" ly="1009" rx="2177" ry="1071">
			<wd l="827" t="1009" r="1321" b="1071" fs="10">(Euphorbiaceae).</wd>
			<wd l="1400" t="1011" r="1709" b="1071" fs="10">University</wd>
			<wd l="1758" t="1010" r="1827" b="1071" fs="10">of</wd>
			<wd l="1864" t="1010" r="2177" b="1071" fs="10">California</wd>
		</ln>
		<ln lx="824" ly="1085" rx="1694" ry="1147">
			<wd l="824" t="1085" r="1162" b="1134" fs="10">Publications</wd>
			<wd l="1184" t="1089" r="1231" b="1134" fs="10">in</wd>
			<wd l="1248" t="1087" r="1440" b="1147" fs="10">Botany</wd>
			<wd l="1458" t="1086" r="1536" b="1134" fs="10">74:</wd>
			<wd l="1566" t="1086" r="1694" b="1134" fs="10">1-73.</wd>
		</ln>
	</region>
	<region article-doi="10.2307/41729926" region-id="2">
		<rc l="632" t="1227" r="2181" b="1446"/>
		<ln lx="637" ly="1232" rx="2176" ry="1294">
			<wd l="637" t="1233" r="894" b="1290" fs="10">Forster,</wd>
			<wd l="933" t="1233" r="1032" b="1280" fs="10">P.I.</wd>
			<wd l="1073" t="1232" r="1285" b="1293" fs="10">(1985).</wd>
			<wd l="1326" t="1232" r="1434" b="1280" fs="10">The</wd>
			<wd l="1472" t="1247" r="1669" b="1294" fs="10">genera</wd>
			<wd l="1711" t="1232" r="2036" b="1280" fs="10">Kalanchoe</wd>
			<wd l="2073" t="1232" r="2176" b="1281" fs="10">and</wd>
		</ln>
		<ln lx="824" ly="1307" rx="2174" ry="1370">
			<wd l="824" t="1307" r="1163" b="1370" fs="10">Bryophyllum</wd>
			<wd l="1178" t="1307" r="1227" b="1356" fs="10">in</wd>
			<wd l="1241" t="1307" r="1534" b="1356" fs="10">cultivation.</wd>
			<wd l="1542" t="1308" r="1933" b="1370" fs="10">Anacampseros</wd>
			<wd l="1952" t="1308" r="1969" b="1355" fs="10">1</wd>
			<wd l="1983" t="1323" r="1991" b="1356" fs="10">:</wd>
			<wd l="2009" t="1308" r="2174" b="1366" fs="10">37-41,</wd>
		</ln>
		<ln lx="829" ly="1384" rx="1187" ry="1441">
			<wd l="829" t="1384" r="996" b="1441" fs="10">52-56;</wd>
			<wd l="1018" t="1384" r="1064" b="1432" fs="10">2:</wd>
			<wd l="1086" t="1384" r="1187" b="1432" fs="10">4-8.</wd>
		</ln>
	</region>
	<region article-doi="10.2307/41729926" region-id="3">
		<rc l="631" t="1525" r="2182" b="1672"/>
		<ln lx="636" ly="1530" rx="2177" ry="1591">
			<wd l="636" t="1560" r="738" b="1564" fs="10">
			</wd>
			<wd l="769" t="1530" r="957" b="1591" fs="10">(1988).</wd>
			<wd l="975" t="1532" r="1130" b="1579" fs="10">Notes</wd>
			<wd l="1149" t="1546" r="1213" b="1579" fs="10">on</wd>
			<wd l="1229" t="1530" r="1309" b="1579" fs="10">the</wd>
			<wd l="1326" t="1530" r="1619" b="1579" fs="10">naturalised</wd>
			<wd l="1637" t="1530" r="1762" b="1579" fs="10">flora</wd>
			<wd l="1778" t="1530" r="1840" b="1579" fs="10">of</wd>
			<wd l="1849" t="1530" r="2177" b="1591" fs="10">Queensland.</wd>
		</ln>
		<ln lx="823" ly="1606" rx="1522" ry="1667">
			<wd l="823" t="1606" r="1200" b="1667" fs="10">Austrobaileya</wd>
			<wd l="1218" t="1607" r="1264" b="1654" fs="10">2:</wd>
			<wd l="1289" t="1607" r="1522" b="1654" fs="10">573-576.</wd>
		</ln>
	</region>
	<region article-doi="10.2307/41729926" region-id="4">
		<rc l="632" t="1747" r="2185" b="1958"/>
		<ln lx="637" ly="1752" rx="2174" ry="1813">
			<wd l="637" t="1781" r="738" b="1785" fs="10">
			</wd>
			<wd l="766" t="1752" r="984" b="1813" fs="10">(1996a).</wd>
			<wd l="1002" t="1753" r="1049" b="1800" fs="10">A</wd>
			<wd l="1063" t="1752" r="1344" b="1801" fs="10">taxonomie</wd>
			<wd l="1359" t="1752" r="1575" b="1801" fs="10">revision</wd>
			<wd l="1591" t="1752" r="1653" b="1801" fs="10">of</wd>
			<wd l="1662" t="1752" r="1906" b="1800" fs="10">Aleurites</wd>
			<wd l="1920" t="1754" r="2174" b="1801" fs="10">J.R.Forst.</wd>
		</ln>
		<ln lx="827" ly="1827" rx="2180" ry="1890">
			<wd l="827" t="1828" r="875" b="1877" fs="10"><![CDATA[&]]></wd>
			<wd l="899" t="1828" r="1112" b="1877" fs="10">G.Forst.</wd>
			<wd l="1138" t="1827" r="1577" b="1890" fs="10">(Euphorbiaceae)</wd>
			<wd l="1601" t="1827" r="1650" b="1876" fs="10">in</wd>
			<wd l="1671" t="1828" r="1918" b="1877" fs="10">Australia</wd>
			<wd l="1939" t="1827" r="2033" b="1877" fs="10">and</wd>
			<wd l="2053" t="1829" r="2180" b="1877" fs="10">New</wd>
		</ln>
		<ln lx="828" ly="1903" rx="1541" ry="1953">
			<wd l="828" t="1903" r="1030" b="1953" fs="10">Guinea.</wd>
			<wd l="1053" t="1904" r="1265" b="1952" fs="10">Mueller</wd>
			<wd l="1268" t="1908" r="1316" b="1952" fs="10">ia</wd>
			<wd l="1337" t="1904" r="1382" b="1952" fs="10">9:</wd>
			<wd l="1409" t="1904" r="1541" b="1952" fs="10">5-13.</wd>
		</ln>
	</region>
	<region article-doi="10.2307/41729926" region-id="5">
		<rc l="632" t="2046" r="2186" b="2180"/>
		<ln lx="637" ly="2051" rx="2181" ry="2112">
			<wd l="637" t="2081" r="738" b="2085" fs="10">
			</wd>
			<wd l="762" t="2051" r="981" b="2112" fs="10">(1996b).</wd>
			<wd l="995" t="2051" r="1303" b="2100" fs="10">Naturalized</wd>
			<wd l="1318" t="2051" r="1589" b="2100" fs="10">succulents</wd>
			<wd l="1604" t="2051" r="1653" b="2099" fs="10">in</wd>
			<wd l="1665" t="2051" r="1744" b="2100" fs="10">the</wd>
			<wd l="1758" t="2051" r="2032" b="2100" fs="10">Australian</wd>
			<wd l="2047" t="2051" r="2181" b="2100" fs="10">flora.</wd>
		</ln>
		<ln lx="825" ly="2127" rx="1374" ry="2175">
			<wd l="825" t="2127" r="1119" b="2175" fs="10">Haseltonia</wd>
			<wd l="1137" t="2127" r="1183" b="2175" fs="10">4:</wd>
			<wd l="1208" t="2128" r="1374" b="2175" fs="10">57-65.</wd>
		</ln>
	</region>
	<region article-doi="10.2307/41729926" region-id="6">
		<rc l="634" t="2269" r="2189" b="2554"/>
		<ln lx="639" ly="2274" rx="2181" ry="2335">
			<wd l="639" t="2276" r="875" b="2333" fs="10">Forster,</wd>
			<wd l="906" t="2276" r="998" b="2323" fs="10">P.I.</wd>
			<wd l="1031" t="2275" r="1079" b="2323" fs="10"><![CDATA[&]]></wd>
			<wd l="1112" t="2275" r="1372" b="2333" fs="10">Clifford,</wd>
			<wd l="1403" t="2276" r="1525" b="2323" fs="10">H.T.</wd>
			<wd l="1559" t="2274" r="1757" b="2335" fs="10">(1986).</wd>
			<wd l="1789" t="2274" r="2093" b="2323" fs="10">Aloeaceae.</wd>
			<wd l="2126" t="2275" r="2181" b="2322" fs="10">In</wd>
		</ln>
		<ln lx="827" ly="2349" rx="2175" ry="2412">
			<wd l="827" t="2351" r="1143" b="2412" fs="10">A.S.George</wd>
			<wd l="1172" t="2350" r="1309" b="2411" fs="10">(ed.),</wd>
			<wd l="1345" t="2350" r="1501" b="2398" fs="10">Flora</wd>
			<wd l="1530" t="2349" r="1595" b="2412" fs="10">of</wd>
			<wd l="1605" t="2350" r="1863" b="2398" fs="10">Australia</wd>
			<wd l="1890" t="2350" r="1971" b="2398" fs="10">46:</wd>
			<wd l="2005" t="2350" r="2175" b="2398" fs="10">66-70.</wd>
		</ln>
		<ln lx="829" ly="2425" rx="2184" ry="2487">
			<wd l="829" t="2426" r="1109" b="2475" fs="10">Canberra:</wd>
			<wd l="1144" t="2425" r="1447" b="2474" fs="10">Australian</wd>
			<wd l="1481" t="2426" r="1839" b="2474" fs="10">Government</wd>
			<wd l="1871" t="2425" r="2184" b="2487" fs="10">Publishing</wd>
		</ln>
		<ln lx="831" ly="2501" rx="1042" ry="2549">
			<wd l="831" t="2501" r="1042" b="2549" fs="10">Service.</wd>
		</ln>
	</region>
	<region article-doi="10.2307/41729926" region-id="7">
		<rc l="636" t="2641" r="2187" b="2790"/>
		<ln lx="641" ly="2646" rx="2182" ry="2709">
			<wd l="641" t="2648" r="785" b="2706" fs="10">Gibb,</wd>
			<wd l="818" t="2649" r="857" b="2696" fs="10">J.</wd>
			<wd l="891" t="2648" r="1091" b="2708" fs="10">(1938).</wd>
			<wd l="1125" t="2647" r="1385" b="2709" fs="10">Tung-oil.</wd>
			<wd l="1417" t="2648" r="1465" b="2695" fs="10">A</wd>
			<wd l="1495" t="2662" r="1609" b="2695" fs="10">new</wd>
			<wd l="1639" t="2647" r="1933" b="2696" fs="10">Australian</wd>
			<wd l="1963" t="2646" r="2182" b="2709" fs="10">primary</wd>
		</ln>
		<ln lx="828" ly="2722" rx="2051" ry="2785">
			<wd l="828" t="2723" r="1045" b="2785" fs="10">product.</wd>
			<wd l="1089" t="2722" r="1373" b="2771" fs="10">Walkabout</wd>
			<wd l="1389" t="2722" r="1498" b="2784" fs="10">July</wd>
			<wd l="1524" t="2723" r="1595" b="2771" fs="10">1st</wd>
			<wd l="1619" t="2723" r="1760" b="2781" fs="10">1938,</wd>
			<wd l="1780" t="2738" r="1860" b="2784" fs="10">pp.</wd>
			<wd l="1883" t="2723" r="2051" b="2771" fs="10">38-40.</wd>
		</ln>
	</region>
	<region article-doi="10.2307/41729926" region-id="8">
		<rc l="637" t="2865" r="2188" b="3075"/>
		<ln lx="642" ly="2870" rx="2183" ry="2932">
			<wd l="642" t="2872" r="791" b="2929" fs="10">Glen,</wd>
			<wd l="808" t="2872" r="922" b="2919" fs="10">H.F.</wd>
			<wd l="941" t="2871" r="988" b="2919" fs="10"><![CDATA[&]]></wd>
			<wd l="1007" t="2871" r="1173" b="2929" fs="10">Smith,</wd>
			<wd l="1191" t="2871" r="1303" b="2919" fs="10">G.F.</wd>
			<wd l="1322" t="2871" r="1512" b="2931" fs="10">(1995).</wd>
			<wd l="1527" t="2872" r="1684" b="2919" fs="10">Notes</wd>
			<wd l="1700" t="2886" r="1765" b="2919" fs="10">on</wd>
			<wd l="1778" t="2870" r="1859" b="2919" fs="10">the</wd>
			<wd l="1873" t="2870" r="2183" b="2932" fs="10">typification</wd>
		</ln>
		<ln lx="830" ly="2945" rx="2179" ry="3008">
			<wd l="830" t="2946" r="892" b="2994" fs="10">of</wd>
			<wd l="900" t="2961" r="1035" b="2994" fs="10">some</wd>
			<wd l="1052" t="2946" r="1241" b="3008" fs="10">species</wd>
			<wd l="1257" t="2945" r="1319" b="2994" fs="10">of</wd>
			<wd l="1315" t="2946" r="1439" b="2994" fs="10">Aloe</wd>
			<wd l="1453" t="2945" r="2179" b="3007" fs="10">(Asphodelaceae/Aloaceae).</wd>
		</ln>
		<ln lx="827" ly="3021" rx="1364" ry="3070">
			<wd l="827" t="3021" r="1057" b="3069" fs="10">Bothalia</wd>
			<wd l="1077" t="3022" r="1156" b="3070" fs="10">25:</wd>
			<wd l="1180" t="3022" r="1265" b="3069" fs="10">37-</wd>
			<wd l="1286" t="3022" r="1364" b="3070" fs="10">42.</wd>
		</ln>
	</region>
	<region article-doi="10.2307/41729926" region-id="9">
		<rc l="636" t="3164" r="2188" b="3462"/>
		<ln lx="641" ly="3169" rx="2183" ry="3231">
			<wd l="641" t="3171" r="962" b="3227" fs="10">Henderson,</wd>
			<wd l="992" t="3171" r="1150" b="3218" fs="10">R.J.F.</wd>
			<wd l="1183" t="3169" r="1307" b="3230" fs="10">(ed.)</wd>
			<wd l="1338" t="3169" r="1533" b="3230" fs="10">(1994).</wd>
			<wd l="1574" t="3169" r="1908" b="3231" fs="10">Queensland</wd>
			<wd l="1940" t="3169" r="2183" b="3217" fs="10">Vascular</wd>
		</ln>
		<ln lx="828" ly="3243" rx="2178" ry="3293">
			<wd l="828" t="3244" r="1041" b="3293" fs="10">Plants:</wd>
			<wd l="1081" t="3246" r="1280" b="3293" fs="10">Names</wd>
			<wd l="1318" t="3244" r="1430" b="3292" fs="10">and</wd>
			<wd l="1460" t="3244" r="1851" b="3293" fs="10">Distribution.</wd>
			<wd l="1892" t="3243" r="2178" b="3292" fs="10">Brisbane:</wd>
		</ln>
		<ln lx="831" ly="3319" rx="2183" ry="3381">
			<wd l="831" t="3320" r="1183" b="3380" fs="10">Queensland</wd>
			<wd l="1220" t="3321" r="1572" b="3381" fs="10">Department</wd>
			<wd l="1611" t="3319" r="1677" b="3368" fs="10">of</wd>
			<wd l="1706" t="3319" r="2098" b="3368" fs="10">Environment</wd>
			<wd l="2136" t="3320" r="2183" b="3367" fs="10"><![CDATA[&]]></wd>
		</ln>
		<ln lx="830" ly="3395" rx="1075" ry="3457">
			<wd l="830" t="3395" r="1075" b="3457" fs="10">Heritage.</wd>
		</ln>
	</region>
	<region article-doi="10.2307/41729926" region-id="10">
		<rc l="635" t="3535" r="2194" b="3683"/>
		<ln lx="640" ly="3540" rx="2189" ry="3603">
			<wd l="640" t="3571" r="749" b="3574" fs="10">
			</wd>
			<wd l="782" t="3541" r="915" b="3602" fs="10">(ed.)</wd>
			<wd l="951" t="3541" r="1161" b="3602" fs="10">(1997).</wd>
			<wd l="1208" t="3540" r="1564" b="3603" fs="10">Queensland</wd>
			<wd l="1592" t="3540" r="1806" b="3589" fs="10">Plants:</wd>
			<wd l="1842" t="3542" r="2042" b="3589" fs="10">Names</wd>
			<wd l="2077" t="3540" r="2189" b="3588" fs="10">and</wd>
		</ln>
		<ln lx="829" ly="3616" rx="2181" ry="3678">
			<wd l="829" t="3616" r="1159" b="3665" fs="10">Distribution.</wd>
			<wd l="1175" t="3616" r="1422" b="3665" fs="10">Brisbane:</wd>
			<wd l="1438" t="3618" r="1748" b="3678" fs="10">Department</wd>
			<wd l="1761" t="3616" r="1822" b="3664" fs="10">of</wd>
			<wd l="1826" t="3616" r="2181" b="3664" fs="10">Environment.</wd>
		</ln>
	</region>
	<region article-doi="10.2307/41729926" region-id="11">
		<rc l="638" t="3758" r="2199" b="4044"/>
		<ln lx="643" ly="3763" rx="2184" ry="3824">
			<wd l="643" t="3765" r="811" b="3821" fs="10">James,</wd>
			<wd l="842" t="3764" r="960" b="3811" fs="10">T.A.</wd>
			<wd l="992" t="3764" r="1040" b="3812" fs="10"><![CDATA[&]]></wd>
			<wd l="1069" t="3765" r="1293" b="3821" fs="10">Harden,</wd>
			<wd l="1324" t="3764" r="1427" b="3811" fs="10">G.J.</wd>
			<wd l="1459" t="3763" r="1651" b="3824" fs="10">(1990).</wd>
			<wd l="1682" t="3763" r="2099" b="3824" fs="10">Euphorbiaceae.</wd>
			<wd l="2130" t="3764" r="2184" b="3810" fs="10">In</wd>
		</ln>
		<ln lx="832" ly="3838" rx="2179" ry="3900">
			<wd l="832" t="3838" r="1132" b="3887" fs="10">G.J.Harden</wd>
			<wd l="1156" t="3838" r="1290" b="3900" fs="10">(ed.),</wd>
			<wd l="1317" t="3838" r="1470" b="3886" fs="10">Flora</wd>
			<wd l="1494" t="3838" r="1558" b="3900" fs="10">of</wd>
			<wd l="1564" t="3840" r="1684" b="3887" fs="10">New</wd>
			<wd l="1706" t="3838" r="1858" b="3887" fs="10">South</wd>
			<wd l="1889" t="3838" r="2044" b="3886" fs="10">Wales</wd>
			<wd l="2067" t="3838" r="2179" b="3887" fs="10">Vol.</wd>
		</ln>
		<ln lx="838" ly="3913" rx="2194" ry="3976">
			<wd l="838" t="3915" r="878" b="3963" fs="10">1:</wd>
			<wd l="910" t="3915" r="1158" b="3963" fs="10">389-430.</wd>
			<wd l="1188" t="3914" r="1500" b="3976" fs="10">Kensington</wd>
			<wd l="1528" t="3914" r="1788" b="3976" fs="10">(Sydney):</wd>
			<wd l="1819" t="3913" r="2103" b="3976" fs="10">University</wd>
			<wd l="2133" t="3913" r="2194" b="3962" fs="10">of</wd>
		</ln>
		<ln lx="829" ly="3990" rx="1488" ry="4039">
			<wd l="829" t="3992" r="956" b="4039" fs="10">New</wd>
			<wd l="978" t="3990" r="1131" b="4039" fs="10">South</wd>
			<wd l="1151" t="3990" r="1314" b="4039" fs="10">Wales</wd>
			<wd l="1334" t="3991" r="1488" b="4039" fs="10">Press.</wd>
		</ln>
	</region>
	<region article-doi="10.2307/41729926" region-id="12">
		<rc l="639" t="4132" r="2207" b="4429"/>
		<ln lx="644" ly="4137" rx="2187" ry="4199">
			<wd l="644" t="4139" r="876" b="4196" fs="10">Johnson,</wd>
			<wd l="893" t="4139" r="1029" b="4186" fs="10">R.W.</wd>
			<wd l="1050" t="4137" r="1239" b="4199" fs="10">(1995).</wd>
			<wd l="1259" t="4137" r="1360" b="4186" fs="10">The</wd>
			<wd l="1378" t="4137" r="1530" b="4186" fs="10">aliens</wd>
			<wd l="1547" t="4137" r="1672" b="4186" fs="10">have</wd>
			<wd l="1690" t="4137" r="1881" b="4186" fs="10">landed:</wd>
			<wd l="1902" t="4153" r="1963" b="4186" fs="10">an</wd>
			<wd l="1980" t="4144" r="2187" b="4186" fs="10">account</wd>
		</ln>
		<ln lx="833" ly="4212" rx="2193" ry="4274">
			<wd l="833" t="4213" r="896" b="4261" fs="10">of</wd>
			<wd l="917" t="4213" r="1001" b="4261" fs="10">the</wd>
			<wd l="1033" t="4213" r="1394" b="4274" fs="10">development</wd>
			<wd l="1425" t="4212" r="1488" b="4261" fs="10">of</wd>
			<wd l="1509" t="4212" r="1593" b="4261" fs="10">the</wd>
			<wd l="1624" t="4212" r="1936" b="4261" fs="10">naturalised</wd>
			<wd l="1967" t="4212" r="2100" b="4261" fs="10">flora</wd>
			<wd l="2130" t="4212" r="2193" b="4260" fs="10">of</wd>
		</ln>
		<ln lx="833" ly="4287" rx="2202" ry="4349">
			<wd l="833" t="4288" r="1153" b="4348" fs="10">Queensland.</wd>
			<wd l="1187" t="4287" r="1523" b="4349" fs="10">Proceedings</wd>
			<wd l="1551" t="4287" r="1615" b="4349" fs="10">of</wd>
			<wd l="1629" t="4287" r="1708" b="4336" fs="10">the</wd>
			<wd l="1733" t="4288" r="1892" b="4349" fs="10">Royal</wd>
			<wd l="1916" t="4288" r="2111" b="4349" fs="10">Society</wd>
			<wd l="2137" t="4287" r="2202" b="4349" fs="10">of</wd>
		</ln>
		<ln lx="835" ly="4363" rx="1448" ry="4424">
			<wd l="835" t="4363" r="1155" b="4424" fs="10">Queensland</wd>
			<wd l="1174" t="4364" r="1281" b="4412" fs="10">105:</wd>
			<wd l="1305" t="4364" r="1448" b="4411" fs="10">5-17.</wd>
		</ln>
	</region>
	<region article-doi="10.2307/41729926" region-id="13">
		<rc l="639" t="4502" r="2188" b="4784"/>
		<ln lx="644" ly="4507" rx="2183" ry="4568">
			<wd l="644" t="4509" r="914" b="4565" fs="10">Kimnach,</wd>
			<wd l="949" t="4509" r="1024" b="4555" fs="10">M.</wd>
			<wd l="1061" t="4508" r="1109" b="4555" fs="10"><![CDATA[&]]></wd>
			<wd l="1143" t="4509" r="1363" b="4565" fs="10">Moran,</wd>
			<wd l="1397" t="4509" r="1456" b="4555" fs="10">R.</wd>
			<wd l="1492" t="4507" r="1696" b="4568" fs="10">(1986).</wd>
			<wd l="1741" t="4507" r="2183" b="4568" fs="10">Graptopetalum</wd>
		</ln>
		<ln lx="825" ly="4582" rx="2183" ry="4643">
			<wd l="825" t="4599" r="1219" b="4643" fs="10">paraguayense</wd>
			<wd l="1226" t="4597" r="1234" b="4630" fs="10">:</wd>
			<wd l="1268" t="4597" r="1296" b="4630" fs="10">a</wd>
			<wd l="1323" t="4582" r="1515" b="4643" fs="10">history</wd>
			<wd l="1546" t="4582" r="1643" b="4630" fs="10">and</wd>
			<wd l="1673" t="4597" r="1702" b="4630" fs="10">a</wd>
			<wd l="1729" t="4597" r="1843" b="4630" fs="10">new</wd>
			<wd l="1874" t="4582" r="2183" b="4643" fs="10">subspecies.</wd>
		</ln>
		<ln lx="835" ly="4656" rx="2182" ry="4717">
			<wd l="835" t="4657" r="1038" b="4704" fs="10">Cactus</wd>
			<wd l="1075" t="4657" r="1121" b="4705" fs="10"><![CDATA[&]]></wd>
			<wd l="1157" t="4656" r="1453" b="4704" fs="10">Succulent</wd>
			<wd l="1484" t="4657" r="1723" b="4704" fs="10">Journal</wd>
			<wd l="1756" t="4657" r="1775" b="4717" fs="10">(</wd>
			<wd l="1783" t="4658" r="1885" b="4704" fs="10">Los</wd>
			<wd l="1918" t="4657" r="2182" b="4717" fs="10">Angeles)</wd>
		</ln>
		<ln lx="835" ly="4732" rx="1112" ry="4779">
			<wd l="835" t="4732" r="913" b="4779" fs="10">58:</wd>
			<wd l="934" t="4732" r="1112" b="4779" fs="10">48-56.</wd>
		</ln>
	</region>
	<region article-doi="10.2307/41729926" region-id="14">
		<rc l="639" t="4872" r="2193" b="5155"/>
		<ln lx="644" ly="4877" rx="2187" ry="4938">
			<wd l="644" t="4879" r="840" b="4935" fs="10">Kloot,</wd>
			<wd l="874" t="4879" r="1006" b="4925" fs="10">P.M.</wd>
			<wd l="1042" t="4878" r="1246" b="4938" fs="10">(1987).</wd>
			<wd l="1281" t="4877" r="1387" b="4925" fs="10">The</wd>
			<wd l="1419" t="4877" r="1736" b="4926" fs="10">naturalised</wd>
			<wd l="1769" t="4877" r="1904" b="4926" fs="10">flora</wd>
			<wd l="1935" t="4877" r="1999" b="4926" fs="10">of</wd>
			<wd l="2025" t="4877" r="2187" b="4926" fs="10">South</wd>
		</ln>
		<ln lx="832" ly="4952" rx="2186" ry="5014">
			<wd l="832" t="4952" r="1089" b="5000" fs="10">Australia.</wd>
			<wd l="1107" t="4954" r="1140" b="5000" fs="10">I.</wd>
			<wd l="1158" t="4952" r="1259" b="5000" fs="10">The</wd>
			<wd l="1275" t="4952" r="1670" b="5001" fs="10">documentation</wd>
			<wd l="1685" t="4952" r="1747" b="5001" fs="10">of</wd>
			<wd l="1754" t="4952" r="1813" b="5001" fs="10">its</wd>
			<wd l="1830" t="4952" r="2186" b="5014" fs="10">development.</wd>
		</ln>
		<ln lx="830" ly="5027" rx="2188" ry="5088">
			<wd l="830" t="5027" r="1067" b="5075" fs="10">Journal</wd>
			<wd l="1111" t="5027" r="1179" b="5088" fs="10">of</wd>
			<wd l="1211" t="5027" r="1299" b="5075" fs="10">the</wd>
			<wd l="1340" t="5027" r="1610" b="5075" fs="10">Adelaide</wd>
			<wd l="1653" t="5029" r="1888" b="5075" fs="10">Botanic</wd>
			<wd l="1935" t="5027" r="2188" b="5076" fs="10">Gardens</wd>
		</ln>
		<ln lx="840" ly="5103" rx="1113" ry="5150">
			<wd l="840" t="5103" r="913" b="5150" fs="10">10:</wd>
			<wd l="937" t="5103" r="1113" b="5150" fs="10">81-90.</wd>
		</ln>
	</region>
	<region article-doi="10.2307/41729926" region-id="15">
		<rc l="640" t="5242" r="2192" b="5450"/>
		<ln lx="645" ly="5247" rx="2187" ry="5309">
			<wd l="645" t="5249" r="944" b="5305" fs="10">Lancaster,</wd>
			<wd l="969" t="5249" r="1025" b="5295" fs="10">R.</wd>
			<wd l="1053" t="5248" r="1240" b="5308" fs="10">(1989).</wd>
			<wd l="1276" t="5247" r="1472" b="5295" fs="10">Travels</wd>
			<wd l="1498" t="5251" r="1546" b="5295" fs="10">in</wd>
			<wd l="1573" t="5247" r="1734" b="5296" fs="10">China</wd>
			<wd l="1759" t="5277" r="1777" b="5282" fs="10">-</wd>
			<wd l="1803" t="5264" r="1835" b="5295" fs="10">a</wd>
			<wd l="1852" t="5248" r="2187" b="5309" fs="10">plantsman's</wd>
		</ln>
		<ln lx="826" ly="5322" rx="2183" ry="5384">
			<wd l="826" t="5322" r="1075" b="5383" fs="10">paradise.</wd>
			<wd l="1110" t="5322" r="1441" b="5384" fs="10">Woodbridge</wd>
			<wd l="1457" t="5322" r="1644" b="5383" fs="10">(U.K.):</wd>
			<wd l="1661" t="5322" r="1877" b="5384" fs="10">Antique</wd>
			<wd l="1893" t="5322" r="2183" b="5371" fs="10">Collectors'</wd>
		</ln>
		<ln lx="835" ly="5397" rx="975" ry="5445">
			<wd l="835" t="5397" r="975" b="5445" fs="10">Club.</wd>
		</ln>
	</region>
	<region article-doi="10.2307/41729926" region-id="16">
		<rc l="2313" t="853" r="3863" b="1074"/>
		<ln lx="2318" ly="858" rx="3858" ry="921">
			<wd l="2318" t="859" r="2825" b="917" fs="10">Lauzac-Marchal,</wd>
			<wd l="2856" t="860" r="2928" b="908" fs="10">M.</wd>
			<wd l="2962" t="859" r="3158" b="920" fs="10">(1974).</wd>
			<wd l="3190" t="858" r="3584" b="908" fs="10">Rehabilitation</wd>
			<wd l="3614" t="859" r="3680" b="908" fs="10">du</wd>
			<wd l="3709" t="875" r="3858" b="921" fs="10">genre</wd>
		</ln>
		<ln lx="2506" ly="934" rx="3856" ry="997">
			<wd l="2506" t="934" r="2846" b="997" fs="10">Bryophyllum</wd>
			<wd l="2863" t="934" r="3035" b="984" fs="10">Salisb.</wd>
			<wd l="3053" t="935" r="3416" b="997" fs="10">(Crassulacées</wd>
			<wd l="3430" t="935" r="3856" b="997" fs="10">Kalanchoidées).</wd>
		</ln>
		<ln lx="2511" ly="1011" rx="3700" ry="1069">
			<wd l="2511" t="1011" r="2619" b="1059" fs="10">C.R.</wd>
			<wd l="2641" t="1011" r="2790" b="1058" fs="10">Acad.</wd>
			<wd l="2815" t="1011" r="2887" b="1059" fs="10">Sc.</wd>
			<wd l="2911" t="1012" r="3058" b="1059" fs="10">Paris</wd>
			<wd l="3075" t="1012" r="3188" b="1069" fs="10">278,</wd>
			<wd l="3211" t="1012" r="3365" b="1059" fs="10">ser.D:</wd>
			<wd l="3387" t="1012" r="3700" b="1059" fs="10">2505-2508.</wd>
		</ln>
	</region>
	<region article-doi="10.2307/41729926" region-id="17">
		<rc l="2314" t="1153" r="3863" b="1299"/>
		<ln lx="2319" ly="1158" rx="3858" ry="1218">
			<wd l="2319" t="1159" r="2539" b="1215" fs="10">McKay,</wd>
			<wd l="2561" t="1159" r="2682" b="1206" fs="10">H.C.</wd>
			<wd l="2707" t="1158" r="2896" b="1218" fs="10">(1940).</wd>
			<wd l="2919" t="1158" r="3099" b="1207" fs="10">Pirates</wd>
			<wd l="3121" t="1158" r="3215" b="1207" fs="10">and</wd>
			<wd l="3235" t="1158" r="3315" b="1207" fs="10">the</wd>
			<wd l="3337" t="1158" r="3538" b="1207" fs="10">dinkum</wd>
			<wd l="3559" t="1158" r="3640" b="1207" fs="10">oil.</wd>
			<wd l="3659" t="1159" r="3858" b="1207" fs="10">Smith's</wd>
		</ln>
		<ln lx="2516" ly="1232" rx="2960" ry="1294">
			<wd l="2516" t="1233" r="2702" b="1294" fs="10">Weekly</wd>
			<wd l="2721" t="1232" r="2860" b="1294" fs="10">April</wd>
			<wd l="2882" t="1233" r="2960" b="1281" fs="10">27.</wd>
		</ln>
	</region>
	<region article-doi="10.2307/41729926" region-id="18">
		<rc l="2314" t="1375" r="3862" b="1509"/>
		<ln lx="2319" ly="1380" rx="3857" ry="1442">
			<wd l="2319" t="1381" r="2533" b="1438" fs="10">Raadts,</wd>
			<wd l="2557" t="1381" r="2610" b="1428" fs="10">E.</wd>
			<wd l="2637" t="1380" r="2826" b="1441" fs="10">(1977).</wd>
			<wd l="2852" t="1380" r="2953" b="1429" fs="10">The</wd>
			<wd l="2977" t="1396" r="3130" b="1442" fs="10">genus</wd>
			<wd l="3155" t="1380" r="3445" b="1428" fs="10">Kalanchoe</wd>
			<wd l="3469" t="1380" r="3857" b="1441" fs="10">(Crassulaceae)</wd>
		</ln>
		<ln lx="2511" ly="1455" rx="3589" ry="1504">
			<wd l="2511" t="1455" r="2560" b="1503" fs="10">in</wd>
			<wd l="2579" t="1457" r="2694" b="1504" fs="10">East</wd>
			<wd l="2711" t="1455" r="2895" b="1504" fs="10">Africa.</wd>
			<wd l="2924" t="1455" r="3254" b="1504" fs="10">Willdenowia</wd>
			<wd l="3276" t="1456" r="3319" b="1504" fs="10">8:</wd>
			<wd l="3350" t="1456" r="3589" b="1504" fs="10">101-157.</wd>
		</ln>
	</region>
	<region article-doi="10.2307/41729926" region-id="19">
		<rc l="2315" t="1596" r="3866" b="1806"/>
		<ln lx="2320" ly="1601" rx="3861" ry="1663">
			<wd l="2320" t="1602" r="2791" b="1660" fs="10">Radcliffe-Smith,</wd>
			<wd l="2821" t="1603" r="2882" b="1650" fs="10">A.</wd>
			<wd l="2915" t="1602" r="3109" b="1662" fs="10">(1987).</wd>
			<wd l="3141" t="1601" r="3563" b="1663" fs="10">Euphorbiaceae,</wd>
			<wd l="3593" t="1603" r="3702" b="1650" fs="10">Part</wd>
			<wd l="3737" t="1603" r="3776" b="1650" fs="10">1.</wd>
			<wd l="3807" t="1603" r="3861" b="1649" fs="10">In</wd>
		</ln>
		<ln lx="2510" ly="1676" rx="3855" ry="1738">
			<wd l="2510" t="1676" r="2821" b="1725" fs="10">R.M.Polhill</wd>
			<wd l="2850" t="1676" r="2984" b="1738" fs="10">(ed.),</wd>
			<wd l="3017" t="1677" r="3171" b="1725" fs="10">Flora</wd>
			<wd l="3199" t="1676" r="3264" b="1738" fs="10">of</wd>
			<wd l="3281" t="1676" r="3509" b="1738" fs="10">Tropical</wd>
			<wd l="3532" t="1678" r="3654" b="1724" fs="10">East</wd>
			<wd l="3675" t="1676" r="3855" b="1738" fs="10">Africa.</wd>
		</ln>
		<ln lx="2510" ly="1752" rx="3423" ry="1801">
			<wd l="2510" t="1752" r="3016" b="1801" fs="10">Rotterdam/Boston:</wd>
			<wd l="3044" t="1752" r="3423" b="1801" fs="10">A.A.Balkema.</wd>
		</ln>
	</region>
	<region article-doi="10.2307/41729926" region-id="20">
		<rc l="2315" t="1894" r="3882" b="2105"/>
		<ln lx="2320" ly="1899" rx="3877" ry="1961">
			<wd l="2320" t="1901" r="2483" b="1958" fs="10">Rauh,</wd>
			<wd l="2515" t="1901" r="2588" b="1948" fs="10">W.</wd>
			<wd l="2621" t="1900" r="2813" b="1961" fs="10">(1995).</wd>
			<wd l="2851" t="1900" r="3122" b="1948" fs="10">Succulent</wd>
			<wd l="3149" t="1900" r="3255" b="1948" fs="10">and</wd>
			<wd l="3273" t="1899" r="3580" b="1961" fs="10">Xerophytic</wd>
			<wd l="3606" t="1899" r="3783" b="1947" fs="10">Plants</wd>
			<wd l="3812" t="1899" r="3877" b="1961" fs="10">of</wd>
		</ln>
		<ln lx="2509" ly="1975" rx="3862" ry="2038">
			<wd l="2509" t="1976" r="2860" b="2038" fs="10">Madagascar.</wd>
			<wd l="2890" t="1975" r="3103" b="2025" fs="10">Volume</wd>
			<wd l="3138" t="1976" r="3176" b="2024" fs="10">1.</wd>
			<wd l="3205" t="1975" r="3319" b="2023" fs="10">Mill</wd>
			<wd l="3346" t="1975" r="3538" b="2037" fs="10">Valley:</wd>
			<wd l="3570" t="1975" r="3862" b="2037" fs="10">Strawberry</wd>
		</ln>
		<ln lx="2510" ly="2053" rx="2664" ry="2100">
			<wd l="2510" t="2053" r="2664" b="2100" fs="10">Press.</wd>
		</ln>
	</region>
	<region article-doi="10.2307/41729926" region-id="21">
		<rc l="2316" t="2192" r="3868" b="2478"/>
		<ln lx="2321" ly="2197" rx="3860" ry="2259">
			<wd l="2321" t="2200" r="2554" b="2256" fs="10">Rogers,</wd>
			<wd l="2591" t="2200" r="2706" b="2247" fs="10">D.J.</wd>
			<wd l="2745" t="2199" r="2793" b="2247" fs="10"><![CDATA[&]]></wd>
			<wd l="2828" t="2199" r="3027" b="2256" fs="10">Appan,</wd>
			<wd l="3065" t="2199" r="3186" b="2247" fs="10">S.G.</wd>
			<wd l="3224" t="2198" r="3433" b="2259" fs="10">(1973).</wd>
			<wd l="3476" t="2198" r="3727" b="2245" fs="10">Manihot</wd>
			<wd l="3759" t="2197" r="3860" b="2246" fs="10">and</wd>
		</ln>
		<ln lx="2510" ly="2272" rx="3863" ry="2336">
			<wd l="2510" t="2273" r="2877" b="2322" fs="10">Manihotoides</wd>
			<wd l="2891" t="2273" r="3329" b="2336" fs="10">(Euphorbiaceae)</wd>
			<wd l="3345" t="2288" r="3373" b="2322" fs="10">a</wd>
			<wd l="3387" t="2272" r="3863" b="2335" fs="10">computer-assisted</wd>
		</ln>
		<ln lx="2514" ly="2348" rx="3856" ry="2411">
			<wd l="2514" t="2349" r="2675" b="2411" fs="10">study.</wd>
			<wd l="2736" t="2349" r="2906" b="2397" fs="10">Flora</wd>
			<wd l="2949" t="2351" r="3289" b="2411" fs="10">Neotropica</wd>
			<wd l="3333" t="2348" r="3712" b="2410" fs="10">Monographs</wd>
			<wd l="3753" t="2350" r="3856" b="2397" fs="10">No.</wd>
		</ln>
		<ln lx="2519" ly="2426" rx="2775" ry="2473">
			<wd l="2519" t="2426" r="2775" b="2473" fs="10">13:1-272.</wd>
		</ln>
	</region>
	<region article-doi="10.2307/41729926" region-id="22">
		<rc l="2320" t="2565" r="3868" b="2700"/>
		<ln lx="2325" ly="2570" rx="3863" ry="2632">
			<wd l="2325" t="2572" r="2492" b="2629" fs="10">Smith,</wd>
			<wd l="2519" t="2571" r="2632" b="2619" fs="10">G.F.</wd>
			<wd l="2660" t="2571" r="2850" b="2632" fs="10">(1993).</wd>
			<wd l="2878" t="2570" r="3097" b="2619" fs="10">Familial</wd>
			<wd l="3123" t="2570" r="3464" b="2632" fs="10">orthography:</wd>
			<wd l="3491" t="2570" r="3767" b="2618" fs="10">Aloeaceae</wd>
			<wd l="3792" t="2585" r="3863" b="2618" fs="10">vs.</wd>
		</ln>
		<ln lx="2512" ly="2646" rx="3280" ry="2695">
			<wd l="2512" t="2646" r="2774" b="2695" fs="10">Aloaceae.</wd>
			<wd l="2816" t="2647" r="2978" b="2694" fs="10">Taxon</wd>
			<wd l="2997" t="2647" r="3077" b="2694" fs="10">42:</wd>
			<wd l="3103" t="2646" r="3280" b="2694" fs="10">87-90.</wd>
		</ln>
	</region>
	<region article-doi="10.2307/41729926" region-id="23">
		<rc l="2321" t="2787" r="3876" b="3087"/>
		<ln lx="2326" ly="2792" rx="3864" ry="2856">
			<wd l="2326" t="2794" r="2560" b="2852" fs="10">Stanley,</wd>
			<wd l="2588" t="2795" r="2704" b="2842" fs="10">T.D.</wd>
			<wd l="2734" t="2794" r="2924" b="2855" fs="10">(1983).</wd>
			<wd l="2951" t="2793" r="3363" b="2856" fs="10">Euphorbiaceae.</wd>
			<wd l="3391" t="2794" r="3445" b="2841" fs="10">In</wd>
			<wd l="3471" t="2792" r="3791" b="2854" fs="10">T.D.Stanley</wd>
			<wd l="3816" t="2793" r="3864" b="2841" fs="10"><![CDATA[&]]></wd>
		</ln>
		<ln lx="2512" ly="2868" rx="3871" ry="2931">
			<wd l="2512" t="2871" r="2772" b="2918" fs="10">E.M.Ross</wd>
			<wd l="2788" t="2869" r="2894" b="2931" fs="10">(eds</wd>
			<wd l="2900" t="2870" r="2947" b="2931" fs="10">.),</wd>
			<wd l="2954" t="2869" r="3105" b="2918" fs="10">Flora</wd>
			<wd l="3118" t="2869" r="3182" b="2931" fs="10">of</wd>
			<wd l="3179" t="2869" r="3542" b="2918" fs="10">South-eastern</wd>
			<wd l="3557" t="2868" r="3871" b="2931" fs="10">Queensland</wd>
		</ln>
		<ln lx="2513" ly="2944" rx="3868" ry="3005">
			<wd l="2513" t="2945" r="2625" b="2993" fs="10">Vol.</wd>
			<wd l="2649" t="2946" r="2666" b="2992" fs="10">1</wd>
			<wd l="2681" t="2960" r="2689" b="2993" fs="10">:</wd>
			<wd l="2707" t="2945" r="2942" b="2993" fs="10">406-439.</wd>
			<wd l="2959" t="2945" r="3210" b="2993" fs="10">Brisbane:</wd>
			<wd l="3229" t="2944" r="3542" b="3004" fs="10">Queensland</wd>
			<wd l="3556" t="2946" r="3868" b="3005" fs="10">Department</wd>
		</ln>
		<ln lx="2515" ly="3020" rx="3098" ry="3082">
			<wd l="2515" t="3020" r="2576" b="3069" fs="10">of</wd>
			<wd l="2588" t="3020" r="2800" b="3082" fs="10">Primary</wd>
			<wd l="2821" t="3020" r="3098" b="3069" fs="10">Industries.</wd>
		</ln>
	</region>
	<region article-doi="10.2307/41729926" region-id="24">
		<rc l="2322" t="3162" r="3862" b="3309"/>
		<ln lx="2327" ly="3167" rx="3857" ry="3229">
			<wd l="2327" t="3169" r="2652" b="3226" fs="10">Stephenson,</wd>
			<wd l="2683" t="3170" r="2740" b="3217" fs="10">R.</wd>
			<wd l="2773" t="3169" r="2966" b="3229" fs="10">(1994).</wd>
			<wd l="3001" t="3168" r="3185" b="3217" fs="10">Sedum</wd>
			<wd l="3211" t="3197" r="3229" b="3203" fs="10">-</wd>
			<wd l="3259" t="3167" r="3531" b="3216" fs="10">cultivated</wd>
			<wd l="3553" t="3176" r="3857" b="3229" fs="10">stonecrops.</wd>
		</ln>
		<ln lx="2514" ly="3243" rx="3396" ry="3304">
			<wd l="2514" t="3243" r="2741" b="3292" fs="10">Portland</wd>
			<wd l="2762" t="3243" r="3003" b="3304" fs="10">(U.S.A.):</wd>
			<wd l="3028" t="3243" r="3223" b="3291" fs="10">Timber</wd>
			<wd l="3242" t="3244" r="3396" b="3291" fs="10">Press.</wd>
		</ln>
	</region>
	<region article-doi="10.2307/41729926" region-id="25">
		<rc l="2320" t="3383" r="3871" b="3607"/>
		<ln lx="2325" ly="3388" rx="3866" ry="3450">
			<wd l="2325" t="3391" r="2564" b="3447" fs="10">Toelken,</wd>
			<wd l="2580" t="3391" r="2701" b="3437" fs="10">H.R.</wd>
			<wd l="2720" t="3389" r="2909" b="3450" fs="10">(1985).</wd>
			<wd l="2927" t="3389" r="3286" b="3437" fs="10">Crassulaceae.</wd>
			<wd l="3304" t="3390" r="3358" b="3436" fs="10">In</wd>
			<wd l="3373" t="3388" r="3718" b="3437" fs="10">O.A.Leistner</wd>
			<wd l="3732" t="3388" r="3866" b="3449" fs="10">(ed.),</wd>
		</ln>
		<ln lx="2513" ly="3463" rx="3862" ry="3526">
			<wd l="2513" t="3464" r="2666" b="3512" fs="10">Flora</wd>
			<wd l="2685" t="3464" r="2749" b="3526" fs="10">of</wd>
			<wd l="2754" t="3464" r="2995" b="3513" fs="10">Southern</wd>
			<wd l="3011" t="3464" r="3181" b="3526" fs="10">Africa</wd>
			<wd l="3198" t="3464" r="3310" b="3512" fs="10">Vol.</wd>
			<wd l="3339" t="3464" r="3413" b="3512" fs="10">14:</wd>
			<wd l="3443" t="3464" r="3616" b="3512" fs="10">1-244.</wd>
			<wd l="3638" t="3463" r="3862" b="3512" fs="10">Pretoria:</wd>
		</ln>
		<ln lx="2514" ly="3539" rx="3749" ry="3602">
			<wd l="2514" t="3541" r="2830" b="3602" fs="10">Department</wd>
			<wd l="2850" t="3539" r="2912" b="3588" fs="10">of</wd>
			<wd l="2922" t="3539" r="3231" b="3601" fs="10">Agriculture</wd>
			<wd l="3252" t="3539" r="3347" b="3588" fs="10">and</wd>
			<wd l="3368" t="3540" r="3529" b="3588" fs="10">Water</wd>
			<wd l="3550" t="3539" r="3749" b="3601" fs="10">Supply.</wd>
		</ln>
	</region>
	<region article-doi="10.2307/41729926" region-id="26">
		<rc l="2320" t="3681" r="3871" b="3829"/>
		<ln lx="2325" ly="3686" rx="3866" ry="3748">
			<wd l="2325" t="3689" r="2439" b="3735" fs="10">Van</wd>
			<wd l="2460" t="3688" r="2601" b="3745" fs="10">Wyk,</wd>
			<wd l="2620" t="3688" r="2756" b="3736" fs="10">B.-E.</wd>
			<wd l="2778" t="3687" r="2825" b="3736" fs="10"><![CDATA[&]]></wd>
			<wd l="2847" t="3687" r="3013" b="3745" fs="10">Smith,</wd>
			<wd l="3034" t="3687" r="3147" b="3735" fs="10">G.F.</wd>
			<wd l="3169" t="3687" r="3359" b="3748" fs="10">(1996).</wd>
			<wd l="3379" t="3686" r="3539" b="3735" fs="10">Guide</wd>
			<wd l="3557" t="3695" r="3605" b="3734" fs="10">to</wd>
			<wd l="3624" t="3686" r="3703" b="3734" fs="10">the</wd>
			<wd l="3716" t="3686" r="3866" b="3734" fs="10">Aloes</wd>
		</ln>
		<ln lx="2516" ly="3761" rx="3717" ry="3824">
			<wd l="2516" t="3762" r="2580" b="3824" fs="10">of</wd>
			<wd l="2585" t="3762" r="2737" b="3811" fs="10">South</wd>
			<wd l="2755" t="3762" r="2933" b="3824" fs="10">Africa.</wd>
			<wd l="2960" t="3762" r="3185" b="3811" fs="10">Pretoria:</wd>
			<wd l="3210" t="3762" r="3355" b="3810" fs="10">Briza</wd>
			<wd l="3374" t="3761" r="3717" b="3810" fs="10">Publications.</wd>
		</ln>
	</region>
	<region article-doi="10.2307/41729926" region-id="27">
		<rc l="2322" t="3903" r="3870" b="4115"/>
		<ln lx="2327" ly="3908" rx="3865" ry="3971">
			<wd l="2327" t="3911" r="2571" b="3968" fs="10">Wickens,</wd>
			<wd l="2593" t="3910" r="2706" b="3958" fs="10">G.F.</wd>
			<wd l="2728" t="3910" r="2918" b="3971" fs="10">(1987).</wd>
			<wd l="2941" t="3909" r="3302" b="3959" fs="10">Crassulaceae.</wd>
			<wd l="3324" t="3910" r="3378" b="3957" fs="10">In</wd>
			<wd l="3396" t="3908" r="3710" b="3958" fs="10">R.M.Polhill</wd>
			<wd l="3730" t="3908" r="3865" b="3970" fs="10">(ed.),</wd>
		</ln>
		<ln lx="2514" ly="3985" rx="3863" ry="4048">
			<wd l="2514" t="3985" r="2667" b="4034" fs="10">Flora</wd>
			<wd l="2691" t="3985" r="2755" b="4047" fs="10">of</wd>
			<wd l="2767" t="3985" r="2995" b="4048" fs="10">Tropical</wd>
			<wd l="3014" t="3987" r="3136" b="4034" fs="10">East</wd>
			<wd l="3153" t="3985" r="3334" b="4047" fs="10">Africa.</wd>
			<wd l="3360" t="3985" r="3863" b="4034" fs="10">Rotterdam/Boston:</wd>
		</ln>
		<ln lx="2515" ly="4061" rx="2899" ry="4110">
			<wd l="2515" t="4061" r="2899" b="4110" fs="10">A.A.Balkema.</wd>
		</ln>
	</region>
	<region article-doi="10.2307/41729926" region-id="28">
		<rc l="2323" t="4202" r="3875" b="4486"/>
		<ln lx="2328" ly="4207" rx="3867" ry="4269">
			<wd l="2328" t="4210" r="2541" b="4265" fs="10">Wilson,</wd>
			<wd l="2563" t="4210" r="2681" b="4256" fs="10">K.L.</wd>
			<wd l="2706" t="4208" r="2897" b="4268" fs="10">(1990).</wd>
			<wd l="2921" t="4208" r="3307" b="4269" fs="10">Polygonaceae.</wd>
			<wd l="3331" t="4209" r="3386" b="4255" fs="10">In</wd>
			<wd l="3408" t="4207" r="3710" b="4256" fs="10">G.J.Harden</wd>
			<wd l="3732" t="4207" r="3867" b="4268" fs="10">(ed.),</wd>
		</ln>
		<ln lx="2514" ly="4282" rx="3864" ry="4344">
			<wd l="2514" t="4283" r="2680" b="4331" fs="10">Flora</wd>
			<wd l="2713" t="4282" r="2781" b="4344" fs="10">of</wd>
			<wd l="2796" t="4284" r="2922" b="4331" fs="10">New</wd>
			<wd l="2954" t="4283" r="3118" b="4331" fs="10">South</wd>
			<wd l="3158" t="4283" r="3325" b="4331" fs="10">Wales</wd>
			<wd l="3355" t="4282" r="3475" b="4331" fs="10">Vol.</wd>
			<wd l="3518" t="4283" r="3561" b="4331" fs="10">1:</wd>
			<wd l="3598" t="4283" r="3864" b="4330" fs="10">278-293.</wd>
		</ln>
		<ln lx="2516" ly="4357" rx="3870" ry="4420">
			<wd l="2516" t="4358" r="2832" b="4420" fs="10">Kensington</wd>
			<wd l="2862" t="4358" r="3126" b="4420" fs="10">(Sydney):</wd>
			<wd l="3158" t="4358" r="3446" b="4419" fs="10">University</wd>
			<wd l="3476" t="4358" r="3538" b="4407" fs="10">of</wd>
			<wd l="3556" t="4360" r="3685" b="4407" fs="10">New</wd>
			<wd l="3716" t="4357" r="3870" b="4407" fs="10">South</wd>
		</ln>
		<ln lx="2518" ly="4433" rx="2857" ry="4481">
			<wd l="2518" t="4433" r="2681" b="4480" fs="10">Wales</wd>
			<wd l="2703" t="4435" r="2857" b="4481" fs="10">Press.</wd>
		</ln>
	</region>
</ocr-page>
