<?xml version="1.0" encoding="UTF-8"?>
<ocr-page type="coords" ocr-vers="1.0" creation-date="20130321" res="600" height="6300" width="4500">
	<region article-doi="10.2307/41729923" region-id="0">
		<rc l="635" t="734" r="3802" b="806"/>
		<ln lx="640" ly="739" rx="3797" ry="801">
			<wd l="640" t="745" r="730" b="792" fs="10">102</wd>
			<wd l="2860" t="739" r="3237" b="801" fs="10">Austrobaileya</wd>
			<wd l="3257" t="739" r="3379" b="800" fs="10">5(1):</wd>
			<wd l="3403" t="739" r="3600" b="787" fs="10">97-102</wd>
			<wd l="3622" t="739" r="3797" b="800" fs="10">(1997)</wd>
		</ln>
	</region>
	<region article-doi="10.2307/41729923" region-id="1">
		<rc l="639" t="860" r="2193" b="1221"/>
		<ln lx="644" ly="865" rx="2188" ry="928">
			<wd l="644" t="870" r="950" b="926" fs="10">Herendeen,</wd>
			<wd l="977" t="868" r="1080" b="916" fs="10">P.S.</wd>
			<wd l="1110" t="868" r="1158" b="916" fs="10"><![CDATA[&]]></wd>
			<wd l="1184" t="869" r="1448" b="925" fs="10">Zarucchi,</wd>
			<wd l="1476" t="868" r="1570" b="916" fs="10">J.L.</wd>
			<wd l="1600" t="867" r="1790" b="928" fs="10">(1990).</wd>
			<wd l="1819" t="865" r="2100" b="915" fs="10">Validation</wd>
			<wd l="2127" t="865" r="2188" b="915" fs="10">of</wd>
		</ln>
		<ln lx="835" ly="941" rx="2178" ry="1005">
			<wd l="835" t="943" r="1148" b="1005" fs="10">Caesalpinia</wd>
			<wd l="1183" t="943" r="1421" b="1004" fs="10">subgenus</wd>
			<wd l="1454" t="944" r="1782" b="990" fs="10">Mezoneuron</wd>
			<wd l="1818" t="941" r="2002" b="1003" fs="10">(Desf.)</wd>
			<wd l="2031" t="941" r="2178" b="990" fs="10">Vidal</wd>
		</ln>
		<ln lx="834" ly="1017" rx="2177" ry="1079">
			<wd l="834" t="1018" r="931" b="1067" fs="10">and</wd>
			<wd l="960" t="1033" r="1073" b="1067" fs="10">new</wd>
			<wd l="1103" t="1018" r="1476" b="1067" fs="10">combinations</wd>
			<wd l="1508" t="1018" r="1559" b="1066" fs="10">in</wd>
			<wd l="1597" t="1017" r="1928" b="1079" fs="10">Caesalpinia</wd>
			<wd l="1967" t="1017" r="2046" b="1066" fs="10">for</wd>
			<wd l="2075" t="1023" r="2177" b="1066" fs="10">two</wd>
		</ln>
		<ln lx="835" ly="1092" rx="2178" ry="1155">
			<wd l="835" t="1094" r="1023" b="1155" fs="10">species</wd>
			<wd l="1043" t="1093" r="1104" b="1142" fs="10">of</wd>
			<wd l="1112" t="1095" r="1445" b="1141" fs="10">Mezoneuron</wd>
			<wd l="1464" t="1093" r="1590" b="1142" fs="10">from</wd>
			<wd l="1608" t="1093" r="1791" b="1141" fs="10">Africa.</wd>
			<wd l="1825" t="1092" r="2013" b="1140" fs="10">Annals</wd>
			<wd l="2031" t="1092" r="2095" b="1154" fs="10">of</wd>
			<wd l="2099" t="1092" r="2178" b="1140" fs="10">the</wd>
		</ln>
		<ln lx="832" ly="1168" rx="1913" ry="1216">
			<wd l="832" t="1170" r="1069" b="1216" fs="10">Missouri</wd>
			<wd l="1083" t="1168" r="1344" b="1216" fs="10">Botanical</wd>
			<wd l="1363" t="1168" r="1562" b="1216" fs="10">Garden</wd>
			<wd l="1583" t="1168" r="1913" b="1216" fs="10">77:854-855.</wd>
		</ln>
	</region>
	<region article-doi="10.2307/41729923" region-id="2">
		<rc l="640" t="1309" r="2194" b="1684"/>
		<ln lx="645" ly="1314" rx="2189" ry="1377">
			<wd l="645" t="1317" r="817" b="1374" fs="10">Lewis,</wd>
			<wd l="849" t="1316" r="965" b="1364" fs="10">G.P.</wd>
			<wd l="997" t="1316" r="1045" b="1364" fs="10"><![CDATA[&]]></wd>
			<wd l="1078" t="1316" r="1302" b="1374" fs="10">Schrire,</wd>
			<wd l="1333" t="1316" r="1457" b="1364" fs="10">B.D.</wd>
			<wd l="1491" t="1315" r="1686" b="1377" fs="10">(1995).</wd>
			<wd l="1718" t="1316" r="1765" b="1363" fs="10">A</wd>
			<wd l="1793" t="1314" r="2096" b="1377" fs="10">reappraisal</wd>
			<wd l="2126" t="1314" r="2189" b="1363" fs="10">of</wd>
		</ln>
		<ln lx="833" ly="1390" rx="2183" ry="1453">
			<wd l="833" t="1391" r="906" b="1440" fs="10">the</wd>
			<wd l="972" t="1391" r="1312" b="1453" fs="10">Caesalpinia</wd>
			<wd l="1379" t="1406" r="1549" b="1452" fs="10">group</wd>
			<wd l="1600" t="1390" r="2183" b="1452" fs="10">(Caesalpinioideae-</wd>
		</ln>
		<ln lx="835" ly="1465" rx="2183" ry="1528">
			<wd l="835" t="1466" r="1271" b="1528" fs="10">Caesalpinineae)</wd>
			<wd l="1300" t="1466" r="1448" b="1528" fs="10">using</wd>
			<wd l="1475" t="1466" r="1831" b="1528" fs="10">phylogenetic</wd>
			<wd l="1862" t="1465" r="2096" b="1527" fs="10">analysis.</wd>
			<wd l="2128" t="1467" r="2183" b="1514" fs="10">In</wd>
		</ln>
		<ln lx="833" ly="1541" rx="2181" ry="1603">
			<wd l="833" t="1541" r="1052" b="1603" fs="10">M.Crisp</wd>
			<wd l="1080" t="1542" r="1128" b="1590" fs="10"><![CDATA[&]]></wd>
			<wd l="1156" t="1541" r="1403" b="1603" fs="10">J.J.Doyle</wd>
			<wd l="1431" t="1541" r="1568" b="1602" fs="10">(ed.):</wd>
			<wd l="1601" t="1541" r="1862" b="1589" fs="10">Advances</wd>
			<wd l="1892" t="1545" r="1940" b="1589" fs="10">in</wd>
			<wd l="1966" t="1542" r="2181" b="1602" fs="10">Legume</wd>
		</ln>
		<ln lx="833" ly="1617" rx="1392" ry="1679">
			<wd l="833" t="1617" r="1142" b="1679" fs="10">Systematics</wd>
			<wd l="1163" t="1617" r="1392" b="1665" fs="10">7:41-52.</wd>
		</ln>
	</region>
	<region article-doi="10.2307/41729923" region-id="3">
		<rc l="640" t="1758" r="2183" b="1902"/>
		<ln lx="645" ly="1763" rx="2178" ry="1826">
			<wd l="645" t="1766" r="795" b="1823" fs="10">Lock,</wd>
			<wd l="812" t="1766" r="925" b="1813" fs="10">J.M.</wd>
			<wd l="943" t="1764" r="1132" b="1825" fs="10">(1989).</wd>
			<wd l="1153" t="1766" r="1389" b="1826" fs="10">Legumes</wd>
			<wd l="1403" t="1764" r="1468" b="1826" fs="10">of</wd>
			<wd l="1463" t="1764" r="1631" b="1826" fs="10">Africa</wd>
			<wd l="1644" t="1794" r="1663" b="1799" fs="10">-</wd>
			<wd l="1674" t="1765" r="1713" b="1812" fs="10">A</wd>
			<wd l="1731" t="1764" r="1993" b="1812" fs="10">check-list.</wd>
			<wd l="2022" t="1763" r="2178" b="1826" fs="10">Royal</wd>
		</ln>
		<ln lx="833" ly="1839" rx="1454" ry="1897">
			<wd l="833" t="1839" r="1038" b="1888" fs="10">Botanic</wd>
			<wd l="1060" t="1839" r="1294" b="1897" fs="10">Gardens,</wd>
			<wd l="1315" t="1841" r="1454" b="1888" fs="10">Kew.</wd>
		</ln>
	</region>
	<region article-doi="10.2307/41729923" region-id="4">
		<rc l="640" t="1981" r="2187" b="2115"/>
		<ln lx="645" ly="1986" rx="2182" ry="2047">
			<wd l="645" t="1987" r="894" b="2043" fs="10">Mueller,</wd>
			<wd l="911" t="1987" r="960" b="2034" fs="10">F.</wd>
			<wd l="980" t="1986" r="1098" b="2046" fs="10">(187</wd>
			<wd l="1098" t="1986" r="1171" b="2046" fs="10">6).</wd>
			<wd l="1182" t="1987" r="1480" b="2047" fs="10">Fragmenta</wd>
			<wd l="1491" t="1986" r="1891" b="2047" fs="10">Phytographiae</wd>
			<wd l="1901" t="1986" r="2182" b="2033" fs="10">Australiae</wd>
		</ln>
		<ln lx="840" ly="2060" rx="1899" ry="2110">
			<wd l="840" t="2061" r="948" b="2109" fs="10">10:7</wd>
			<wd l="970" t="2060" r="1277" b="2109" fs="10">Melbourne:</wd>
			<wd l="1282" t="2060" r="1533" b="2109" fs="10">Victorian</wd>
			<wd l="1555" t="2061" r="1899" b="2110" fs="10">Government.</wd>
		</ln>
	</region>
	<region article-doi="10.2307/41729923" region-id="5">
		<rc l="639" t="2202" r="2183" b="2350"/>
		<ln lx="644" ly="2207" rx="2178" ry="2270">
			<wd l="644" t="2210" r="871" b="2266" fs="10">Pedley,</wd>
			<wd l="916" t="2209" r="971" b="2257" fs="10">L.</wd>
			<wd l="1057" t="2208" r="1262" b="2269" fs="10">(1977).</wd>
			<wd l="1325" t="2209" r="1498" b="2257" fs="10">Notes</wd>
			<wd l="1547" t="2223" r="1615" b="2257" fs="10">on</wd>
			<wd l="1661" t="2207" r="2079" b="2270" fs="10">Leguminosae.</wd>
			<wd l="2135" t="2209" r="2178" b="2257" fs="10">1.</wd>
		</ln>
		<ln lx="829" ly="2283" rx="1453" ry="2345">
			<wd l="829" t="2283" r="1206" b="2345" fs="10">Austrobaileya</wd>
			<wd l="1229" t="2284" r="1453" b="2332" fs="10">1:33-34.</wd>
		</ln>
	</region>
	<region article-doi="10.2307/41729923" region-id="6">
		<rc l="640" t="2425" r="2186" b="2635"/>
		<ln lx="645" ly="2430" rx="2175" ry="2492">
			<wd l="645" t="2432" r="956" b="2488" fs="10">Verdcourt,</wd>
			<wd l="981" t="2432" r="1037" b="2478" fs="10">B.</wd>
			<wd l="1064" t="2430" r="1251" b="2491" fs="10">(1979).</wd>
			<wd l="1280" t="2430" r="1491" b="2478" fs="10">Manual</wd>
			<wd l="1513" t="2430" r="1578" b="2492" fs="10">of</wd>
			<wd l="1584" t="2431" r="1704" b="2478" fs="10">New</wd>
			<wd l="1730" t="2431" r="1924" b="2479" fs="10">Guinea</wd>
			<wd l="1949" t="2430" r="2175" b="2492" fs="10">legumes.</wd>
		</ln>
		<ln lx="840" ly="2505" rx="2181" ry="2567">
			<wd l="840" t="2506" r="1018" b="2554" fs="10">18-20.</wd>
			<wd l="1049" t="2507" r="1166" b="2554" fs="10">Lae:</wd>
			<wd l="1200" t="2505" r="1373" b="2554" fs="10">Office</wd>
			<wd l="1404" t="2505" r="1467" b="2554" fs="10">of</wd>
			<wd l="1487" t="2507" r="1701" b="2564" fs="10">Forests,</wd>
			<wd l="1732" t="2507" r="1929" b="2567" fs="10">Botany</wd>
			<wd l="1959" t="2505" r="2181" b="2554" fs="10">Bulletin</wd>
		</ln>
		<ln lx="832" ly="2582" rx="1011" ry="2630">
			<wd l="832" t="2596" r="911" b="2630" fs="10">no.</wd>
			<wd l="940" t="2582" r="1011" b="2630" fs="10">11.</wd>
		</ln>
	</region>
	<region article-doi="10.2307/41729923" region-id="7">
		<rc l="639" t="2722" r="2186" b="3022"/>
		<ln lx="644" ly="2727" rx="2181" ry="2790">
			<wd l="644" t="2730" r="818" b="2787" fs="10">Vidal,</wd>
			<wd l="848" t="2730" r="944" b="2777" fs="10">J.E.</wd>
			<wd l="975" t="2729" r="1023" b="2777" fs="10"><![CDATA[&]]></wd>
			<wd l="1052" t="2730" r="1160" b="2776" fs="10">Hul</wd>
			<wd l="1189" t="2730" r="1339" b="2787" fs="10">Thol,</wd>
			<wd l="1371" t="2729" r="1418" b="2777" fs="10">S.</wd>
			<wd l="1450" t="2729" r="1642" b="2790" fs="10">(1974).</wd>
			<wd l="1672" t="2728" r="1913" b="2777" fs="10">Revision</wd>
			<wd l="1941" t="2727" r="2006" b="2777" fs="10">du</wd>
			<wd l="2034" t="2743" r="2181" b="2790" fs="10">genre</wd>
		</ln>
		<ln lx="830" ly="2804" rx="2179" ry="2866">
			<wd l="830" t="2804" r="1190" b="2852" fs="10">Pterolobium</wd>
			<wd l="1233" t="2804" r="1771" b="2866" fs="10">(Caesalpiniaceae).</wd>
			<wd l="1840" t="2804" r="2076" b="2852" fs="10">Bulletin</wd>
			<wd l="2110" t="2804" r="2179" b="2852" fs="10">du</wd>
		</ln>
		<ln lx="833" ly="2879" rx="2178" ry="2937">
			<wd l="833" t="2896" r="1052" b="2927" fs="10">museum</wd>
			<wd l="1082" t="2879" r="1346" b="2927" fs="10">d'histoire</wd>
			<wd l="1374" t="2879" r="1619" b="2927" fs="10">naturelle</wd>
			<wd l="1623" t="2919" r="1634" b="2937" fs="10">,</wd>
			<wd l="1664" t="2879" r="1815" b="2937" fs="10">Paris,</wd>
			<wd l="1848" t="2879" r="1972" b="2928" fs="10">serie</wd>
			<wd l="2003" t="2880" r="2048" b="2937" fs="10">3,</wd>
			<wd l="2080" t="2880" r="2178" b="2927" fs="10">227</wd>
		</ln>
		<ln lx="834" ly="2954" rx="1415" ry="3017">
			<wd l="834" t="2954" r="1127" b="3017" fs="10">(Botanique</wd>
			<wd l="1152" t="2955" r="1248" b="3016" fs="10">15):</wd>
			<wd l="1276" t="2955" r="1415" b="3003" fs="10">1-29.</wd>
		</ln>
	</region>
</ocr-page>
