<?xml version="1.0" encoding="UTF-8"?>
<ocr-page type="coords" ocr-vers="1.0" creation-date="20130321" res="600" height="6300" width="4500">
	<region article-doi="10.2307/41729921" region-id="0">
		<rc l="662" t="733" r="3801" b="804"/>
		<ln lx="667" ly="738" rx="3796" ry="799">
			<wd l="667" t="740" r="729" b="787" fs="10">90</wd>
			<wd l="2894" t="738" r="3271" b="799" fs="10">Austrobaileya</wd>
			<wd l="3290" t="739" r="3413" b="798" fs="10">5(1):</wd>
			<wd l="3436" t="739" r="3594" b="785" fs="10">79-91</wd>
			<wd l="3621" t="738" r="3796" b="798" fs="10">(1997)</wd>
		</ln>
	</region>
	<region article-doi="10.2307/41729921" region-id="1">
		<rc l="676" t="5273" r="3910" b="5496"/>
		<ln lx="681" ly="5278" rx="3905" ry="5342">
			<wd l="681" t="5281" r="786" b="5341" fs="10">Fig.</wd>
			<wd l="808" t="5282" r="837" b="5328" fs="10">5</wd>
			<wd l="854" t="5281" r="1268" b="5328" fs="10">Austrosteenisia</wd>
			<wd l="1284" t="5280" r="1586" b="5342" fs="10">glabristyla.</wd>
			<wd l="1626" t="5281" r="1687" b="5328" fs="10">A.</wd>
			<wd l="1712" t="5280" r="1817" b="5328" fs="10">leaf</wd>
			<wd l="1833" t="5292" r="1859" b="5317" fs="10">x</wd>
			<wd l="1885" t="5280" r="1980" b="5328" fs="10">0.4.</wd>
			<wd l="2020" t="5281" r="2077" b="5328" fs="10">B.</wd>
			<wd l="2101" t="5279" r="2326" b="5328" fs="10">standard</wd>
			<wd l="2349" t="5291" r="2376" b="5318" fs="10">x</wd>
			<wd l="2401" t="5280" r="2446" b="5328" fs="10">4.</wd>
			<wd l="2469" t="5280" r="2525" b="5328" fs="10">C.</wd>
			<wd l="2547" t="5279" r="2681" b="5341" fs="10">wing</wd>
			<wd l="2704" t="5291" r="2730" b="5317" fs="10">x</wd>
			<wd l="2755" t="5280" r="2801" b="5328" fs="10">4.</wd>
			<wd l="2823" t="5281" r="2883" b="5327" fs="10">D.</wd>
			<wd l="2905" t="5279" r="3015" b="5328" fs="10">keel</wd>
			<wd l="3040" t="5291" r="3066" b="5317" fs="10">x</wd>
			<wd l="3091" t="5280" r="3136" b="5327" fs="10">4.</wd>
			<wd l="3158" t="5280" r="3211" b="5327" fs="10">E.</wd>
			<wd l="3233" t="5279" r="3335" b="5340" fs="10">pod</wd>
			<wd l="3358" t="5290" r="3384" b="5317" fs="10">x</wd>
			<wd l="3408" t="5280" r="3454" b="5327" fs="10">4.</wd>
			<wd l="3476" t="5280" r="3526" b="5327" fs="10">F.</wd>
			<wd l="3550" t="5278" r="3772" b="5327" fs="10">staminal</wd>
			<wd l="3791" t="5278" r="3905" b="5327" fs="10">tube</wd>
		</ln>
		<ln lx="685" ly="5353" rx="3841" ry="5417">
			<wd l="685" t="5366" r="712" b="5393" fs="10">X</wd>
			<wd l="736" t="5356" r="781" b="5403" fs="10">4.</wd>
			<wd l="804" t="5356" r="863" b="5404" fs="10">G.</wd>
			<wd l="886" t="5355" r="1028" b="5416" fs="10">calyx</wd>
			<wd l="1051" t="5367" r="1078" b="5393" fs="10">x</wd>
			<wd l="1101" t="5356" r="1147" b="5403" fs="10">4.</wd>
			<wd l="1168" t="5356" r="1229" b="5403" fs="10">H.</wd>
			<wd l="1251" t="5355" r="1547" b="5417" fs="10">gynoecium</wd>
			<wd l="1570" t="5366" r="1597" b="5393" fs="10">x</wd>
			<wd l="1621" t="5356" r="1666" b="5403" fs="10">4.</wd>
			<wd l="1705" t="5356" r="1752" b="5403" fs="10">A</wd>
			<wd l="1772" t="5355" r="1899" b="5403" fs="10">from</wd>
			<wd l="1918" t="5356" r="2091" b="5416" fs="10">Jessup</wd>
			<wd l="2118" t="5355" r="2208" b="5403" fs="10">192</wd>
			<wd l="2230" t="5355" r="2400" b="5415" fs="10">(BRI);</wd>
			<wd l="2421" t="5356" r="2561" b="5413" fs="10">B-D,</wd>
			<wd l="2582" t="5356" r="2672" b="5402" fs="10">F-I</wd>
			<wd l="2694" t="5354" r="2821" b="5403" fs="10">from</wd>
			<wd l="2841" t="5354" r="3082" b="5403" fs="10">Williams</wd>
			<wd l="3105" t="5354" r="3440" b="5415" fs="10">[AQ520574]</wd>
			<wd l="3464" t="5354" r="3633" b="5415" fs="10">(BRI);</wd>
			<wd l="3654" t="5355" r="3693" b="5402" fs="10">E</wd>
			<wd l="3714" t="5353" r="3841" b="5402" fs="10">from</wd>
		</ln>
		<ln lx="681" ly="5429" rx="1584" ry="5491">
			<wd l="681" t="5431" r="853" b="5491" fs="10">Jessup</wd>
			<wd l="875" t="5430" r="971" b="5477" fs="10">584</wd>
			<wd l="992" t="5430" r="1158" b="5490" fs="10">(BRI).</wd>
			<wd l="1179" t="5430" r="1288" b="5478" fs="10">Del.</wd>
			<wd l="1309" t="5429" r="1584" b="5478" fs="10">D.J.Dixon</wd>
		</ln>
	</region>
</ocr-page>
