<?xml version="1.0" encoding="UTF-8"?>
<ocr-page type="coords" ocr-vers="1.0" creation-date="20130321" res="600" height="6300" width="4500">
	<region article-doi="10.2307/41729921" region-id="0">
		<rc l="631" t="726" r="3852" b="798"/>
		<ln lx="636" ly="731" rx="3847" ry="793">
			<wd l="636" t="734" r="814" b="793" fs="10">Dixon,</wd>
			<wd l="834" t="736" r="1246" b="783" fs="10">Austrosteenisia</wd>
			<wd l="3787" t="731" r="3847" b="780" fs="10">85</wd>
		</ln>
	</region>
	<region article-doi="10.2307/41729921" region-id="1">
		<rc l="619" t="852" r="2189" b="5577"/>
		<ln lx="624" ly="857" rx="1837" ry="918">
			<wd l="624" t="857" r="1171" b="918" fs="10">Austrosteenisia</wd>
			<wd l="1193" t="857" r="1434" b="918" fs="10">blackii</wd>
			<wd l="1448" t="875" r="1572" b="917" fs="10">var.</wd>
			<wd l="1597" t="857" r="1837" b="918" fs="10">blackii</wd>
		</ln>
		<ln lx="626" ly="1014" rx="2161" ry="1094">
			<wd l="626" t="1014" r="1088" b="1094" fs="10">Distinguished</wd>
			<wd l="1119" t="1014" r="1203" b="1093" fs="10">by</wd>
			<wd l="1237" t="1014" r="1512" b="1094" fs="10">stipellae</wd>
			<wd l="1545" t="1023" r="1788" b="1093" fs="10">present</wd>
			<wd l="1820" t="1033" r="1903" b="1076" fs="10">on</wd>
			<wd l="1937" t="1014" r="2161" b="1076" fs="10">leaves.</wd>
		</ln>
		<ln lx="626" ly="1105" rx="837" ry="1185">
			<wd l="626" t="1105" r="753" b="1185" fs="10">Fig.</wd>
			<wd l="779" t="1106" r="837" b="1167" fs="10">2.</wd>
		</ln>
		<ln lx="625" ly="1268" rx="2160" ry="1333">
			<wd l="625" t="1269" r="878" b="1320" fs="10">Selected</wd>
			<wd l="905" t="1269" r="1198" b="1320" fs="10">examined</wd>
			<wd l="1224" t="1269" r="1533" b="1333" fs="10">specimens</wd>
			<wd l="1537" t="1284" r="1551" b="1319" fs="10">:</wd>
			<wd l="1588" t="1269" r="1969" b="1330" fs="10">Queensland.</wd>
			<wd l="2005" t="1268" r="2160" b="1319" fs="10">Cook</wd>
		</ln>
		<ln lx="627" ly="1343" rx="2157" ry="1403">
			<wd l="627" t="1345" r="879" b="1394" fs="10">District:</wd>
			<wd l="899" t="1343" r="1040" b="1394" fs="10">Prior</wd>
			<wd l="1056" t="1344" r="1237" b="1403" fs="10">Creek,</wd>
			<wd l="1255" t="1344" r="1522" b="1403" fs="10">Atherton,</wd>
			<wd l="1540" t="1345" r="1650" b="1394" fs="10">Dec</wd>
			<wd l="1674" t="1344" r="1804" b="1393" fs="10">1938</wd>
			<wd l="1810" t="1343" r="2049" b="1402" fs="10">^Flecker</wd>
			<wd l="2065" t="1358" r="2157" b="1393" fs="10">s.n.</wd>
		</ln>
		<ln lx="629" ly="1418" rx="2161" ry="1481">
			<wd l="629" t="1419" r="826" b="1480" fs="10">(QRS);</wd>
			<wd l="847" t="1419" r="1018" b="1469" fs="10">S.F.R.</wd>
			<wd l="1045" t="1419" r="1157" b="1478" fs="10">185,</wd>
			<wd l="1175" t="1420" r="1267" b="1469" fs="10">Jan</wd>
			<wd l="1291" t="1419" r="1309" b="1468" fs="10">1</wd>
			<wd l="1320" t="1419" r="1440" b="1478" fs="10">980,</wd>
			<wd l="1454" t="1419" r="1595" b="1481" fs="10">Gray</wd>
			<wd l="1618" t="1419" r="1748" b="1468" fs="10">1617</wd>
			<wd l="1766" t="1418" r="1964" b="1480" fs="10">(QRS);</wd>
			<wd l="1983" t="1418" r="2161" b="1481" fs="10">Tolga,</wd>
		</ln>
		<ln lx="628" ly="1493" rx="2158" ry="1556">
			<wd l="628" t="1495" r="721" b="1543" fs="10">Jan</wd>
			<wd l="746" t="1494" r="763" b="1542" fs="10">1</wd>
			<wd l="775" t="1494" r="841" b="1542" fs="10">98</wd>
			<wd l="853" t="1494" r="870" b="1542" fs="10">1</wd>
			<wd l="883" t="1532" r="896" b="1552" fs="10">,</wd>
			<wd l="911" t="1494" r="1052" b="1556" fs="10">Gray</wd>
			<wd l="1074" t="1494" r="1091" b="1542" fs="10">1</wd>
			<wd l="1104" t="1493" r="1204" b="1542" fs="10">878</wd>
			<wd l="1224" t="1493" r="1419" b="1555" fs="10">(QRS).</wd>
			<wd l="1436" t="1494" r="1619" b="1542" fs="10">North</wd>
			<wd l="1636" t="1494" r="1886" b="1542" fs="10">Kennedy</wd>
			<wd l="1904" t="1494" r="2158" b="1542" fs="10">District:</wd>
		</ln>
		<ln lx="631" ly="1566" rx="2166" ry="1630">
			<wd l="631" t="1569" r="658" b="1617" fs="10">5</wd>
			<wd l="688" t="1567" r="773" b="1617" fs="10">km</wd>
			<wd l="797" t="1569" r="911" b="1617" fs="10">NW</wd>
			<wd l="937" t="1567" r="1003" b="1617" fs="10">of</wd>
			<wd l="1020" t="1567" r="1295" b="1627" fs="10">Cardwell,</wd>
			<wd l="1323" t="1582" r="1391" b="1617" fs="10">on</wd>
			<wd l="1419" t="1567" r="1451" b="1617" fs="10">S</wd>
			<wd l="1480" t="1567" r="1617" b="1617" fs="10">bank</wd>
			<wd l="1642" t="1567" r="1708" b="1617" fs="10">of</wd>
			<wd l="1726" t="1568" r="1956" b="1630" fs="10">Meunga</wd>
			<wd l="1982" t="1566" r="2166" b="1626" fs="10">Creek,</wd>
		</ln>
		<ln lx="630" ly="1642" rx="2159" ry="1703">
			<wd l="630" t="1642" r="728" b="1691" fs="10">Oct</wd>
			<wd l="762" t="1642" r="908" b="1700" fs="10">1976,</wd>
			<wd l="944" t="1643" r="1148" b="1691" fs="10">Everist</wd>
			<wd l="1176" t="1657" r="1271" b="1691" fs="10">s.n.</wd>
			<wd l="1304" t="1642" r="1485" b="1703" fs="10">(BRI);</wd>
			<wd l="1517" t="1643" r="1653" b="1691" fs="10">Port</wd>
			<wd l="1683" t="1642" r="1872" b="1691" fs="10">Curtis</wd>
			<wd l="1902" t="1643" r="2159" b="1690" fs="10">District:</wd>
		</ln>
		<ln lx="632" ly="1714" rx="2178" ry="1779">
			<wd l="632" t="1717" r="773" b="1766" fs="10">West</wd>
			<wd l="796" t="1717" r="923" b="1779" fs="10">Bay,</wd>
			<wd l="949" t="1715" r="1150" b="1766" fs="10">Middle</wd>
			<wd l="1174" t="1717" r="1331" b="1778" fs="10">Percy</wd>
			<wd l="1358" t="1715" r="1546" b="1775" fs="10">Island,</wd>
			<wd l="1571" t="1717" r="1690" b="1766" fs="10">Nov</wd>
			<wd l="1724" t="1716" r="1873" b="1774" fs="10">1989,</wd>
			<wd l="1897" t="1714" r="2178" b="1778" fs="10">Batianoff</wd>
		</ln>
		<ln lx="638" ly="1790" rx="2165" ry="1853">
			<wd l="638" t="1792" r="655" b="1840" fs="10">1</wd>
			<wd l="673" t="1792" r="690" b="1840" fs="10">1</wd>
			<wd l="704" t="1791" r="821" b="1850" fs="10">823,</wd>
			<wd l="837" t="1790" r="1131" b="1853" fs="10">Champion,</wd>
			<wd l="1156" t="1790" r="1437" b="1853" fs="10">Thompson</wd>
			<wd l="1455" t="1791" r="1504" b="1840" fs="10"><![CDATA[&]]></wd>
			<wd l="1517" t="1790" r="1840" b="1840" fs="10">Dillewaard</wd>
			<wd l="1849" t="1790" r="2027" b="1852" fs="10">(BRI);</wd>
			<wd l="2045" t="1804" r="2165" b="1840" fs="10">near</wd>
		</ln>
		<ln lx="631" ly="1865" rx="2164" ry="1926">
			<wd l="631" t="1865" r="902" b="1924" fs="10">Carmilla,</wd>
			<wd l="937" t="1865" r="1038" b="1915" fs="10">Oct</wd>
			<wd l="1077" t="1865" r="1231" b="1924" fs="10">1937,</wd>
			<wd l="1278" t="1865" r="1441" b="1914" fs="10">White</wd>
			<wd l="1481" t="1865" r="1648" b="1914" fs="10">12101</wd>
			<wd l="1690" t="1866" r="1878" b="1926" fs="10">(BRI).</wd>
			<wd l="1914" t="1866" r="2164" b="1914" fs="10">Burnett</wd>
		</ln>
		<ln lx="631" ly="1939" rx="2160" ry="2000">
			<wd l="631" t="1942" r="882" b="1991" fs="10">District:</wd>
			<wd l="902" t="1939" r="1123" b="1991" fs="10">Kalliwa</wd>
			<wd l="1140" t="1941" r="1246" b="1991" fs="10">S.F.</wd>
			<wd l="1273" t="1940" r="1386" b="2000" fs="10">169,</wd>
			<wd l="1404" t="1941" r="1514" b="1991" fs="10">Dec</wd>
			<wd l="1538" t="1941" r="1556" b="1990" fs="10">1</wd>
			<wd l="1567" t="1940" r="1687" b="2000" fs="10">990,</wd>
			<wd l="1697" t="1941" r="1909" b="1990" fs="10">Forster</wd>
			<wd l="1924" t="1941" r="2092" b="1989" fs="10">PIF77</wd>
			<wd l="2103" t="1940" r="2160" b="1989" fs="10">13</wd>
		</ln>
		<ln lx="633" ly="2016" rx="2163" ry="2079">
			<wd l="633" t="2017" r="829" b="2079" fs="10">(BRI).</wd>
			<wd l="870" t="2018" r="1023" b="2067" fs="10">Wide</wd>
			<wd l="1060" t="2017" r="1181" b="2066" fs="10">Bay</wd>
			<wd l="1219" t="2017" r="1503" b="2067" fs="10">District:</wd>
			<wd l="1544" t="2017" r="1736" b="2067" fs="10">Ocean</wd>
			<wd l="1774" t="2016" r="1914" b="2067" fs="10">Park</wd>
			<wd l="1951" t="2017" r="2163" b="2075" fs="10">Estate,</wd>
		</ln>
		<ln lx="632" ly="2092" rx="2162" ry="2154">
			<wd l="632" t="2092" r="1002" b="2152" fs="10">Dundowran,</wd>
			<wd l="1036" t="2093" r="1160" b="2142" fs="10">Nov</wd>
			<wd l="1203" t="2092" r="1362" b="2151" fs="10">1991,</wd>
			<wd l="1404" t="2093" r="1637" b="2142" fs="10">Forster</wd>
			<wd l="1671" t="2092" r="1930" b="2141" fs="10">PIF9182</wd>
			<wd l="1968" t="2092" r="2162" b="2154" fs="10">(BRI).</wd>
		</ln>
		<ln lx="633" ly="2167" rx="2166" ry="2226">
			<wd l="633" t="2168" r="889" b="2217" fs="10">Moreton</wd>
			<wd l="917" t="2169" r="1169" b="2217" fs="10">District:</wd>
			<wd l="1198" t="2167" r="1380" b="2226" fs="10">Petrie,</wd>
			<wd l="1406" t="2169" r="1454" b="2216" fs="10">N</wd>
			<wd l="1483" t="2167" r="1548" b="2217" fs="10">of</wd>
			<wd l="1566" t="2167" r="1834" b="2226" fs="10">Brisbane,</wd>
			<wd l="1861" t="2168" r="1980" b="2217" fs="10">Nov</wd>
			<wd l="2016" t="2167" r="2166" b="2225" fs="10">1931,</wd>
		</ln>
		<ln lx="632" ly="2242" rx="2167" ry="2306">
			<wd l="632" t="2242" r="787" b="2292" fs="10">Blake</wd>
			<wd l="788" t="2282" r="801" b="2302" fs="10">,</wd>
			<wd l="820" t="2243" r="952" b="2292" fs="10">2842</wd>
			<wd l="972" t="2243" r="1144" b="2304" fs="10">(BRI);</wd>
			<wd l="1164" t="2242" r="1254" b="2306" fs="10">Fig</wd>
			<wd l="1271" t="2244" r="1393" b="2293" fs="10">Tree</wd>
			<wd l="1411" t="2242" r="1611" b="2302" fs="10">Pocket,</wd>
			<wd l="1631" t="2242" r="1889" b="2301" fs="10">Brisbane,</wd>
			<wd l="1908" t="2243" r="1997" b="2292" fs="10">Jan</wd>
			<wd l="2023" t="2242" r="2167" b="2301" fs="10">1978,</wd>
		</ln>
		<ln lx="632" ly="2316" rx="2169" ry="2380">
			<wd l="632" t="2317" r="818" b="2380" fs="10">Pedley</wd>
			<wd l="838" t="2318" r="967" b="2367" fs="10">5005</wd>
			<wd l="991" t="2317" r="1164" b="2379" fs="10">(BRI);</wd>
			<wd l="1187" t="2318" r="1279" b="2367" fs="10">Mt.</wd>
			<wd l="1303" t="2317" r="1498" b="2380" fs="10">Crosby</wd>
			<wd l="1519" t="2317" r="1678" b="2376" fs="10">Road,</wd>
			<wd l="1700" t="2318" r="1889" b="2367" fs="10">Barnes</wd>
			<wd l="1910" t="2316" r="2032" b="2376" fs="10">Hill,</wd>
			<wd l="2052" t="2318" r="2169" b="2367" fs="10">Nov</wd>
		</ln>
		<ln lx="641" ly="2391" rx="2165" ry="2453">
			<wd l="641" t="2393" r="658" b="2441" fs="10">1</wd>
			<wd l="669" t="2393" r="786" b="2451" fs="10">993,</wd>
			<wd l="798" t="2392" r="1072" b="2442" fs="10">Grimshaw</wd>
			<wd l="1086" t="2392" r="1200" b="2442" fs="10">G94</wd>
			<wd l="1216" t="2393" r="1387" b="2453" fs="10">(BRI).</wd>
			<wd l="1400" t="2393" r="1525" b="2442" fs="10">New</wd>
			<wd l="1542" t="2392" r="1706" b="2442" fs="10">South</wd>
			<wd l="1721" t="2393" r="1912" b="2442" fs="10">Wales.</wd>
			<wd l="1926" t="2391" r="2165" b="2450" fs="10">Lismore,</wd>
		</ln>
		<ln lx="633" ly="2466" rx="2163" ry="2528">
			<wd l="633" t="2468" r="864" b="2516" fs="10">Fawcett</wd>
			<wd l="894" t="2481" r="988" b="2516" fs="10">s.n.</wd>
			<wd l="1021" t="2467" r="1232" b="2528" fs="10">(MEL);</wd>
			<wd l="1265" t="2466" r="1560" b="2516" fs="10">Richmond</wd>
			<wd l="1591" t="2466" r="1766" b="2525" fs="10">River,</wd>
			<wd l="1802" t="2467" r="2037" b="2515" fs="10">Fawcett</wd>
			<wd l="2067" t="2480" r="2163" b="2515" fs="10">s.n.</wd>
		</ln>
		<ln lx="636" ly="2540" rx="2164" ry="2603">
			<wd l="636" t="2541" r="835" b="2602" fs="10">(MEL);</wd>
			<wd l="863" t="2542" r="1031" b="2603" fs="10">Upper</wd>
			<wd l="1056" t="2540" r="1292" b="2603" fs="10">Hastings</wd>
			<wd l="1318" t="2540" r="1484" b="2599" fs="10">River,</wd>
			<wd l="1510" t="2542" r="1627" b="2590" fs="10">Nov</wd>
			<wd l="1663" t="2541" r="1806" b="2599" fs="10">1897,</wd>
			<wd l="1838" t="2540" r="2045" b="2589" fs="10">Maiden</wd>
			<wd l="2074" t="2555" r="2164" b="2590" fs="10">s.n.</wd>
		</ln>
		<ln lx="636" ly="2614" rx="2166" ry="2676">
			<wd l="636" t="2615" r="856" b="2676" fs="10">(NSW);</wd>
			<wd l="890" t="2614" r="1118" b="2673" fs="10">Ballina,</wd>
			<wd l="1152" t="2616" r="1264" b="2664" fs="10">Dec</wd>
			<wd l="1304" t="2615" r="1459" b="2673" fs="10">1895,</wd>
			<wd l="1498" t="2614" r="1769" b="2663" fs="10">Bauerlen</wd>
			<wd l="1803" t="2629" r="1902" b="2664" fs="10">s.n.</wd>
			<wd l="1939" t="2614" r="2166" b="2675" fs="10">(NSW);</wd>
		</ln>
		<ln lx="635" ly="2689" rx="1953" ry="2752">
			<wd l="635" t="2689" r="880" b="2739" fs="10">Tooloom</wd>
			<wd l="898" t="2690" r="1085" b="2752" fs="10">Range,</wd>
			<wd l="1106" t="2690" r="1212" b="2739" fs="10">Dec</wd>
			<wd l="1239" t="2689" r="1384" b="2748" fs="10">1907,</wd>
			<wd l="1402" t="2689" r="1610" b="2738" fs="10">Maiden</wd>
			<wd l="1630" t="2704" r="1721" b="2739" fs="10">s.n.</wd>
			<wd l="1744" t="2689" r="1953" b="2750" fs="10">(NSW).</wd>
		</ln>
		<ln lx="635" ly="2832" rx="2167" ry="2910">
			<wd l="635" t="2833" r="1237" b="2894" fs="10">Austrosteenisia</wd>
			<wd l="1291" t="2833" r="1558" b="2894" fs="10">blackii</wd>
			<wd l="1630" t="2850" r="1754" b="2894" fs="10">var.</wd>
			<wd l="1830" t="2832" r="2167" b="2910" fs="10">astipella</wd>
		</ln>
		<ln lx="823" ly="2919" rx="2166" ry="2982">
			<wd l="823" t="2920" r="1158" b="2982" fs="10">D.J.Dixon</wd>
			<wd l="1197" t="2938" r="1336" b="2982" fs="10">var.</wd>
			<wd l="1370" t="2938" r="1516" b="2982" fs="10">nov.</wd>
			<wd l="1560" t="2920" r="1636" b="2982" fs="10">ab</wd>
			<wd l="1667" t="2922" r="1735" b="2982" fs="10">A.</wd>
			<wd l="1778" t="2919" r="2010" b="2982" fs="10">blackii</wd>
			<wd l="2039" t="2938" r="2166" b="2981" fs="10">var.</wd>
		</ln>
		<ln lx="825" ly="3007" rx="2164" ry="3087">
			<wd l="825" t="3007" r="1050" b="3070" fs="10">blackii</wd>
			<wd l="1066" t="3007" r="1275" b="3070" fs="10">differt</wd>
			<wd l="1294" t="3007" r="1552" b="3087" fs="10">stipellis</wd>
			<wd l="1573" t="3007" r="1945" b="3070" fs="10">absentibus.</wd>
			<wd l="1960" t="3009" r="2164" b="3086" fs="10">Type:</wd>
		</ln>
		<ln lx="824" ly="3095" rx="2165" ry="3172">
			<wd l="824" t="3095" r="1226" b="3172" fs="10">Queensland.</wd>
			<wd l="1265" t="3096" r="1444" b="3157" fs="10">Cook</wd>
			<wd l="1473" t="3097" r="1772" b="3157" fs="10">District:</wd>
			<wd l="1809" t="3096" r="2013" b="3157" fs="10">S.F.R.</wd>
			<wd l="2054" t="3096" r="2165" b="3157" fs="10">185</wd>
		</ln>
		<ln lx="825" ly="3182" rx="2165" ry="3262">
			<wd l="825" t="3182" r="1097" b="3262" fs="10">opposite</wd>
			<wd l="1114" t="3182" r="1224" b="3245" fs="10">fire</wd>
			<wd l="1238" t="3192" r="1444" b="3257" fs="10">tower,</wd>
			<wd l="1471" t="3183" r="1721" b="3245" fs="10">17°09'S</wd>
			<wd l="1749" t="3183" r="2165" b="3256" fs="10">145°3rE,31</wd>
		</ln>
		<ln lx="825" ly="3269" rx="2167" ry="3347">
			<wd l="825" t="3270" r="1094" b="3333" fs="10">October</wd>
			<wd l="1118" t="3271" r="1296" b="3344" fs="10">1978,</wd>
			<wd l="1305" t="3272" r="1439" b="3332" fs="10">J.D.</wd>
			<wd l="1462" t="3272" r="1794" b="3332" fs="10">Fitzsimon</wd>
			<wd l="1810" t="3271" r="1953" b="3343" fs="10">296,</wd>
			<wd l="1973" t="3269" r="2167" b="3347" fs="10">(holo:</wd>
		</ln>
		<ln lx="825" ly="3360" rx="1265" ry="3438">
			<wd l="825" t="3361" r="1029" b="3437" fs="10">QRS).</wd>
			<wd l="1054" t="3360" r="1182" b="3438" fs="10">Fig.</wd>
			<wd l="1208" t="3362" r="1265" b="3422" fs="10">3.</wd>
		</ln>
		<ln lx="636" ly="3522" rx="2172" ry="3586">
			<wd l="636" t="3523" r="888" b="3573" fs="10">Selected</wd>
			<wd l="914" t="3523" r="1207" b="3573" fs="10">examined</wd>
			<wd l="1233" t="3523" r="1543" b="3586" fs="10">specimens</wd>
			<wd l="1547" t="3538" r="1561" b="3572" fs="10">:</wd>
			<wd l="1599" t="3523" r="1980" b="3583" fs="10">Queensland.</wd>
			<wd l="2016" t="3522" r="2172" b="3572" fs="10">Cook</wd>
		</ln>
		<ln lx="639" ly="3597" rx="2170" ry="3658">
			<wd l="639" t="3598" r="879" b="3647" fs="10">District:</wd>
			<wd l="910" t="3597" r="1074" b="3647" fs="10">S.F.R.</wd>
			<wd l="1110" t="3597" r="1219" b="3656" fs="10">185,</wd>
			<wd l="1247" t="3597" r="1344" b="3647" fs="10">Oct</wd>
			<wd l="1376" t="3597" r="1519" b="3656" fs="10">1978,</wd>
			<wd l="1552" t="3598" r="1821" b="3646" fs="10">Fitzsimon</wd>
			<wd l="1848" t="3597" r="1948" b="3646" fs="10">296</wd>
			<wd l="1977" t="3597" r="2170" b="3658" fs="10">(QRS);</wd>
		</ln>
		<ln lx="639" ly="3671" rx="2170" ry="3733">
			<wd l="639" t="3672" r="826" b="3722" fs="10">Mazlin</wd>
			<wd l="841" t="3672" r="1015" b="3731" fs="10">Creek,</wd>
			<wd l="1031" t="3672" r="1287" b="3731" fs="10">Atherton,</wd>
			<wd l="1300" t="3673" r="1418" b="3722" fs="10">Nov</wd>
			<wd l="1440" t="3672" r="1584" b="3731" fs="10">1991,</wd>
			<wd l="1603" t="3673" r="1672" b="3722" fs="10">Le</wd>
			<wd l="1688" t="3672" r="1884" b="3722" fs="10">Cussan</wd>
			<wd l="1905" t="3672" r="1921" b="3721" fs="10">1</wd>
			<wd l="1939" t="3672" r="1956" b="3721" fs="10">1</wd>
			<wd l="1979" t="3671" r="2170" b="3733" fs="10">(QRS);</wd>
		</ln>
		<ln lx="640" ly="3746" rx="2176" ry="3810">
			<wd l="640" t="3748" r="670" b="3796" fs="10">7</wd>
			<wd l="693" t="3747" r="776" b="3796" fs="10">km</wd>
			<wd l="795" t="3748" r="955" b="3797" fs="10">NNW</wd>
			<wd l="978" t="3746" r="1041" b="3797" fs="10">of</wd>
			<wd l="1055" t="3746" r="1308" b="3797" fs="10">Lakeland</wd>
			<wd l="1330" t="3748" r="1538" b="3806" fs="10">Downs,</wd>
			<wd l="1562" t="3747" r="1700" b="3810" fs="10">Cape</wd>
			<wd l="1723" t="3746" r="1877" b="3805" fs="10">York,</wd>
			<wd l="1903" t="3747" r="2001" b="3809" fs="10">Sep</wd>
			<wd l="2031" t="3747" r="2176" b="3805" fs="10">1987,</wd>
		</ln>
		<ln lx="639" ly="3821" rx="2175" ry="3885">
			<wd l="639" t="3822" r="732" b="3873" fs="10">Orr</wd>
			<wd l="763" t="3823" r="853" b="3872" fs="10">197</wd>
			<wd l="879" t="3822" r="1085" b="3884" fs="10">(DNA);</wd>
			<wd l="1112" t="3822" r="1333" b="3885" fs="10">Clohesy</wd>
			<wd l="1359" t="3822" r="1525" b="3881" fs="10">River,</wd>
			<wd l="1551" t="3822" r="1649" b="3873" fs="10">Oct</wd>
			<wd l="1680" t="3822" r="1823" b="3881" fs="10">1984,</wd>
			<wd l="1873" t="3821" r="2175" b="3885" fs="10">Sankowsky</wd>
		</ln>
		<ln lx="640" ly="3897" rx="2175" ry="3960">
			<wd l="640" t="3898" r="742" b="3947" fs="10">354</wd>
			<wd l="773" t="3898" r="822" b="3948" fs="10"><![CDATA[&]]></wd>
			<wd l="860" t="3897" r="1186" b="3960" fs="10">Sankowsky</wd>
			<wd l="1217" t="3898" r="1408" b="3959" fs="10">(BRI);</wd>
			<wd l="1445" t="3897" r="1818" b="3960" fs="10">Yungaburra,</wd>
			<wd l="1851" t="3898" r="1975" b="3947" fs="10">Nov</wd>
			<wd l="2018" t="3897" r="2175" b="3955" fs="10">1985,</wd>
		</ln>
		<ln lx="638" ly="3972" rx="2172" ry="4035">
			<wd l="638" t="3972" r="942" b="4035" fs="10">Sankowsky</wd>
			<wd l="965" t="3973" r="1057" b="4022" fs="10">451</wd>
			<wd l="1091" t="3973" r="1140" b="4023" fs="10"><![CDATA[&]]></wd>
			<wd l="1175" t="3972" r="1483" b="4035" fs="10">Sankowsky</wd>
			<wd l="1509" t="3973" r="1685" b="4034" fs="10">(BRI).</wd>
			<wd l="1715" t="3973" r="1896" b="4022" fs="10">North</wd>
			<wd l="1925" t="3973" r="2172" b="4021" fs="10">Kennedy</wd>
		</ln>
		<ln lx="640" ly="4047" rx="2177" ry="4110">
			<wd l="640" t="4049" r="885" b="4097" fs="10">District:</wd>
			<wd l="916" t="4055" r="1041" b="4097" fs="10">west</wd>
			<wd l="1069" t="4047" r="1133" b="4097" fs="10">of</wd>
			<wd l="1153" t="4047" r="1418" b="4110" fs="10">Kennedy,</wd>
			<wd l="1448" t="4062" r="1567" b="4097" fs="10">near</wd>
			<wd l="1594" t="4047" r="1863" b="4106" fs="10">Cardwell,</wd>
			<wd l="1894" t="4047" r="1994" b="4110" fs="10">Sep</wd>
			<wd l="2030" t="4047" r="2177" b="4105" fs="10">1935,</wd>
		</ln>
		<ln lx="639" ly="4122" rx="1135" ry="4184">
			<wd l="639" t="4122" r="793" b="4172" fs="10">Blake</wd>
			<wd l="811" t="4123" r="936" b="4172" fs="10">912'</wd>
			<wd l="964" t="4123" r="1135" b="4184" fs="10">(BRI).</wd>
		</ln>
		<ln lx="638" ly="4264" rx="2178" ry="4344">
			<wd l="638" t="4266" r="1006" b="4344" fs="10">Etymology</wd>
			<wd l="1009" t="4283" r="1025" b="4326" fs="10">:</wd>
			<wd l="1061" t="4265" r="1189" b="4327" fs="10">The</wd>
			<wd l="1220" t="4265" r="1470" b="4327" fs="10">varietal</wd>
			<wd l="1503" t="4264" r="1731" b="4344" fs="10">epithet</wd>
			<wd l="1760" t="4264" r="1950" b="4326" fs="10">refers</wd>
			<wd l="1981" t="4273" r="2045" b="4326" fs="10">to</wd>
			<wd l="2076" t="4264" r="2178" b="4326" fs="10">the</wd>
		</ln>
		<ln lx="643" ly="4355" rx="1310" ry="4433">
			<wd l="643" t="4355" r="903" b="4417" fs="10">absence</wd>
			<wd l="926" t="4355" r="1004" b="4417" fs="10">of</wd>
			<wd l="1017" t="4355" r="1310" b="4433" fs="10">stipellae.</wd>
		</ln>
		<ln lx="639" ly="4514" rx="2175" ry="4577">
			<wd l="639" t="4516" r="1112" b="4577" fs="10">Distribution</wd>
			<wd l="1158" t="4516" r="1303" b="4576" fs="10">and</wd>
			<wd l="1342" t="4516" r="1620" b="4576" fs="10">habitat</wd>
			<wd l="1624" t="4533" r="1641" b="4576" fs="10">:</wd>
			<wd l="1687" t="4517" r="1759" b="4576" fs="10">A.</wd>
			<wd l="1814" t="4514" r="2074" b="4576" fs="10">blackii</wd>
			<wd l="2117" t="4514" r="2175" b="4576" fs="10">is</wd>
		</ln>
		<ln lx="643" ly="4603" rx="2184" ry="4682">
			<wd l="643" t="4603" r="1003" b="4665" fs="10">distributed</wd>
			<wd l="1037" t="4603" r="1225" b="4682" fs="10">along</wd>
			<wd l="1257" t="4603" r="1359" b="4665" fs="10">the</wd>
			<wd l="1395" t="4613" r="1526" b="4665" fs="10">east</wd>
			<wd l="1560" t="4612" r="1734" b="4665" fs="10">coast</wd>
			<wd l="1768" t="4603" r="1847" b="4665" fs="10">of</wd>
			<wd l="1870" t="4603" r="2184" b="4665" fs="10">Australia</wd>
		</ln>
		<ln lx="644" ly="4691" rx="2180" ry="4754">
			<wd l="644" t="4692" r="803" b="4754" fs="10">from</wd>
			<wd l="836" t="4692" r="1082" b="4754" fs="10">latitude</wd>
			<wd l="1124" t="4693" r="1381" b="4754" fs="10">15°26'S</wd>
			<wd l="1416" t="4701" r="1480" b="4754" fs="10">to</wd>
			<wd l="1516" t="4693" r="1801" b="4754" fs="10">32°24'S.</wd>
			<wd l="1838" t="4693" r="1905" b="4753" fs="10">A.</wd>
			<wd l="1949" t="4691" r="2180" b="4753" fs="10">blackii</wd>
		</ln>
		<ln lx="642" ly="4780" rx="2180" ry="4860">
			<wd l="642" t="4800" r="768" b="4843" fs="10">var.</wd>
			<wd l="818" t="4781" r="1127" b="4860" fs="10">astipella</wd>
			<wd l="1211" t="4800" r="1447" b="4844" fs="10">occurs</wd>
			<wd l="1523" t="4781" r="1827" b="4843" fs="10">between</wd>
			<wd l="1869" t="4780" r="2180" b="4843" fs="10">latitudes</wd>
		</ln>
		<ln lx="652" ly="4870" rx="2182" ry="4950">
			<wd l="652" t="4872" r="904" b="4933" fs="10">15°26'S</wd>
			<wd l="941" t="4871" r="1060" b="4933" fs="10">and</wd>
			<wd l="1101" t="4872" r="1244" b="4933" fs="10">19°S</wd>
			<wd l="1280" t="4872" r="1459" b="4950" fs="10">(Map</wd>
			<wd l="1493" t="4871" r="1581" b="4949" fs="10">2),</wd>
			<wd l="1616" t="4871" r="1736" b="4933" fs="10">and</wd>
			<wd l="1769" t="4870" r="1821" b="4933" fs="10">is</wd>
			<wd l="1856" t="4870" r="2182" b="4950" fs="10">sympatric</wd>
		</ln>
		<ln lx="645" ly="4959" rx="2183" ry="5040">
			<wd l="645" t="4960" r="741" b="5023" fs="10">for</wd>
			<wd l="755" t="4969" r="885" b="5040" fs="10">part</wd>
			<wd l="902" t="4960" r="981" b="5023" fs="10">of</wd>
			<wd l="988" t="4960" r="1064" b="5023" fs="10">its</wd>
			<wd l="1081" t="4980" r="1267" b="5040" fs="10">range</wd>
			<wd l="1284" t="4960" r="1433" b="5023" fs="10">with</wd>
			<wd l="1449" t="4960" r="1551" b="5022" fs="10">the</wd>
			<wd l="1568" t="4969" r="1711" b="5040" fs="10">type</wd>
			<wd l="1728" t="4959" r="1960" b="5039" fs="10">variety</wd>
			<wd l="1977" t="4959" r="2183" b="5022" fs="10">which</wd>
		</ln>
		<ln lx="644" ly="5049" rx="2182" ry="5122">
			<wd l="644" t="5069" r="858" b="5112" fs="10">occurs</wd>
			<wd l="876" t="5050" r="1154" b="5112" fs="10">between</wd>
			<wd l="1173" t="5050" r="1453" b="5112" fs="10">latitudes</wd>
			<wd l="1480" t="5051" r="1736" b="5111" fs="10">16°55'S</wd>
			<wd l="1758" t="5049" r="1878" b="5111" fs="10">and</wd>
			<wd l="1896" t="5050" r="2182" b="5122" fs="10">32°24'S,</wd>
		</ln>
		<ln lx="644" ly="5139" rx="2179" ry="5218">
			<wd l="644" t="5140" r="830" b="5218" fs="10">(Map</wd>
			<wd l="870" t="5140" r="961" b="5216" fs="10">3).</wd>
			<wd l="1002" t="5139" r="1173" b="5201" fs="10">Both</wd>
			<wd l="1209" t="5139" r="1515" b="5201" fs="10">varieties</wd>
			<wd l="1555" t="5139" r="1636" b="5201" fs="10">of</wd>
			<wd l="1667" t="5141" r="1738" b="5201" fs="10">A.</wd>
			<wd l="1787" t="5139" r="2035" b="5201" fs="10">blackii</wd>
			<wd l="2072" t="5157" r="2179" b="5200" fs="10">are</wd>
		</ln>
		<ln lx="646" ly="5228" rx="2184" ry="5307">
			<wd l="646" t="5238" r="853" b="5307" fs="10">strong</wd>
			<wd l="884" t="5228" r="1178" b="5307" fs="10">vigorous</wd>
			<wd l="1213" t="5228" r="1629" b="5307" fs="10">conspicuous</wd>
			<wd l="1664" t="5228" r="1857" b="5290" fs="10">lianas</wd>
			<wd l="1892" t="5246" r="2184" b="5290" fs="10">common</wd>
		</ln>
		<ln lx="644" ly="5316" rx="2184" ry="5395">
			<wd l="644" t="5317" r="1041" b="5395" fs="10">throughout</wd>
			<wd l="1079" t="5317" r="1247" b="5378" fs="10">their</wd>
			<wd l="1284" t="5317" r="1654" b="5395" fs="10">respective</wd>
			<wd l="1695" t="5316" r="2184" b="5378" fs="10">distributional</wd>
		</ln>
		<ln lx="644" ly="5405" rx="2184" ry="5484">
			<wd l="644" t="5425" r="880" b="5484" fs="10">ranges.</wd>
			<wd l="896" t="5408" r="963" b="5467" fs="10">A.</wd>
			<wd l="993" t="5405" r="1221" b="5467" fs="10">blackii</wd>
			<wd l="1239" t="5405" r="1291" b="5467" fs="10">is</wd>
			<wd l="1313" t="5405" r="1675" b="5467" fs="10">considered</wd>
			<wd l="1694" t="5405" r="1836" b="5467" fs="10">well</wd>
			<wd l="1856" t="5405" r="2184" b="5484" fs="10">preserved</wd>
		</ln>
		<ln lx="646" ly="5494" rx="2183" ry="5572">
			<wd l="646" t="5496" r="909" b="5572" fs="10">(Forster</wd>
			<wd l="936" t="5504" r="995" b="5557" fs="10">et</wd>
			<wd l="1023" t="5495" r="1121" b="5568" fs="10">al.,</wd>
			<wd l="1161" t="5495" r="1364" b="5571" fs="10">1991).</wd>
			<wd l="1396" t="5494" r="1745" b="5557" fs="10">Rainforest</wd>
			<wd l="1773" t="5494" r="2088" b="5556" fs="10">classified</wd>
			<wd l="2117" t="5513" r="2183" b="5556" fs="10">as</wd>
		</ln>
	</region>
	<region article-doi="10.2307/41729921" region-id="2">
		<rc l="2296" t="850" r="3855" b="1930"/>
		<ln lx="2302" ly="855" rx="3845" ry="937">
			<wd l="2302" t="858" r="2517" b="937" fs="10">simple</wd>
			<wd l="2532" t="857" r="2845" b="936" fs="10">notophyll</wd>
			<wd l="2862" t="875" r="3186" b="936" fs="10">evergreen</wd>
			<wd l="3200" t="856" r="3546" b="929" fs="10">vineforest,</wd>
			<wd l="3564" t="855" r="3845" b="934" fs="10">complex</wd>
		</ln>
		<ln lx="2301" ly="947" rx="3841" ry="1028">
			<wd l="2301" t="949" r="2645" b="1028" fs="10">mesophyll</wd>
			<wd l="2660" t="948" r="2995" b="1011" fs="10">vineforest</wd>
			<wd l="3010" t="949" r="3288" b="1026" fs="10">(Hansen</wd>
			<wd l="3304" t="948" r="3423" b="1010" fs="10">and</wd>
			<wd l="3442" t="947" r="3841" b="1026" fs="10">Sankowsky,</wd>
		</ln>
		<ln lx="2311" ly="1039" rx="3846" ry="1120">
			<wd l="2311" t="1042" r="2513" b="1119" fs="10">1992),</wd>
			<wd l="2532" t="1041" r="3039" b="1120" fs="10">semi-evergreen</wd>
			<wd l="3053" t="1040" r="3196" b="1102" fs="10">vine</wd>
			<wd l="3211" t="1039" r="3485" b="1113" fs="10">thickets,</wd>
			<wd l="3504" t="1039" r="3846" b="1101" fs="10">araucarian</wd>
		</ln>
		<ln lx="2302" ly="1130" rx="3843" ry="1213">
			<wd l="2302" t="1133" r="2666" b="1213" fs="10">microphyll</wd>
			<wd l="2690" t="1132" r="3044" b="1206" fs="10">vineforest,</wd>
			<wd l="3071" t="1132" r="3191" b="1194" fs="10">and</wd>
			<wd l="3215" t="1131" r="3500" b="1211" fs="10">complex</wd>
			<wd l="3523" t="1130" r="3843" b="1210" fs="10">notophyll</wd>
		</ln>
		<ln lx="2302" ly="1222" rx="3847" ry="1288">
			<wd l="2302" t="1225" r="2638" b="1288" fs="10">vineforest</wd>
			<wd l="2669" t="1244" r="2769" b="1287" fs="10">are</wd>
			<wd l="2801" t="1224" r="2902" b="1287" fs="10">the</wd>
			<wd l="2934" t="1224" r="3101" b="1286" fs="10">main</wd>
			<wd l="3131" t="1224" r="3391" b="1286" fs="10">habitats</wd>
			<wd l="3423" t="1223" r="3717" b="1285" fs="10">recorded</wd>
			<wd l="3749" t="1222" r="3847" b="1285" fs="10">for</wd>
		</ln>
		<ln lx="2302" ly="1315" rx="3847" ry="1397">
			<wd l="2302" t="1318" r="2429" b="1380" fs="10">this</wd>
			<wd l="2470" t="1318" r="2723" b="1397" fs="10">species</wd>
			<wd l="2763" t="1318" r="3047" b="1395" fs="10">(Forster</wd>
			<wd l="3084" t="1326" r="3146" b="1378" fs="10">et</wd>
			<wd l="3183" t="1316" r="3289" b="1390" fs="10">al.,</wd>
			<wd l="3339" t="1317" r="3556" b="1393" fs="10">1991).</wd>
			<wd l="3598" t="1318" r="3650" b="1377" fs="10">It</wd>
			<wd l="3688" t="1315" r="3847" b="1377" fs="10">does</wd>
		</ln>
		<ln lx="2303" ly="1407" rx="3850" ry="1482">
			<wd l="2303" t="1409" r="2610" b="1482" fs="10">however,</wd>
			<wd l="2631" t="1408" r="2853" b="1470" fs="10">extend</wd>
			<wd l="2871" t="1417" r="2978" b="1470" fs="10">out</wd>
			<wd l="2994" t="1408" r="3074" b="1470" fs="10">of</wd>
			<wd l="3080" t="1408" r="3181" b="1469" fs="10">the</wd>
			<wd l="3198" t="1407" r="3521" b="1469" fs="10">rainforest</wd>
			<wd l="3537" t="1407" r="3850" b="1468" fs="10">wherever</wd>
		</ln>
		<ln lx="2305" ly="1498" rx="3849" ry="1578">
			<wd l="2305" t="1500" r="2506" b="1578" fs="10">ample</wd>
			<wd l="2530" t="1499" r="2822" b="1561" fs="10">moisture</wd>
			<wd l="2845" t="1499" r="3130" b="1578" fs="10">prevails,</wd>
			<wd l="3155" t="1498" r="3343" b="1576" fs="10">being</wd>
			<wd l="3368" t="1498" r="3533" b="1576" fs="10">quite</wd>
			<wd l="3558" t="1516" r="3849" b="1560" fs="10">common</wd>
		</ln>
		<ln lx="2305" ly="1589" rx="3848" ry="1665">
			<wd l="2305" t="1610" r="2387" b="1653" fs="10">on</wd>
			<wd l="2405" t="1591" r="2584" b="1653" fs="10">creek</wd>
			<wd l="2601" t="1590" r="2720" b="1652" fs="10">and</wd>
			<wd l="2736" t="1590" r="2895" b="1652" fs="10">river</wd>
			<wd l="2909" t="1590" r="3104" b="1652" fs="10">banks</wd>
			<wd l="3122" t="1589" r="3201" b="1652" fs="10">of</wd>
			<wd l="3208" t="1589" r="3437" b="1651" fs="10">coastal</wd>
			<wd l="3455" t="1589" r="3848" b="1665" fs="10">Queensland</wd>
		</ln>
		<ln lx="2306" ly="1679" rx="3848" ry="1758">
			<wd l="2306" t="1681" r="2659" b="1758" fs="10">(Williams,</wd>
			<wd l="2703" t="1681" r="2908" b="1757" fs="10">1979).</wd>
			<wd l="2945" t="1680" r="3093" b="1742" fs="10">This</wd>
			<wd l="3129" t="1680" r="3369" b="1758" fs="10">species</wd>
			<wd l="3404" t="1679" r="3457" b="1741" fs="10">is</wd>
			<wd l="3491" t="1679" r="3848" b="1757" fs="10">commonly</wd>
		</ln>
		<ln lx="2305" ly="1769" rx="3850" ry="1835">
			<wd l="2305" t="1772" r="2572" b="1835" fs="10">referred</wd>
			<wd l="2603" t="1781" r="2668" b="1834" fs="10">to</wd>
			<wd l="2703" t="1791" r="2770" b="1834" fs="10">as</wd>
			<wd l="2803" t="1771" r="2997" b="1833" fs="10">blood</wd>
			<wd l="3027" t="1771" r="3173" b="1833" fs="10">vine</wd>
			<wd l="3206" t="1771" r="3472" b="1833" fs="10">because</wd>
			<wd l="3507" t="1770" r="3585" b="1832" fs="10">of</wd>
			<wd l="3607" t="1770" r="3709" b="1832" fs="10">the</wd>
			<wd l="3741" t="1769" r="3850" b="1831" fs="10">red</wd>
		</ln>
		<ln lx="2306" ly="1862" rx="3671" ry="1925">
			<wd l="2306" t="1863" r="2564" b="1925" fs="10">exudate</wd>
			<wd l="2587" t="1863" r="2714" b="1925" fs="10">that</wd>
			<wd l="2736" t="1882" r="2924" b="1925" fs="10">oozes</wd>
			<wd l="2950" t="1862" r="3110" b="1924" fs="10">from</wd>
			<wd l="3132" t="1862" r="3441" b="1924" fs="10">wounded</wd>
			<wd l="3462" t="1862" r="3671" b="1923" fs="10">tissue.</wd>
		</ln>
	</region>
	<region article-doi="10.2307/41729921" region-id="3">
		<rc l="2308" t="3329" r="3680" b="3478"/>
		<ln lx="2314" ly="3334" rx="3675" ry="3399">
			<wd l="2314" t="3337" r="2445" b="3399" fs="10">Map</wd>
			<wd l="2465" t="3336" r="2512" b="3385" fs="10">2.</wd>
			<wd l="2533" t="3335" r="2854" b="3385" fs="10">Distribution</wd>
			<wd l="2873" t="3335" r="2936" b="3385" fs="10">of</wd>
			<wd l="2944" t="3337" r="3360" b="3384" fs="10">Austrosteenisia</wd>
			<wd l="3380" t="3334" r="3562" b="3384" fs="10">blackii</wd>
			<wd l="3577" t="3349" r="3675" b="3384" fs="10">var.</wd>
		</ln>
		<ln lx="2313" ly="3410" rx="2555" ry="3473">
			<wd l="2313" t="3410" r="2555" b="3473" fs="10">astipella.</wd>
		</ln>
	</region>
	<region article-doi="10.2307/41729921" region-id="4">
		<rc l="2320" t="5418" r="3708" b="5554"/>
		<ln lx="2325" ly="5423" rx="3703" ry="5488">
			<wd l="2325" t="5426" r="2456" b="5488" fs="10">Map</wd>
			<wd l="2474" t="5426" r="2522" b="5475" fs="10">3.</wd>
			<wd l="2543" t="5424" r="2864" b="5475" fs="10">Distribution</wd>
			<wd l="2884" t="5424" r="2947" b="5474" fs="10">of</wd>
			<wd l="2954" t="5426" r="3369" b="5473" fs="10">Austrosteenisia</wd>
			<wd l="3406" t="5423" r="3587" b="5472" fs="10">blackii</wd>
			<wd l="3605" t="5438" r="3703" b="5473" fs="10">var.</wd>
		</ln>
		<ln lx="2325" ly="5499" rx="2517" ry="5549">
			<wd l="2325" t="5499" r="2517" b="5549" fs="10">blackii.</wd>
		</ln>
	</region>
</ocr-page>
