<?xml version="1.0" encoding="UTF-8"?>
<ocr-page type="coords" ocr-vers="1.0" creation-date="20130321" res="600" height="6300" width="4500">
	<region article-doi="10.2307/41729914" region-id="0">
		<rc l="637" t="730" r="3757" b="802"/>
		<ln lx="642" ly="735" rx="3752" ry="797">
			<wd l="642" t="738" r="697" b="785" fs="10">18</wd>
			<wd l="2884" t="735" r="3261" b="797" fs="10">Austrobaileya</wd>
			<wd l="3280" t="736" r="3403" b="796" fs="10">5(1):</wd>
			<wd l="3426" t="736" r="3556" b="784" fs="10">9-27</wd>
			<wd l="3577" t="735" r="3752" b="796" fs="10">(1997)</wd>
		</ln>
	</region>
	<region article-doi="10.2307/41729914" region-id="1">
		<rc l="643" t="5098" r="3884" b="5396"/>
		<ln lx="650" ly="5103" rx="3875" ry="5166">
			<wd l="650" t="5104" r="755" b="5165" fs="10">Fig.</wd>
			<wd l="774" t="5104" r="820" b="5152" fs="10">3.</wd>
			<wd l="837" t="5104" r="1123" b="5152" fs="10">Dissiliaria</wd>
			<wd l="1142" t="5104" r="1432" b="5152" fs="10">indistincta.</wd>
			<wd l="1452" t="5105" r="1513" b="5152" fs="10">A.</wd>
			<wd l="1535" t="5104" r="1793" b="5166" fs="10">flowering</wd>
			<wd l="1809" t="5104" r="1928" b="5166" fs="10">twig</wd>
			<wd l="1950" t="5115" r="1975" b="5141" fs="10">x</wd>
			<wd l="1999" t="5104" r="2093" b="5153" fs="10">0.5.</wd>
			<wd l="2113" t="5105" r="2170" b="5153" fs="10">B.</wd>
			<wd l="2191" t="5104" r="2336" b="5153" fs="10">detail</wd>
			<wd l="2355" t="5104" r="2417" b="5153" fs="10">of</wd>
			<wd l="2427" t="5103" r="2616" b="5153" fs="10">adaxial</wd>
			<wd l="2637" t="5103" r="2741" b="5153" fs="10">leaf</wd>
			<wd l="2753" t="5103" r="2942" b="5153" fs="10">surface</wd>
			<wd l="2964" t="5115" r="2990" b="5142" fs="10">x</wd>
			<wd l="3019" t="5104" r="3058" b="5152" fs="10">1.</wd>
			<wd l="3079" t="5104" r="3134" b="5152" fs="10">C.</wd>
			<wd l="3155" t="5103" r="3281" b="5152" fs="10">male</wd>
			<wd l="3301" t="5103" r="3474" b="5152" fs="10">flower</wd>
			<wd l="3495" t="5115" r="3521" b="5141" fs="10">x</wd>
			<wd l="3546" t="5105" r="3588" b="5152" fs="10">5.</wd>
			<wd l="3608" t="5105" r="3668" b="5152" fs="10">D.</wd>
			<wd l="3691" t="5110" r="3875" b="5152" fs="10">stamen</wd>
		</ln>
		<ln lx="654" ly="5178" rx="3879" ry="5240">
			<wd l="654" t="5191" r="680" b="5217" fs="10">X</wd>
			<wd l="710" t="5180" r="782" b="5227" fs="10">10.</wd>
			<wd l="802" t="5180" r="855" b="5228" fs="10">E.</wd>
			<wd l="877" t="5179" r="1054" b="5228" fs="10">female</wd>
			<wd l="1074" t="5179" r="1427" b="5228" fs="10">inflorescence</wd>
			<wd l="1445" t="5179" r="1563" b="5227" fs="10">with</wd>
			<wd l="1581" t="5187" r="1679" b="5228" fs="10">two</wd>
			<wd l="1699" t="5179" r="1897" b="5228" fs="10">flowers</wd>
			<wd l="1920" t="5191" r="1946" b="5217" fs="10">x</wd>
			<wd l="1969" t="5180" r="2064" b="5228" fs="10">2.5.</wd>
			<wd l="2085" t="5181" r="2134" b="5228" fs="10">F.</wd>
			<wd l="2157" t="5179" r="2319" b="5228" fs="10">lateral</wd>
			<wd l="2338" t="5179" r="2466" b="5227" fs="10">view</wd>
			<wd l="2485" t="5179" r="2546" b="5227" fs="10">of</wd>
			<wd l="2558" t="5179" r="2671" b="5227" fs="10">fruit</wd>
			<wd l="2692" t="5191" r="2718" b="5217" fs="10">x</wd>
			<wd l="2742" t="5180" r="2836" b="5227" fs="10">2.5.</wd>
			<wd l="2858" t="5179" r="2917" b="5227" fs="10">G.</wd>
			<wd l="2939" t="5179" r="3095" b="5240" fs="10">apical</wd>
			<wd l="3114" t="5178" r="3242" b="5227" fs="10">view</wd>
			<wd l="3262" t="5178" r="3323" b="5226" fs="10">of</wd>
			<wd l="3334" t="5178" r="3448" b="5227" fs="10">fruit</wd>
			<wd l="3469" t="5190" r="3495" b="5216" fs="10">x</wd>
			<wd l="3519" t="5179" r="3614" b="5226" fs="10">2.5.</wd>
			<wd l="3635" t="5180" r="3694" b="5226" fs="10">H.</wd>
			<wd l="3717" t="5178" r="3879" b="5227" fs="10">lateral</wd>
		</ln>
		<ln lx="650" ly="5253" rx="3869" ry="5315">
			<wd l="650" t="5254" r="778" b="5302" fs="10">view</wd>
			<wd l="798" t="5254" r="859" b="5302" fs="10">of</wd>
			<wd l="872" t="5254" r="987" b="5302" fs="10">seed</wd>
			<wd l="1011" t="5265" r="1036" b="5292" fs="10">x</wd>
			<wd l="1068" t="5255" r="1139" b="5302" fs="10">10.</wd>
			<wd l="1162" t="5255" r="1195" b="5302" fs="10">1,</wd>
			<wd l="1218" t="5254" r="1401" b="5303" fs="10">ventral</wd>
			<wd l="1421" t="5254" r="1550" b="5302" fs="10">view</wd>
			<wd l="1570" t="5254" r="1631" b="5303" fs="10">of</wd>
			<wd l="1644" t="5254" r="1759" b="5303" fs="10">seed</wd>
			<wd l="1783" t="5266" r="1809" b="5292" fs="10">x</wd>
			<wd l="1840" t="5255" r="1912" b="5302" fs="10">10.</wd>
			<wd l="1934" t="5255" r="1995" b="5312" fs="10">A,</wd>
			<wd l="2016" t="5255" r="2073" b="5312" fs="10">B,</wd>
			<wd l="2094" t="5255" r="2133" b="5302" fs="10">E</wd>
			<wd l="2154" t="5253" r="2280" b="5303" fs="10">from</wd>
			<wd l="2310" t="5255" r="2512" b="5302" fs="10">Forster</wd>
			<wd l="2537" t="5255" r="2694" b="5302" fs="10">14856</wd>
			<wd l="2714" t="5254" r="2762" b="5303" fs="10"><![CDATA[&]]></wd>
			<wd l="2780" t="5255" r="2917" b="5302" fs="10">Bean</wd>
			<wd l="2938" t="5254" r="3108" b="5315" fs="10">(BRI);</wd>
			<wd l="3130" t="5254" r="3187" b="5312" fs="10">C,</wd>
			<wd l="3208" t="5255" r="3253" b="5302" fs="10">D</wd>
			<wd l="3275" t="5253" r="3402" b="5302" fs="10">from</wd>
			<wd l="3417" t="5255" r="3619" b="5302" fs="10">Forster</wd>
			<wd l="3644" t="5254" r="3801" b="5301" fs="10">14857</wd>
			<wd l="3822" t="5254" r="3869" b="5302" fs="10"><![CDATA[&]]></wd>
		</ln>
		<ln lx="648" ly="5329" rx="3085" ry="5391">
			<wd l="648" t="5330" r="785" b="5377" fs="10">Bean</wd>
			<wd l="805" t="5329" r="973" b="5390" fs="10">(BRI),</wd>
			<wd l="994" t="5331" r="1044" b="5387" fs="10">F,</wd>
			<wd l="1066" t="5330" r="1111" b="5378" fs="10">G</wd>
			<wd l="1132" t="5329" r="1259" b="5378" fs="10">from</wd>
			<wd l="1274" t="5331" r="1476" b="5377" fs="10">Forster</wd>
			<wd l="1501" t="5330" r="1659" b="5377" fs="10">14302</wd>
			<wd l="1681" t="5330" r="1850" b="5390" fs="10">(BRI);</wd>
			<wd l="1872" t="5331" r="1933" b="5387" fs="10">H,</wd>
			<wd l="1955" t="5331" r="1973" b="5377" fs="10">I</wd>
			<wd l="1995" t="5329" r="2121" b="5378" fs="10">from</wd>
			<wd l="2136" t="5330" r="2326" b="5391" fs="10">Sharpe</wd>
			<wd l="2344" t="5330" r="2473" b="5377" fs="10">4175</wd>
			<wd l="2497" t="5330" r="2664" b="5390" fs="10">(BRI).</wd>
			<wd l="2686" t="5329" r="2795" b="5378" fs="10">Del.</wd>
			<wd l="2819" t="5331" r="2892" b="5378" fs="10">W.</wd>
			<wd l="2917" t="5329" r="3085" b="5378" fs="10">Smith.</wd>
		</ln>
	</region>
</ocr-page>
