<?xml version="1.0" encoding="UTF-8"?>
<ocr-page type="coords" ocr-vers="1.0" creation-date="20130321" res="600" height="6300" width="4500">
	<region article-doi="10.2307/41729923" region-id="0">
		<rc l="630" t="731" r="3858" b="805"/>
		<ln lx="635" ly="736" rx="3853" ry="800">
			<wd l="635" t="739" r="829" b="800" fs="10">Pedley,</wd>
			<wd l="854" t="739" r="1172" b="800" fs="10">Caesalpinia</wd>
			<wd l="3791" t="736" r="3853" b="783" fs="10">99</wd>
		</ln>
	</region>
	<region article-doi="10.2307/41729923" region-id="1">
		<rc l="628" t="855" r="2192" b="5535"/>
		<ln lx="633" ly="860" rx="2166" ry="923">
			<wd l="633" t="863" r="889" b="911" fs="10">Selected</wd>
			<wd l="918" t="862" r="1229" b="923" fs="10">specimens</wd>
			<wd l="1237" t="876" r="1248" b="910" fs="10">:</wd>
			<wd l="1317" t="863" r="1508" b="922" fs="10">Papua</wd>
			<wd l="1544" t="862" r="1674" b="909" fs="10">New</wd>
			<wd l="1711" t="861" r="1952" b="909" fs="10">Guinea.</wd>
			<wd l="2023" t="860" r="2166" b="909" fs="10">Lake</wd>
		</ln>
		<ln lx="635" ly="936" rx="2164" ry="999">
			<wd l="635" t="937" r="907" b="996" fs="10">Davumbu,</wd>
			<wd l="923" t="937" r="1112" b="986" fs="10">Middle</wd>
			<wd l="1126" t="937" r="1211" b="999" fs="10">Fly</wd>
			<wd l="1226" t="936" r="1385" b="995" fs="10">River,</wd>
			<wd l="1401" t="937" r="1515" b="998" fs="10">Aug</wd>
			<wd l="1535" t="937" r="1674" b="995" fs="10">1936,</wd>
			<wd l="1691" t="938" r="1842" b="984" fs="10">Brass</wd>
			<wd l="1856" t="936" r="1983" b="984" fs="10">7498</wd>
			<wd l="2000" t="936" r="2164" b="997" fs="10">(BRI).</wd>
		</ln>
		<ln lx="636" ly="1012" rx="2164" ry="1072">
			<wd l="636" t="1014" r="990" b="1072" fs="10">Queensland.</wd>
			<wd l="1055" t="1013" r="1202" b="1061" fs="10">Cook</wd>
			<wd l="1231" t="1014" r="1477" b="1060" fs="10">District.</wd>
			<wd l="1537" t="1012" r="1750" b="1060" fs="10">Claudie</wd>
			<wd l="1781" t="1012" r="1949" b="1069" fs="10">River,</wd>
			<wd l="1982" t="1012" r="2164" b="1060" fs="10">20°43'</wd>
		</ln>
		<ln lx="642" ly="1086" rx="2169" ry="1149">
			<wd l="642" t="1089" r="866" b="1147" fs="10">143°17'</wd>
			<wd l="883" t="1090" r="987" b="1137" fs="10">Dec</wd>
			<wd l="1011" t="1088" r="1151" b="1146" fs="10">1994,</wd>
			<wd l="1173" t="1087" r="1375" b="1149" fs="10">Hyland</wd>
			<wd l="1385" t="1088" r="1599" b="1136" fs="10">21263V</wd>
			<wd l="1616" t="1088" r="1761" b="1148" fs="10">(BRI,</wd>
			<wd l="1779" t="1087" r="1945" b="1148" fs="10">QRS);</wd>
			<wd l="1963" t="1086" r="2169" b="1136" fs="10">Claudie</wd>
		</ln>
		<ln lx="635" ly="1163" rx="2170" ry="1224">
			<wd l="635" t="1164" r="783" b="1212" fs="10">River</wd>
			<wd l="799" t="1164" r="1020" b="1212" fs="10">between</wd>
			<wd l="1038" t="1163" r="1263" b="1212" fs="10">Portland</wd>
			<wd l="1281" t="1163" r="1447" b="1212" fs="10">Roads</wd>
			<wd l="1466" t="1163" r="1560" b="1211" fs="10">and</wd>
			<wd l="1578" t="1164" r="1687" b="1211" fs="10">Iron</wd>
			<wd l="1705" t="1164" r="1890" b="1224" fs="10">Range,</wd>
			<wd l="1911" t="1163" r="2006" b="1211" fs="10">Oct</wd>
			<wd l="2030" t="1163" r="2170" b="1220" fs="10">1968,</wd>
		</ln>
		<ln lx="643" ly="1238" rx="2167" ry="1300">
			<wd l="643" t="1239" r="782" b="1287" fs="10">Webb</wd>
			<wd l="799" t="1240" r="847" b="1287" fs="10"><![CDATA[&]]></wd>
			<wd l="863" t="1240" r="1041" b="1300" fs="10">Tracey</wd>
			<wd l="1055" t="1239" r="1182" b="1287" fs="10">8546</wd>
			<wd l="1198" t="1239" r="1364" b="1299" fs="10">(BRI);</wd>
			<wd l="1380" t="1238" r="1563" b="1286" fs="10">Archer</wd>
			<wd l="1575" t="1238" r="1734" b="1296" fs="10">River,</wd>
			<wd l="1750" t="1239" r="1841" b="1286" fs="10">Jun</wd>
			<wd l="1861" t="1239" r="1878" b="1285" fs="10">1</wd>
			<wd l="1889" t="1238" r="2000" b="1295" fs="10">948,</wd>
			<wd l="2018" t="1239" r="2167" b="1285" fs="10">Brass</wd>
		</ln>
		<ln lx="643" ly="1314" rx="2170" ry="1375">
			<wd l="643" t="1315" r="800" b="1363" fs="10">19746</wd>
			<wd l="818" t="1315" r="987" b="1375" fs="10">(BRI);</wd>
			<wd l="1008" t="1315" r="1208" b="1363" fs="10">Stewart</wd>
			<wd l="1223" t="1314" r="1384" b="1372" fs="10">River,</wd>
			<wd l="1402" t="1329" r="1517" b="1362" fs="10">near</wd>
			<wd l="1531" t="1315" r="1642" b="1362" fs="10">Port</wd>
			<wd l="1659" t="1314" r="1875" b="1371" fs="10">Stewart,</wd>
			<wd l="1890" t="1315" r="2006" b="1362" fs="10">Nov</wd>
			<wd l="2029" t="1314" r="2170" b="1371" fs="10">1965,</wd>
		</ln>
		<ln lx="633" ly="1390" rx="1152" ry="1452">
			<wd l="633" t="1390" r="816" b="1452" fs="10">Pedley</wd>
			<wd l="841" t="1391" r="964" b="1438" fs="10">1888</wd>
			<wd l="986" t="1390" r="1152" b="1451" fs="10">(BRI).</wd>
		</ln>
		<ln lx="633" ly="1536" rx="2171" ry="1615">
			<wd l="633" t="1539" r="1066" b="1599" fs="10">Distribution</wd>
			<wd l="1104" t="1539" r="1241" b="1598" fs="10">and</wd>
			<wd l="1272" t="1538" r="1525" b="1598" fs="10">habitat</wd>
			<wd l="1527" t="1556" r="1541" b="1598" fs="10">:</wd>
			<wd l="1587" t="1536" r="1981" b="1615" fs="10">Scrambling</wd>
			<wd l="2020" t="1556" r="2171" b="1597" fs="10">over</wd>
		</ln>
		<ln lx="635" ly="1629" rx="2174" ry="1690">
			<wd l="635" t="1639" r="790" b="1690" fs="10">trees</wd>
			<wd l="817" t="1630" r="879" b="1689" fs="10">in</wd>
			<wd l="922" t="1630" r="1181" b="1690" fs="10">riverine</wd>
			<wd l="1205" t="1630" r="1528" b="1690" fs="10">rainforest</wd>
			<wd l="1552" t="1649" r="1633" b="1689" fs="10">on</wd>
			<wd l="1656" t="1629" r="1756" b="1689" fs="10">the</wd>
			<wd l="1783" t="1638" r="2018" b="1689" fs="10">eastern</wd>
			<wd l="2044" t="1629" r="2174" b="1689" fs="10">side</wd>
		</ln>
		<ln lx="638" ly="1721" rx="2170" ry="1799">
			<wd l="638" t="1721" r="714" b="1782" fs="10">of</wd>
			<wd l="733" t="1723" r="900" b="1799" fs="10">Cape</wd>
			<wd l="928" t="1721" r="1099" b="1782" fs="10">York</wd>
			<wd l="1126" t="1721" r="1451" b="1782" fs="10">Peninsula</wd>
			<wd l="1476" t="1721" r="1755" b="1782" fs="10">between</wd>
			<wd l="1783" t="1721" r="1968" b="1781" fs="10">about</wd>
			<wd l="2003" t="1722" r="2170" b="1782" fs="10">1214°</wd>
		</ln>
		<ln lx="638" ly="1813" rx="2171" ry="1886">
			<wd l="638" t="1814" r="756" b="1875" fs="10">and</wd>
			<wd l="785" t="1816" r="888" b="1874" fs="10">14°</wd>
			<wd l="914" t="1814" r="1178" b="1886" fs="10">latitude,</wd>
			<wd l="1204" t="1814" r="1322" b="1874" fs="10">and</wd>
			<wd l="1343" t="1814" r="1406" b="1873" fs="10">in</wd>
			<wd l="1429" t="1813" r="1715" b="1874" fs="10">southern</wd>
			<wd l="1733" t="1816" r="1893" b="1874" fs="10">New</wd>
			<wd l="1914" t="1814" r="2171" b="1874" fs="10">Guinea.</wd>
		</ln>
		<ln lx="633" ly="1977" rx="2176" ry="2055">
			<wd l="633" t="1980" r="830" b="2039" fs="10">Notes</wd>
			<wd l="837" t="1997" r="851" b="2038" fs="10">:</wd>
			<wd l="915" t="1978" r="1165" b="2038" fs="10">Hattink</wd>
			<wd l="1196" t="1978" r="1415" b="2054" fs="10">(1974)</wd>
			<wd l="1447" t="1978" r="1589" b="2038" fs="10">who</wd>
			<wd l="1622" t="1977" r="1886" b="2055" fs="10">adopted</wd>
			<wd l="1917" t="1997" r="1952" b="2038" fs="10">a</wd>
			<wd l="1979" t="1977" r="2176" b="2038" fs="10">rather</wd>
		</ln>
		<ln lx="637" ly="2069" rx="2174" ry="2147">
			<wd l="637" t="2070" r="796" b="2130" fs="10">wide</wd>
			<wd l="822" t="2078" r="1079" b="2147" fs="10">concept</wd>
			<wd l="1104" t="2070" r="1180" b="2130" fs="10">of</wd>
			<wd l="1195" t="2069" r="1431" b="2147" fs="10">species</wd>
			<wd l="1456" t="2069" r="1784" b="2147" fs="10">generally,</wd>
			<wd l="1812" t="2069" r="2174" b="2129" fs="10">considered</wd>
		</ln>
		<ln lx="641" ly="2161" rx="2172" ry="2239">
			<wd l="641" t="2163" r="707" b="2222" fs="10">C.</wd>
			<wd l="778" t="2162" r="1233" b="2222" fs="10">scortechinii</wd>
			<wd l="1291" t="2161" r="1545" b="2239" fs="10">ranged</wd>
			<wd l="1609" t="2161" r="1784" b="2222" fs="10">from</wd>
			<wd l="1850" t="2161" r="2172" b="2222" fs="10">southern</wd>
		</ln>
		<ln lx="639" ly="2254" rx="2174" ry="2332">
			<wd l="639" t="2254" r="1030" b="2329" fs="10">Queensland</wd>
			<wd l="1057" t="2263" r="1120" b="2315" fs="10">to</wd>
			<wd l="1147" t="2257" r="1306" b="2315" fs="10">New</wd>
			<wd l="1335" t="2254" r="1592" b="2327" fs="10">Guinea,</wd>
			<wd l="1623" t="2254" r="1856" b="2332" fs="10">though</wd>
			<wd l="1883" t="2254" r="1960" b="2314" fs="10">he</wd>
			<wd l="1988" t="2254" r="2174" b="2314" fs="10">noted</wd>
		</ln>
		<ln lx="637" ly="2346" rx="2175" ry="2424">
			<wd l="637" t="2347" r="765" b="2407" fs="10">that</wd>
			<wd l="775" t="2349" r="968" b="2407" fs="10">Brass</wd>
			<wd l="992" t="2348" r="1189" b="2407" fs="10">19746</wd>
			<wd l="1210" t="2346" r="1397" b="2423" fs="10">(cited</wd>
			<wd l="1416" t="2346" r="1639" b="2423" fs="10">above)</wd>
			<wd l="1658" t="2346" r="1852" b="2424" fs="10">might</wd>
			<wd l="1868" t="2354" r="2175" b="2424" fs="10">represent</wd>
		</ln>
		<ln lx="639" ly="2439" rx="2171" ry="2517">
			<wd l="639" t="2459" r="674" b="2500" fs="10">a</wd>
			<wd l="701" t="2439" r="945" b="2500" fs="10">distinct</wd>
			<wd l="973" t="2439" r="1229" b="2517" fs="10">species.</wd>
			<wd l="1262" t="2439" r="1406" b="2500" fs="10">This</wd>
			<wd l="1434" t="2459" r="1657" b="2517" fs="10">proves</wd>
			<wd l="1685" t="2448" r="1747" b="2500" fs="10">to</wd>
			<wd l="1776" t="2439" r="1853" b="2500" fs="10">be</wd>
			<wd l="1881" t="2439" r="1981" b="2499" fs="10">the</wd>
			<wd l="2012" t="2459" r="2171" b="2499" fs="10">case:</wd>
		</ln>
		<ln lx="642" ly="2531" rx="2175" ry="2609">
			<wd l="642" t="2534" r="703" b="2592" fs="10">C.</wd>
			<wd l="735" t="2532" r="1132" b="2592" fs="10">scortechinii</wd>
			<wd l="1152" t="2532" r="1261" b="2592" fs="10">has</wd>
			<wd l="1287" t="2551" r="1456" b="2592" fs="10">more</wd>
			<wd l="1483" t="2532" r="1764" b="2609" fs="10">elongate</wd>
			<wd l="1792" t="2531" r="2029" b="2592" fs="10">leaflets</wd>
			<wd l="2056" t="2531" r="2175" b="2592" fs="10">and</wd>
		</ln>
		<ln lx="641" ly="2623" rx="2175" ry="2702">
			<wd l="641" t="2624" r="882" b="2685" fs="10">smaller</wd>
			<wd l="916" t="2624" r="1163" b="2685" fs="10">flowers</wd>
			<wd l="1200" t="2624" r="1319" b="2685" fs="10">and</wd>
			<wd l="1351" t="2624" r="1508" b="2702" fs="10">pods</wd>
			<wd l="1545" t="2624" r="1664" b="2684" fs="10">and</wd>
			<wd l="1699" t="2624" r="1750" b="2684" fs="10">is</wd>
			<wd l="1787" t="2623" r="2080" b="2684" fs="10">confined</wd>
			<wd l="2112" t="2632" r="2175" b="2684" fs="10">to</wd>
		</ln>
		<ln lx="641" ly="2716" rx="2176" ry="2791">
			<wd l="641" t="2716" r="1093" b="2777" fs="10">south-eastern</wd>
			<wd l="1129" t="2716" r="1531" b="2791" fs="10">Queensland</wd>
			<wd l="1567" t="2716" r="1687" b="2777" fs="10">and</wd>
			<wd l="1722" t="2716" r="2176" b="2777" fs="10">north-eastern</wd>
		</ln>
		<ln lx="637" ly="2809" rx="1257" ry="2869">
			<wd l="637" t="2811" r="795" b="2869" fs="10">New</wd>
			<wd l="821" t="2809" r="1011" b="2869" fs="10">South</wd>
			<wd l="1035" t="2809" r="1257" b="2869" fs="10">Wales.</wd>
		</ln>
		<ln lx="636" ly="2972" rx="2175" ry="3049">
			<wd l="636" t="2974" r="997" b="3049" fs="10">Etymology</wd>
			<wd l="1002" t="2991" r="1016" b="3032" fs="10">:</wd>
			<wd l="1039" t="2972" r="1164" b="3032" fs="10">The</wd>
			<wd l="1183" t="2972" r="1431" b="3049" fs="10">specific</wd>
			<wd l="1450" t="2972" r="1670" b="3049" fs="10">epithet</wd>
			<wd l="1687" t="2972" r="1737" b="3032" fs="10">is</wd>
			<wd l="1757" t="2972" r="2001" b="3032" fs="10">derived</wd>
			<wd l="2018" t="2972" r="2175" b="3032" fs="10">from</wd>
		</ln>
		<ln lx="640" ly="3063" rx="2172" ry="3142">
			<wd l="640" t="3064" r="837" b="3124" fs="10">Greek</wd>
			<wd l="881" t="3064" r="1164" b="3142" fs="10">erythros</wd>
			<wd l="1171" t="3114" r="1184" b="3136" fs="10">,</wd>
			<wd l="1219" t="3064" r="1326" b="3124" fs="10">red</wd>
			<wd l="1360" t="3064" r="1478" b="3124" fs="10">and</wd>
			<wd l="1524" t="3085" r="1759" b="3142" fs="10">carpos,</wd>
			<wd l="1814" t="3064" r="1981" b="3136" fs="10">fruit;</wd>
			<wd l="2020" t="3063" r="2172" b="3124" fs="10">both</wd>
		</ln>
		<ln lx="638" ly="3156" rx="2187" ry="3234">
			<wd l="638" t="3159" r="821" b="3217" fs="10">Brass</wd>
			<wd l="843" t="3156" r="961" b="3217" fs="10">and</wd>
			<wd l="980" t="3156" r="1225" b="3234" fs="10">Hyland</wd>
			<wd l="1244" t="3156" r="1430" b="3216" fs="10">noted</wd>
			<wd l="1448" t="3156" r="1574" b="3216" fs="10">that</wd>
			<wd l="1594" t="3156" r="1910" b="3216" fs="10">immature</wd>
			<wd l="1930" t="3156" r="2087" b="3233" fs="10">pods</wd>
			<wd l="2110" t="3156" r="2187" b="3216" fs="10">of</wd>
		</ln>
		<ln lx="637" ly="3248" rx="1271" ry="3326">
			<wd l="637" t="3248" r="738" b="3309" fs="10">the</wd>
			<wd l="764" t="3248" r="1000" b="3326" fs="10">species</wd>
			<wd l="1026" t="3268" r="1124" b="3309" fs="10">are</wd>
			<wd l="1147" t="3248" r="1271" b="3309" fs="10">red.</wd>
		</ln>
		<ln lx="640" ly="3411" rx="2170" ry="3489">
			<wd l="640" t="3413" r="1054" b="3489" fs="10">Caesalpinia</wd>
			<wd l="1075" t="3413" r="1320" b="3489" fs="10">traceyi</wd>
			<wd l="1336" t="3411" r="1584" b="3489" fs="10">Pedley,</wd>
			<wd l="1602" t="3430" r="1696" b="3489" fs="10">sp.</wd>
			<wd l="1719" t="3430" r="1864" b="3472" fs="10">nov.</wd>
			<wd l="1883" t="3411" r="2170" b="3472" fs="10">notabilis</wd>
		</ln>
		<ln lx="827" ly="3504" rx="2173" ry="3583">
			<wd l="827" t="3513" r="1065" b="3583" fs="10">propter</wd>
			<wd l="1079" t="3504" r="1378" b="3582" fs="10">margines</wd>
			<wd l="1395" t="3504" r="1614" b="3582" fs="10">unguis</wd>
			<wd l="1631" t="3504" r="1811" b="3582" fs="10">petali</wd>
			<wd l="1828" t="3504" r="2173" b="3582" fs="10">posterions</wd>
		</ln>
		<ln lx="829" ly="3597" rx="2178" ry="3675">
			<wd l="829" t="3597" r="1095" b="3674" fs="10">(vexilli)</wd>
			<wd l="1127" t="3597" r="1307" b="3658" fs="10">valde</wd>
			<wd l="1341" t="3597" r="1631" b="3658" fs="10">involutis</wd>
			<wd l="1665" t="3597" r="1729" b="3657" fs="10">in</wd>
			<wd l="1758" t="3606" r="1925" b="3675" fs="10">parte</wd>
			<wd l="1961" t="3617" r="2178" b="3675" fs="10">supera</wd>
		</ln>
		<ln lx="827" ly="3689" rx="2175" ry="3767">
			<wd l="827" t="3689" r="1052" b="3750" fs="10">tubum</wd>
			<wd l="1090" t="3709" r="1296" b="3767" fs="10">paene</wd>
			<wd l="1338" t="3689" r="1632" b="3750" fs="10">clausum</wd>
			<wd l="1671" t="3689" r="1825" b="3767" fs="10">pilis</wd>
			<wd l="1865" t="3689" r="2175" b="3750" fs="10">brunneis</wd>
		</ln>
		<ln lx="827" ly="3782" rx="2177" ry="3859">
			<wd l="827" t="3782" r="979" b="3859" fs="10">plus</wd>
			<wd l="1023" t="3783" r="1334" b="3842" fs="10">minusve</wd>
			<wd l="1378" t="3782" r="1653" b="3859" fs="10">plenum</wd>
			<wd l="1698" t="3782" r="2094" b="3854" fs="10">formantes,</wd>
			<wd l="2142" t="3802" r="2177" b="3842" fs="10">a</wd>
		</ln>
		<ln lx="831" ly="3873" rx="2175" ry="3951">
			<wd l="831" t="3875" r="893" b="3934" fs="10">C.</wd>
			<wd l="922" t="3874" r="1320" b="3934" fs="10">scortechinii</wd>
			<wd l="1338" t="3873" r="1679" b="3950" fs="10">(F.Muell.)</wd>
			<wd l="1701" t="3873" r="1953" b="3934" fs="10">Hattink</wd>
			<wd l="1971" t="3874" r="2175" b="3951" fs="10">pinnis</wd>
		</ln>
		<ln lx="827" ly="3965" rx="2174" ry="4043">
			<wd l="827" t="3965" r="1121" b="4043" fs="10">pluribus</wd>
			<wd l="1161" t="3965" r="1542" b="4043" fs="10">plerumque</wd>
			<wd l="1585" t="3965" r="1839" b="4026" fs="10">foliolis</wd>
			<wd l="1879" t="3965" r="2174" b="4043" fs="10">pluribus</wd>
		</ln>
		<ln lx="830" ly="4058" rx="2173" ry="4136">
			<wd l="830" t="4058" r="1077" b="4119" fs="10">differì.</wd>
			<wd l="1140" t="4061" r="1409" b="4136" fs="10">Typus:</wd>
			<wd l="1462" t="4058" r="1926" b="4133" fs="10">Queensland.</wd>
			<wd l="1979" t="4060" r="2173" b="4119" fs="10">Cook</wd>
		</ln>
		<ln lx="829" ly="4150" rx="2174" ry="4223">
			<wd l="829" t="4153" r="1126" b="4211" fs="10">District:</wd>
			<wd l="1163" t="4150" r="1469" b="4223" fs="10">Kuranda,</wd>
			<wd l="1514" t="4152" r="1798" b="4223" fs="10">16°49'S,</wd>
			<wd l="1843" t="4152" r="2174" b="4223" fs="10">145°38'E,</wd>
		</ln>
		<ln lx="831" ly="4242" rx="2169" ry="4315">
			<wd l="831" t="4244" r="866" b="4302" fs="10">7</wd>
			<wd l="905" t="4242" r="1280" b="4303" fs="10">November</wd>
			<wd l="1326" t="4244" r="1513" b="4315" fs="10">1958,</wd>
			<wd l="1560" t="4242" r="1910" b="4303" fs="10">L.S.Smith</wd>
			<wd l="1960" t="4244" r="2169" b="4303" fs="10">10448</wd>
		</ln>
		<ln lx="830" ly="4334" rx="1457" ry="4410">
			<wd l="830" t="4334" r="1022" b="4410" fs="10">(holo:</wd>
			<wd l="1050" t="4337" r="1208" b="4406" fs="10">BRI;</wd>
			<wd l="1235" t="4335" r="1328" b="4395" fs="10">iso</wd>
			<wd l="1354" t="4335" r="1457" b="4409" fs="10">K).</wd>
		</ln>
		<ln lx="641" ly="4493" rx="2177" ry="4570">
			<wd l="641" t="4495" r="832" b="4570" fs="10">Large</wd>
			<wd l="861" t="4493" r="1228" b="4570" fs="10">scrambling</wd>
			<wd l="1254" t="4493" r="1415" b="4565" fs="10">vine,</wd>
			<wd l="1443" t="4493" r="1706" b="4570" fs="10">prickles</wd>
			<wd l="1736" t="4513" r="1817" b="4553" fs="10">on</wd>
			<wd l="1845" t="4502" r="2029" b="4554" fs="10">stems</wd>
			<wd l="2058" t="4494" r="2177" b="4554" fs="10">and</wd>
		</ln>
		<ln lx="642" ly="4580" rx="2178" ry="4658">
			<wd l="642" t="4580" r="774" b="4640" fs="10">leaf</wd>
			<wd l="797" t="4580" r="1086" b="4652" fs="10">rachises;</wd>
			<wd l="1122" t="4580" r="1466" b="4640" fs="10">branchlets</wd>
			<wd l="1501" t="4581" r="1650" b="4641" fs="10">with</wd>
			<wd l="1686" t="4600" r="1892" b="4658" fs="10">sparse</wd>
			<wd l="1929" t="4581" r="2178" b="4641" fs="10">fulvous</wd>
		</ln>
		<ln lx="639" ly="4668" rx="2175" ry="4745">
			<wd l="639" t="4668" r="819" b="4739" fs="10">hairs,</wd>
			<wd l="856" t="4668" r="1253" b="4744" fs="10">glabrescent.</wd>
			<wd l="1322" t="4670" r="1556" b="4728" fs="10">Leaves</wd>
			<wd l="1591" t="4668" r="1833" b="4745" fs="10">usually</wd>
			<wd l="1868" t="4668" r="2175" b="4740" fs="10">alternate;</wd>
		</ln>
		<ln lx="641" ly="4754" rx="2176" ry="4832">
			<wd l="641" t="4755" r="769" b="4814" fs="10">axis</wd>
			<wd l="796" t="4756" r="986" b="4814" fs="10">16-35</wd>
			<wd l="1010" t="4774" r="1107" b="4814" fs="10">cm</wd>
			<wd l="1126" t="4755" r="1269" b="4832" fs="10">long</wd>
			<wd l="1301" t="4754" r="1637" b="4832" fs="10">(including</wd>
			<wd l="1653" t="4755" r="1875" b="4832" fs="10">petiole</wd>
			<wd l="1894" t="4756" r="2014" b="4815" fs="10">3-6</wd>
			<wd l="2034" t="4756" r="2176" b="4831" fs="10">cm),</wd>
		</ln>
		<ln lx="640" ly="4842" rx="2179" ry="4919">
			<wd l="640" t="4842" r="787" b="4902" fs="10">with</wd>
			<wd l="814" t="4842" r="1061" b="4902" fs="10">fulvous</wd>
			<wd l="1090" t="4842" r="1329" b="4919" fs="10">crisped</wd>
			<wd l="1354" t="4842" r="1534" b="4914" fs="10">hairs,</wd>
			<wd l="1564" t="4842" r="1734" b="4902" fs="10">often</wd>
			<wd l="1759" t="4843" r="1982" b="4919" fs="10">patchy</wd>
			<wd l="2009" t="4843" r="2179" b="4902" fs="10">often</wd>
		</ln>
		<ln lx="641" ly="4929" rx="2177" ry="5007">
			<wd l="641" t="4929" r="1091" b="5006" fs="10">glabrescent,</wd>
			<wd l="1137" t="4929" r="1317" b="4989" fs="10">hairs</wd>
			<wd l="1361" t="4929" r="1632" b="5006" fs="10">usually</wd>
			<wd l="1675" t="4930" r="2046" b="5007" fs="10">persisting</wd>
			<wd l="2091" t="4949" r="2177" b="4990" fs="10">on</wd>
		</ln>
		<ln lx="643" ly="5017" rx="2175" ry="5094">
			<wd l="643" t="5017" r="997" b="5093" fs="10">secondary</wd>
			<wd l="1038" t="5036" r="1213" b="5089" fs="10">axes;</wd>
			<wd l="1254" t="5017" r="1488" b="5094" fs="10">pinnae</wd>
			<wd l="1531" t="5019" r="1649" b="5077" fs="10">7-1</wd>
			<wd l="1672" t="5019" r="1693" b="5076" fs="10">1</wd>
			<wd l="1741" t="5017" r="1934" b="5094" fs="10">pairs,</wd>
			<wd l="1977" t="5018" r="2175" b="5093" fs="10">(2.5-)</wd>
		</ln>
		<ln lx="642" ly="5104" rx="2179" ry="5181">
			<wd l="642" t="5105" r="762" b="5163" fs="10">4-7</wd>
			<wd l="788" t="5123" r="886" b="5163" fs="10">cm</wd>
			<wd l="910" t="5104" r="1075" b="5180" fs="10">long;</wd>
			<wd l="1102" t="5104" r="1338" b="5163" fs="10">leaflets</wd>
			<wd l="1363" t="5104" r="1647" b="5163" fs="10">alternate</wd>
			<wd l="1672" t="5105" r="1837" b="5179" fs="10">(12-)</wd>
			<wd l="1850" t="5106" r="2047" b="5164" fs="10">16-22</wd>
			<wd l="2072" t="5124" r="2179" b="5181" fs="10">per</wd>
		</ln>
		<ln lx="642" ly="5191" rx="2178" ry="5268">
			<wd l="642" t="5191" r="839" b="5267" fs="10">pinna,</wd>
			<wd l="860" t="5191" r="1102" b="5267" fs="10">oblong,</wd>
			<wd l="1120" t="5191" r="1391" b="5251" fs="10">rounded</wd>
			<wd l="1408" t="5210" r="1475" b="5251" fs="10">or</wd>
			<wd l="1492" t="5191" r="1900" b="5268" fs="10">occasionally</wd>
			<wd l="1915" t="5200" r="2178" b="5251" fs="10">truncate</wd>
		</ln>
		<ln lx="645" ly="5278" rx="2175" ry="5356">
			<wd l="645" t="5297" r="714" b="5337" fs="10">or</wd>
			<wd l="751" t="5278" r="1129" b="5355" fs="10">emarginate</wd>
			<wd l="1169" t="5286" r="1228" b="5338" fs="10">at</wd>
			<wd l="1263" t="5278" r="1366" b="5338" fs="10">the</wd>
			<wd l="1406" t="5297" r="1586" b="5355" fs="10">apex,</wd>
			<wd l="1630" t="5280" r="1797" b="5338" fs="10">8-19</wd>
			<wd l="1835" t="5298" r="1965" b="5337" fs="10">mm</wd>
			<wd l="2004" t="5278" r="2175" b="5356" fs="10">long,</wd>
		</ln>
		<ln lx="646" ly="5365" rx="2177" ry="5443">
			<wd l="646" t="5366" r="832" b="5425" fs="10">3.5-9</wd>
			<wd l="869" t="5385" r="997" b="5424" fs="10">mm</wd>
			<wd l="1032" t="5365" r="1217" b="5437" fs="10">wide,</wd>
			<wd l="1266" t="5367" r="1513" b="5426" fs="10">1.7-2.7</wd>
			<wd l="1552" t="5366" r="1735" b="5426" fs="10">times</wd>
			<wd l="1775" t="5366" r="1994" b="5443" fs="10">longer</wd>
			<wd l="2029" t="5366" r="2177" b="5426" fs="10">than</wd>
		</ln>
		<ln lx="644" ly="5452" rx="2179" ry="5530">
			<wd l="644" t="5452" r="832" b="5525" fs="10">wide,</wd>
			<wd l="875" t="5452" r="1178" b="5530" fs="10">glabrous</wd>
			<wd l="1221" t="5453" r="1450" b="5525" fs="10">above,</wd>
			<wd l="1495" t="5453" r="1786" b="5530" fs="10">sparsely</wd>
			<wd l="1827" t="5454" r="2179" b="5530" fs="10">appressed</wd>
		</ln>
	</region>
	<region article-doi="10.2307/41729923" region-id="2">
		<rc l="2305" t="853" r="3873" b="5502"/>
		<ln lx="2310" ly="858" rx="3847" ry="937">
			<wd l="2310" t="859" r="2649" b="937" fs="10">pubescent</wd>
			<wd l="2685" t="878" r="2753" b="920" fs="10">or</wd>
			<wd l="2788" t="858" r="3209" b="936" fs="10">occasionally</wd>
			<wd l="3245" t="858" r="3533" b="936" fs="10">glabrous</wd>
			<wd l="3568" t="858" r="3847" b="918" fs="10">beneath.</wd>
		</ln>
		<ln lx="2311" ly="950" rx="3851" ry="1029">
			<wd l="2311" t="952" r="2579" b="1012" fs="10">Flowers</wd>
			<wd l="2601" t="952" r="2664" b="1011" fs="10">in</wd>
			<wd l="2683" t="971" r="2954" b="1012" fs="10">racemes</wd>
			<wd l="2978" t="951" r="3245" b="1029" fs="10">forming</wd>
			<wd l="3264" t="951" r="3540" b="1011" fs="10">terminal</wd>
			<wd l="3560" t="950" r="3851" b="1028" fs="10">panicles,</wd>
		</ln>
		<ln lx="2310" ly="1043" rx="3852" ry="1122">
			<wd l="2310" t="1044" r="2606" b="1105" fs="10">branches</wd>
			<wd l="2638" t="1052" r="2682" b="1098" fs="10">±</wd>
			<wd l="2717" t="1044" r="2997" b="1122" fs="10">opposite</wd>
			<wd l="3028" t="1052" r="3091" b="1104" fs="10">to</wd>
			<wd l="3126" t="1063" r="3176" b="1104" fs="10">c.</wd>
			<wd l="3222" t="1045" r="3292" b="1103" fs="10">12</wd>
			<wd l="3328" t="1063" r="3426" b="1104" fs="10">cm</wd>
			<wd l="3459" t="1043" r="3622" b="1121" fs="10">long,</wd>
			<wd l="3656" t="1043" r="3852" b="1103" fs="10">rachis</wd>
		</ln>
		<ln lx="2310" ly="1135" rx="3853" ry="1212">
			<wd l="2310" t="1136" r="2459" b="1197" fs="10">with</wd>
			<wd l="2486" t="1136" r="2734" b="1197" fs="10">fulvous</wd>
			<wd l="2760" t="1136" r="2940" b="1208" fs="10">hairs,</wd>
			<wd l="2969" t="1136" r="3166" b="1197" fs="10">bracts</wd>
			<wd l="3196" t="1155" r="3246" b="1196" fs="10">c.</wd>
			<wd l="3277" t="1137" r="3314" b="1195" fs="10">2</wd>
			<wd l="3342" t="1155" r="3469" b="1195" fs="10">mm</wd>
			<wd l="3497" t="1135" r="3660" b="1212" fs="10">long,</wd>
			<wd l="3690" t="1135" r="3853" b="1212" fs="10">early</wd>
		</ln>
		<ln lx="2313" ly="1227" rx="3852" ry="1306">
			<wd l="2313" t="1228" r="2674" b="1301" fs="10">deciduous,</wd>
			<wd l="2710" t="1228" r="2987" b="1306" fs="10">pedicels</wd>
			<wd l="3024" t="1229" r="3143" b="1288" fs="10">2-3</wd>
			<wd l="3215" t="1247" r="3343" b="1287" fs="10">mm</wd>
			<wd l="3380" t="1227" r="3544" b="1305" fs="10">long.</wd>
			<wd l="3583" t="1227" r="3852" b="1287" fs="10">Flowers</wd>
		</ln>
		<ln lx="2310" ly="1319" rx="3853" ry="1399">
			<wd l="2310" t="1321" r="2558" b="1399" fs="10">yellow;</wd>
			<wd l="2595" t="1321" r="2835" b="1399" fs="10">longest</wd>
			<wd l="2869" t="1320" r="3036" b="1399" fs="10">sepal</wd>
			<wd l="3069" t="1320" r="3305" b="1393" fs="10">keeled,</wd>
			<wd l="3341" t="1340" r="3392" b="1381" fs="10">c.</wd>
			<wd l="3431" t="1322" r="3462" b="1381" fs="10">5</wd>
			<wd l="3528" t="1339" r="3656" b="1380" fs="10">mm</wd>
			<wd l="3690" t="1319" r="3853" b="1398" fs="10">long,</wd>
		</ln>
		<ln lx="2321" ly="1412" rx="3852" ry="1491">
			<wd l="2321" t="1415" r="2497" b="1475" fs="10">1.5-2</wd>
			<wd l="2526" t="1433" r="2654" b="1473" fs="10">mm</wd>
			<wd l="2681" t="1413" r="2861" b="1486" fs="10">wide,</wd>
			<wd l="2890" t="1413" r="2990" b="1474" fs="10">the</wd>
			<wd l="3018" t="1422" r="3139" b="1474" fs="10">rest</wd>
			<wd l="3165" t="1413" r="3458" b="1485" fs="10">rounded,</wd>
			<wd l="3488" t="1412" r="3852" b="1491" fs="10">punctulate,</wd>
		</ln>
		<ln lx="2314" ly="1505" rx="3853" ry="1584">
			<wd l="2314" t="1508" r="2435" b="1567" fs="10">3-4</wd>
			<wd l="2465" t="1526" r="2592" b="1566" fs="10">mm</wd>
			<wd l="2623" t="1506" r="2769" b="1584" fs="10">long</wd>
			<wd l="2799" t="1526" r="2850" b="1567" fs="10">c.</wd>
			<wd l="2892" t="1507" r="2984" b="1567" fs="10">1.6</wd>
			<wd l="3015" t="1525" r="3142" b="1566" fs="10">mm</wd>
			<wd l="3171" t="1505" r="3352" b="1578" fs="10">wide;</wd>
			<wd l="3387" t="1505" r="3666" b="1566" fs="10">standard</wd>
			<wd l="3694" t="1505" r="3853" b="1583" fs="10">petal</wd>
		</ln>
		<ln lx="2314" ly="1598" rx="3853" ry="1676">
			<wd l="2314" t="1601" r="2557" b="1660" fs="10">3.5^.3</wd>
			<wd l="2595" t="1619" r="2723" b="1659" fs="10">mm</wd>
			<wd l="2758" t="1599" r="2903" b="1676" fs="10">long</wd>
			<wd l="2936" t="1599" r="3084" b="1659" fs="10">with</wd>
			<wd l="3117" t="1599" r="3273" b="1659" fs="10">claw</wd>
			<wd l="3306" t="1618" r="3357" b="1659" fs="10">c.</wd>
			<wd l="3403" t="1600" r="3491" b="1659" fs="10">1.5</wd>
			<wd l="3529" t="1618" r="3655" b="1658" fs="10">mm</wd>
			<wd l="3690" t="1598" r="3853" b="1675" fs="10">long,</wd>
		</ln>
		<ln lx="2312" ly="1690" rx="3856" ry="1768">
			<wd l="2312" t="1691" r="2579" b="1768" fs="10">margins</wd>
			<wd l="2609" t="1691" r="2686" b="1751" fs="10">of</wd>
			<wd l="2705" t="1691" r="2860" b="1751" fs="10">claw</wd>
			<wd l="2889" t="1690" r="3160" b="1768" fs="10">strongly</wd>
			<wd l="3189" t="1690" r="3447" b="1751" fs="10">inrolled</wd>
			<wd l="3476" t="1690" r="3792" b="1767" fs="10">enclosing</wd>
			<wd l="3821" t="1709" r="3856" b="1750" fs="10">a</wd>
		</ln>
		<ln lx="2312" ly="1782" rx="3852" ry="1860">
			<wd l="2312" t="1783" r="2429" b="1844" fs="10">tuft</wd>
			<wd l="2463" t="1783" r="2540" b="1844" fs="10">of</wd>
			<wd l="2563" t="1783" r="2778" b="1844" fs="10">brown</wd>
			<wd l="2811" t="1783" r="3038" b="1844" fs="10">matted</wd>
			<wd l="3071" t="1783" r="3252" b="1855" fs="10">hairs,</wd>
			<wd l="3289" t="1782" r="3628" b="1860" fs="10">remaining</wd>
			<wd l="3660" t="1782" r="3852" b="1860" fs="10">petals</wd>
		</ln>
		<ln lx="2314" ly="1875" rx="3854" ry="1953">
			<wd l="2314" t="1877" r="2506" b="1936" fs="10">4-4.5</wd>
			<wd l="2549" t="1895" r="2679" b="1935" fs="10">mm</wd>
			<wd l="2720" t="1876" r="2894" b="1953" fs="10">long,</wd>
			<wd l="2937" t="1877" r="3129" b="1936" fs="10">2-2.5</wd>
			<wd l="3172" t="1895" r="3303" b="1935" fs="10">mm</wd>
			<wd l="3341" t="1875" r="3533" b="1947" fs="10">wide;</wd>
			<wd l="3577" t="1883" r="3854" b="1935" fs="10">stamens</wd>
		</ln>
		<ln lx="2314" ly="1966" rx="3856" ry="2045">
			<wd l="2314" t="1969" r="2500" b="2028" fs="10">4-5.2</wd>
			<wd l="2535" t="1988" r="2663" b="2028" fs="10">mm</wd>
			<wd l="2699" t="1968" r="2864" b="2045" fs="10">long,</wd>
			<wd l="2903" t="1968" r="3211" b="2028" fs="10">filaments</wd>
			<wd l="3246" t="1967" r="3395" b="2028" fs="10">with</wd>
			<wd l="3430" t="1967" r="3576" b="2045" fs="10">long</wd>
			<wd l="3610" t="1966" r="3856" b="2044" fs="10">tangled</wd>
		</ln>
		<ln lx="2313" ly="2059" rx="3857" ry="2137">
			<wd l="2313" t="2060" r="2474" b="2120" fs="10">hairs</wd>
			<wd l="2500" t="2060" r="2562" b="2119" fs="10">in</wd>
			<wd l="2584" t="2060" r="2684" b="2120" fs="10">the</wd>
			<wd l="2711" t="2060" r="2900" b="2120" fs="10">lower</wd>
			<wd l="2921" t="2060" r="3069" b="2132" fs="10">half,</wd>
			<wd l="3097" t="2060" r="3335" b="2120" fs="10">anthers</wd>
			<wd l="3360" t="2059" r="3667" b="2137" fs="10">glabrous;</wd>
			<wd l="3693" t="2059" r="3857" b="2136" fs="10">pistil</wd>
		</ln>
		<ln lx="2314" ly="2151" rx="3853" ry="2230">
			<wd l="2314" t="2153" r="2618" b="2230" fs="10">glabrous.</wd>
			<wd l="2677" t="2152" r="2836" b="2213" fs="10">Pods</wd>
			<wd l="2865" t="2152" r="3314" b="2224" fs="10">membranous,</wd>
			<wd l="3348" t="2153" r="3531" b="2212" fs="10">3.5-4</wd>
			<wd l="3563" t="2171" r="3661" b="2212" fs="10">cm</wd>
			<wd l="3690" t="2151" r="3853" b="2229" fs="10">long,</wd>
		</ln>
		<ln lx="2315" ly="2243" rx="3854" ry="2322">
			<wd l="2315" t="2264" r="2366" b="2305" fs="10">c.</wd>
			<wd l="2397" t="2246" r="2494" b="2305" fs="10">2.5</wd>
			<wd l="2528" t="2264" r="2626" b="2305" fs="10">cm</wd>
			<wd l="2652" t="2244" r="2812" b="2305" fs="10">wide</wd>
			<wd l="2841" t="2244" r="3155" b="2322" fs="10">including</wd>
			<wd l="3182" t="2244" r="3348" b="2322" fs="10">wing</wd>
			<wd l="3376" t="2263" r="3426" b="2304" fs="10">c.</wd>
			<wd l="3457" t="2245" r="3495" b="2303" fs="10">4</wd>
			<wd l="3522" t="2263" r="3650" b="2303" fs="10">mm</wd>
			<wd l="3676" t="2243" r="3854" b="2316" fs="10">wide,</wd>
		</ln>
		<ln lx="2315" ly="2336" rx="3716" ry="2415">
			<wd l="2315" t="2337" r="2620" b="2415" fs="10">glabrous,</wd>
			<wd l="2648" t="2337" r="2840" b="2415" fs="10">finely</wd>
			<wd l="2862" t="2336" r="3237" b="2414" fs="10">reticulately</wd>
			<wd l="3260" t="2336" r="3504" b="2397" fs="10">nerved.</wd>
			<wd l="3532" t="2336" r="3658" b="2414" fs="10">Fig.</wd>
			<wd l="3695" t="2338" r="3716" b="2396" fs="10">1</wd>
		</ln>
		<ln lx="2312" ly="2501" rx="3853" ry="2564">
			<wd l="2312" t="2503" r="2540" b="2551" fs="10">Selected</wd>
			<wd l="2547" t="2503" r="2840" b="2564" fs="10">specimens:</wd>
			<wd l="2861" t="2503" r="3209" b="2561" fs="10">Queensland.</wd>
			<wd l="3221" t="2502" r="3362" b="2550" fs="10">Cook</wd>
			<wd l="3376" t="2503" r="3607" b="2549" fs="10">District,</wd>
			<wd l="3636" t="2501" r="3853" b="2549" fs="10">between</wd>
		</ln>
		<ln lx="2316" ly="2577" rx="3851" ry="2637">
			<wd l="2316" t="2577" r="2486" b="2626" fs="10">Cairns</wd>
			<wd l="2512" t="2577" r="2606" b="2626" fs="10">and</wd>
			<wd l="2629" t="2577" r="2912" b="2635" fs="10">Herberton,</wd>
			<wd l="2941" t="2577" r="2988" b="2625" fs="10">in</wd>
			<wd l="3020" t="2578" r="3160" b="2635" fs="10">1896,</wd>
			<wd l="3197" t="2577" r="3319" b="2625" fs="10">Wild</wd>
			<wd l="3337" t="2577" r="3431" b="2637" fs="10">AQ</wd>
			<wd l="3458" t="2577" r="3655" b="2625" fs="10">228397</wd>
			<wd l="3683" t="2577" r="3851" b="2637" fs="10">(BRI);</wd>
		</ln>
		<ln lx="2317" ly="2652" rx="3854" ry="2712">
			<wd l="2317" t="2654" r="2478" b="2702" fs="10">S.F.R.</wd>
			<wd l="2503" t="2654" r="2615" b="2712" fs="10">315,</wd>
			<wd l="2638" t="2669" r="2678" b="2702" fs="10">c.</wd>
			<wd l="2708" t="2653" r="2868" b="2702" fs="10">1.5km</wd>
			<wd l="2889" t="2668" r="2953" b="2702" fs="10">on</wd>
			<wd l="2972" t="2653" r="3129" b="2702" fs="10">Black</wd>
			<wd l="3147" t="2652" r="3407" b="2702" fs="10">Mountain</wd>
			<wd l="3426" t="2652" r="3558" b="2711" fs="10">road,</wd>
			<wd l="3580" t="2654" r="3671" b="2701" fs="10">Jun</wd>
			<wd l="3715" t="2653" r="3854" b="2710" fs="10">1955,</wd>
		</ln>
		<ln lx="2313" ly="2728" rx="3855" ry="2790">
			<wd l="2313" t="2731" r="2413" b="2778" fs="10">K.J.</wd>
			<wd l="2429" t="2729" r="2576" b="2777" fs="10">White</wd>
			<wd l="2596" t="2730" r="2714" b="2777" fs="10">1021</wd>
			<wd l="2738" t="2729" r="2906" b="2789" fs="10">(BRI);</wd>
			<wd l="2924" t="2729" r="3234" b="2790" fs="10">Copperlode</wd>
			<wd l="3249" t="2728" r="3376" b="2777" fs="10">Falls</wd>
			<wd l="3391" t="2730" r="3532" b="2786" fs="10">Dam,</wd>
			<wd l="3550" t="2728" r="3735" b="2786" fs="10">Cairns,</wd>
			<wd l="3751" t="2730" r="3855" b="2776" fs="10">Dec</wd>
		</ln>
		<ln lx="2322" ly="2804" rx="2882" ry="2865">
			<wd l="2322" t="2805" r="2445" b="2852" fs="10">1972</wd>
			<wd l="2464" t="2804" r="2612" b="2852" fs="10">Birch</wd>
			<wd l="2631" t="2805" r="2687" b="2852" fs="10">41</wd>
			<wd l="2715" t="2805" r="2882" b="2865" fs="10">(BRI).</wd>
		</ln>
		<ln lx="2311" ly="2950" rx="3854" ry="3027">
			<wd l="2311" t="2952" r="2719" b="3011" fs="10">Distribution</wd>
			<wd l="2737" t="2952" r="2869" b="3010" fs="10">and</wd>
			<wd l="2880" t="2951" r="3132" b="3011" fs="10">habitat</wd>
			<wd l="3158" t="2950" r="3529" b="3027" fs="10">Scrambling</wd>
			<wd l="3546" t="2969" r="3690" b="3010" fs="10">over</wd>
			<wd l="3703" t="2958" r="3854" b="3010" fs="10">trees</wd>
		</ln>
		<ln lx="2316" ly="3042" rx="3860" ry="3120">
			<wd l="2316" t="3042" r="2378" b="3102" fs="10">in</wd>
			<wd l="2393" t="3042" r="2707" b="3103" fs="10">rainforest</wd>
			<wd l="2723" t="3042" r="2785" b="3102" fs="10">in</wd>
			<wd l="2800" t="3042" r="2899" b="3103" fs="10">the</wd>
			<wd l="2918" t="3042" r="3324" b="3120" fs="10">Cairns-Cape</wd>
			<wd l="3343" t="3042" r="3709" b="3102" fs="10">Tribulation</wd>
			<wd l="3726" t="3061" r="3860" b="3102" fs="10">area</wd>
		</ln>
		<ln lx="2315" ly="3134" rx="3855" ry="3211">
			<wd l="2315" t="3134" r="2463" b="3195" fs="10">with</wd>
			<wd l="2495" t="3154" r="2571" b="3195" fs="10">an</wd>
			<wd l="2602" t="3134" r="2860" b="3195" fs="10">isolated</wd>
			<wd l="2892" t="3154" r="3257" b="3195" fs="10">occurrence</wd>
			<wd l="3290" t="3135" r="3313" b="3210" fs="10">(</wd>
			<wd l="3322" t="3134" r="3494" b="3195" fs="10">Webb</wd>
			<wd l="3533" t="3135" r="3592" b="3194" fs="10"><![CDATA[&]]></wd>
			<wd l="3629" t="3136" r="3855" b="3211" fs="10">Tracey</wd>
		</ln>
		<ln lx="2317" ly="3226" rx="3868" ry="3304">
			<wd l="2317" t="3228" r="2500" b="3300" fs="10">9967,</wd>
			<wd l="2537" t="3227" r="2764" b="3304" fs="10">sterile)</wd>
			<wd l="2796" t="3246" r="2941" b="3288" fs="10">near</wd>
			<wd l="2973" t="3228" r="3165" b="3299" fs="10">Coen,</wd>
			<wd l="3199" t="3226" r="3413" b="3288" fs="10">within</wd>
			<wd l="3443" t="3226" r="3543" b="3287" fs="10">the</wd>
			<wd l="3575" t="3246" r="3758" b="3304" fs="10">range</wd>
			<wd l="3792" t="3226" r="3868" b="3287" fs="10">of</wd>
		</ln>
		<ln lx="2319" ly="3320" rx="2871" ry="3397">
			<wd l="2319" t="3321" r="2381" b="3380" fs="10">C.</wd>
			<wd l="2416" t="3320" r="2871" b="3397" fs="10">erythrocarpa.</wd>
		</ln>
		<ln lx="2312" ly="3483" rx="3854" ry="3544">
			<wd l="2312" t="3485" r="2508" b="3544" fs="10">Notes</wd>
			<wd l="2515" t="3502" r="2529" b="3543" fs="10">:</wd>
			<wd l="2568" t="3483" r="2822" b="3544" fs="10">Related</wd>
			<wd l="2854" t="3484" r="2995" b="3544" fs="10">toC.</wd>
			<wd l="3022" t="3483" r="3418" b="3544" fs="10">scortechinii</wd>
			<wd l="3441" t="3483" r="3547" b="3544" fs="10">but</wd>
			<wd l="3562" t="3483" r="3670" b="3544" fs="10">has</wd>
			<wd l="3688" t="3502" r="3854" b="3544" fs="10">more</wd>
		</ln>
		<ln lx="2315" ly="3575" rx="3858" ry="3654">
			<wd l="2315" t="3576" r="2537" b="3654" fs="10">pinnae</wd>
			<wd l="2559" t="3576" r="2678" b="3637" fs="10">and</wd>
			<wd l="2696" t="3576" r="2938" b="3654" fs="10">usually</wd>
			<wd l="2957" t="3596" r="3127" b="3637" fs="10">more</wd>
			<wd l="3150" t="3576" r="3405" b="3637" fs="10">leaflets.</wd>
			<wd l="3430" t="3576" r="3556" b="3637" fs="10">The</wd>
			<wd l="3579" t="3575" r="3858" b="3637" fs="10">standard</wd>
		</ln>
		<ln lx="2315" ly="3669" rx="3861" ry="3747">
			<wd l="2315" t="3669" r="2475" b="3747" fs="10">petal</wd>
			<wd l="2494" t="3669" r="2545" b="3729" fs="10">is</wd>
			<wd l="2562" t="3677" r="2723" b="3729" fs="10">most</wd>
			<wd l="2739" t="3669" r="3016" b="3730" fs="10">unusual:</wd>
			<wd l="3037" t="3669" r="3137" b="3729" fs="10">the</wd>
			<wd l="3154" t="3688" r="3345" b="3747" fs="10">upper</wd>
			<wd l="3360" t="3677" r="3489" b="3747" fs="10">part</wd>
			<wd l="3507" t="3669" r="3583" b="3730" fs="10">of</wd>
			<wd l="3589" t="3669" r="3689" b="3729" fs="10">the</wd>
			<wd l="3708" t="3669" r="3861" b="3729" fs="10">claw</wd>
		</ln>
		<ln lx="2317" ly="3761" rx="3860" ry="3821">
			<wd l="2317" t="3761" r="2368" b="3821" fs="10">is</wd>
			<wd l="2387" t="3761" r="2641" b="3821" fs="10">inrolled</wd>
			<wd l="2656" t="3770" r="2718" b="3821" fs="10">to</wd>
			<wd l="2739" t="3761" r="2887" b="3821" fs="10">such</wd>
			<wd l="2904" t="3781" r="2980" b="3821" fs="10">an</wd>
			<wd l="2998" t="3770" r="3197" b="3821" fs="10">extent</wd>
			<wd l="3214" t="3781" r="3278" b="3821" fs="10">as</wd>
			<wd l="3296" t="3770" r="3357" b="3821" fs="10">to</wd>
			<wd l="3377" t="3761" r="3534" b="3821" fs="10">form</wd>
			<wd l="3552" t="3781" r="3627" b="3821" fs="10">an</wd>
			<wd l="3645" t="3761" r="3860" b="3821" fs="10">almost</wd>
		</ln>
		<ln lx="2318" ly="3852" rx="3856" ry="3913">
			<wd l="2318" t="3852" r="2529" b="3913" fs="10">closed</wd>
			<wd l="2546" t="3852" r="2688" b="3913" fs="10">tube</wd>
			<wd l="2707" t="3872" r="2876" b="3913" fs="10">more</wd>
			<wd l="2897" t="3872" r="2965" b="3913" fs="10">or</wd>
			<wd l="2984" t="3852" r="3104" b="3913" fs="10">less</wd>
			<wd l="3125" t="3852" r="3298" b="3913" fs="10">filled</wd>
			<wd l="3316" t="3852" r="3463" b="3913" fs="10">with</wd>
			<wd l="3480" t="3852" r="3694" b="3913" fs="10">brown</wd>
			<wd l="3711" t="3852" r="3856" b="3913" fs="10">hair.</wd>
		</ln>
		<ln lx="2313" ly="4016" rx="3860" ry="4094">
			<wd l="2313" t="4017" r="2684" b="4094" fs="10">Etymology</wd>
			<wd l="2690" t="4035" r="2705" b="4077" fs="10">:</wd>
			<wd l="2769" t="4016" r="2895" b="4076" fs="10">The</wd>
			<wd l="2929" t="4016" r="3165" b="4094" fs="10">species</wd>
			<wd l="3197" t="4016" r="3248" b="4077" fs="10">is</wd>
			<wd l="3279" t="4016" r="3501" b="4077" fs="10">named</wd>
			<wd l="3532" t="4016" r="3594" b="4076" fs="10">in</wd>
			<wd l="3622" t="4016" r="3860" b="4077" fs="10">honour</wd>
		</ln>
		<ln lx="2318" ly="4108" rx="3860" ry="4186">
			<wd l="2318" t="4108" r="2395" b="4169" fs="10">of</wd>
			<wd l="2410" t="4111" r="2512" b="4168" fs="10">Mr</wd>
			<wd l="2536" t="4110" r="2902" b="4186" fs="10">J.G.Tracey</wd>
			<wd l="2929" t="4109" r="3006" b="4169" fs="10">of</wd>
			<wd l="3021" t="4108" r="3439" b="4186" fs="10">Yungaburra,</wd>
			<wd l="3469" t="4108" r="3860" b="4184" fs="10">Queensland</wd>
		</ln>
		<ln lx="2316" ly="4201" rx="3858" ry="4278">
			<wd l="2316" t="4201" r="2458" b="4261" fs="10">who</wd>
			<wd l="2485" t="4201" r="2594" b="4261" fs="10">has</wd>
			<wd l="2621" t="4201" r="2799" b="4261" fs="10">made</wd>
			<wd l="2829" t="4201" r="3180" b="4278" fs="10">significant</wd>
			<wd l="3206" t="4201" r="3644" b="4261" fs="10">contributions</wd>
			<wd l="3670" t="4210" r="3732" b="4261" fs="10">to</wd>
			<wd l="3758" t="4201" r="3858" b="4261" fs="10">the</wd>
		</ln>
		<ln lx="2319" ly="4293" rx="3863" ry="4370">
			<wd l="2319" t="4293" r="2621" b="4353" fs="10">scientific</wd>
			<wd l="2652" t="4293" r="2830" b="4370" fs="10">study</wd>
			<wd l="2859" t="4293" r="2936" b="4353" fs="10">of</wd>
			<wd l="2953" t="4293" r="3053" b="4353" fs="10">the</wd>
			<wd l="3081" t="4293" r="3433" b="4353" fs="10">rainforests</wd>
			<wd l="3464" t="4293" r="3540" b="4353" fs="10">of</wd>
			<wd l="3557" t="4293" r="3863" b="4354" fs="10">Australia</wd>
		</ln>
		<ln lx="2318" ly="4385" rx="3858" ry="4461">
			<wd l="2318" t="4385" r="2470" b="4456" fs="10">and,</wd>
			<wd l="2522" t="4385" r="2590" b="4443" fs="10">in</wd>
			<wd l="2636" t="4403" r="2821" b="4444" fs="10">more</wd>
			<wd l="2869" t="4393" r="3099" b="4444" fs="10">recent</wd>
			<wd l="3145" t="4404" r="3365" b="4461" fs="10">years,</wd>
			<wd l="3415" t="4385" r="3534" b="4444" fs="10">has</wd>
			<wd l="3583" t="4385" r="3858" b="4444" fs="10">worked</wd>
		</ln>
		<ln lx="2319" ly="4476" rx="3666" ry="4553">
			<wd l="2319" t="4476" r="2707" b="4553" fs="10">assiduously</wd>
			<wd l="2732" t="4476" r="2794" b="4535" fs="10">in</wd>
			<wd l="2817" t="4476" r="3068" b="4553" fs="10">helping</wd>
			<wd l="3091" t="4484" r="3153" b="4536" fs="10">to</wd>
			<wd l="3177" t="4495" r="3460" b="4553" fs="10">preserve</wd>
			<wd l="3484" t="4476" r="3666" b="4536" fs="10">them.</wd>
		</ln>
		<ln lx="2318" ly="4639" rx="3854" ry="4715">
			<wd l="2318" t="4640" r="2770" b="4715" fs="10">Caesalpinia</wd>
			<wd l="2813" t="4640" r="3040" b="4698" fs="10">nitens</wd>
			<wd l="3084" t="4639" r="3422" b="4714" fs="10">(F.Muell.</wd>
			<wd l="3469" t="4658" r="3547" b="4698" fs="10">ex</wd>
			<wd l="3588" t="4639" r="3854" b="4714" fs="10">Benth.)</wd>
		</ln>
		<ln lx="2507" ly="4729" rx="3163" ry="4806">
			<wd l="2507" t="4729" r="2752" b="4806" fs="10">Pedley,</wd>
			<wd l="2779" t="4732" r="2989" b="4789" fs="10">comb.</wd>
			<wd l="3017" t="4748" r="3163" b="4789" fs="10">nov.</wd>
		</ln>
		<ln lx="2314" ly="4891" rx="3853" ry="4964">
			<wd l="2314" t="4891" r="2783" b="4951" fs="10">Pterolobium</wd>
			<wd l="2829" t="4896" r="3051" b="4951" fs="10">nitens</wd>
			<wd l="3096" t="4892" r="3414" b="4952" fs="10">F.Muell.</wd>
			<wd l="3463" t="4911" r="3543" b="4952" fs="10">ex</wd>
			<wd l="3587" t="4892" r="3853" b="4964" fs="10">Benth.,</wd>
		</ln>
		<ln lx="2507" ly="4983" rx="3850" ry="5061">
			<wd l="2507" t="4983" r="2598" b="5043" fs="10">Fl.</wd>
			<wd l="2676" t="4983" r="2962" b="5043" fs="10">Austral.</wd>
			<wd l="3040" t="4984" r="3509" b="5060" fs="10">2:279(1864).</wd>
			<wd l="3630" t="4986" r="3850" b="5061" fs="10">Type:</wd>
		</ln>
		<ln lx="2509" ly="5075" rx="3859" ry="5148">
			<wd l="2509" t="5075" r="2972" b="5148" fs="10">Queensland.</wd>
			<wd l="3077" t="5077" r="3179" b="5135" fs="10">Mt</wd>
			<wd l="3280" t="5075" r="3597" b="5147" fs="10">Mueller,</wd>
			<wd l="3700" t="5095" r="3859" b="5135" fs="10">near</wd>
		</ln>
		<ln lx="2508" ly="5165" rx="3857" ry="5243">
			<wd l="2508" t="5165" r="2916" b="5242" fs="10">Edgecombe</wd>
			<wd l="2954" t="5168" r="3111" b="5243" fs="10">Bay,</wd>
			<wd l="3161" t="5167" r="3233" b="5225" fs="10">12</wd>
			<wd l="3273" t="5166" r="3630" b="5226" fs="10">December</wd>
			<wd l="3675" t="5168" r="3857" b="5238" fs="10">1863,</wd>
		</ln>
		<ln lx="2503" ly="5257" rx="3475" ry="5334">
			<wd l="2503" t="5257" r="2873" b="5334" fs="10">J.Dallachy</wd>
			<wd l="2896" t="5277" r="3005" b="5317" fs="10">s.n.</wd>
			<wd l="3034" t="5257" r="3227" b="5333" fs="10">(holo:</wd>
			<wd l="3255" t="5258" r="3475" b="5334" fs="10">MEL).</wd>
		</ln>
		<ln lx="2317" ly="5420" rx="3861" ry="5497">
			<wd l="2317" t="5420" r="2487" b="5480" fs="10">Vine</wd>
			<wd l="2530" t="5439" r="2600" b="5480" fs="10">or</wd>
			<wd l="2641" t="5420" r="2994" b="5497" fs="10">sprawling</wd>
			<wd l="3036" t="5420" r="3253" b="5492" fs="10">shrub,</wd>
			<wd l="3295" t="5421" r="3664" b="5481" fs="10">branchlets</wd>
			<wd l="3705" t="5421" r="3861" b="5481" fs="10">with</wd>
		</ln>
	</region>
</ocr-page>
