<?xml version="1.0" encoding="UTF-8"?>
<ocr-page type="coords" ocr-vers="1.0" creation-date="20130321" res="600" height="6300" width="4500">
	<region article-doi="10.2307/41729915" region-id="0">
		<rc l="635" t="733" r="3774" b="805"/>
		<ln lx="640" ly="738" rx="3769" ry="800">
			<wd l="640" t="738" r="702" b="784" fs="10">36</wd>
			<wd l="2868" t="739" r="3244" b="800" fs="10">Austrobaileya</wd>
			<wd l="3264" t="740" r="3386" b="799" fs="10">5(1):</wd>
			<wd l="3409" t="740" r="3573" b="787" fs="10">29-37</wd>
			<wd l="3594" t="740" r="3769" b="800" fs="10">(1997)</wd>
		</ln>
	</region>
	<region article-doi="10.2307/41729915" region-id="1">
		<rc l="634" t="861" r="2184" b="1314"/>
		<ln lx="641" ly="866" rx="2179" ry="945">
			<wd l="641" t="866" r="877" b="943" fs="10">species</wd>
			<wd l="906" t="866" r="1032" b="927" fs="10">that</wd>
			<wd l="1061" t="886" r="1245" b="927" fs="10">occur</wd>
			<wd l="1273" t="867" r="1337" b="926" fs="10">in</wd>
			<wd l="1363" t="866" r="1464" b="927" fs="10">the</wd>
			<wd l="1496" t="867" r="2009" b="945" fs="10">semi-evergreen</wd>
			<wd l="2036" t="867" r="2179" b="928" fs="10">vine</wd>
		</ln>
		<ln lx="639" ly="957" rx="2177" ry="1035">
			<wd l="639" t="957" r="870" b="1017" fs="10">thicket</wd>
			<wd l="905" t="958" r="1358" b="1030" fs="10">communities,</wd>
			<wd l="1397" t="958" r="1735" b="1035" fs="10">especially</wd>
			<wd l="1773" t="958" r="2177" b="1019" fs="10">Pomaderris</wd>
		</ln>
		<ln lx="641" ly="1048" rx="2170" ry="1126">
			<wd l="641" t="1048" r="920" b="1108" fs="10">clivicola</wd>
			<wd l="936" t="1050" r="1279" b="1121" fs="10">E.M.Ross,</wd>
			<wd l="1304" t="1051" r="1524" b="1126" fs="10">Bertya</wd>
			<wd l="1541" t="1070" r="1853" b="1126" fs="10">opponens</wd>
			<wd l="1869" t="1049" r="2170" b="1125" fs="10">(F.Muell.</wd>
		</ln>
		<ln lx="642" ly="1139" rx="2172" ry="1217">
			<wd l="642" t="1158" r="717" b="1199" fs="10">ex</wd>
			<wd l="749" t="1139" r="990" b="1216" fs="10">Benth.)</wd>
			<wd l="1025" t="1140" r="1310" b="1217" fs="10">Guymer,</wd>
			<wd l="1350" t="1142" r="1414" b="1200" fs="10">B.</wd>
			<wd l="1446" t="1140" r="1827" b="1217" fs="10">pedicellata</wd>
			<wd l="1889" t="1140" r="2172" b="1200" fs="10">F.Muell.</wd>
		</ln>
		<ln lx="643" ly="1230" rx="2179" ry="1309">
			<wd l="643" t="1230" r="757" b="1291" fs="10">and</wd>
			<wd l="799" t="1232" r="1012" b="1291" fs="10">Zieria</wd>
			<wd l="1050" t="1250" r="1141" b="1308" fs="10">sp.</wd>
			<wd l="1183" t="1231" r="1479" b="1309" fs="10">(Binjour</wd>
			<wd l="1514" t="1231" r="1771" b="1292" fs="10">Plateau</wd>
			<wd l="1807" t="1233" r="2179" b="1292" fs="10">P.I.Forster</wd>
		</ln>
	</region>
	<region article-doi="10.2307/41729915" region-id="2">
		<rc l="2310" t="861" r="3895" b="1738"/>
		<ln lx="2327" ly="866" rx="3885" ry="944">
			<wd l="2327" t="867" r="2566" b="942" fs="10">14134).</wd>
			<wd l="2601" t="866" r="2760" b="927" fs="10">Both</wd>
			<wd l="2798" t="869" r="2862" b="927" fs="10">F.</wd>
			<wd l="2889" t="867" r="3090" b="944" fs="10">fugax</wd>
			<wd l="3124" t="867" r="3243" b="927" fs="10">and</wd>
			<wd l="3275" t="867" r="3375" b="927" fs="10">the</wd>
			<wd l="3411" t="867" r="3788" b="944" fs="10">community</wd>
			<wd l="3822" t="867" r="3885" b="926" fs="10">in</wd>
		</ln>
		<ln lx="2317" ly="957" rx="3885" ry="1035">
			<wd l="2317" t="957" r="2522" b="1018" fs="10">which</wd>
			<wd l="2552" t="957" r="2596" b="1018" fs="10">it</wd>
			<wd l="2627" t="977" r="2861" b="1030" fs="10">occurs,</wd>
			<wd l="2894" t="977" r="2993" b="1018" fs="10">are</wd>
			<wd l="3025" t="957" r="3409" b="1035" fs="10">endangered</wd>
			<wd l="3439" t="958" r="3502" b="1017" fs="10">in</wd>
			<wd l="3530" t="957" r="3631" b="1018" fs="10">the</wd>
			<wd l="3663" t="957" r="3885" b="1018" fs="10">central</wd>
		</ln>
		<ln lx="2318" ly="1048" rx="3887" ry="1126">
			<wd l="2318" t="1051" r="2574" b="1109" fs="10">Burnett</wd>
			<wd l="2610" t="1048" r="2863" b="1109" fs="10">district.</wd>
			<wd l="2901" t="1050" r="2961" b="1108" fs="10">A</wd>
			<wd l="2997" t="1048" r="3434" b="1109" fs="10">conservation</wd>
			<wd l="3470" t="1049" r="3700" b="1126" fs="10">coding</wd>
			<wd l="3736" t="1049" r="3814" b="1109" fs="10">of</wd>
			<wd l="3839" t="1051" r="3887" b="1108" fs="10">E</wd>
		</ln>
		<ln lx="2319" ly="1139" rx="3889" ry="1217">
			<wd l="2319" t="1139" r="2758" b="1217" fs="10">(endangered)</wd>
			<wd l="2783" t="1139" r="2834" b="1199" fs="10">is</wd>
			<wd l="2856" t="1139" r="3330" b="1199" fs="10">recommended</wd>
			<wd l="3353" t="1139" r="3449" b="1199" fs="10">for</wd>
			<wd l="3472" t="1139" r="3677" b="1216" fs="10">listing</wd>
			<wd l="3698" t="1139" r="3889" b="1199" fs="10">under</wd>
		</ln>
		<ln lx="2317" ly="1231" rx="3879" ry="1309">
			<wd l="2317" t="1231" r="2420" b="1292" fs="10">the</wd>
			<wd l="2454" t="1232" r="2855" b="1309" fs="10">Queensland</wd>
			<wd l="2862" t="1234" r="3096" b="1292" fs="10">Nature</wd>
			<wd l="3116" t="1233" r="3559" b="1292" fs="10">Conservation</wd>
			<wd l="3573" t="1233" r="3689" b="1292" fs="10">Act</wd>
			<wd l="3707" t="1233" r="3729" b="1291" fs="10">1</wd>
			<wd l="3741" t="1233" r="3879" b="1292" fs="10">992.</wd>
		</ln>
		<ln lx="2315" ly="1391" rx="3890" ry="1469">
			<wd l="2315" t="1393" r="2685" b="1469" fs="10">Etymology</wd>
			<wd l="2690" t="1411" r="2705" b="1452" fs="10">:</wd>
			<wd l="2728" t="1391" r="2855" b="1452" fs="10">The</wd>
			<wd l="2876" t="1391" r="3130" b="1469" fs="10">specific</wd>
			<wd l="3150" t="1391" r="3375" b="1469" fs="10">epithet</wd>
			<wd l="3393" t="1391" r="3444" b="1452" fs="10">is</wd>
			<wd l="3465" t="1391" r="3713" b="1452" fs="10">derived</wd>
			<wd l="3731" t="1391" r="3890" b="1452" fs="10">from</wd>
		</ln>
		<ln lx="2319" ly="1479" rx="3887" ry="1556">
			<wd l="2319" t="1479" r="2494" b="1539" fs="10">Latin</wd>
			<wd l="2501" t="1479" r="2702" b="1556" fs="10">fugax</wd>
			<wd l="2726" t="1479" r="3025" b="1556" fs="10">(fleeting,</wd>
			<wd l="3051" t="1479" r="3398" b="1556" fs="10">transitory)</wd>
			<wd l="3425" t="1479" r="3544" b="1539" fs="10">and</wd>
			<wd l="3568" t="1479" r="3801" b="1539" fs="10">alludes</wd>
			<wd l="3824" t="1487" r="3887" b="1539" fs="10">to</wd>
		</ln>
		<ln lx="2318" ly="1566" rx="3887" ry="1643">
			<wd l="2318" t="1566" r="2417" b="1625" fs="10">the</wd>
			<wd l="2435" t="1566" r="2737" b="1643" fs="10">difficulty</wd>
			<wd l="2754" t="1566" r="2831" b="1626" fs="10">of</wd>
			<wd l="2838" t="1566" r="3146" b="1643" fs="10">obtaining</wd>
			<wd l="3161" t="1566" r="3427" b="1626" fs="10">material</wd>
			<wd l="3446" t="1566" r="3522" b="1626" fs="10">of</wd>
			<wd l="3527" t="1566" r="3626" b="1626" fs="10">the</wd>
			<wd l="3645" t="1566" r="3887" b="1626" fs="10">flowers</wd>
		</ln>
		<ln lx="2321" ly="1655" rx="2810" ry="1733">
			<wd l="2321" t="1655" r="2398" b="1716" fs="10">of</wd>
			<wd l="2409" t="1655" r="2528" b="1716" fs="10">this</wd>
			<wd l="2555" t="1656" r="2810" b="1733" fs="10">species.</wd>
		</ln>
	</region>
	<region article-doi="10.2307/41729915" region-id="3">
		<rc l="641" t="5306" r="3831" b="5453"/>
		<ln lx="647" ly="5311" rx="3826" ry="5374">
			<wd l="647" t="5311" r="752" b="5372" fs="10">Fig.</wd>
			<wd l="773" t="5311" r="818" b="5359" fs="10">3.</wd>
			<wd l="838" t="5312" r="1114" b="5359" fs="10">Fontainea</wd>
			<wd l="1121" t="5311" r="1281" b="5373" fs="10">fugax</wd>
			<wd l="1298" t="5313" r="1540" b="5360" fs="10">P.I.Forst.</wd>
			<wd l="1579" t="5313" r="1640" b="5360" fs="10">A.</wd>
			<wd l="1661" t="5311" r="1780" b="5373" fs="10">twig</wd>
			<wd l="1804" t="5323" r="1830" b="5349" fs="10">x</wd>
			<wd l="1855" t="5312" r="1950" b="5360" fs="10">0.8.</wd>
			<wd l="1972" t="5313" r="2029" b="5360" fs="10">B.</wd>
			<wd l="2068" t="5312" r="2412" b="5361" fs="10">undersurface</wd>
			<wd l="2433" t="5312" r="2495" b="5360" fs="10">of</wd>
			<wd l="2508" t="5312" r="2613" b="5361" fs="10">leaf</wd>
			<wd l="2626" t="5312" r="2851" b="5374" fs="10">showing</wd>
			<wd l="2870" t="5312" r="3099" b="5361" fs="10">venation</wd>
			<wd l="3123" t="5324" r="3149" b="5350" fs="10">x</wd>
			<wd l="3181" t="5313" r="3269" b="5361" fs="10">1.5.</wd>
			<wd l="3310" t="5313" r="3365" b="5361" fs="10">C.</wd>
			<wd l="3387" t="5313" r="3514" b="5361" fs="10">male</wd>
			<wd l="3535" t="5313" r="3708" b="5361" fs="10">flower</wd>
			<wd l="3731" t="5325" r="3757" b="5351" fs="10">x</wd>
			<wd l="3782" t="5314" r="3826" b="5361" fs="10">6.</wd>
		</ln>
		<ln lx="646" ly="5385" rx="3286" ry="5448">
			<wd l="646" t="5386" r="778" b="5433" fs="10">D-F.</wd>
			<wd l="799" t="5385" r="953" b="5434" fs="10">views</wd>
			<wd l="974" t="5385" r="1036" b="5434" fs="10">of</wd>
			<wd l="1047" t="5386" r="1316" b="5447" fs="10">endocarps</wd>
			<wd l="1341" t="5397" r="1367" b="5424" fs="10">x</wd>
			<wd l="1391" t="5387" r="1436" b="5434" fs="10">2.</wd>
			<wd l="1458" t="5387" r="1582" b="5434" fs="10">A-C</wd>
			<wd l="1602" t="5388" r="1792" b="5435" fs="10">Forster</wd>
			<wd l="1817" t="5387" r="1974" b="5434" fs="10">14802</wd>
			<wd l="1996" t="5387" r="2164" b="5447" fs="10">(BRI),</wd>
			<wd l="2185" t="5389" r="2300" b="5434" fs="10">D-F</wd>
			<wd l="2321" t="5388" r="2511" b="5435" fs="10">Forster</wd>
			<wd l="2536" t="5388" r="2694" b="5435" fs="10">14130</wd>
			<wd l="2716" t="5388" r="2883" b="5448" fs="10">(BRI).</wd>
			<wd l="2904" t="5387" r="3013" b="5436" fs="10">Del.</wd>
			<wd l="3037" t="5388" r="3286" b="5436" fs="10">W.Smith.</wd>
		</ln>
	</region>
</ocr-page>
