<?xml version="1.0" encoding="UTF-8"?>
<ocr-page type="coords" ocr-vers="1.0" creation-date="20130321" res="600" height="6300" width="4500">
	<region article-doi="10.2307/41729933" region-id="0">
		<rc l="622" t="977" r="3877" b="5570"/>
		<ln lx="1753" ly="982" rx="2730" ry="1070">
			<wd l="1753" t="983" r="2245" b="1070" fs="10">Queensland</wd>
			<wd l="2259" t="982" r="2730" b="1053" fs="10">Herbarium</wd>
		</ln>
		<ln lx="1857" ly="1186" rx="2625" ry="1246">
			<wd l="1857" t="1187" r="2297" b="1246" fs="10">Publications</wd>
			<wd l="2344" t="1186" r="2449" b="1245" fs="10">for</wd>
			<wd l="2494" t="1187" r="2625" b="1245" fs="10">sale</wd>
		</ln>
		<ln lx="634" ly="1524" rx="868" ry="1586">
			<wd l="634" t="1524" r="868" b="1586" fs="10">Floras</wd>
		</ln>
		<ln lx="627" ly="1688" rx="3119" ry="1768">
			<wd l="627" t="1692" r="682" b="1750" fs="10">A</wd>
			<wd l="710" t="1693" r="841" b="1768" fs="10">Key</wd>
			<wd l="867" t="1700" r="929" b="1751" fs="10">to</wd>
			<wd l="950" t="1691" r="1320" b="1751" fs="10">Australian</wd>
			<wd l="1353" t="1691" r="1618" b="1750" fs="10">Grasses</wd>
			<wd l="1640" t="1689" r="1723" b="1767" fs="10">by</wd>
			<wd l="1750" t="1691" r="1902" b="1750" fs="10">B.K.</wd>
			<wd l="1937" t="1689" r="2151" b="1750" fs="10">Simon</wd>
			<wd l="2178" t="1689" r="2418" b="1766" fs="10">(1990),</wd>
			<wd l="2457" t="1690" r="2570" b="1749" fs="10">150</wd>
			<wd l="2597" t="1708" r="2719" b="1767" fs="10">pp.,</wd>
			<wd l="2751" t="1688" r="2892" b="1749" fs="10">card</wd>
			<wd l="2920" t="1707" r="3119" b="1749" fs="10">cover.</wd>
		</ln>
		<ln lx="633" ly="1852" rx="3316" ry="1932">
			<wd l="633" t="1857" r="834" b="1915" fs="10">Ferns</wd>
			<wd l="860" t="1856" r="943" b="1932" fs="10">of</wd>
			<wd l="956" t="1855" r="1371" b="1931" fs="10">Queensland</wd>
			<wd l="1388" t="1854" r="1471" b="1931" fs="10">by</wd>
			<wd l="1500" t="1855" r="1635" b="1914" fs="10">S.B.</wd>
			<wd l="1664" t="1853" r="1965" b="1914" fs="10">Andrews</wd>
			<wd l="1994" t="1854" r="2234" b="1930" fs="10">(1990),</wd>
			<wd l="2263" t="1854" r="2384" b="1913" fs="10">427</wd>
			<wd l="2412" t="1872" r="2534" b="1931" fs="10">pp.,</wd>
			<wd l="2564" t="1852" r="2912" b="1925" fs="10">illustrated,</wd>
			<wd l="2940" t="1852" r="3090" b="1913" fs="10">hard</wd>
			<wd l="3116" t="1871" r="3316" b="1913" fs="10">cover.</wd>
		</ln>
		<ln lx="629" ly="2015" rx="3853" ry="2095">
			<wd l="629" t="2021" r="858" b="2095" fs="10">Honey</wd>
			<wd l="879" t="2020" r="1071" b="2078" fs="10">Flora</wd>
			<wd l="1095" t="2020" r="1178" b="2095" fs="10">of</wd>
			<wd l="1189" t="2019" r="1616" b="2095" fs="10">Queensland,</wd>
			<wd l="1639" t="2019" r="1762" b="2078" fs="10">3rd</wd>
			<wd l="1788" t="2019" r="2030" b="2078" fs="10">edition</wd>
			<wd l="2052" t="2018" r="2134" b="2094" fs="10">by</wd>
			<wd l="2161" t="2019" r="2291" b="2078" fs="10">S.T.</wd>
			<wd l="2317" t="2017" r="2509" b="2077" fs="10">Blake</wd>
			<wd l="2534" t="2017" r="2652" b="2077" fs="10">and</wd>
			<wd l="2676" t="2018" r="2745" b="2077" fs="10">C.</wd>
			<wd l="2771" t="2017" r="2933" b="2077" fs="10">Roff</wd>
			<wd l="2947" t="2017" r="3186" b="2093" fs="10">(1988),</wd>
			<wd l="3212" t="2018" r="3334" b="2076" fs="10">224</wd>
			<wd l="3357" t="2036" r="3479" b="2094" fs="10">pp.,</wd>
			<wd l="3506" t="2015" r="3853" b="2088" fs="10">illustrated,</wd>
		</ln>
		<ln lx="823" ly="2110" rx="1191" ry="2171">
			<wd l="823" t="2110" r="963" b="2171" fs="10">card</wd>
			<wd l="992" t="2129" r="1191" b="2171" fs="10">cover.</wd>
		</ln>
		<ln lx="628" ly="2273" rx="3263" ry="2352">
			<wd l="628" t="2276" r="899" b="2335" fs="10">Acacias</wd>
			<wd l="928" t="2276" r="994" b="2335" fs="10">in</wd>
			<wd l="1027" t="2276" r="1443" b="2352" fs="10">Queensland</wd>
			<wd l="1462" t="2274" r="1545" b="2352" fs="10">by</wd>
			<wd l="1574" t="2277" r="1640" b="2335" fs="10">L.</wd>
			<wd l="1672" t="2274" r="1899" b="2352" fs="10">Pedley</wd>
			<wd l="1929" t="2275" r="2169" b="2351" fs="10">(1988),</wd>
			<wd l="2202" t="2276" r="2320" b="2334" fs="10">275</wd>
			<wd l="2353" t="2293" r="2476" b="2352" fs="10">pp.,</wd>
			<wd l="2509" t="2273" r="2858" b="2346" fs="10">illustrated,</wd>
			<wd l="2892" t="2273" r="3033" b="2334" fs="10">card</wd>
			<wd l="3063" t="2293" r="3263" b="2334" fs="10">cover.</wd>
		</ln>
		<ln lx="634" ly="2437" rx="3855" ry="2517">
			<wd l="634" t="2442" r="803" b="2517" fs="10">Keys</wd>
			<wd l="834" t="2450" r="895" b="2500" fs="10">to</wd>
			<wd l="932" t="2441" r="1341" b="2517" fs="10">Cyperaceae,</wd>
			<wd l="1374" t="2441" r="1834" b="2500" fs="10">Restionaceae</wd>
			<wd l="1865" t="2440" r="1999" b="2500" fs="10">and</wd>
			<wd l="2024" t="2441" r="2393" b="2500" fs="10">Juncaceae</wd>
			<wd l="2424" t="2440" r="2507" b="2516" fs="10">of</wd>
			<wd l="2526" t="2440" r="2946" b="2516" fs="10">Queensland</wd>
			<wd l="2980" t="2441" r="3221" b="2516" fs="10">Botany</wd>
			<wd l="3252" t="2438" r="3520" b="2499" fs="10">Bulletin</wd>
			<wd l="3548" t="2440" r="3668" b="2498" fs="10">No.</wd>
			<wd l="3706" t="2440" r="3738" b="2498" fs="10">5</wd>
			<wd l="3773" t="2437" r="3855" b="2515" fs="10">by</wd>
		</ln>
		<ln lx="822" ly="2531" rx="2535" ry="2609">
			<wd l="822" t="2534" r="960" b="2592" fs="10">P.R.</wd>
			<wd l="994" t="2531" r="1221" b="2609" fs="10">Sharpe</wd>
			<wd l="1251" t="2532" r="1490" b="2608" fs="10">(1986),</wd>
			<wd l="1521" t="2533" r="1600" b="2592" fs="10">47</wd>
			<wd l="1629" t="2551" r="1751" b="2609" fs="10">pp.,</wd>
			<wd l="1782" t="2531" r="2133" b="2604" fs="10">illustrated,</wd>
			<wd l="2165" t="2531" r="2307" b="2592" fs="10">card</wd>
			<wd l="2335" t="2551" r="2535" b="2592" fs="10">cover.</wd>
		</ln>
		<ln lx="634" ly="2696" rx="2956" ry="2774">
			<wd l="634" t="2698" r="826" b="2757" fs="10">Flora</wd>
			<wd l="853" t="2698" r="935" b="2774" fs="10">of</wd>
			<wd l="942" t="2698" r="1426" b="2757" fs="10">South-eastern</wd>
			<wd l="1456" t="2698" r="1872" b="2774" fs="10">Queensland</wd>
			<wd l="1885" t="2696" r="1968" b="2774" fs="10">by</wd>
			<wd l="1995" t="2699" r="2142" b="2757" fs="10">T.D.</wd>
			<wd l="2173" t="2696" r="2419" b="2774" fs="10">Stanley</wd>
			<wd l="2446" t="2696" r="2564" b="2757" fs="10">and</wd>
			<wd l="2589" t="2698" r="2750" b="2757" fs="10">E.M.</wd>
			<wd l="2777" t="2698" r="2956" b="2756" fs="10">Ross.</wd>
		</ln>
		<ln lx="822" ly="2860" rx="2534" ry="2938">
			<wd l="822" t="2863" r="1098" b="2920" fs="10">Volume</wd>
			<wd l="1133" t="2862" r="1162" b="2919" fs="10">1</wd>
			<wd l="1198" t="2861" r="1437" b="2936" fs="10">(1983),</wd>
			<wd l="1473" t="2862" r="1588" b="2920" fs="10">545</wd>
			<wd l="1622" t="2880" r="1744" b="2938" fs="10">pp.,</wd>
			<wd l="1778" t="2860" r="2129" b="2932" fs="10">illustrated,</wd>
			<wd l="2162" t="2860" r="2304" b="2920" fs="10">card</wd>
			<wd l="2334" t="2880" r="2534" b="2920" fs="10">cover.</wd>
		</ln>
		<ln lx="823" ly="3024" rx="2535" ry="3103">
			<wd l="823" t="3027" r="1098" b="3085" fs="10">Volume</wd>
			<wd l="1128" t="3026" r="1164" b="3084" fs="10">2</wd>
			<wd l="1196" t="3025" r="1436" b="3101" fs="10">(1986),</wd>
			<wd l="1470" t="3026" r="1586" b="3085" fs="10">623</wd>
			<wd l="1619" t="3044" r="1742" b="3103" fs="10">pp.,</wd>
			<wd l="1774" t="3024" r="2125" b="3097" fs="10">illustrated,</wd>
			<wd l="2156" t="3025" r="2305" b="3085" fs="10">hard</wd>
			<wd l="2334" t="3044" r="2535" b="3085" fs="10">cover.</wd>
		</ln>
		<ln lx="823" ly="3189" rx="2535" ry="3268">
			<wd l="823" t="3192" r="1099" b="3250" fs="10">Volume</wd>
			<wd l="1128" t="3191" r="1164" b="3250" fs="10">3</wd>
			<wd l="1197" t="3190" r="1436" b="3266" fs="10">(1989),</wd>
			<wd l="1471" t="3191" r="1589" b="3250" fs="10">532</wd>
			<wd l="1620" t="3209" r="1742" b="3268" fs="10">pp.,</wd>
			<wd l="1775" t="3189" r="2126" b="3262" fs="10">illustrated,</wd>
			<wd l="2156" t="3189" r="2305" b="3250" fs="10">hard</wd>
			<wd l="2335" t="3209" r="2535" b="3250" fs="10">cover.</wd>
		</ln>
		<ln lx="643" ly="3353" rx="3858" ry="3431">
			<wd l="643" t="3355" r="768" b="3414" fs="10">The</wd>
			<wd l="796" t="3355" r="988" b="3414" fs="10">Flora</wd>
			<wd l="1019" t="3354" r="1102" b="3431" fs="10">of</wd>
			<wd l="1114" t="3355" r="1494" b="3431" fs="10">Lamington</wd>
			<wd l="1522" t="3355" r="1831" b="3414" fs="10">National</wd>
			<wd l="1853" t="3355" r="2024" b="3414" fs="10">Park</wd>
			<wd l="2024" t="3399" r="2039" b="3425" fs="10">,</wd>
			<wd l="2078" t="3355" r="2200" b="3414" fs="10">3rd</wd>
			<wd l="2234" t="3355" r="2476" b="3414" fs="10">edition</wd>
			<wd l="2507" t="3353" r="2589" b="3431" fs="10">by</wd>
			<wd l="2621" t="3355" r="2836" b="3414" fs="10">W.J.F.</wd>
			<wd l="2863" t="3353" r="3221" b="3414" fs="10">McDonald</wd>
			<wd l="3252" t="3353" r="3371" b="3414" fs="10">and</wd>
			<wd l="3401" t="3355" r="3567" b="3413" fs="10">M.B.</wd>
			<wd l="3595" t="3353" r="3858" b="3413" fs="10">Thomas</wd>
		</ln>
		<ln lx="825" ly="3446" rx="1728" ry="3525">
			<wd l="825" t="3446" r="1063" b="3523" fs="10">(1989),</wd>
			<wd l="1095" t="3447" r="1170" b="3507" fs="10">25</wd>
			<wd l="1203" t="3466" r="1326" b="3525" fs="10">pp.,</wd>
			<wd l="1358" t="3446" r="1499" b="3507" fs="10">card</wd>
			<wd l="1528" t="3466" r="1728" b="3507" fs="10">cover.</wd>
		</ln>
		<ln lx="637" ly="3771" rx="1380" ry="3854">
			<wd l="637" t="3771" r="1055" b="3854" fs="10">Vegetation</wd>
			<wd l="1075" t="3771" r="1380" b="3854" fs="10">Surveys</wd>
		</ln>
		<ln lx="645" ly="3941" rx="3859" ry="4019">
			<wd l="645" t="3941" r="1003" b="4018" fs="10">Vegetation</wd>
			<wd l="1024" t="3941" r="1264" b="4018" fs="10">Survey</wd>
			<wd l="1285" t="3941" r="1369" b="4018" fs="10">of</wd>
			<wd l="1378" t="3941" r="1815" b="4018" fs="10">Queensland:</wd>
			<wd l="1838" t="3942" r="2042" b="4001" fs="10">South</wd>
			<wd l="2077" t="3943" r="2237" b="4001" fs="10">West</wd>
			<wd l="2259" t="3942" r="2681" b="4018" fs="10">Queensland</wd>
			<wd l="2708" t="3941" r="3102" b="4016" fs="10">Queensland</wd>
			<wd l="3123" t="3943" r="3364" b="4019" fs="10">Botany</wd>
			<wd l="3386" t="3941" r="3654" b="4002" fs="10">Bulletin</wd>
			<wd l="3674" t="3943" r="3794" b="4002" fs="10">No.</wd>
			<wd l="3821" t="3942" r="3859" b="4001" fs="10">4</wd>
		</ln>
		<ln lx="824" ly="4032" rx="3314" ry="4111">
			<wd l="824" t="4032" r="906" b="4110" fs="10">by</wd>
			<wd l="930" t="4034" r="1078" b="4092" fs="10">D.E.</wd>
			<wd l="1105" t="4032" r="1388" b="4110" fs="10">Boyland</wd>
			<wd l="1413" t="4033" r="1653" b="4109" fs="10">(1984),</wd>
			<wd l="1690" t="4034" r="1796" b="4093" fs="10">151</wd>
			<wd l="1829" t="4052" r="1951" b="4110" fs="10">pp.,</wd>
			<wd l="1980" t="4032" r="2331" b="4105" fs="10">illustrated,</wd>
			<wd l="2359" t="4033" r="2674" b="4111" fs="10">including</wd>
			<wd l="2700" t="4052" r="2735" b="4093" fs="10">a</wd>
			<wd l="2757" t="4052" r="2917" b="4111" fs="10">map,</wd>
			<wd l="2946" t="4033" r="3088" b="4094" fs="10">card</wd>
			<wd l="3113" t="4052" r="3314" b="4094" fs="10">cover.</wd>
		</ln>
		<ln lx="646" ly="4198" rx="3860" ry="4275">
			<wd l="646" t="4198" r="1003" b="4274" fs="10">Vegetation</wd>
			<wd l="1039" t="4198" r="1278" b="4274" fs="10">Survey</wd>
			<wd l="1314" t="4199" r="1397" b="4274" fs="10">of</wd>
			<wd l="1421" t="4198" r="1858" b="4274" fs="10">Queensland:</wd>
			<wd l="1881" t="4199" r="2085" b="4257" fs="10">South</wd>
			<wd l="2129" t="4199" r="2389" b="4258" fs="10">Central</wd>
			<wd l="2424" t="4199" r="2845" b="4274" fs="10">Queensland</wd>
			<wd l="2885" t="4198" r="3280" b="4273" fs="10">Queensland</wd>
			<wd l="3316" t="4200" r="3556" b="4275" fs="10">Botany</wd>
			<wd l="3593" t="4198" r="3860" b="4258" fs="10">Bulletin</wd>
		</ln>
		<ln lx="823" ly="4288" rx="3501" ry="4368">
			<wd l="823" t="4290" r="942" b="4348" fs="10">No.</wd>
			<wd l="971" t="4290" r="1003" b="4348" fs="10">3</wd>
			<wd l="1033" t="4288" r="1116" b="4365" fs="10">by</wd>
			<wd l="1141" t="4290" r="1271" b="4348" fs="10">V.J.</wd>
			<wd l="1296" t="4288" r="1568" b="4349" fs="10">Neldner</wd>
			<wd l="1593" t="4289" r="1834" b="4365" fs="10">(1984),</wd>
			<wd l="1863" t="4290" r="1978" b="4349" fs="10">291</wd>
			<wd l="2011" t="4308" r="2134" b="4367" fs="10">pp.,</wd>
			<wd l="2163" t="4289" r="2514" b="4362" fs="10">illustrated,</wd>
			<wd l="2543" t="4289" r="2857" b="4367" fs="10">including</wd>
			<wd l="2884" t="4309" r="2920" b="4350" fs="10">a</wd>
			<wd l="2942" t="4309" r="3103" b="4368" fs="10">map,</wd>
			<wd l="3133" t="4289" r="3275" b="4350" fs="10">card</wd>
			<wd l="3301" t="4309" r="3501" b="4350" fs="10">cover.</wd>
		</ln>
		<ln lx="646" ly="4455" rx="3859" ry="4533">
			<wd l="646" t="4455" r="1004" b="4531" fs="10">Vegetation</wd>
			<wd l="1027" t="4455" r="1266" b="4531" fs="10">Survey</wd>
			<wd l="1289" t="4455" r="1372" b="4531" fs="10">of</wd>
			<wd l="1383" t="4455" r="1820" b="4531" fs="10">Queensland:</wd>
			<wd l="1851" t="4455" r="2111" b="4515" fs="10">Central</wd>
			<wd l="2140" t="4456" r="2411" b="4515" fs="10">Western</wd>
			<wd l="2439" t="4456" r="2862" b="4532" fs="10">Queensland</wd>
			<wd l="2911" t="4455" r="3306" b="4530" fs="10">Queensland</wd>
			<wd l="3329" t="4457" r="3569" b="4533" fs="10">Botany</wd>
			<wd l="3593" t="4455" r="3859" b="4515" fs="10">Bulletin</wd>
		</ln>
		<ln lx="823" ly="4545" rx="3501" ry="4622">
			<wd l="823" t="4547" r="942" b="4603" fs="10">No.</wd>
			<wd l="973" t="4546" r="1009" b="4603" fs="10">9</wd>
			<wd l="1035" t="4545" r="1118" b="4620" fs="10">by</wd>
			<wd l="1142" t="4547" r="1272" b="4603" fs="10">V.J.</wd>
			<wd l="1299" t="4545" r="1572" b="4604" fs="10">Neldner</wd>
			<wd l="1596" t="4546" r="1837" b="4620" fs="10">(1991),</wd>
			<wd l="1866" t="4547" r="1988" b="4604" fs="10">230</wd>
			<wd l="2013" t="4564" r="2136" b="4622" fs="10">pp.,</wd>
			<wd l="2166" t="4546" r="2516" b="4617" fs="10">illustrated,</wd>
			<wd l="2545" t="4546" r="2859" b="4622" fs="10">including</wd>
			<wd l="2885" t="4565" r="2921" b="4605" fs="10">a</wd>
			<wd l="2942" t="4565" r="3104" b="4622" fs="10">map,</wd>
			<wd l="3133" t="4546" r="3275" b="4605" fs="10">card</wd>
			<wd l="3300" t="4565" r="3501" b="4605" fs="10">cover.</wd>
		</ln>
		<ln lx="646" ly="4708" rx="3866" ry="4786">
			<wd l="646" t="4708" r="948" b="4766" fs="10">Vascular</wd>
			<wd l="969" t="4708" r="1189" b="4766" fs="10">Plants</wd>
			<wd l="1217" t="4708" r="1301" b="4783" fs="10">of</wd>
			<wd l="1323" t="4709" r="1594" b="4767" fs="10">Western</wd>
			<wd l="1626" t="4708" r="2051" b="4783" fs="10">Queensland.</wd>
			<wd l="2082" t="4708" r="2477" b="4782" fs="10">Queensland</wd>
			<wd l="2504" t="4710" r="2744" b="4785" fs="10">Botany</wd>
			<wd l="2772" t="4708" r="3040" b="4768" fs="10">Bulletin</wd>
			<wd l="3065" t="4711" r="3185" b="4769" fs="10">No.</wd>
			<wd l="3226" t="4710" r="3248" b="4768" fs="10">1</wd>
			<wd l="3268" t="4710" r="3290" b="4768" fs="10">1</wd>
			<wd l="3326" t="4708" r="3409" b="4786" fs="10">by</wd>
			<wd l="3436" t="4711" r="3565" b="4769" fs="10">V.J.</wd>
			<wd l="3594" t="4708" r="3866" b="4769" fs="10">Neldner</wd>
		</ln>
		<ln lx="827" ly="4797" rx="2165" ry="4875">
			<wd l="827" t="4797" r="1065" b="4873" fs="10">(1992),</wd>
			<wd l="1107" t="4799" r="1220" b="4857" fs="10">176</wd>
			<wd l="1251" t="4817" r="1373" b="4875" fs="10">pp.,</wd>
			<wd l="1407" t="4798" r="1757" b="4870" fs="10">illustrated,</wd>
			<wd l="1791" t="4798" r="1934" b="4858" fs="10">card</wd>
			<wd l="1964" t="4818" r="2165" b="4858" fs="10">cover.</wd>
		</ln>
		<ln lx="646" ly="4962" rx="3862" ry="5041">
			<wd l="646" t="4962" r="1004" b="5037" fs="10">Vegetation</wd>
			<wd l="1029" t="4962" r="1112" b="5038" fs="10">of</wd>
			<wd l="1120" t="4962" r="1226" b="5021" fs="10">the</wd>
			<wd l="1246" t="4962" r="1574" b="5021" fs="10">Sunshine</wd>
			<wd l="1600" t="4963" r="1816" b="5022" fs="10">Coast:</wd>
			<wd l="1839" t="4963" r="2241" b="5040" fs="10">Description</wd>
			<wd l="2266" t="4964" r="2401" b="5023" fs="10">and</wd>
			<wd l="2415" t="4965" r="2885" b="5040" fs="10">Management</wd>
			<wd l="2912" t="4963" r="3308" b="5038" fs="10">Queensland</wd>
			<wd l="3331" t="4966" r="3571" b="5041" fs="10">Botany</wd>
			<wd l="3595" t="4964" r="3862" b="5024" fs="10">Bulletin</wd>
		</ln>
		<ln lx="823" ly="5052" rx="3872" ry="5132">
			<wd l="823" t="5054" r="943" b="5111" fs="10">No.</wd>
			<wd l="978" t="5054" r="1012" b="5111" fs="10">7</wd>
			<wd l="1043" t="5052" r="1126" b="5128" fs="10">by</wd>
			<wd l="1156" t="5053" r="1312" b="5112" fs="10">G.N.</wd>
			<wd l="1344" t="5052" r="1670" b="5112" fs="10">Batianoff</wd>
			<wd l="1690" t="5053" r="1809" b="5112" fs="10">and</wd>
			<wd l="1837" t="5055" r="1885" b="5113" fs="10">J.</wd>
			<wd l="1890" t="5054" r="1967" b="5112" fs="10">A.</wd>
			<wd l="2000" t="5053" r="2170" b="5113" fs="10">Elsol</wd>
			<wd l="2201" t="5054" r="2440" b="5129" fs="10">(1989),</wd>
			<wd l="2482" t="5055" r="2594" b="5113" fs="10">107</wd>
			<wd l="2624" t="5073" r="2747" b="5130" fs="10">pp.,</wd>
			<wd l="2780" t="5054" r="3130" b="5126" fs="10">illustrated,</wd>
			<wd l="3163" t="5054" r="3477" b="5132" fs="10">including</wd>
			<wd l="3505" t="5074" r="3698" b="5131" fs="10">maps,</wd>
			<wd l="3731" t="5054" r="3872" b="5114" fs="10">card</wd>
		</ln>
		<ln lx="827" ly="5162" rx="1029" ry="5203">
			<wd l="827" t="5162" r="1029" b="5203" fs="10">cover.</wd>
		</ln>
		<ln lx="647" ly="5307" rx="3860" ry="5386">
			<wd l="647" t="5307" r="1004" b="5382" fs="10">Vegetation</wd>
			<wd l="1036" t="5308" r="1196" b="5383" fs="10">Map</wd>
			<wd l="1232" t="5308" r="1366" b="5366" fs="10">and</wd>
			<wd l="1391" t="5308" r="1793" b="5383" fs="10">Description</wd>
			<wd l="1798" t="5352" r="1810" b="5377" fs="10">,</wd>
			<wd l="1860" t="5309" r="2160" b="5367" fs="10">Warwick</wd>
			<wd l="2160" t="5353" r="2173" b="5378" fs="10">,</wd>
			<wd l="2210" t="5309" r="2695" b="5368" fs="10">South-eastern</wd>
			<wd l="2734" t="5310" r="3155" b="5385" fs="10">Queensland</wd>
			<wd l="3193" t="5309" r="3587" b="5383" fs="10">Queensland</wd>
			<wd l="3622" t="5311" r="3860" b="5386" fs="10">Botany</wd>
		</ln>
		<ln lx="825" ly="5397" rx="3871" ry="5478">
			<wd l="825" t="5397" r="1093" b="5457" fs="10">Bulletin</wd>
			<wd l="1113" t="5399" r="1233" b="5457" fs="10">No.</wd>
			<wd l="1264" t="5399" r="1297" b="5457" fs="10">8</wd>
			<wd l="1323" t="5397" r="1406" b="5475" fs="10">by</wd>
			<wd l="1429" t="5399" r="1650" b="5458" fs="10">P.A.R.</wd>
			<wd l="1677" t="5400" r="1905" b="5476" fs="10">Young</wd>
			<wd l="1930" t="5398" r="2049" b="5459" fs="10">and</wd>
			<wd l="2073" t="5401" r="2192" b="5459" fs="10">T.J.</wd>
			<wd l="2219" t="5399" r="2577" b="5460" fs="10">McDonald</wd>
			<wd l="2602" t="5400" r="2841" b="5476" fs="10">(1989),</wd>
			<wd l="2868" t="5401" r="2947" b="5460" fs="10">47</wd>
			<wd l="2972" t="5420" r="3095" b="5478" fs="10">pp.,</wd>
			<wd l="3122" t="5400" r="3472" b="5473" fs="10">illustrated,</wd>
			<wd l="3500" t="5401" r="3812" b="5478" fs="10">including</wd>
			<wd l="3836" t="5420" r="3871" b="5461" fs="10">a</wd>
		</ln>
		<ln lx="825" ly="5489" rx="1377" ry="5565">
			<wd l="825" t="5508" r="984" b="5565" fs="10">map,</wd>
			<wd l="1011" t="5489" r="1153" b="5548" fs="10">card</wd>
			<wd l="1177" t="5508" r="1377" b="5549" fs="10">cover.</wd>
		</ln>
	</region>
</ocr-page>
