Insert into EJF_TITLES (TITLE_ID,TITLE_JOURNAL_ID,TITLE_NAME,IS_ACTIVE,CREATE_TIMESTAMP) values (1,'NPH','New Phytologist','Y',to_timestamp('12-AUG-15 11.43.21.957000000 AM','DD-MON-RR HH.MI.SS.FF AM'));
Insert into EJF_TITLES (TITLE_ID,TITLE_JOURNAL_ID,TITLE_NAME,IS_ACTIVE,CREATE_TIMESTAMP) values (2,'ECOG','Ecography','Y',to_timestamp('12-AUG-15 11.43.21.957000000 AM','DD-MON-RR HH.MI.SS.FF AM'));
Insert into EJF_TITLES (TITLE_ID,TITLE_JOURNAL_ID,TITLE_NAME,IS_ACTIVE,CREATE_TIMESTAMP) values (3,'WSB','Wildlife Society Bulletin','Y',to_timestamp('12-AUG-15 11.43.21.957000000 AM','DD-MON-RR HH.MI.SS.FF AM'));
Insert into EJF_TITLES (TITLE_ID,TITLE_JOURNAL_ID,TITLE_NAME,IS_ACTIVE,CREATE_TIMESTAMP) values (4,'TGER','Unterrichtspraxis / Teaching German','Y',to_timestamp('12-AUG-15 11.43.21.957000000 AM','DD-MON-RR HH.MI.SS.FF AM'));
Insert into EJF_TITLES (TITLE_ID,TITLE_JOURNAL_ID,TITLE_NAME,IS_ACTIVE,CREATE_TIMESTAMP) values (5,'hpib','Harvard Papers in Botany','Y',to_timestamp('12-AUG-15 11.43.21.957000000 AM','DD-MON-RR HH.MI.SS.FF AM'));
Insert into EJF_TITLES (TITLE_ID,TITLE_JOURNAL_ID,TITLE_NAME,IS_ACTIVE,CREATE_TIMESTAMP) values (6,'pnas','Proceedings of the National Academy of Sciences ','Y',to_timestamp('12-AUG-15 11.43.21.957000000 AM','DD-MON-RR HH.MI.SS.FF AM'));
Insert into EJF_TITLES (TITLE_ID,TITLE_JOURNAL_ID,TITLE_NAME,IS_ACTIVE,CREATE_TIMESTAMP) values (7,'ebul','Bulletin of the Ecological Society of America','Y',to_timestamp('12-AUG-15 11.43.21.957000000 AM','DD-MON-RR HH.MI.SS.FF AM'));
Insert into EJF_TITLES (TITLE_ID,TITLE_JOURNAL_ID,TITLE_NAME,IS_ACTIVE,CREATE_TIMESTAMP) values (8,'er','Environmental Reviews','Y',to_timestamp('12-AUG-15 11.43.21.957000000 AM','DD-MON-RR HH.MI.SS.FF AM'));


Insert into EJF_TITLE_CONFIG (CONFIG_ID,TITLE_ID,NAME,VALUE) values (1,1,'FEED_ID','46');
Insert into EJF_TITLE_CONFIG (CONFIG_ID,TITLE_ID,NAME,VALUE) values (2,1,'IGNORE_UPDATES','true');
Insert into EJF_TITLE_CONFIG (CONFIG_ID,TITLE_ID,NAME,VALUE) values (3,1,'REGEX_RULE','.*/jid?_(vol?)_(iss?)\.zip');
Insert into EJF_TITLE_CONFIG (CONFIG_ID,TITLE_ID,NAME,VALUE) values (4,1,'VOL_RANGE','193-206');
Insert into EJF_TITLE_CONFIG (CONFIG_ID,TITLE_ID,NAME,VALUE) values (5,1,'ISSUE_RANGE','1-4');
Insert into EJF_TITLE_CONFIG (CONFIG_ID,TITLE_ID,NAME,VALUE) values (6,2,'FEED_ID','46');
Insert into EJF_TITLE_CONFIG (CONFIG_ID,TITLE_ID,NAME,VALUE) values (7,2,'IGNORE_UPDATES','true');
Insert into EJF_TITLE_CONFIG (CONFIG_ID,TITLE_ID,NAME,VALUE) values (8,2,'REGEX_RULE','.*/jid?_(vol?)_(iss?)(\.zip|_\d{6,}\.zip)');
Insert into EJF_TITLE_CONFIG (CONFIG_ID,TITLE_ID,NAME,VALUE) values (9,2,'VOL_RANGE','36-37');
Insert into EJF_TITLE_CONFIG (CONFIG_ID,TITLE_ID,NAME,VALUE) values (10,2,'ISSUE_RANGE','1-12');
Insert into EJF_TITLE_CONFIG (CONFIG_ID,TITLE_ID,NAME,VALUE) values (11,3,'FEED_ID','46');
Insert into EJF_TITLE_CONFIG (CONFIG_ID,TITLE_ID,NAME,VALUE) values (12,3,'IGNORE_UPDATES','true');
Insert into EJF_TITLE_CONFIG (CONFIG_ID,TITLE_ID,NAME,VALUE) values (13,3,'REGEX_RULE','.*/jid?_(vol?)_(iss?)\.zip');
Insert into EJF_TITLE_CONFIG (CONFIG_ID,TITLE_ID,NAME,VALUE) values (14,3,'VOL_RANGE','36-38');
Insert into EJF_TITLE_CONFIG (CONFIG_ID,TITLE_ID,NAME,VALUE) values (15,3,'ISSUE_RANGE','1-4');
Insert into EJF_TITLE_CONFIG (CONFIG_ID,TITLE_ID,NAME,VALUE) values (16,4,'FEED_ID','46');
Insert into EJF_TITLE_CONFIG (CONFIG_ID,TITLE_ID,NAME,VALUE) values (17,4,'IGNORE_UPDATES','true');
Insert into EJF_TITLE_CONFIG (CONFIG_ID,TITLE_ID,NAME,VALUE) values (18,4,'REGEX_RULE','.*/jid?_(vol?)_(iss?)\.zip');
Insert into EJF_TITLE_CONFIG (CONFIG_ID,TITLE_ID,NAME,VALUE) values (19,4,'VOL_RANGE','45-47');
Insert into EJF_TITLE_CONFIG (CONFIG_ID,TITLE_ID,NAME,VALUE) values (20,4,'ISSUE_RANGE','1-2');
Insert into EJF_TITLE_CONFIG (CONFIG_ID,TITLE_ID,NAME,VALUE) values (21,5,'FEED_ID','10');
Insert into EJF_TITLE_CONFIG (CONFIG_ID,TITLE_ID,NAME,VALUE) values (22,5,'IGNORE_UPDATES','true');
Insert into EJF_TITLE_CONFIG (CONFIG_ID,TITLE_ID,NAME,VALUE) values (23,5,'REGEX_RULE','.*_jid?_10\.3100%2f025\.0(vol?)\.0(iss?)00_\d{6,}\.zip');
Insert into EJF_TITLE_CONFIG (CONFIG_ID,TITLE_ID,NAME,VALUE) values (24,5,'VOL_RANGE','19');
Insert into EJF_TITLE_CONFIG (CONFIG_ID,TITLE_ID,NAME,VALUE) values (25,5,'ISSUE_RANGE','1-2');
Insert into EJF_TITLE_CONFIG (CONFIG_ID,TITLE_ID,NAME,VALUE) values (26,6,'FEED_ID','155');
Insert into EJF_TITLE_CONFIG (CONFIG_ID,TITLE_ID,NAME,VALUE) values (27,6,'IGNORE_UPDATES','true');
Insert into EJF_TITLE_CONFIG (CONFIG_ID,TITLE_ID,NAME,VALUE) values (28,6,'REGEX_RULE','.*/jid?[_|-](vol?)[_|-](iss?)[\.|-]');
Insert into EJF_TITLE_CONFIG (CONFIG_ID,TITLE_ID,NAME,VALUE) values (29,6,'VOL_RANGE','112');
Insert into EJF_TITLE_CONFIG (CONFIG_ID,TITLE_ID,NAME,VALUE) values (30,6,'ISSUE_RANGE','1-18');
Insert into EJF_TITLE_CONFIG (CONFIG_ID,TITLE_ID,NAME,VALUE) values (31,7,'FEED_ID','11');
Insert into EJF_TITLE_CONFIG (CONFIG_ID,TITLE_ID,NAME,VALUE) values (32,7,'IGNORE_UPDATES','true');
Insert into EJF_TITLE_CONFIG (CONFIG_ID,TITLE_ID,NAME,VALUE) values (33,7,'REGEX_RULE','.*_jid?_10\.1890%2f00129623-(vol?)\.(iss?)_\d{6,}\.zip');
Insert into EJF_TITLE_CONFIG (CONFIG_ID,TITLE_ID,NAME,VALUE) values (34,7,'VOL_RANGE','80-95');
Insert into EJF_TITLE_CONFIG (CONFIG_ID,TITLE_ID,NAME,VALUE) values (35,7,'ISSUE_RANGE','1-4');
Insert into EJF_TITLE_CONFIG (CONFIG_ID,TITLE_ID,NAME,VALUE) values (36,8,'FEED_ID','17');
Insert into EJF_TITLE_CONFIG (CONFIG_ID,TITLE_ID,NAME,VALUE) values (37,8,'IGNORE_UPDATES','true');
Insert into EJF_TITLE_CONFIG (CONFIG_ID,TITLE_ID,NAME,VALUE) values (38,8,'REGEX_RULE','.*_jid?_10\.1139%2fer((\.\d{4}\.)|)(vol?)(0(iss?)|na)_\d{6,}\.zip');
Insert into EJF_TITLE_CONFIG (CONFIG_ID,TITLE_ID,NAME,VALUE) values (39,8,'VOL_RANGE','1-23');
Insert into EJF_TITLE_CONFIG (CONFIG_ID,TITLE_ID,NAME,VALUE) values (40,8,'ISSUE_RANGE','1-4');


Insert into EJF_DESTINATIONS (DESTINATION_ID,TITLE_ID,SERVER_NAME,SERVER_USER,SERVER_PATH,CREATED_TIMESTAMP,MODIFIED_TIMESTAMP) values (1,1,'aa1thumper01.jstor.org','jstor','/z/cmshared/Production/BornDigitalRepository/UNALTERED_SUPPLIED_FILES',to_timestamp('12-AUG-15 11.30.59.856000000 AM','DD-MON-RR HH.MI.SS.FF AM'),null);
Insert into EJF_DESTINATIONS (DESTINATION_ID,TITLE_ID,SERVER_NAME,SERVER_USER,SERVER_PATH,CREATED_TIMESTAMP,MODIFIED_TIMESTAMP) values (2,1,'aa2ptcthumper05.ithaka.org','jstor','/csp_content/ongoing/backfileCSP/PAGE_IMAGES',to_timestamp('12-AUG-15 11.31.03.387000000 AM','DD-MON-RR HH.MI.SS.FF AM'),null);
Insert into EJF_DESTINATIONS (DESTINATION_ID,TITLE_ID,SERVER_NAME,SERVER_USER,SERVER_PATH,CREATED_TIMESTAMP,MODIFIED_TIMESTAMP) values (3,2,'aa1thumper01.jstor.org','jstor','/z/cmshared/Production/BornDigitalRepository/UNALTERED_SUPPLIED_FILES',to_timestamp('12-AUG-15 11.30.59.856000000 AM','DD-MON-RR HH.MI.SS.FF AM'),null);
Insert into EJF_DESTINATIONS (DESTINATION_ID,TITLE_ID,SERVER_NAME,SERVER_USER,SERVER_PATH,CREATED_TIMESTAMP,MODIFIED_TIMESTAMP) values (4,2,'aa2ptcthumper05.ithaka.org','jstor','/csp_content/ongoing/backfileCSP/PAGE_IMAGES',to_timestamp('12-AUG-15 11.31.03.387000000 AM','DD-MON-RR HH.MI.SS.FF AM'),null);
Insert into EJF_DESTINATIONS (DESTINATION_ID,TITLE_ID,SERVER_NAME,SERVER_USER,SERVER_PATH,CREATED_TIMESTAMP,MODIFIED_TIMESTAMP) values (5,3,'aa1thumper01.jstor.org','jstor','/z/cmshared/Production/BornDigitalRepository/UNALTERED_SUPPLIED_FILES',to_timestamp('12-AUG-15 11.30.59.856000000 AM','DD-MON-RR HH.MI.SS.FF AM'),null);
Insert into EJF_DESTINATIONS (DESTINATION_ID,TITLE_ID,SERVER_NAME,SERVER_USER,SERVER_PATH,CREATED_TIMESTAMP,MODIFIED_TIMESTAMP) values (6,3,'aa2ptcthumper05.ithaka.org','jstor','/csp_content/ongoing/backfileCSP/PAGE_IMAGES',to_timestamp('12-AUG-15 11.31.03.387000000 AM','DD-MON-RR HH.MI.SS.FF AM'),null);
Insert into EJF_DESTINATIONS (DESTINATION_ID,TITLE_ID,SERVER_NAME,SERVER_USER,SERVER_PATH,CREATED_TIMESTAMP,MODIFIED_TIMESTAMP) values (7,4,'aa1thumper01.jstor.org','jstor','/z/cmshared/Production/BornDigitalRepository/UNALTERED_SUPPLIED_FILES',to_timestamp('12-AUG-15 11.30.59.856000000 AM','DD-MON-RR HH.MI.SS.FF AM'),null);
Insert into EJF_DESTINATIONS (DESTINATION_ID,TITLE_ID,SERVER_NAME,SERVER_USER,SERVER_PATH,CREATED_TIMESTAMP,MODIFIED_TIMESTAMP) values (8,4,'aa2ptcthumper05.ithaka.org','jstor','/csp_content/ongoing/backfileCSP/PAGE_IMAGES',to_timestamp('12-AUG-15 11.31.03.387000000 AM','DD-MON-RR HH.MI.SS.FF AM'),null);
Insert into EJF_DESTINATIONS (DESTINATION_ID,TITLE_ID,SERVER_NAME,SERVER_USER,SERVER_PATH,CREATED_TIMESTAMP,MODIFIED_TIMESTAMP) values (9,5,'aa1thumper01.jstor.org','jstor','/z/cmshared/Production/BornDigitalRepository/UNALTERED_SUPPLIED_FILES',to_timestamp('12-AUG-15 11.30.59.856000000 AM','DD-MON-RR HH.MI.SS.FF AM'),null);
Insert into EJF_DESTINATIONS (DESTINATION_ID,TITLE_ID,SERVER_NAME,SERVER_USER,SERVER_PATH,CREATED_TIMESTAMP,MODIFIED_TIMESTAMP) values (10,5,'aa2ptcthumper05.ithaka.org','jstor','/csp_content/ongoing/backfileCSP/PAGE_IMAGES',to_timestamp('12-AUG-15 11.31.03.387000000 AM','DD-MON-RR HH.MI.SS.FF AM'),null);
Insert into EJF_DESTINATIONS (DESTINATION_ID,TITLE_ID,SERVER_NAME,SERVER_USER,SERVER_PATH,CREATED_TIMESTAMP,MODIFIED_TIMESTAMP) values (11,6,'aa1thumper01.jstor.org','jstor','/z/cmshared/Production/BornDigitalRepository/UNALTERED_SUPPLIED_FILES',to_timestamp('12-AUG-15 11.30.59.856000000 AM','DD-MON-RR HH.MI.SS.FF AM'),null);
Insert into EJF_DESTINATIONS (DESTINATION_ID,TITLE_ID,SERVER_NAME,SERVER_USER,SERVER_PATH,CREATED_TIMESTAMP,MODIFIED_TIMESTAMP) values (12,6,'aa2ptcthumper05.ithaka.org','jstor','/csp_content/ongoing/backfileCSP/PAGE_IMAGES',to_timestamp('12-AUG-15 11.31.03.387000000 AM','DD-MON-RR HH.MI.SS.FF AM'),null);
Insert into EJF_DESTINATIONS (DESTINATION_ID,TITLE_ID,SERVER_NAME,SERVER_USER,SERVER_PATH,CREATED_TIMESTAMP,MODIFIED_TIMESTAMP) values (13,7,'aa1thumper01.jstor.org','jstor','/z/cmshared/Production/BornDigitalRepository/UNALTERED_SUPPLIED_FILES',to_timestamp('12-AUG-15 11.30.59.856000000 AM','DD-MON-RR HH.MI.SS.FF AM'),null);
Insert into EJF_DESTINATIONS (DESTINATION_ID,TITLE_ID,SERVER_NAME,SERVER_USER,SERVER_PATH,CREATED_TIMESTAMP,MODIFIED_TIMESTAMP) values (14,7,'aa2ptcthumper05.ithaka.org','jstor','/csp_content/ongoing/backfileCSP/PAGE_IMAGES',to_timestamp('12-AUG-15 11.31.03.387000000 AM','DD-MON-RR HH.MI.SS.FF AM'),null);
Insert into EJF_DESTINATIONS (DESTINATION_ID,TITLE_ID,SERVER_NAME,SERVER_USER,SERVER_PATH,CREATED_TIMESTAMP,MODIFIED_TIMESTAMP) values (15,8,'aa1thumper01.jstor.org','jstor','/z/cmshared/Production/BornDigitalRepository/UNALTERED_SUPPLIED_FILES',to_timestamp('12-AUG-15 11.30.59.856000000 AM','DD-MON-RR HH.MI.SS.FF AM'),null);
Insert into EJF_DESTINATIONS (DESTINATION_ID,TITLE_ID,SERVER_NAME,SERVER_USER,SERVER_PATH,CREATED_TIMESTAMP,MODIFIED_TIMESTAMP) values (16,8,'aa2ptcthumper05.ithaka.org','jstor','/csp_content/ongoing/backfileCSP/PAGE_IMAGES',to_timestamp('12-AUG-15 11.31.03.387000000 AM','DD-MON-RR HH.MI.SS.FF AM'),null);
